Unnamed: 0.1,Unnamed: 0,food,Caloric Value,Fat,Saturated Fats,Monounsaturated Fats,Polyunsaturated Fats,Carbohydrates,Sugars,Protein,Dietary Fiber,Cholesterol,Sodium,Water,Vitamin A,Vitamin B1,Vitamin B11,Vitamin B12,Vitamin B2,Vitamin B3,Vitamin B5,Vitamin B6,Vitamin C,Vitamin D,Vitamin E,Vitamin K,Calcium,Copper,Iron,Magnesium,Manganese,Phosphorus,Potassium,Selenium,Zinc,Nutrition Density,source_group,feat_protein_pct,feat_carbs_pct,feat_fat_pct,feat_protein_carb_ratio,feat_calorie_density,feat_protein_density,feat_fiber_density,feat_sugar_pct,feat_fiber_score,feat_sodium_per_cal,feat_high_sodium,feat_high_sugar,feat_high_sat_fat,feat_high_cholesterol,health_label,nutrition_score
0,0,cream cheese,51,5.0,2.9,1.3,0.2,0.8,0.5,0.9,0.0,14.6,0.016,7.6,0.2,0.033,0.064,0.092,0.097,0.084,0.052,0.096,0.004,0.0,0.0,0.1,0.008,14.1,0.082,0.027,1.3,0.091,15.5,19.1,0.039,7.07,FOOD-DATA-GROUP1,13.432835820895525,11.940298507462686,74.62686567164178,0.5,51,1.7307692307692308,0.0,27.77777777777778,0.0,0.0003076923076923,0,0,0,0,Healthy,48.3
1,1,neufchatel cheese,215,19.4,10.9,4.9,0.8,3.1,2.7,7.8,0.0,62.9,0.3,53.6,0.2,0.099,0.079,0.09,0.1,0.2,0.5,0.078,0.0,0.0,0.3,0.045,99.5,0.034,0.1,8.5,0.088,117.3,129.2,0.054,0.7,130.1,FOOD-DATA-GROUP1,25.742574257425744,10.231023102310232,64.02640264026402,1.902439024390244,215,3.611111111111111,0.0,65.85365853658539,0.0,0.0013888888888888,0,0,1,0,Limit,46.6
2,2,requeijao cremoso light catupiry,49,3.6,2.3,0.9,0.0,0.9,3.4,0.8,0.1,0.0,0.0,0.0,0.0,0.0,0.0,0.0,0.0,0.0,0.0,0.0,0.0,0.0,0.0,0.0,0.0,0.0,0.0,0.0,0.0,0.0,0.0,0.0,0.0,5.4,FOOD-DATA-GROUP1,15.09433962264151,16.9811320754717,67.9245283018868,0.4210526315789474,49,1.6,0.2,178.94736842105263,0.2,0.0,0,0,0,0,Healthy,47.7
3,3,ricotta cheese,30,2.0,1.3,0.5,0.002,1.5,0.091,1.5,0.0,9.8,0.017,14.7,0.075,0.019,0.079,0.091,0.027,0.041,0.016,0.007,0.006,0.0,0.001,0.011,0.097,41.2,0.097,0.096,4.0,0.024,30.8,43.8,0.035,5.196,FOOD-DATA-GROUP1,30.0,30.0,40.0,0.6,30,4.838709677419355,0.0,3.64,0.0,0.0005483870967741,0,0,0,0,Healthy,50.1
4,4,cream cheese low fat,30,2.3,1.4,0.6,0.042,1.2,0.9,1.2,0.0,8.1,0.046,10.0,0.016,0.08,0.062,0.049,0.026,0.08,0.1,0.003,0.0,0.036,0.009,0.019,22.2,0.072,0.008,1.2,0.098,22.8,37.1,0.034,0.053,27.007,FOOD-DATA-GROUP1,25.531914893617024,25.531914893617024,48.93617021276596,0.5454545454545454,30,3.870967741935484,0.0,40.90909090909091,0.0,0.0014838709677419,0,0,0,0,Healthy,49.5
5,5,cream cheese fat free,19,0.2,0.1,0.091,0.075,1.4,1.0,2.8,0.0,2.2,0.1,12.9,0.063,0.02,0.089,0.092,0.021,0.025,0.2,0.038,0.0,0.0,0.049,0.059,63.2,0.039,0.053,4.0,0.028,94.1,50.0,0.013,0.3,67.679,FOOD-DATA-GROUP1,63.63636363636363,31.818181818181817,4.545454545454546,1.1666666666666667,19,13.999999999999998,0.0,41.66666666666667,0.0,0.005,0,0,0,0,Healthy,51.6
6,6,gruyere cheese,116,9.1,5.3,2.8,0.5,0.1,0.1,8.3,0.0,30.8,0.2,9.3,0.061,0.021,0.072,0.078,0.004,0.043,0.2,0.051,0.0,0.034,0.035,0.048,283.1,0.033,0.094,10.1,0.002,169.4,22.7,0.079,1.1,300.694,FOOD-DATA-GROUP1,47.42857142857143,0.5714285714285714,52.0,7.545454545454546,116,7.094017094017096,0.0,9.090909090909092,0.0,0.0017094017094017,0,0,1,0,Limit,52.2
7,7,cheddar cheese,113,9.3,5.3,2.6,0.3,0.9,0.1,6.4,0.0,27.7,0.2,10.3,0.054,0.031,0.005,0.073,0.1,0.01,0.1,0.005,0.0,0.06,0.2,0.035,198.8,0.099,0.077,7.6,0.063,127.4,21.3,0.009,1.0,215.53,FOOD-DATA-GROUP1,38.55421686746988,5.421686746987951,56.024096385542165,3.368421052631579,113,5.614035087719298,0.0,5.2631578947368425,0.0,0.0017543859649122,0,0,1,0,Limit,50.8
8,8,parmesan cheese,71,4.5,2.7,1.4,0.1,0.6,0.046,6.4,0.0,12.2,0.2,5.4,0.067,0.062,0.099,0.059,0.057,0.039,0.06,0.066,0.0,0.095,0.018,0.021,213.1,0.051,0.1,7.9,0.073,124.9,16.6,0.045,0.5,224.777,FOOD-DATA-GROUP1,55.65217391304348,5.217391304347826,39.130434782608695,4.0,71,8.88888888888889,0.0,2.875,0.0,0.0027777777777777,0,0,0,0,Healthy,52.8
9,9,romano cheese,19,1.3,0.9,0.4,0.035,0.2,0.088,1.6,0.0,5.2,0.008,1.5,0.064,0.058,0.026,0.045,0.059,0.055,0.025,0.029,0.0,0.073,0.078,0.004,53.2,0.046,0.03,2.1,0.002,38.0,4.3,0.087,0.1,56.38,FOOD-DATA-GROUP1,51.61290322580645,6.451612903225806,41.935483870967744,1.3333333333333337,19,8.0,0.0,7.333333333333333,0.0,0.0004,0,0,0,0,Healthy,50.5
10,10,parmesan cheese grated,21,1.4,0.8,0.4,0.036,0.7,0.075,1.4,0.0,4.3,0.043,1.1,0.017,0.003,0.015,0.091,0.081,0.077,0.057,0.077,0.007,0.0,0.002,0.014,0.012,42.7,0.094,0.094,1.7,0.026,31.4,9.0,0.038,3.745,FOOD-DATA-GROUP1,40.0,20.0,40.0,0.8235294117647058,21,6.363636363636363,0.0,4.411764705882353,0.0,0.0019545454545454,0,0,0,0,Healthy,50.4
11,11,port salut cheese,465,37.2,22.0,12.3,1.0,0.8,0.8,31.4,0.0,162.4,0.7,60.0,0.4,0.012,0.035,0.067,0.3,0.019,0.3,0.08,0.0,0.057,0.3,0.094,858.0,0.062,0.6,31.7,0.095,475.2,179.5,0.015,3.4,928.4,FOOD-DATA-GROUP1,45.24495677233429,1.1527377521613833,53.60230547550432,17.444444444444443,465,6.738197424892703,0.0,44.44444444444445,0.0,0.0015021459227467,0,0,1,1,Limit,49.7
12,12,swiss cheese,98,7.7,4.6,2.0,0.3,0.4,0.0,6.7,0.0,23.3,0.057,9.4,0.069,0.008,0.027,0.008,0.018,0.058,0.1,0.036,0.0,0.016,0.2,0.056,222.5,0.026,0.024,8.3,0.062,143.5,18.0,0.031,1.1,237.396,FOOD-DATA-GROUP1,45.27027027027027,2.702702702702702,52.02702702702703,4.785714285714287,98,6.767676767676768,0.0,0.0,0.0,0.0005757575757575,0,0,0,0,Healthy,51.6
13,13,goat cheese hard,128,10.1,7.0,2.3,0.2,0.6,0.6,8.6,0.0,29.7,0.076,8.2,0.1,0.071,0.035,0.093,0.3,0.7,0.1,0.007,0.0,0.044,0.083,0.039,253.3,0.2,0.5,15.3,0.088,206.3,13.6,0.082,0.4,273.2,FOOD-DATA-GROUP1,44.55958549222798,3.108808290155441,52.33160621761659,5.374999999999999,128,6.666666666666667,0.0,37.49999999999999,0.0,0.0005891472868217,0,0,1,0,Limit,51.0
14,14,gouda cheese,100,7.7,4.9,2.2,0.2,0.6,0.6,7.0,0.0,31.9,0.2,11.6,0.053,0.016,0.042,0.01,0.009,0.081,0.011,0.053,0.0,0.04,0.026,0.074,196.0,0.013,0.06,8.1,0.08,152.9,33.9,0.05,1.1,211.424,FOOD-DATA-GROUP1,45.751633986928105,3.92156862745098,50.326797385620914,4.375,100,6.930693069306932,0.0,37.49999999999999,0.0,0.0019801980198019,0,0,0,0,Healthy,51.3
15,15,pepper jack cheese lucerne,75,6.0,4.0,0.0,0.0,0.0,0.0,5.0,2.5,0.0,0.0,0.0,0.0,0.0,0.0,0.0,0.0,0.0,0.0,0.0,0.0,0.0,0.0,0.0,0.0,0.0,0.0,0.0,0.0,0.0,0.0,0.0,0.0,13.5,FOOD-DATA-GROUP1,45.45454545454545,0.0,54.54545454545454,5.0,75,6.578947368421052,3.289473684210526,0.0,5.0,0.0,0,0,0,0,Healthy,54.5
16,16,caraway cheese,106,8.3,5.3,2.3,0.2,0.9,0.0,7.1,0.0,26.3,0.2,11.1,0.014,0.077,0.066,0.038,0.1,0.04,0.022,0.086,0.0,0.0,0.0,0.0,190.5,0.007,0.2,6.2,0.002,138.7,26.3,0.009,0.8,207.072,FOOD-DATA-GROUP1,43.55828220858896,5.521472392638037,50.92024539877301,3.736842105263158,106,6.635514018691588,0.0,0.0,0.0,0.0018691588785046,0,0,1,0,Limit,51.3
17,17,gjetost cheese,1058,67.0,43.5,17.9,2.1,96.8,0.0,21.9,0.0,213.4,1.4,30.5,0.8,0.7,0.076,0.047,3.1,1.8,7.6,0.6,0.0,0.0,0.0,0.0,908.0,0.2,1.2,158.9,0.035,1007.9,3198.4,0.039,2.6,1095.7,FOOD-DATA-GROUP1,11.793214862681744,52.127086698976846,36.07969843834141,0.2239263803680981,1058,2.0679886685552407,0.0,0.0,0.0,0.0013220018885741,0,0,1,1,Limit,50.0
18,18,tilsit cheese,136,10.4,6.7,2.9,0.3,0.8,0.0,9.8,0.0,40.8,0.3,17.1,0.057,0.036,0.072,0.058,0.1,0.068,0.1,0.036,0.0,0.0,0.0,0.0,280.0,0.033,0.01,5.2,0.086,200.0,26.0,0.026,1.4,301.069,FOOD-DATA-GROUP1,46.66666666666666,3.8095238095238098,49.523809523809526,5.444444444444445,136,7.153284671532847,0.0,0.0,0.0,0.0021897810218978,0,0,1,0,Limit,52.3
19,19,goat cheese,103,8.4,5.8,1.9,0.2,0.009,0.031,6.1,0.0,22.4,0.1,12.9,0.1,0.013,0.011,0.086,0.2,0.3,0.03,0.087,0.0,0.078,0.082,0.046,84.3,0.2,0.5,8.2,0.008,106.1,44.7,0.005,0.2,99.494,FOOD-DATA-GROUP1,42.04286994279413,0.0620304638500241,57.895099593355845,6.045589692765114,103,5.865384615384615,0.0,3.072348860257681,0.0,0.0009615384615384,0,0,1,0,Limit,50.2
20,20,brick cheese,111,8.9,5.6,2.6,0.2,0.8,0.2,7.0,0.0,28.2,0.2,12.3,0.016,0.042,0.059,0.074,0.1,0.085,0.086,0.033,0.0,0.042,0.072,0.064,202.2,0.093,0.1,7.2,0.085,135.3,40.8,0.056,0.8,219.002,FOOD-DATA-GROUP1,41.91616766467066,4.790419161676647,53.2934131736527,3.888888888888889,111,6.25,0.0,11.111111111111112,0.0,0.0017857142857142,0,0,1,0,Limit,51.0
21,21,asadero cheese,402,31.9,20.3,9.1,1.0,3.2,3.2,25.5,0.0,118.7,0.7,47.6,0.098,0.034,0.005,0.043,0.3,0.2,0.3,0.024,0.0,0.071,0.3,0.02,746.9,0.067,0.6,29.4,0.024,500.6,97.2,0.096,3.4,808.175,FOOD-DATA-GROUP1,42.079207920792086,5.280528052805281,52.64026402640264,6.071428571428571,402,6.327543424317618,0.0,76.19047619047619,0.0,0.0017369727047146,0,0,1,1,Limit,48.7
22,22,camembert cheese,90,7.3,4.6,2.1,0.2,0.1,0.1,5.9,0.0,21.6,0.3,15.5,0.091,0.054,0.043,0.034,0.1,0.2,0.4,0.017,0.0,0.093,0.014,0.024,116.4,0.046,0.063,6.0,0.075,104.1,56.1,0.035,0.7,129.826,FOOD-DATA-GROUP1,44.3609022556391,0.7518796992481203,54.887218045112775,5.363636363636363,90,6.4835164835164845,0.0,9.090909090909092,0.0,0.0032967032967032,0,0,0,0,Healthy,50.9
23,23,provolone cheese reduced fat,310,19.9,12.8,5.5,0.6,4.0,0.6,27.9,0.0,62.2,1.0,57.2,0.2,0.05,0.063,0.079,0.4,0.2,0.5,0.061,0.0,0.027,0.2,0.076,854.3,0.077,0.6,31.6,0.096,560.5,155.9,0.054,3.6,906.9,FOOD-DATA-GROUP1,53.861003861003866,7.722007722007722,38.41698841698842,5.58,310,8.971061093247588,0.0,12.0,0.0,0.0032154340836012,0,0,1,0,Limit,55.1
24,24,roquefort cheese,314,26.0,16.4,7.2,1.1,1.7,0.0,18.3,0.0,76.5,1.5,33.5,0.2,0.092,0.037,0.002,0.5,0.6,1.5,0.1,0.0,0.0,0.0,0.0,562.7,0.005,0.5,25.5,0.036,333.2,77.4,0.081,1.8,609.4,FOOD-DATA-GROUP1,39.78260869565218,3.695652173913044,56.52173913043478,6.777777777777778,314,5.809523809523809,0.0,0.0,0.0,0.0047619047619047,0,0,1,0,Limit,51.4
25,25,queso blanco cheese,366,28.7,16.1,7.6,1.4,3.0,2.1,24.0,0.0,82.6,0.8,57.5,0.2,0.097,0.0,0.022,0.3,0.038,0.5,0.1,0.0,0.05,0.6,0.061,814.2,0.098,0.2,34.2,0.067,551.1,148.7,0.016,3.6,870.3,FOOD-DATA-GROUP1,43.08797127468581,5.385996409335727,51.526032315978455,6.0,366,6.539509536784741,0.0,52.5,0.0,0.0021798365122615,0,0,1,0,Limit,52.1
26,26,queso seco cheese,315,23.6,13.3,6.2,1.2,2.0,0.5,23.8,0.0,75.7,1.8,40.9,0.2,0.038,0.0,0.01,0.2,0.027,0.4,0.049,0.0,0.032,0.5,0.045,641.2,0.091,0.2,26.2,0.083,460.8,112.5,0.048,3.2,691.0,FOOD-DATA-GROUP1,48.17813765182186,4.048582995951416,47.77327935222672,7.933333333333334,315,7.531645569620253,0.0,16.666666666666664,0.0,0.0056962025316455,0,0,1,0,Limit,54.8
27,27,goat cheese soft,75,6.0,4.1,1.4,0.1,0.0,0.3,5.2,0.0,13.0,0.1,17.2,0.049,0.057,0.037,0.012,0.1,0.1,0.2,0.036,0.0,0.092,0.01,0.093,39.6,0.2,0.5,4.5,0.026,72.4,7.4,0.014,0.3,51.311,FOOD-DATA-GROUP1,46.42857142857144,0.0,53.57142857142857,5.2,75,6.842105263157896,0.0,30.0,0.0,0.0013157894736842,0,0,0,0,Healthy,50.7
28,28,mozzarella cheese,90,6.6,4.2,2.0,0.2,0.7,0.0,6.7,0.0,23.7,0.1,15.0,0.037,0.088,0.088,0.081,0.071,0.013,0.089,0.016,0.0,0.044,0.001,0.008,151.5,0.057,0.1,6.0,0.019,106.2,22.8,0.047,0.9,165.648,FOOD-DATA-GROUP1,47.85714285714286,5.0,47.14285714285714,3.941176470588236,90,7.362637362637363,0.0,0.0,0.0,0.001098901098901,0,0,0,0,Healthy,51.9
29,29,chihuahua cheese,494,39.2,24.9,11.1,1.2,7.3,7.3,28.5,0.0,138.6,0.8,51.7,0.007,0.053,0.031,0.082,0.3,0.2,0.4,0.061,0.0,0.089,0.3,0.011,859.3,0.03,0.6,30.4,0.047,583.4,68.6,0.071,4.6,934.983,FOOD-DATA-GROUP1,38.0,9.733333333333333,52.26666666666667,3.433734939759036,494,5.757575757575758,0.0,87.95180722891565,0.0,0.0016161616161616,0,0,1,1,Limit,47.1
30,30,limburger cheese,98,8.2,5.0,2.6,0.1,0.1,0.1,6.0,0.0,27.0,0.2,14.5,0.1,0.021,0.095,0.082,0.2,0.009,0.4,0.002,0.0,0.004,0.055,0.046,149.1,0.036,0.011,6.3,0.054,117.9,38.4,0.029,0.6,163.575,FOOD-DATA-GROUP1,41.95804195804197,0.6993006993006994,57.34265734265735,5.454545454545454,98,6.0606060606060606,0.0,9.090909090909092,0.0,0.002020202020202,0,0,0,0,Healthy,50.7
31,31,muenster cheese,486,39.7,25.2,11.5,0.9,1.5,1.5,30.9,0.0,126.7,0.8,55.1,0.4,0.016,0.009,0.085,0.4,0.1,0.3,0.072,0.0,0.065,0.3,0.056,946.4,0.008,0.5,35.6,0.093,617.8,176.9,0.059,3.7,1019.4,FOOD-DATA-GROUP1,42.85714285714286,2.0804438280166435,55.062413314840505,12.36,486,6.344969199178645,0.0,60.0,0.0,0.0016427104722792,0,0,1,1,Limit,49.4
32,32,queso fresco cheese,365,29.1,15.8,7.3,1.3,3.6,2.8,22.1,0.0,84.2,0.9,62.7,0.3,0.019,0.029,0.076,0.2,0.05,0.4,0.06,0.0,0.055,0.5,0.087,690.5,0.025,0.2,29.3,0.053,469.7,157.4,0.073,3.1,745.8,FOOD-DATA-GROUP1,40.32846715328467,6.569343065693431,53.10218978102189,4.804347826086957,365,6.038251366120219,0.0,60.86956521739131,0.0,0.0024590163934426,0,0,1,0,Limit,52.0
33,33,brie cheese,100,8.3,5.2,2.4,0.2,0.1,0.1,6.2,0.0,30.0,0.2,14.5,0.014,0.04,0.025,0.073,0.2,0.1,0.2,0.001,0.0,0.068,0.078,0.056,55.2,0.015,0.2,6.0,0.047,56.4,45.6,0.04,0.7,70.096,FOOD-DATA-GROUP1,42.465753424657535,0.684931506849315,56.84931506849315,5.636363636363636,100,6.138613861386139,0.0,9.090909090909092,0.0,0.0019801980198019,0,0,1,0,Limit,50.7
34,34,pimento cheese,525,43.7,27.5,12.5,1.4,2.4,0.9,31.0,0.1,131.6,2.0,54.7,0.3,0.023,0.043,0.016,0.5,0.1,0.7,0.011,3.2,0.099,0.4,0.086,859.6,0.032,0.6,30.8,0.031,1041.6,226.8,0.089,4.2,940.9,FOOD-DATA-GROUP1,40.20752269779507,3.11284046692607,56.67963683527887,9.117647058823527,525,5.893536121673003,0.0190114068441064,26.47058823529412,0.2,0.0038022813688212,0,0,1,1,Limit,49.8
35,35,mexican cheese,316,21.7,13.0,5.6,0.8,3.8,0.6,27.7,0.0,69.4,0.9,54.0,0.2,0.091,0.027,0.05,0.3,0.017,0.0,0.04,0.0,0.087,0.2,0.073,1283.5,0.034,0.1,39.2,0.0,653.0,104.2,0.006,4.8,1337.0,FOOD-DATA-GROUP1,52.06766917293233,7.142857142857142,40.78947368421053,5.770833333333333,316,8.738170347003155,0.0,12.5,0.0,0.0028391167192429,0,0,1,0,Limit,55.0
36,36,feta cheese,80,6.4,4.0,1.4,0.2,1.2,0.0,4.3,0.0,26.7,0.3,16.6,0.014,0.063,0.021,0.076,0.3,0.3,0.3,0.1,0.0,0.06,0.036,0.057,147.9,0.012,0.2,5.7,0.063,101.1,18.6,0.005,0.9,160.058,FOOD-DATA-GROUP1,36.134453781512605,10.084033613445378,53.78151260504202,1.9545454545454544,80,5.308641975308642,0.0,0.0,0.0,0.0037037037037037,0,0,0,0,Healthy,50.2
37,37,mozzarella cheese fat free,159,0.0,0.0,0.0,0.0,4.0,1.7,35.8,2.0,20.3,0.8,68.0,0.1,0.079,0.011,0.025,0.3,0.1,0.0,0.055,0.0,0.0,0.2,0.018,1085.9,0.077,0.4,37.3,0.0,741.3,119.8,0.035,4.4,1128.2,FOOD-DATA-GROUP1,89.9497487437186,10.050251256281408,0.0,7.159999999999999,159,22.375,1.25,34.0,4.0,0.005,0,0,0,0,Healthy,67.3
38,38,provolone cheese,463,35.1,22.5,9.8,1.0,2.8,0.7,33.8,0.0,91.1,1.2,54.1,0.3,0.013,0.017,0.005,0.4,0.2,0.6,0.052,0.0,0.028,0.3,0.001,997.9,0.011,0.7,37.0,0.033,654.7,182.2,0.017,4.3,1070.6,FOOD-DATA-GROUP1,47.14086471408648,3.90516039051604,48.9539748953975,8.894736842105262,463,7.284482758620689,0.0,18.421052631578945,0.0,0.0025862068965517,0,0,1,0,Limit,49.7
39,39,anejo cheese,492,39.6,25.1,11.3,1.2,6.1,6.1,28.3,0.0,138.6,1.5,50.2,0.098,0.069,0.081,0.077,0.3,0.088,0.3,0.011,0.0,0.032,0.3,0.078,897.6,0.058,0.6,37.0,0.067,586.1,114.8,0.095,3.9,972.205,FOOD-DATA-GROUP1,38.24324324324325,8.243243243243242,53.51351351351351,3.985915492957747,492,5.740365111561866,0.0,85.91549295774648,0.0,0.0030425963488843,0,0,1,1,Limit,47.5
40,40,honey,64,0.0,0.0,0.0,0.0,17.3,17.2,0.08,0.025,0.0,0.011,3.6,0.0,0.0,0.022,0.0,0.003,0.012,0.03,0.004,0.1,0.0,0.0,0.0,1.3,0.061,0.017,0.4,0.098,0.8,10.9,0.021,0.008,18.892,FOOD-DATA-GROUP1,0.4602991944764096,99.5397008055236,0.0,0.0043715846994535,64,0.123076923076923,0.0384615384615384,93.98907103825135,0.05,0.0001692307692307,0,1,0,0,Avoid,43.2
41,41,apple butter,35,0.063,0.038,0.066,0.064,8.5,7.1,0.045,0.3,0.0,0.003,11.3,0.0,0.078,0.02,0.0,0.053,0.092,0.005,0.057,0.1,0.0,0.06,0.075,2.8,0.085,0.025,0.8,0.093,1.6,18.2,0.078,0.095,11.836,FOOD-DATA-GROUP1,0.5227695167286245,98.74535315985128,0.7318773234200743,0.0047368421052631,35,0.125,0.8333333333333334,74.73684210526315,0.6,8.333333333333333e-05,0,0,0,0,Healthy,47.6
42,42,fruit jam,56,0.095,0.021,0.065,0.0,13.8,9.7,0.0,0.2,0.0,0.052,6.1,0.0,0.083,0.076,0.0,0.024,0.07,0.045,0.037,1.8,0.0,0.062,0.0,4.0,0.022,0.07,0.8,0.002,3.8,15.4,0.054,0.03,19.919,FOOD-DATA-GROUP1,0.0,99.31630082763584,0.6836991723641597,0.0,56,0.0,0.3508771929824561,65.54054054054053,0.4,0.0009122807017543,0,0,0,0,Healthy,46.4
43,43,chocolate hazelnut spread,100,5.5,5.3,0.0,0.0,11.5,10.0,1.0,1.0,0.0,0.099,0.2,0.0,0.005,0.02,0.042,0.036,0.072,0.1,0.056,0.0,0.0,0.9,0.071,20.0,0.061,0.8,11.8,0.2,28.1,75.3,0.021,0.2,39.8,FOOD-DATA-GROUP1,5.555555555555555,63.888888888888886,30.55555555555556,0.08,100,0.99009900990099,0.99009900990099,80.0,2.0,0.0009801980198019,0,0,1,0,Limit,44.3
44,44,peanut butter,88,7.4,1.4,3.1,1.7,3.6,1.0,3.3,0.9,0.0,0.085,0.2,0.0,0.0,0.081,0.063,0.0,0.041,2.0,0.2,0.078,0.0,0.0,0.9,0.0,8.1,0.079,0.3,26.9,0.2,50.3,88.8,0.044,15.268,FOOD-DATA-GROUP1,23.07692307692308,25.174825174825173,51.74825174825175,0.717391304347826,88,3.707865168539325,1.0112359550561798,21.73913043478261,1.8,0.0009550561797752,0,0,0,0,Healthy,52.4
45,45,peanut spread,101,8.5,1.6,4.2,2.5,2.2,0.5,3.8,1.2,0.0,0.028,0.3,0.0,0.091,0.079,0.0,0.025,2.5,0.2,0.049,0.0,0.0,1.2,0.046,11.2,0.1,0.4,25.4,0.3,54.3,126.8,0.078,0.5,27.3,FOOD-DATA-GROUP1,26.20689655172413,15.17241379310345,58.620689655172406,1.1874999999999998,101,3.725490196078432,1.1764705882352942,15.625,2.4,0.0002745098039215,0,0,0,0,Healthy,53.2
46,46,chicken spread,88,9.8,1.8,2.7,1.3,2.3,0.3,10.1,0.2,31.4,0.4,32.1,0.076,0.06,0.048,0.064,0.003,1.5,0.2,0.016,0.0,0.0,0.0,0.0,9.0,0.049,0.5,6.7,0.083,49.8,59.4,0.029,0.6,31.972,FOOD-DATA-GROUP1,45.4954954954955,10.36036036036036,44.14414414414415,3.060606060606061,88,11.348314606741573,0.2247191011235955,9.090909090909092,0.4,0.0044943820224719,0,0,0,0,Healthy,56.4
47,47,cheese spread,708,68.6,43.2,19.4,2.5,8.4,8.4,17.0,0.0,216.0,1.2,140.4,0.7,0.071,0.027,0.011,0.5,2.3,0.0,0.051,0.0,0.091,1.8,0.098,170.4,0.02,2.7,14.4,0.0,218.4,268.8,0.065,1.2,267.8,FOOD-DATA-GROUP1,18.08510638297873,8.936170212765958,72.9787234042553,1.808510638297872,708,2.3977433004231314,0.0,89.36170212765957,0.0,0.0016925246826516,0,0,1,1,Limit,44.4
48,48,tahini,86,7.2,1.0,2.7,3.2,3.9,0.0,2.7,1.4,0.0,0.098,0.5,0.0,0.2,0.034,0.0,0.086,0.9,0.1,0.036,0.0,0.0,0.0,0.0,63.0,0.2,0.4,14.4,0.2,112.8,62.1,0.0,0.7,78.6,FOOD-DATA-GROUP1,19.565217391304348,28.26086956521739,52.17391304347826,0.5510204081632653,86,3.1034482758620694,1.6091954022988506,0.0,2.8,0.0011264367816091,0,0,0,0,Healthy,53.4
49,49,orange marmalade,49,0.0,0.0,0.0,0.0,13.3,12.0,0.014,0.1,0.0,0.016,6.6,0.0,0.098,0.06,0.0,0.075,0.065,0.028,0.046,1.0,0.0,0.089,0.0,7.6,0.076,0.053,0.4,0.055,0.8,7.4,0.057,0.046,22.119,FOOD-DATA-GROUP1,0.1051524710830704,99.89484752891693,0.0,0.0009790209790209,49,0.028,0.2,83.91608391608392,0.2,0.00032,0,0,0,0,Healthy,45.4
50,50,american cheese spread,46,3.4,2.1,1.0,0.062,1.4,1.2,2.6,0.0,8.8,0.3,7.6,0.043,0.012,0.066,0.022,0.076,0.089,0.1,0.086,0.0,0.014,0.022,0.046,89.9,0.061,0.079,4.6,0.062,140.0,38.7,0.052,0.4,97.357,FOOD-DATA-GROUP1,35.13513513513514,18.91891891891892,45.94594594594594,1.0833333333333337,46,5.531914893617022,0.0,50.0,0.0,0.0063829787234042,0,0,0,0,Healthy,49.9
51,51,apricot jam,48,0.01,0.042,0.0,0.0,12.9,8.7,0.1,0.044,0.0,0.004,6.9,0.0,0.0,0.017,0.0,0.053,0.096,0.087,0.068,1.8,0.0,0.048,0.0,4.0,0.07,0.066,0.8,0.099,0.6,15.4,0.009,0.062,18.91,FOOD-DATA-GROUP1,0.7686395080707149,99.1544965411222,0.0768639508070714,0.0071942446043165,48,0.2040816326530612,0.0897959183673469,62.58992805755395,0.088,8.163265306122449e-05,0,0,0,0,Healthy,46.6
52,52,chunky peanut butter,94,8.0,1.2,3.7,2.2,3.5,1.3,3.8,1.3,0.0,0.03,0.2,0.0,0.018,0.094,0.0,0.013,2.2,0.2,0.072,0.0,0.0,1.0,0.016,7.2,0.002,0.3,25.6,0.3,51.0,119.2,0.045,0.4,24.1,FOOD-DATA-GROUP1,24.83660130718954,22.875816993464053,52.28758169934641,0.8444444444444444,94,4.0,1.368421052631579,28.888888888888893,2.6,0.0003157894736842,0,0,0,0,Healthy,53.4
53,53,ham and cheese spread,37,2.8,1.3,1.1,0.2,0.3,0.0,2.4,0.0,9.2,0.2,8.9,0.03,0.0,0.094,0.035,0.066,0.3,0.098,0.041,0.0,0.0,0.0,0.0,32.6,0.087,0.1,2.7,0.063,74.3,24.3,0.065,0.3,38.238,FOOD-DATA-GROUP1,43.63636363636363,5.454545454545454,50.90909090909091,1.846153846153846,37,6.315789473684211,0.0,0.0,0.0,0.0052631578947368,0,0,0,0,Healthy,50.8
54,54,chicken and rice casserole homade,27,1.0,0.0,0.0,0.0,2.4,0.0,2.0,0.3,0.0,0.0,0.0,0.0,0.0,0.0,0.0,0.0,0.0,0.0,0.0,0.0,0.0,0.0,0.0,0.0,0.0,0.0,0.0,0.0,0.0,0.0,0.0,0.0,5.7,FOOD-DATA-GROUP1,37.03703703703704,44.44444444444444,18.51851851851852,0.5882352941176471,27,7.142857142857142,1.0714285714285714,0.0,0.6,0.0,0,0,0,0,Healthy,52.0
55,55,picnic loaf,65,4.7,1.7,2.2,0.5,1.3,0.0,4.2,0.0,10.6,0.3,16.9,0.0,0.1,0.005,0.004,0.01,0.6,0.2,0.083,0.0,0.025,0.0,0.0,13.2,0.078,0.3,4.2,0.094,35.0,74.8,0.025,0.6,23.7,FOOD-DATA-GROUP1,41.1764705882353,12.745098039215687,46.07843137254902,1.8260869565217392,65,6.363636363636364,0.0,0.0,0.0,0.0045454545454545,0,0,0,0,Healthy,51.9
56,56,corn tamale,309,12.0,4.4,4.0,2.6,44.3,12.3,5.8,5.3,0.0,0.5,101.8,0.0,0.098,0.0,0.0,0.023,2.2,0.6,0.3,0.0,0.0,0.7,0.052,39.8,0.02,0.9,48.1,0.4,154.4,308.8,0.075,1.0,108.1,FOOD-DATA-GROUP1,9.339774557165862,71.3365539452496,19.323671497584545,0.1280353200883002,309,1.8709677419354835,1.7096774193548387,27.15231788079471,10.0,0.0016129032258064,0,0,0,0,Healthy,54.1
57,57,baked potato with cheese sauce bacon,451,25.9,10.1,9.7,4.8,44.4,0.0,18.4,0.0,29.9,1.0,194.4,0.2,0.3,0.011,0.007,0.2,4.0,1.3,0.7,28.7,0.0,0.0,0.0,308.0,0.6,3.1,68.8,0.5,346.8,1178.1,0.01,2.2,428.7,FOOD-DATA-GROUP1,20.744081172491548,50.05636978579482,29.199549041713645,0.4052863436123348,451,4.070796460176991,0.0,0.0,0.0,0.0022123893805309,0,0,1,0,Limit,56.2
58,58,chinese egg roll,223,10.6,1.9,2.7,5.0,24.3,0.0,7.4,2.3,14.2,0.4,45.0,0.0,0.1,0.0,0.079,0.001,2.4,0.3,0.1,0.0,0.0,0.0,0.066,35.6,0.1,1.3,16.0,0.2,75.7,146.9,0.0,0.6,81.5,FOOD-DATA-GROUP1,17.494089834515368,57.44680851063829,25.059101654846334,0.2924901185770751,223,3.303571428571429,1.0267857142857142,0.0,4.6,0.0017857142857142,0,0,0,0,Healthy,57.6
59,59,butter croissant,231,12.0,6.6,3.1,0.6,26.1,6.4,4.7,1.5,38.2,0.2,13.2,0.1,0.2,0.021,0.092,0.1,1.2,0.5,0.095,0.1,0.0,0.5,0.022,21.1,0.07,1.2,9.1,0.2,59.9,67.3,0.054,0.4,66.8,FOOD-DATA-GROUP1,10.981308411214954,60.98130841121496,28.037383177570096,0.1734317343173431,231,2.0258620689655173,0.646551724137931,23.616236162361623,3.0,0.0008620689655172,0,0,1,0,Limit,48.3
60,60,enchilada with cheese beef,323,17.6,9.0,6.1,1.4,30.5,0.0,11.9,0.0,40.3,1.3,128.4,0.016,0.056,0.075,0.036,0.4,2.5,1.4,0.3,1.3,0.0,0.0,0.0,228.5,0.5,3.1,82.6,0.6,167.0,574.1,0.092,2.7,292.933,FOOD-DATA-GROUP1,19.83333333333333,50.83333333333333,29.33333333333333,0.3777777777777777,323,3.67283950617284,0.0,0.0,0.0,0.0040123456790123,0,0,1,0,Limit,52.2
61,61,corned beef hash with potatoes,387,24.2,10.2,12.4,0.7,21.9,0.8,20.6,2.6,75.5,1.0,166.0,0.0,0.2,0.013,0.062,0.1,3.7,1.0,0.5,2.1,0.0,0.057,0.017,44.8,0.0,2.4,30.7,0.2,132.2,405.9,0.034,3.3,118.6,FOOD-DATA-GROUP1,30.884557721139437,32.8335832083958,36.28185907046477,0.8995633187772927,387,5.309278350515465,0.6701030927835052,3.493449781659389,5.2,0.0025773195876288,0,0,1,0,Limit,60.9
62,62,biscuit with egg cheese bacon,436,25.3,8.5,11.7,2.8,35.4,2.5,17.4,0.3,240.7,1.2,62.3,0.1,0.4,0.097,0.067,0.4,3.4,1.1,0.2,0.0,0.095,1.5,0.098,149.4,0.4,2.3,21.8,0.2,526.4,190.0,0.087,1.6,230.2,FOOD-DATA-GROUP1,22.279129321382843,45.32650448143406,32.3943661971831,0.478021978021978,436,3.9816933638443937,0.068649885583524,6.868131868131869,0.6,0.0027459954233409,0,0,1,1,Limit,56.1
63,63,bagel with ham egg cheese,483,18.5,7.9,5.7,3.3,52.4,7.0,26.7,0.4,242.6,1.3,88.7,0.2,0.7,0.1,0.048,0.6,6.0,1.4,0.1,0.0,0.001,1.2,0.018,185.3,0.4,4.1,40.1,0.4,397.3,261.7,0.098,2.4,287.6,FOOD-DATA-GROUP1,27.356557377049175,53.68852459016394,18.954918032786885,0.5,483,5.516528925619834,0.0826446280991735,13.10861423220974,0.8,0.0026859504132231,0,0,1,1,Limit,56.9
64,64,quesadilla with chicken,529,27.5,11.1,6.8,7.4,43.3,3.4,27.1,3.1,66.6,1.3,76.7,0.1,0.4,0.073,0.012,0.3,7.6,0.0,0.1,0.2,0.1,0.5,0.03,484.2,0.1,3.2,45.0,0.5,563.4,329.4,0.025,2.6,588.7,FOOD-DATA-GROUP1,27.68130745658836,44.2288049029622,28.089887640449437,0.6117381489841988,529,5.113207547169812,0.5849056603773585,7.674943566591422,6.2,0.0024528301886792,0,0,1,0,Healthy,60.0
65,65,corn rice,110,0.3,0.02,0.0,0.1,25.2,3.0,1.8,0.4,0.0,0.2,1.1,0.2,1.8,0.0,0.0,1.1,8.6,0.007,1.7,11.2,0.0,0.035,0.0,2.9,0.013,9.9,5.5,0.2,22.3,30.5,0.043,2.2,51.9,FOOD-DATA-GROUP1,6.593406593406594,92.3076923076923,1.0989010989010988,0.0687022900763358,110,1.6216216216216215,0.3603603603603603,11.450381679389311,0.8,0.0018018018018018,0,0,0,0,Healthy,50.7
66,66,kung pao chicken,779,42.2,8.2,13.1,18.2,41.5,18.3,59.0,9.1,157.0,2.4,451.7,0.0,0.2,0.0,0.034,0.3,16.7,3.0,1.5,42.9,0.0,6.2,0.012,120.8,0.4,4.6,145.0,1.5,567.8,1316.7,0.097,4.5,320.1,FOOD-DATA-GROUP1,41.34548002803084,29.081990189208128,29.57252978276104,1.388235294117647,779,7.564102564102564,1.1666666666666663,43.05882352941177,10.0,0.003076923076923,0,1,1,1,Limit,65.2
67,67,beef empanada,298,16.3,4.6,6.3,3.8,27.8,1.6,10.1,1.8,23.1,0.4,33.4,0.0,0.2,0.0,0.094,0.2,4.2,0.4,0.1,0.0,0.0,0.6,0.072,17.8,0.051,2.4,18.7,0.2,91.7,169.1,0.037,1.7,76.2,FOOD-DATA-GROUP1,18.634686346863464,51.29151291512915,30.073800738007375,0.3506944444444444,298,3.377926421404682,0.6020066889632106,5.555555555555556,3.6,0.0013377926421404,0,0,0,0,Healthy,56.2
68,68,frijoles with cheese,225,7.8,4.1,2.6,0.7,28.7,0.0,11.4,0.0,36.7,0.9,115.4,0.008,0.1,0.1,0.085,0.3,1.5,1.1,0.2,1.5,0.0,0.0,0.0,188.7,0.3,2.2,85.2,0.5,175.4,604.5,0.013,1.7,240.305,FOOD-DATA-GROUP1,23.799582463465555,59.91649269311065,16.2839248434238,0.3838383838383838,225,5.04424778761062,0.0,0.0,0.0,0.0039823008849557,0,0,0,0,Healthy,55.5
69,69,burrito with beef,285,8.1,1.7,1.7,4.0,43.9,4.1,9.1,4.4,2.6,0.5,65.8,0.036,0.036,0.4,0.2,0.023,0.2,3.2,1.8,0.1,0.4,0.0,0.5,0.042,67.1,0.2,3.2,40.0,0.5,150.9,270.9,0.002,65.89,FOOD-DATA-GROUP1,14.893617021276595,71.8494271685761,13.256955810147296,0.2026726057906459,285,3.1818181818181817,1.5384615384615383,9.131403118040089,8.8,0.0017482517482517,0,0,0,0,Healthy,60.5
70,70,crispy chicken sandwich,350,17.6,3.3,4.0,8.4,33.2,3.9,14.8,0.0,0.0,0.7,57.9,0.0,0.0,0.0,0.0,0.0,0.0,0.0,0.0,0.0,0.0,0.0,0.0,46.6,0.09,1.9,25.2,0.3,229.3,233.1,0.0,0.7,114.1,FOOD-DATA-GROUP1,22.560975609756103,50.60975609756099,26.829268292682933,0.4327485380116959,350,4.216524216524217,0.0,11.403508771929824,0.0,0.0019943019943019,0,0,0,0,Healthy,57.1
71,71,enchilada with cheese,374,25.3,11.5,6.4,3.8,21.2,3.6,15.4,2.6,57.5,0.7,71.8,0.7,0.3,0.081,0.073,0.036,0.3,0.9,1.3,0.2,0.8,0.0,1.8,0.0,430.2,0.2,0.9,39.7,0.2,367.2,191.8,0.03,65.6,FOOD-DATA-GROUP1,24.878836833602584,34.24878836833602,40.87237479806139,0.6936936936936937,374,4.1066666666666665,0.6933333333333334,16.216216216216218,5.2,0.0018666666666666,0,0,1,0,Limit,55.4
72,72,pork egg roll,189,6.1,1.3,2.0,2.1,25.1,4.5,8.4,1.8,11.9,0.3,43.6,0.0,0.2,0.019,0.071,0.023,1.9,0.4,0.1,24.9,0.085,0.2,0.064,28.9,0.024,1.3,17.0,0.3,77.4,180.2,0.071,0.8,96.5,FOOD-DATA-GROUP1,21.21212121212121,63.38383838383839,15.404040404040405,0.3218390804597701,189,4.421052631578948,0.9473684210526316,17.241379310344826,3.6,0.001578947368421,0,0,0,0,Healthy,56.2
73,73,corn on the cob with butter,155,3.4,1.6,1.0,0.6,31.9,0.0,4.5,0.0,5.8,0.056,105.2,0.004,0.2,0.045,0.0,0.1,2.2,0.4,0.3,6.9,0.0,0.0,0.0,4.4,0.0,0.9,40.9,0.0,108.0,359.2,0.034,0.9,52.078,FOOD-DATA-GROUP1,11.306532663316585,80.15075376884423,8.542713567839197,0.1367781155015197,155,2.8846153846153846,0.0,0.0,0.0,0.0003589743589743,0,0,0,0,Healthy,52.2
74,74,pancakes with butter syrup,260,7.0,2.9,2.6,1.0,45.4,0.0,4.1,0.0,29.0,0.6,57.7,0.015,0.2,0.082,0.046,0.3,1.7,0.3,0.051,1.7,0.0,0.7,0.0,63.8,0.073,1.3,24.4,0.2,237.8,125.3,0.075,0.5,123.319,FOOD-DATA-GROUP1,7.256637168141593,80.35398230088495,12.389380530973453,0.0883620689655172,260,1.5708812260536398,0.0,0.0,0.0,0.0022988505747126,0,0,0,0,Healthy,50.9
75,75,burrito with beans,224,6.7,3.4,2.4,0.6,35.7,0.0,7.0,0.0,2.2,0.5,57.0,0.0,0.3,0.067,0.093,0.3,2.0,1.0,0.2,1.0,0.0,0.0,0.0,56.4,0.2,2.3,43.4,0.4,48.8,326.6,0.024,0.8,109.1,FOOD-DATA-GROUP1,14.170040485829958,72.2672064777328,13.562753036437243,0.1907356948228882,224,3.111111111111111,0.0,0.0,0.0,0.0022222222222222,0,0,0,0,Healthy,52.7
76,76,scrambled eggs,100,7.6,2.9,2.8,0.9,1.0,0.8,6.5,0.0,200.2,0.1,31.3,0.066,0.066,0.045,0.041,0.2,0.095,0.4,0.076,1.6,0.086,0.5,0.001,26.8,0.093,1.2,6.6,0.066,113.7,69.1,0.012,0.8,44.726,FOOD-DATA-GROUP1,43.046357615894046,6.622516556291391,50.331125827814574,3.25,100,6.435643564356436,0.0,40.0,0.0,0.0009900990099009,0,0,0,1,Healthy,52.4
77,77,baked potato with sour cream,393,22.3,10.0,7.9,3.3,50.0,0.0,6.7,0.0,24.2,0.2,209.7,0.2,0.3,0.086,0.009,0.2,3.7,1.5,0.8,33.8,0.0,0.0,0.0,105.7,0.7,3.1,69.5,0.6,184.2,1383.2,0.088,0.9,221.8,FOOD-DATA-GROUP1,8.481012658227849,63.29113924050633,28.227848101265824,0.1313725490196078,393,1.700507614213198,0.0,0.0,0.0,0.0005076142131979,0,0,1,0,Limit,47.5
78,78,turkey and gravy,161,6.3,2.0,2.3,1.1,11.1,0.0,14.1,0.0,43.2,1.3,204.2,0.018,0.067,0.058,0.099,0.3,4.3,0.5,0.2,0.0,0.0,0.0,0.0,33.6,0.035,2.2,19.2,0.045,194.4,146.4,0.003,1.7,67.374,FOOD-DATA-GROUP1,44.76190476190476,35.238095238095234,20.0,1.1652892561983472,161,8.703703703703704,0.0,0.0,0.0,0.0080246913580246,0,0,0,0,Healthy,59.1
79,79,chicken egg roll,158,3.6,0.8,1.1,1.5,22.8,4.5,8.4,1.9,11.2,0.4,43.3,0.085,0.2,0.013,0.019,0.1,2.9,0.5,0.2,9.0,0.0,0.3,0.072,37.6,0.056,1.4,24.0,0.3,94.4,224.8,0.032,0.4,84.75,FOOD-DATA-GROUP1,24.13793103448276,65.51724137931035,10.344827586206897,0.3529411764705882,158,5.283018867924529,1.1949685534591197,18.907563025210084,3.8,0.0025157232704402,0,0,0,0,Healthy,56.7
80,80,vegetable egg roll,153,3.6,0.6,1.0,1.7,25.0,5.3,5.2,2.2,0.0,0.4,42.5,0.0,0.2,0.04,0.014,0.1,1.6,0.3,0.1,10.7,0.0,0.4,0.099,35.9,0.082,1.5,20.3,0.4,64.7,195.0,0.005,0.4,84.1,FOOD-DATA-GROUP1,15.384615384615383,73.96449704142013,10.650887573964498,0.2,153,3.376623376623377,1.4285714285714286,20.384615384615383,4.4,0.0025974025974025,0,0,0,0,Healthy,54.6
81,81,ham cheese roll,67,5.2,2.0,2.4,0.6,1.1,0.0,3.8,0.0,16.2,0.3,16.9,0.0,0.2,0.004,0.008,0.033,1.0,0.1,0.019,0.0,0.061,0.037,0.0,16.2,0.078,0.3,4.5,0.0,70.8,82.3,0.018,0.6,26.6,FOOD-DATA-GROUP1,37.62376237623762,10.891089108910892,51.485148514851474,1.809523809523809,67,5.588235294117647,0.0,0.0,0.0,0.0044117647058823,0,0,0,0,Healthy,51.3
82,82,biscuit with ham,386,18.4,11.4,4.8,1.0,43.8,2.2,13.4,0.8,24.9,1.1,32.1,0.05,0.5,0.003,0.0,0.3,3.5,0.4,0.1,0.1,0.08,1.4,0.089,160.5,0.054,2.7,22.6,0.4,553.7,196.6,0.011,1.6,239.732,FOOD-DATA-GROUP1,17.724867724867728,57.93650793650794,24.33862433862434,0.2991071428571429,386,3.4625322997416026,0.20671834625323,4.910714285714287,1.6,0.0028423772609819,0,0,1,0,Limit,51.8
83,83,lemon chicken,1440,74.9,12.2,16.4,36.7,122.0,55.2,68.6,7.0,203.8,1.5,363.6,0.099,0.3,0.069,0.028,0.4,23.3,3.1,1.5,15.9,0.045,8.1,0.2,248.4,0.2,8.4,95.6,0.6,821.7,987.4,0.001,3.2,545.212,FOOD-DATA-GROUP1,25.838041431261765,45.951035781544256,28.210922787193976,0.5577235772357723,1440,4.76058292852186,0.4857737682165163,44.87804878048781,10.0,0.0010409437890353,0,1,1,1,Limit,46.3
84,84,hummus,435,21.1,2.8,12.0,5.2,49.5,0.7,12.0,9.8,0.0,0.6,159.6,0.0,0.2,0.1,0.0,0.1,1.0,0.7,1.0,19.4,0.0,1.8,0.059,120.5,0.6,3.8,71.3,1.4,270.6,425.6,0.038,2.7,236.1,FOOD-DATA-GROUP1,14.527845036319617,59.9273607748184,25.544794188861992,0.2376237623762376,435,2.752293577981652,2.2477064220183487,1.386138613861386,10.0,0.0013761467889908,0,0,0,0,Healthy,71.3
85,85,croissant with egg cheese,368,24.7,14.1,7.5,1.4,24.3,0.0,12.8,0.0,215.9,0.6,57.7,0.0,0.2,0.096,0.043,0.4,1.5,1.1,0.1,0.1,0.0,0.0,0.0,243.8,0.077,2.2,21.6,0.2,348.0,174.0,0.065,1.8,307.9,FOOD-DATA-GROUP1,20.711974110032365,39.320388349514566,39.96763754045308,0.5059288537549407,368,3.468834688346884,0.0,0.0,0.0,0.0016260162601626,0,0,1,1,Limit,49.0
86,86,enchirito with cheese beef beans,344,16.1,7.9,6.5,0.3,33.8,0.0,17.9,0.0,50.2,1.3,121.0,0.074,0.2,0.028,0.051,0.7,3.0,1.8,0.2,4.6,0.0,0.0,0.0,218.1,0.3,2.4,71.4,0.4,223.9,559.7,0.016,2.8,292.984,FOOD-DATA-GROUP1,26.40117994100295,49.85250737463127,23.746312684365783,0.514367816091954,344,5.188405797101449,0.0,0.0,0.0,0.0037681159420289,0,0,1,0,Limit,57.5
87,87,sweet sour pork,38,2.2,0.4,0.5,1.0,3.3,1.4,1.2,0.1,3.4,0.003,7.1,0.003,0.073,0.0,0.002,0.053,0.3,0.086,0.003,0.3,0.0,0.1,0.058,6.4,0.024,0.4,1.8,0.054,18.6,21.3,0.053,0.1,13.977,FOOD-DATA-GROUP1,17.91044776119403,49.25373134328358,32.83582089552239,0.2790697674418604,38,3.0769230769230766,0.2564102564102564,32.558139534883715,0.2,7.692307692307693e-05,0,0,0,0,Healthy,50.2
88,88,crab cake,160,10.4,2.2,4.3,3.1,5.1,0.0,11.3,0.2,82.2,0.5,32.0,0.062,0.039,0.07,0.019,0.016,1.2,0.3,0.1,0.2,0.0,0.0,0.0,202.2,0.4,1.1,25.2,0.3,226.8,162.0,0.029,2.1,230.596,FOOD-DATA-GROUP1,42.16417910447762,19.029850746268657,38.80597014925374,1.852459016393443,160,7.018633540372671,0.124223602484472,0.0,0.4,0.0031055900621118,0,0,0,0,Healthy,57.1
89,89,egg dinner roll,107,2.2,0.6,1.0,0.4,18.2,1.5,3.3,1.3,17.5,0.2,10.6,0.051,0.2,0.096,0.06,0.2,1.2,0.2,0.065,0.0,0.0,0.1,0.082,20.7,0.04,1.2,8.8,0.2,35.4,36.4,0.066,0.4,46.913,FOOD-DATA-GROUP1,13.924050632911392,76.79324894514767,9.282700421940929,0.171875,107,3.055555555555556,1.2037037037037035,7.8125,2.6,0.0018518518518518,0,0,0,0,Healthy,53.4
90,90,english muffin with egg cheese sausage,472,29.9,11.4,11.2,4.6,28.8,2.5,22.1,0.3,269.0,0.8,80.6,0.1,0.6,0.001,0.093,0.4,5.3,1.8,0.1,0.0,0.063,1.6,0.051,277.2,0.3,4.3,28.1,0.3,297.0,242.6,0.064,1.7,362.7,FOOD-DATA-GROUP1,27.351485148514847,35.64356435643564,37.0049504950495,0.7416107382550335,472,4.6723044397463,0.0634249471458773,8.389261744966444,0.6,0.00169133192389,0,0,1,1,Limit,55.9
91,91,buttermilk pancakes,86,3.5,0.7,0.9,1.7,10.9,0.0,2.6,0.0,22.0,0.2,20.0,0.094,0.017,0.009,0.089,0.1,0.6,0.2,0.025,0.2,0.0,0.0,0.0,59.7,0.067,0.6,5.7,0.023,52.8,55.1,0.073,0.2,77.568,FOOD-DATA-GROUP1,15.294117647058824,64.11764705882354,20.588235294117645,0.2184873949579832,86,2.9885057471264367,0.0,0.0,0.0,0.0022988505747126,0,0,0,0,Healthy,51.4
92,92,omelet,94,7.1,2.0,3.0,1.7,0.4,0.2,6.4,0.0,190.9,0.013,46.4,0.4,0.1,0.006,0.041,0.055,0.2,0.09,0.8,0.003,0.0,0.098,0.8,0.05,29.3,0.07,0.9,6.7,0.031,101.9,71.4,0.03,14.377,FOOD-DATA-GROUP1,46.043165467625904,2.877697841726619,51.07913669064747,4.571428571428572,94,6.7368421052631575,0.0,14.285714285714288,0.0,0.0001368421052631,0,0,0,1,Healthy,53.2
93,93,taco with chicken cheese lettuce,185,6.2,2.5,1.6,1.6,19.3,1.3,13.0,1.2,28.4,0.6,57.3,0.014,0.2,0.029,0.094,0.1,5.1,0.0,0.1,0.2,0.017,0.2,0.075,119.6,0.012,1.6,23.5,0.2,239.1,212.7,0.093,0.7,161.153,FOOD-DATA-GROUP1,33.76623376623377,50.129870129870135,16.103896103896105,0.6403940886699507,185,6.989247311827956,0.6451612903225806,6.403940886699508,2.4,0.0032258064516129,0,0,0,0,Healthy,59.1
94,94,spinach souffle,230,17.6,10.1,5.0,1.0,8.0,2.5,10.7,1.0,160.5,0.8,96.2,0.2,0.1,0.025,0.061,0.4,0.7,0.6,0.1,9.9,0.063,1.3,0.2,224.4,0.093,1.6,40.8,0.4,189.0,314.2,0.01,1.2,273.4,FOOD-DATA-GROUP1,29.47658402203857,22.03856749311295,48.48484848484849,1.1888888888888889,230,4.632034632034632,0.4329004329004329,27.77777777777778,2.0,0.0034632034632034,0,0,1,1,Limit,50.9
95,95,english muffin with cheese sausage,365,22.3,8.8,8.5,3.4,27.3,2.1,14.3,0.5,46.4,0.7,41.0,0.074,0.5,0.046,0.042,0.2,4.6,0.8,0.096,0.0,0.085,0.6,0.01,226.8,0.3,3.4,22.7,0.3,181.4,193.3,0.036,1.3,294.696,FOOD-DATA-GROUP1,22.378716744913927,42.72300469483567,34.89827856025039,0.5053003533568905,365,3.9071038251366126,0.1366120218579235,7.420494699646643,1.0,0.0019125683060109,0,0,1,0,Limit,54.0
96,96,potato gratin,328,18.6,11.6,5.3,0.7,27.6,0.0,12.4,4.4,56.4,1.1,181.3,0.2,0.2,0.053,0.0,0.3,2.4,0.9,0.4,24.3,0.0,0.0,0.0,291.6,0.4,1.6,49.0,0.4,276.9,970.2,0.036,1.7,380.7,FOOD-DATA-GROUP1,21.160409556313997,47.098976109215016,31.74061433447099,0.4335664335664335,328,3.7689969604863225,1.337386018237082,0.0,8.8,0.0033434650455927,0,0,1,0,Healthy,57.2
97,97,biscuit with egg,436,25.3,8.5,11.7,2.8,35.4,2.5,17.4,0.3,240.7,1.2,62.3,0.1,0.4,0.1,0.002,0.4,3.4,0.9,0.2,0.1,0.027,1.5,0.037,149.4,0.077,2.3,21.8,0.3,526.4,190.0,0.007,1.6,230.3,FOOD-DATA-GROUP1,22.279129321382843,45.32650448143406,32.3943661971831,0.478021978021978,436,3.9816933638443937,0.068649885583524,6.868131868131869,0.6,0.0027459954233409,0,0,1,1,Limit,56.1
98,98,french fries deep fried,222,10.5,1.7,4.2,3.8,29.4,0.2,2.4,2.7,0.0,0.1,27.4,0.063,0.0,0.1,0.002,0.0,0.008,2.1,0.4,0.3,3.3,0.0,1.2,0.075,12.8,0.038,0.6,24.9,0.2,88.8,411.1,0.019,45.364,FOOD-DATA-GROUP1,5.673758865248227,69.50354609929079,24.822695035460995,0.0789473684210526,222,1.076233183856502,1.2107623318385652,0.6578947368421053,5.4,0.0004484304932735,0,0,0,0,Healthy,54.5
99,99,sweet sour chicken,46,2.3,0.4,0.5,1.2,4.4,2.1,1.8,0.2,4.9,0.043,9.5,0.031,0.002,0.0,0.057,0.015,0.7,0.1,0.024,0.4,0.0,0.2,0.098,8.2,0.098,0.4,2.7,0.1,24.7,28.9,0.04,0.057,17.773,FOOD-DATA-GROUP1,21.176470588235293,51.76470588235295,27.058823529411764,0.3333333333333333,46,3.829787234042553,0.425531914893617,38.88888888888889,0.4,0.0009148936170212,0,0,0,0,Healthy,50.5
100,100,burrito with beans beef,460,18.0,7.0,7.8,1.4,47.0,5.3,27.8,7.2,62.7,1.4,144.6,0.096,0.4,0.2,0.088,0.3,5.3,0.8,0.5,4.6,0.059,1.1,0.022,216.9,0.3,4.6,60.3,0.6,392.8,648.3,0.031,4.8,326.183,FOOD-DATA-GROUP1,29.95689655172414,50.646551724137936,19.39655172413793,0.5791666666666667,460,6.030368763557484,1.561822125813449,11.041666666666666,10.0,0.0030368763557483,0,0,1,0,Healthy,68.4
101,101,nachos with cinnamon sugar,592,36.0,18.2,11.8,4.1,63.4,0.0,7.2,0.0,39.2,0.4,1.1,0.0,0.2,0.059,0.056,0.4,3.9,1.9,0.2,8.0,0.0,0.0,0.0,85.0,0.2,2.9,19.6,0.5,32.7,78.5,0.044,0.6,202.5,FOOD-DATA-GROUP1,6.75422138836773,59.47467166979362,33.77110694183865,0.1118012422360248,592,1.2141652613827991,0.0,0.0,0.0,0.0006745362563237,0,0,1,0,Limit,41.7
102,102,arroz con grandules,209,5.7,0.9,1.2,2.7,35.4,0.0,4.0,1.6,0.0,0.7,67.7,0.0,0.01,0.0,0.0,0.076,0.6,0.3,0.026,0.0,0.0,0.8,0.066,9.2,0.1,0.3,16.1,0.7,62.1,96.6,0.0,0.9,56.2,FOOD-DATA-GROUP1,8.869179600886918,78.49223946784922,12.638580931263856,0.1098901098901098,209,1.9047619047619049,0.7619047619047619,0.0,3.2,0.0033333333333333,0,0,0,0,Healthy,54.7
103,103,chili con carne,271,8.8,3.2,3.6,1.0,33.1,4.7,14.7,8.3,22.8,1.1,191.5,0.4,0.095,0.049,0.005,0.091,0.029,2.0,3.6,0.3,0.5,0.0,1.3,0.063,83.5,0.6,3.4,70.8,0.4,220.1,667.9,0.039,66.245,FOOD-DATA-GROUP1,25.97173144876325,58.48056537102474,15.547703180212016,0.4310850439882697,271,5.404411764705882,3.0514705882352944,13.78299120234604,10.0,0.0040441176470588,0,0,0,0,Healthy,69.2
104,104,arroz con abichuelas,223,5.4,0.8,1.1,2.5,37.3,0.2,6.2,4.1,0.0,0.6,105.6,0.0,0.045,0.0,0.0,0.072,1.3,0.3,0.069,0.0,0.0,0.4,0.046,23.6,0.2,1.9,33.0,0.7,117.8,304.6,0.071,1.1,78.5,FOOD-DATA-GROUP1,12.678936605316974,76.27811860940696,11.042944785276076,0.1618798955613577,223,2.7678571428571432,1.8303571428571423,0.5221932114882507,8.2,0.0026785714285714,0,0,0,0,Healthy,60.1
105,105,biscuit with sausage,412,27.1,8.2,13.5,3.4,33.3,1.8,10.7,0.4,31.1,0.9,36.4,0.0,0.4,0.078,0.012,0.2,3.8,0.5,0.031,0.0,0.044,0.9,0.035,52.2,0.3,2.1,14.4,0.2,378.5,169.8,0.012,0.8,125.8,FOOD-DATA-GROUP1,15.049226441631506,46.83544303797469,38.11533052039381,0.3119533527696793,412,2.590799031476997,0.0968523002421307,5.247813411078719,0.8,0.0021791767554479,0,0,1,0,Limit,51.7
106,106,vegetarian stew,304,7.4,1.2,1.8,3.8,17.3,3.1,42.0,2.7,0.0,1.0,172.9,0.0,1.7,0.3,0.093,1.5,29.6,0.0,2.7,0.0,0.0,1.2,0.041,76.6,1.6,3.2,313.7,0.0,543.4,296.4,0.05,2.7,149.2,FOOD-DATA-GROUP1,62.96851574212893,25.937031484257872,11.094452773613192,2.295081967213114,304,13.77049180327869,0.8852459016393444,16.939890710382514,5.4,0.0032786885245901,0,0,0,0,Healthy,66.9
107,107,chicken sandwich with cheese,632,38.8,12.4,13.7,9.9,41.6,0.0,29.4,0.0,77.5,1.2,104.9,0.2,0.4,0.1,0.092,0.5,9.1,1.3,0.4,3.0,0.0,0.0,0.0,257.6,0.2,3.6,43.3,0.4,405.8,332.9,0.073,2.9,374.2,FOOD-DATA-GROUP1,26.775956284153008,37.88706739526412,35.33697632058288,0.6901408450704225,632,4.644549763033176,0.0,0.0,0.0,0.0018957345971563,0,0,1,0,Limit,55.7
108,108,biscuit with egg steak,410,28.4,8.6,11.7,5.8,21.3,0.0,17.9,0.0,272.3,0.9,77.7,0.2,0.4,0.018,0.063,0.5,3.1,1.1,0.2,0.1,0.0,0.0,0.0,137.6,0.1,5.3,25.2,0.2,225.0,306.4,0.039,2.8,210.8,FOOD-DATA-GROUP1,26.479289940828405,31.50887573964497,42.01183431952663,0.8026905829596411,410,4.355231143552311,0.0,0.0,0.0,0.0021897810218978,0,0,1,1,Limit,57.0
109,109,taco salad,212,11.2,5.2,3.9,1.3,17.9,0.0,10.0,0.0,33.0,0.6,108.5,0.0,0.091,0.072,0.097,0.3,1.9,1.0,0.2,2.7,0.0,0.0,0.0,145.5,0.2,1.7,39.0,0.3,108.0,315.0,0.001,2.0,189.0,FOOD-DATA-GROUP1,25.57544757033248,45.78005115089515,28.64450127877238,0.5291005291005292,212,4.694835680751173,0.0,0.0,0.0,0.0028169014084507,0,0,1,0,Limit,53.6
110,110,succotash,213,1.5,0.3,0.3,0.7,46.8,0.0,9.7,0.0,0.0,0.5,131.3,0.0,0.3,0.053,0.0,0.2,2.5,1.1,0.2,15.7,0.0,0.0,0.0,32.6,0.3,2.9,101.8,1.5,224.6,787.2,0.038,1.2,109.2,FOOD-DATA-GROUP1,16.724137931034484,80.6896551724138,2.586206896551724,0.202928870292887,213,4.532710280373832,0.0,0.0,0.0,0.0023364485981308,0,0,0,0,Healthy,57.0
111,111,nachos with cheese jalapeno peppers,608,34.1,14.0,14.4,4.0,60.1,0.0,16.8,0.0,83.6,1.7,87.1,0.4,0.1,0.044,0.05,0.5,2.8,2.4,0.4,1.0,0.0,0.0,0.0,620.2,0.2,2.4,108.1,0.4,393.7,293.8,0.083,2.9,735.0,FOOD-DATA-GROUP1,15.135135135135137,54.14414414414415,30.720720720720724,0.2749590834697217,608,2.7586206896551726,0.0,0.0,0.0,0.002791461412151,0,0,1,0,Limit,52.1
112,112,biscuit with egg ham,442,27.0,5.9,11.0,7.7,31.4,4.2,20.4,0.8,299.5,1.4,108.7,0.1,0.7,0.058,0.062,0.6,2.0,1.7,0.3,0.0,0.093,2.1,0.057,220.8,0.1,4.6,30.7,0.3,316.8,318.7,0.005,2.2,305.1,FOOD-DATA-GROUP1,25.888324873096447,39.847715736040605,34.263959390862944,0.6296296296296297,442,4.604966139954853,0.1805869074492099,12.962962962962964,1.6,0.0031602708803611,0,0,1,1,Limit,60.1
113,113,ladyfingers,103,2.6,0.9,1.1,0.4,16.9,7.2,3.0,0.3,62.5,0.016,5.5,0.0,0.096,0.078,0.05,0.1,0.6,0.3,0.077,1.0,0.033,0.2,0.002,13.3,0.063,1.0,3.4,0.063,49.0,32.0,0.037,0.3,38.1,FOOD-DATA-GROUP1,13.333333333333334,75.1111111111111,11.555555555555555,0.1675977653631285,103,2.8846153846153846,0.2884615384615384,40.22346368715084,0.6,0.0001538461538461,0,0,0,0,Healthy,49.1
114,114,mozzarella steak fried,102,5.9,2.2,1.5,1.6,7.7,0.7,4.6,0.6,10.2,0.2,11.8,0.023,0.025,0.097,0.045,0.088,0.3,0.1,0.018,0.0,0.096,0.3,0.071,107.9,0.02,0.2,6.8,0.052,99.8,35.7,0.094,0.6,126.963,FOOD-DATA-GROUP1,25.274725274725267,42.3076923076923,32.417582417582416,0.5287356321839081,102,4.466019417475728,0.5825242718446602,8.045977011494253,1.2,0.0019417475728155,0,0,0,0,Healthy,52.4
115,115,tamale navajo,285,11.4,4.5,5.1,1.3,33.7,1.8,11.7,5.8,31.6,0.8,126.7,0.0,0.057,0.069,0.032,0.1,3.0,0.4,0.3,3.2,0.0,0.0,0.0,53.9,0.1,2.3,40.9,0.3,184.1,243.7,0.053,2.8,122.0,FOOD-DATA-GROUP1,20.59859154929577,59.33098591549296,20.070422535211264,0.3371757925072046,285,4.090909090909091,2.027972027972028,5.187319884726224,10.0,0.0027972027972027,0,0,0,0,Healthy,63.4
116,116,blueberry pancakes,84,3.5,0.8,0.9,1.6,11.0,0.0,2.3,0.0,21.3,0.2,20.2,0.023,0.016,0.093,0.044,0.1,0.6,0.2,0.054,0.8,0.0,0.0,0.0,78.3,0.031,0.7,6.1,0.089,57.4,52.4,0.01,0.2,96.631,FOOD-DATA-GROUP1,13.69047619047619,65.47619047619048,20.83333333333333,0.1916666666666666,84,2.705882352941176,0.0,0.0,0.0,0.0023529411764705,0,0,0,0,Healthy,51.1
117,117,chimichanga with beef cheese,443,23.4,11.2,9.4,0.7,39.3,0.0,20.1,0.0,51.2,1.0,96.4,0.1,0.4,0.052,0.012,0.9,4.7,1.8,0.2,2.7,0.0,0.0,0.0,237.9,0.4,3.8,60.4,0.5,186.7,203.1,0.085,3.4,327.3,FOOD-DATA-GROUP1,24.275362318840585,47.46376811594203,28.26086956521739,0.4987593052109181,443,4.527027027027027,0.0,0.0,0.0,0.0022522522522522,0,0,1,0,Limit,56.6
118,118,egg cheese sandwich,340,19.4,6.6,8.3,2.6,25.9,0.0,15.6,0.0,290.5,0.8,82.2,0.2,0.3,0.021,0.028,0.6,2.1,0.9,0.1,1.5,0.0,0.0,0.0,224.8,0.1,3.0,21.9,0.2,302.2,188.3,0.067,1.6,290.4,FOOD-DATA-GROUP1,25.615763546798032,42.5287356321839,31.85550082101806,0.5799256505576208,340,4.574780058651026,0.0,0.0,0.0,0.0023460410557184,0,0,1,1,Limit,56.7
119,119,biscuit with egg bacon,458,31.1,8.0,13.4,7.5,28.6,3.3,17.0,0.8,352.5,1.3,70.0,0.082,0.1,0.038,0.04,0.2,2.4,1.2,0.1,2.7,0.066,2.0,0.098,189.0,0.1,3.7,24.0,0.3,238.5,250.5,0.059,1.6,272.958,FOOD-DATA-GROUP1,22.164276401564532,37.28813559322034,40.547588005215125,0.5743243243243243,458,3.7037037037037033,0.1742919389978213,11.148648648648647,1.6,0.0028322440087145,0,0,1,1,Limit,56.6
120,120,pupusas con queso,300,15.5,7.6,4.0,1.8,26.2,1.4,13.7,3.4,37.4,0.5,58.9,0.1,0.099,0.0,0.066,0.1,0.6,0.4,0.2,0.0,0.0,0.5,0.073,380.3,0.081,0.7,42.1,0.1,317.1,140.4,0.07,2.2,439.9,FOOD-DATA-GROUP1,24.72924187725632,47.29241877256317,27.97833935018051,0.5036764705882353,300,4.551495016611296,1.1295681063122924,5.147058823529411,6.8,0.0016611295681063,0,0,1,0,Healthy,59.1
121,121,apple croissant,145,5.0,2.8,1.4,0.4,21.1,0.0,4.2,1.4,17.7,0.2,26.0,0.031,0.1,0.022,0.035,0.022,0.9,0.3,0.038,0.3,0.0,0.0,0.0,17.1,0.006,0.6,7.4,0.1,33.1,51.3,0.024,0.6,49.733,FOOD-DATA-GROUP1,13.861386138613865,69.63696369636963,16.5016501650165,0.1900452488687782,145,2.8767123287671232,0.9589041095890408,0.0,2.8,0.0013698630136986,0,0,0,0,Healthy,53.1
122,122,refried red beans,336,16.1,2.2,3.9,10.2,36.0,0.0,11.7,11.0,0.0,0.9,164.8,0.0,0.053,0.094,0.0,0.092,1.5,0.4,0.2,0.0,0.0,2.4,0.0,76.9,0.5,4.5,83.9,0.7,212.0,722.3,0.058,1.6,156.2,FOOD-DATA-GROUP1,18.338557993730404,56.42633228840125,25.235109717868337,0.3162162162162162,336,3.471810089020772,3.2640949554896146,0.0,10.0,0.0026706231454005,0,0,0,0,Healthy,72.1
123,123,tostada with guacamole,180,11.6,4.9,4.2,1.5,16.0,0.0,6.2,0.0,19.6,0.4,94.6,0.016,0.092,0.004,0.047,0.3,1.0,1.0,0.1,1.8,0.0,0.0,0.0,211.4,0.1,0.8,36.5,0.2,116.1,324.9,0.096,2.0,247.853,FOOD-DATA-GROUP1,18.34319526627219,47.33727810650888,34.31952662721894,0.3647058823529412,180,3.425414364640885,0.0,0.0,0.0,0.0022099447513812,0,0,0,0,Healthy,51.0
124,124,chicken sandwich,468,20.9,4.0,8.4,5.9,39.1,6.8,30.4,2.6,65.5,1.4,91.5,0.077,0.03,0.4,0.1,0.053,0.6,14.4,0.6,0.7,1.5,0.031,4.5,0.012,108.5,0.2,3.3,44.9,0.5,346.0,458.2,0.064,94.051,FOOD-DATA-GROUP1,33.62831858407079,43.25221238938053,23.11946902654867,0.7581047381546134,468,6.4818763326226,0.5543710021321961,16.957605985037404,5.2,0.0029850746268656,0,0,0,0,Healthy,63.2
125,125,fried rice,228,3.2,0.7,0.8,1.3,43.4,0.6,6.5,1.5,32.2,0.6,85.4,0.076,0.052,0.076,0.0,0.088,0.9,0.0,0.066,0.0,0.059,0.2,0.081,19.6,0.1,1.0,14.0,0.6,77.0,123.2,0.062,1.1,75.203,FOOD-DATA-GROUP1,12.24105461393597,81.73258003766477,6.026365348399247,0.1463963963963964,228,2.838427947598253,0.6550218340611353,1.351351351351351,3.0,0.0026200873362445,0,0,0,0,Healthy,56.4
126,126,pupusas del cerdo,283,12.7,3.9,4.8,2.7,28.1,1.8,14.0,3.2,35.4,0.5,64.8,0.064,0.1,0.0,0.057,0.1,2.9,0.8,0.3,0.0,0.0,0.4,0.016,59.8,0.06,1.2,46.4,0.2,197.6,311.1,0.091,2.0,119.087,FOOD-DATA-GROUP1,25.547445255474454,51.27737226277373,23.175182481751825,0.4810996563573883,283,4.929577464788732,1.1267605633802815,6.185567010309278,6.4,0.0017605633802816,0,0,0,0,Healthy,61.7
127,127,turkey pot pie,699,34.9,11.4,13.7,5.5,70.3,0.0,25.8,4.4,63.5,1.4,260.8,0.0,0.0,0.0,0.0,0.0,0.0,0.0,0.0,0.0,0.0,0.0,0.0,0.0,0.0,4.0,0.0,0.0,0.0,0.0,0.0,0.0,139.4,FOOD-DATA-GROUP1,19.69465648854962,53.66412213740458,26.6412213740458,0.361851332398317,699,3.685714285714286,0.6285714285714286,0.0,8.8,0.002,0,0,1,0,Healthy,63.0
128,128,cheese croissant,331,16.7,8.5,5.2,1.9,37.6,9.1,7.4,2.1,45.6,0.3,16.8,0.2,0.4,0.025,0.068,0.3,1.7,0.7,0.064,0.2,0.0,1.2,0.022,42.4,0.018,1.7,19.2,0.3,104.0,105.6,0.027,0.8,108.3,FOOD-DATA-GROUP1,11.9935170178282,60.94003241491086,27.066450567260937,0.1917098445595855,331,2.2289156626506026,0.6325301204819277,23.575129533678755,4.2,0.0009036144578313,0,0,1,0,Limit,48.7
129,129,chimichanga with beef,425,19.7,8.5,8.1,1.1,42.8,0.0,19.6,0.0,8.7,0.9,88.2,0.0,0.5,0.068,0.042,0.6,5.8,2.1,0.3,4.7,0.0,0.0,0.0,62.6,0.4,4.5,62.6,0.6,123.5,586.4,0.029,5.0,153.9,FOOD-DATA-GROUP1,23.873325213154693,52.13154689403167,23.99512789281364,0.4474885844748859,425,4.600938967136151,0.0,0.0,0.0,0.002112676056338,0,0,1,0,Limit,58.3
130,130,french toast with butter,178,9.4,3.9,3.5,1.2,18.0,0.0,5.2,0.0,58.1,0.3,34.2,0.088,0.3,0.083,0.084,0.2,2.0,0.3,0.004,0.004,0.0,0.0,0.0,36.5,0.072,0.9,8.1,0.1,72.9,88.4,0.065,0.3,70.093,FOOD-DATA-GROUP1,15.950920245398772,55.21472392638036,28.834355828220858,0.2736842105263158,178,2.905027932960894,0.0,0.0,0.0,0.0016759776536312,0,0,0,0,Healthy,51.0
131,131,ham egg cheese sandwich,347,16.3,7.4,5.7,1.7,30.9,0.0,19.2,0.0,246.0,1.0,73.1,0.2,0.4,0.042,0.095,0.6,4.2,0.9,0.2,2.7,0.0,0.0,0.0,211.6,0.1,3.1,25.7,0.2,346.1,210.2,0.067,2.0,284.0,FOOD-DATA-GROUP1,28.91566265060241,46.536144578313255,24.54819277108434,0.6018808777429467,347,5.517241379310345,0.0,0.0,0.0,0.0028735632183908,0,0,1,1,Limit,58.8
132,132,english muffin with butter,189,5.8,2.4,1.5,1.3,30.4,0.0,4.9,0.0,12.6,0.4,20.6,0.089,0.3,0.098,0.0,0.3,2.6,0.1,0.005,0.8,0.0,0.1,0.0,102.7,0.098,1.6,13.2,0.2,85.1,69.3,0.092,0.4,146.209,FOOD-DATA-GROUP1,11.922141119221411,73.96593673965938,14.111922141119225,0.1560509554140127,189,2.578947368421053,0.0,0.0,0.0,0.0021052631578947,0,0,0,0,Healthy,51.9
133,133,savoury noodle one pan dinner tandaco,172,1.2,0.5,32.9,3.6,5.5,0.0,0.0,0.0,0.0,0.0,0.0,0.0,0.0,0.0,0.0,0.0,0.0,0.0,0.0,0.0,0.0,0.0,0.0,0.0,0.0,0.0,0.0,0.0,0.0,0.0,0.0,0.0,6.7,FOOD-DATA-GROUP1,0.0,82.08955223880596,17.91044776119403,0.0,172,0.0,0.0,0.0,0.0,0.0,0,0,0,0,Healthy,49.6
134,134,ham cheese sandwich,352,15.5,6.4,6.7,1.4,33.3,0.0,20.7,0.0,58.4,0.8,74.2,0.019,0.3,0.07,0.026,0.5,2.7,1.0,0.2,2.8,0.0,0.3,0.0,129.9,0.2,3.2,16.1,0.1,151.8,290.5,0.078,1.4,205.416,FOOD-DATA-GROUP1,29.7841726618705,47.9136690647482,22.30215827338129,0.6034985422740525,352,5.864022662889519,0.0,0.0,0.0,0.0022662889518413,0,0,1,0,Limit,60.2
135,135,sweet gefilte fish,35,0.7,0.2,0.3,0.1,3.1,0.0,3.8,0.0,12.6,0.2,33.7,0.062,0.028,0.064,0.076,0.024,0.4,0.085,0.067,0.3,0.0,0.0,0.0,9.7,0.01,1.0,3.8,0.051,30.7,38.2,0.038,0.3,18.677,FOOD-DATA-GROUP1,49.99999999999999,40.78947368421053,9.210526315789473,0.926829268292683,35,10.555555555555555,0.0,0.0,0.0,0.0055555555555555,0,0,0,0,Healthy,52.7
136,136,poached egg,72,4.7,1.6,1.8,1.0,0.4,0.2,6.3,0.0,185.0,0.1,37.9,0.088,0.059,0.051,0.061,0.2,0.022,0.8,0.09,0.0,0.084,0.5,0.032,28.0,0.071,0.9,6.0,0.044,98.5,69.0,0.014,0.6,40.398,FOOD-DATA-GROUP1,55.26315789473684,3.508771929824561,41.2280701754386,4.5,72,8.63013698630137,0.0,14.285714285714288,0.0,0.0013698630136986,0,0,0,1,Healthy,53.4
137,137,tostada with beef cheese,315,16.3,10.4,3.3,1.0,22.8,0.0,19.0,0.0,40.8,0.9,101.1,0.022,0.034,0.076,0.069,0.6,3.1,1.9,0.2,2.6,0.0,0.0,0.0,216.8,0.3,2.9,63.6,0.5,179.3,572.1,0.093,3.7,280.498,FOOD-DATA-GROUP1,32.70223752151463,39.24268502581756,28.05507745266782,0.7983193277310924,315,6.012658227848101,0.0,0.0,0.0,0.0028481012658227,0,0,1,0,Limit,56.4
138,138,tostada with beans cheese,223,9.9,5.4,3.1,0.7,26.5,0.0,9.6,0.0,30.2,0.5,95.4,0.011,0.1,0.05,0.017,0.3,1.3,1.1,0.2,1.3,0.0,0.0,0.0,210.2,0.2,1.9,59.0,0.4,116.6,403.2,0.072,1.9,259.467,FOOD-DATA-GROUP1,20.869565217391305,57.60869565217392,21.521739130434785,0.349090909090909,223,4.285714285714286,0.0,0.0,0.0,0.0022321428571428,0,0,1,0,Limit,53.1
139,139,pork tamale,247,12.8,3.8,4.6,2.9,22.4,0.7,10.4,3.4,28.4,0.7,93.8,0.037,0.045,0.0,0.045,0.05,1.8,0.5,0.2,0.0,0.0,0.8,0.033,106.5,0.043,1.2,36.9,0.3,170.4,215.8,0.048,1.7,156.766,FOOD-DATA-GROUP1,22.80701754385965,49.12280701754386,28.070175438596497,0.4444444444444445,247,4.193548387096775,1.370967741935484,2.9914529914529915,6.8,0.0028225806451612,0,0,0,0,Healthy,59.8
140,140,nachos with cheese,274,17.2,1.7,11.2,4.0,27.9,1.7,3.5,2.6,2.4,0.3,29.9,0.044,0.09,0.065,0.041,0.006,0.1,0.5,0.9,0.2,0.9,0.0,3.3,0.05,50.4,0.029,0.6,33.6,0.2,158.4,289.6,0.068,51.581,FOOD-DATA-GROUP1,7.20164609053498,57.407407407407405,35.390946502057616,0.1211072664359861,274,1.2727272727272727,0.9454545454545455,5.88235294117647,5.2,0.001090909090909,0,0,0,0,Healthy,54.6
141,141,pulled pork in barbecue sauce,418,11.0,3.5,4.5,1.9,46.7,37.8,32.8,3.0,87.2,1.7,151.9,0.0,0.4,0.042,0.067,0.3,7.5,2.0,0.6,0.5,0.064,2.2,0.099,109.6,0.2,3.1,54.8,0.2,400.9,759.5,0.049,4.6,206.7,FOOD-DATA-GROUP1,36.24309392265193,51.60220994475139,12.154696132596683,0.6876310272536686,418,7.828162291169451,0.7159904534606205,79.24528301886792,6.0,0.0040572792362768,0,1,0,0,Limit,51.7
142,142,baked potato with cheese sauce,474,28.7,10.6,10.7,6.0,46.5,0.0,14.6,0.0,17.8,0.4,194.6,0.3,0.2,0.078,0.01,0.2,3.3,1.3,0.7,26.0,0.0,0.0,0.0,310.8,0.6,3.0,65.1,0.5,319.7,1166.2,0.042,1.9,429.9,FOOD-DATA-GROUP1,16.258351893095767,51.78173719376392,31.95991091314031,0.3073684210526315,474,3.073684210526316,0.0,0.0,0.0,0.0008421052631578,0,0,1,0,Limit,53.0
143,143,baked beans,310,10.3,3.9,4.3,1.5,43.3,0.0,11.1,11.0,10.0,0.8,130.3,0.0,0.0,0.3,0.031,0.0,0.036,0.8,0.3,0.2,2.2,0.0,0.0,0.0,122.0,0.3,4.0,86.0,0.5,218.0,716.0,0.052,76.2,FOOD-DATA-GROUP1,17.156105100463677,66.9242658423493,15.919629057187018,0.2505643340857788,310,3.569131832797427,3.536977491961415,0.0,10.0,0.002572347266881,0,0,0,0,Healthy,70.4
144,144,arroz con frijoles,220,5.6,1.1,1.3,2.3,35.6,1.3,6.8,5.0,0.0,0.6,95.6,0.0,0.2,0.0,0.0,0.024,1.5,0.4,0.071,0.0,0.0,0.7,0.096,54.0,0.2,2.3,38.0,0.6,127.0,327.0,0.069,1.1,109.3,FOOD-DATA-GROUP1,14.166666666666666,74.16666666666667,11.666666666666666,0.1857923497267759,220,3.0769230769230766,2.262443438914027,3.551912568306011,10.0,0.0027149321266968,0,0,0,0,Healthy,61.2
145,145,taco with beef cheese lettuce,156,8.8,3.0,3.0,2.1,13.7,0.6,6.1,2.7,19.3,0.3,39.3,0.043,0.07,0.025,0.075,0.098,1.1,0.0,0.056,0.3,0.06,0.4,0.057,61.4,0.005,0.8,22.1,0.2,122.8,144.2,0.083,1.2,93.825,FOOD-DATA-GROUP1,21.328671328671327,47.9020979020979,30.769230769230777,0.4149659863945578,156,3.8853503184713376,1.7197452229299364,4.081632653061225,5.4,0.0019108280254777,0,0,0,0,Healthy,56.1
146,146,burrito with beans cheese beef,165,6.6,3.6,2.2,0.5,19.8,0.0,7.3,0.0,61.9,0.5,65.9,0.0,0.2,0.034,0.045,0.4,1.9,0.8,0.1,2.5,0.0,0.0,0.0,65.0,0.2,1.9,25.4,0.2,70.0,205.0,0.051,1.2,103.1,FOOD-DATA-GROUP1,21.661721068249257,58.753709198813056,19.58456973293768,0.3509615384615384,165,4.397590361445783,0.0,0.0,0.0,0.003012048192771,0,0,0,0,Healthy,52.8
147,147,egg mix,30,2.2,0.8,0.8,0.4,0.098,0.091,2.4,0.0,81.5,0.012,0.1,0.078,0.092,0.091,0.085,0.069,0.093,0.073,0.3,0.034,0.0,0.049,0.2,0.078,12.2,0.055,0.4,1.7,0.015,31.5,27.0,0.043,4.876,FOOD-DATA-GROUP1,51.08556832694763,2.0859940400170283,46.828437633035335,2.185792349726776,30,7.741935483870968,0.0,8.287795992714024,0.0,0.0003870967741935,0,0,0,0,Healthy,51.2
148,148,falafel,57,3.0,0.4,1.7,0.7,5.4,0.0,2.3,0.0,0.0,0.081,5.9,0.0,0.0,0.006,0.009,0.0,0.074,0.2,0.011,0.01,0.3,0.0,0.0,0.0,9.2,0.002,0.6,13.9,0.1,32.6,99.5,0.018,10.763,FOOD-DATA-GROUP1,21.49532710280374,50.46728971962617,28.037383177570096,0.3593749999999999,57,3.96551724137931,0.0,0.0,0.0,0.0013965517241379,0,0,0,0,Healthy,51.4
149,149,taco salad with chili con carne,193,8.8,4.0,3.0,1.0,17.7,0.0,11.6,0.0,3.5,0.6,133.6,0.1,0.1,0.067,0.063,0.3,1.7,1.0,0.3,2.3,0.0,0.0,0.0,163.6,0.2,1.8,34.8,0.2,102.7,261.0,0.0,2.2,205.9,FOOD-DATA-GROUP1,30.44619422572179,46.45669291338584,23.097112860892395,0.6203208556149733,193,5.979381443298968,0.0,0.0,0.0,0.0030927835051546,0,0,0,0,Healthy,55.7
150,150,wonton wrappers,93,0.5,0.022,0.033,0.2,18.5,0.0,3.1,0.6,2.9,0.2,9.2,0.097,0.2,0.082,0.0,0.1,1.7,0.051,0.007,0.0,0.0,0.0,0.0,15.0,0.039,1.1,6.4,0.2,25.9,26.2,0.02,0.2,38.815,FOOD-DATA-GROUP1,14.027149321266968,83.71040723981899,2.262443438914027,0.158974358974359,93,3.297872340425532,0.6382978723404255,0.0,1.2,0.002127659574468,0,0,0,0,Healthy,53.2
151,151,hushpuppies,512,20.5,3.2,5.0,11.0,69.9,3.1,11.7,4.3,68.4,1.0,44.1,0.074,0.5,0.1,0.008,0.5,4.2,0.5,0.2,0.3,0.0,1.9,0.01,422.6,0.1,4.6,36.5,0.3,287.3,218.9,0.078,1.0,533.994,FOOD-DATA-GROUP1,11.45935357492654,68.46229187071499,20.078354554358476,0.1650211565585331,512,2.280701754385965,0.838206627680312,4.372355430183356,8.6,0.0019493177387914,0,0,0,0,Healthy,61.6
152,152,chicken pot pie,598,34.6,12.6,11.9,8.3,57.3,7.2,14.6,3.0,51.3,1.2,191.6,0.0,0.2,0.1,0.024,0.03,4.5,1.1,0.2,3.0,0.024,1.1,0.034,63.4,0.1,1.8,33.2,0.6,226.5,317.1,0.003,1.3,177.7,FOOD-DATA-GROUP1,13.708920187793428,53.80281690140845,32.48826291079812,0.2504288164665523,598,2.437395659432388,0.5008347245409015,12.349914236706692,6.0,0.0020033388981636,0,0,1,0,Healthy,53.1
153,153,general tsos chicken,1578,87.5,14.8,20.8,40.1,128.3,62.1,69.0,4.8,283.6,2.3,241.6,0.081,0.1,0.049,0.08,0.6,15.3,3.3,1.1,8.6,0.015,6.5,0.2,64.2,0.2,6.2,96.3,0.4,679.5,1075.4,0.065,7.0,368.673,FOOD-DATA-GROUP1,24.22752808988764,45.04915730337079,30.72331460674157,0.5336426914153132,1578,4.369854338188727,0.3039898670044332,48.02784222737819,9.6,0.0014566181127295,0,1,1,1,Avoid,41.1
154,154,burrito with beans cheese,379,11.2,4.3,2.3,4.1,57.8,3.2,13.6,7.8,9.3,1.0,98.4,0.033,0.4,0.2,0.081,0.2,3.7,0.0,0.2,0.7,0.02,1.0,0.02,229.4,0.3,4.4,62.9,0.8,301.6,482.9,0.04,1.6,324.946,FOOD-DATA-GROUP1,16.46489104116223,69.97578692493947,13.559322033898304,0.2312925170068027,379,3.578947368421052,2.0526315789473686,5.4421768707483,10.0,0.0026315789473684,0,0,0,0,Healthy,67.4
155,155,vegetarian fillets,247,15.3,2.4,3.7,7.9,7.7,0.7,19.6,5.2,0.0,0.4,38.3,0.0,0.9,0.026,0.014,0.8,10.2,0.0,1.3,0.0,0.0,2.9,0.0,80.8,0.8,1.7,19.6,0.0,382.5,510.0,0.043,1.2,130.3,FOOD-DATA-GROUP1,46.009389671361504,18.07511737089202,35.91549295774648,2.252873563218391,247,7.903225806451614,2.0967741935483875,8.045977011494253,10.0,0.0016129032258064,0,0,0,0,Healthy,70.4
156,156,biscuit with egg sausage,505,33.6,10.4,16.2,4.8,34.1,1.5,18.0,0.3,260.8,1.1,72.1,0.071,0.5,0.035,0.083,0.4,4.0,1.5,0.1,0.0,0.047,1.5,0.042,82.6,0.4,3.1,21.1,0.2,505.4,241.4,0.002,1.5,171.757,FOOD-DATA-GROUP1,21.00350058343057,39.78996499416569,39.206534422403735,0.5128205128205128,505,3.557312252964427,0.0592885375494071,4.273504273504273,0.6,0.0021739130434782,0,0,1,1,Limit,55.5
157,157,chicken chow mein,513,16.9,3.0,3.7,7.4,50.1,10.5,40.8,6.0,96.6,1.9,489.3,0.093,0.2,0.0,0.092,0.1,8.9,1.6,1.1,12.1,0.0,2.6,0.1,126.8,0.2,4.0,66.4,0.6,326.2,749.0,0.086,1.9,256.797,FOOD-DATA-GROUP1,37.84786641929499,46.47495361781076,15.677179962894243,0.7984344422700587,513,7.937743190661478,1.1673151750972763,20.54794520547945,10.0,0.0036964980544747,0,0,0,0,Healthy,67.5
158,158,fruit burrito,231,9.5,4.6,3.4,1.1,35.0,0.0,2.5,0.0,3.7,0.2,26.4,0.0,0.2,0.029,0.015,0.2,1.9,0.9,0.079,0.7,0.0,0.0,0.0,15.5,0.051,1.1,7.4,0.1,14.8,104.3,0.024,0.4,64.3,FOOD-DATA-GROUP1,5.319148936170213,74.46808510638297,20.212765957446805,0.0694444444444444,231,1.0775862068965518,0.0,0.0,0.0,0.0008620689655172,0,0,0,0,Healthy,48.4
159,159,arroz con leche,369,9.3,4.8,2.6,1.1,63.0,38.6,8.1,1.3,20.2,0.3,170.5,0.0,0.088,0.0,0.062,0.2,0.8,1.3,0.018,0.0,0.0,0.5,0.0,227.7,0.03,0.6,27.8,0.3,210.0,359.3,0.006,1.3,310.0,FOOD-DATA-GROUP1,10.07462686567164,78.35820895522389,11.56716417910448,0.1265625,369,2.189189189189189,0.3513513513513513,60.3125,2.6,0.0008108108108108,0,1,0,0,Limit,39.0
160,160,caramel custard flan,444,12.3,5.5,3.9,1.2,69.7,70.8,13.9,0.0,275.4,0.2,208.2,0.1,0.092,0.036,0.05,0.6,0.3,1.6,0.1,0.0,0.0,0.7,0.081,254.0,0.053,1.2,27.5,0.021,293.8,361.1,0.05,1.4,351.2,FOOD-DATA-GROUP1,14.494264859228362,72.67987486965589,12.825860271115747,0.1966053748231966,444,3.1235955056179776,0.0,100.14144271570014,0.0,0.0004494382022471,0,1,1,1,Avoid,36.3
161,161,gelatin dessert,167,0.0,0.0,0.0,0.0,38.3,36.4,3.3,0.0,0.0,0.2,227.9,0.0,0.0,0.064,0.0,0.015,0.062,0.071,0.0,0.0,0.0,0.0,0.0,8.1,0.087,0.094,2.7,0.021,59.4,2.7,0.079,0.014,49.792,FOOD-DATA-GROUP1,7.932692307692308,92.0673076923077,0.0,0.0839694656488549,167,1.9642857142857144,0.0,92.62086513994912,0.0,0.0011904761904761,0,1,0,0,Avoid,37.9
162,162,chocolate milk dessert,229,1.4,0.8,0.5,0.084,51.6,51.6,5.9,0.0,0.0,0.1,76.7,0.0,0.039,0.013,0.076,0.4,0.1,0.0,0.074,1.0,0.0,0.0,0.0,211.0,0.1,0.02,61.7,0.0,168.5,456.2,0.053,0.6,270.99,FOOD-DATA-GROUP1,10.0169779286927,87.60611205432937,2.3769100169779285,0.1121673003802281,229,2.565217391304348,0.0,98.09885931558937,0.0,0.0004347826086956,0,1,0,0,Limit,33.8
163,163,chocolate mousse,338,24.0,13.7,7.5,1.3,24.1,22.2,6.2,0.9,210.0,0.081,94.4,0.2,0.058,0.03,0.099,0.3,0.2,0.8,0.022,0.2,0.0,0.8,0.044,144.0,0.1,0.8,30.0,0.023,175.5,214.5,0.047,1.0,200.4,FOOD-DATA-GROUP1,11.418047882136282,44.38305709023941,44.19889502762431,0.247011952191235,338,1.8289085545722716,0.2654867256637168,88.44621513944222,1.8,0.0002389380530973,0,1,1,1,Avoid,36.8
164,164,dulce de leche,60,1.4,0.9,0.4,0.063,10.5,9.5,1.3,0.0,5.5,0.036,5.5,0.094,0.011,0.044,0.008,0.094,0.015,0.2,0.074,0.5,0.04,0.087,0.008,47.7,0.059,0.001,4.2,0.076,36.7,66.5,0.058,0.2,61.415,FOOD-DATA-GROUP1,9.848484848484848,79.54545454545455,10.606060606060606,0.1130434782608695,60,2.1311475409836067,0.0,82.6086956521739,0.0,0.0005901639344262,0,0,0,0,Healthy,46.5
165,165,apple crisp,454,9.7,1.9,3.8,3.2,87.0,55.5,4.9,3.9,0.0,1.0,177.4,0.001,0.2,0.039,0.0,0.2,2.4,0.3,0.1,6.2,0.0,1.1,0.056,98.7,0.2,2.3,22.6,0.4,79.0,220.0,0.055,0.5,212.724,FOOD-DATA-GROUP1,4.822834645669291,85.62992125984252,9.547244094488187,0.0556818181818181,454,1.076923076923077,0.8571428571428572,63.06818181818182,7.8,0.0021978021978021,0,1,0,0,Limit,38.1
166,166,spinach spaghetti cooked,182,0.9,0.1,0.1,0.4,36.6,0.0,6.4,0.0,0.0,0.061,95.4,0.0,0.1,0.086,0.0,0.1,2.1,0.3,0.1,0.0,0.0,0.0,0.0,42.0,0.3,1.5,86.8,2.1,151.2,81.2,0.045,1.5,87.4,FOOD-DATA-GROUP1,14.57858769931663,83.37129840546697,2.050113895216401,0.1702127659574468,182,3.4972677595628414,0.0,0.0,0.0,0.0003333333333333,0,0,0,0,Healthy,54.7
167,167,corn pasta cooked,176,1.0,0.1,0.3,0.5,39.1,0.0,3.7,6.7,0.0,0.0,95.6,0.0,0.074,0.015,0.0,0.032,0.8,0.2,0.03,0.0,0.0,0.0,0.0,1.4,0.002,0.4,50.4,0.2,106.4,43.4,0.081,0.9,52.3,FOOD-DATA-GROUP1,8.447488584474886,89.26940639269407,2.28310502283105,0.0922693266832917,176,2.0903954802259888,3.785310734463277,0.0,10.0,0.0,0,0,0,0,Healthy,62.8
168,168,spaghetti with meat sauce,255,2.9,1.0,0.9,0.9,43.1,7.4,14.3,5.1,17.0,0.7,220.2,0.0,0.3,0.1,0.077,3.8,0.5,0.2,0.2,15.3,0.0,1.4,0.002,50.9,0.4,3.5,42.5,0.6,138.7,407.5,0.061,1.4,135.1,FOOD-DATA-GROUP1,23.71475953565506,71.4759535655058,4.8092868988391375,0.3242630385487528,255,5.5859375,1.9921875,16.780045351473923,10.0,0.002734375,0,0,0,0,Healthy,64.7
169,169,pasta with meatballs in tomato sauce,273,13.0,5.0,5.7,0.9,28.3,7.2,10.6,6.9,23.0,0.7,199.5,0.052,0.2,0.089,0.042,0.3,5.1,0.5,0.2,7.7,0.061,2.0,0.027,30.6,0.2,3.3,35.7,0.6,117.3,359.6,0.023,1.5,100.474,FOOD-DATA-GROUP1,20.42389210019268,54.52793834296725,25.04816955684008,0.3617747440273037,273,3.8686131386861313,2.5182481751824817,24.573378839590443,10.0,0.0025547445255474,0,0,0,0,Healthy,61.7
170,170,cheese tortellini,332,7.8,3.9,2.2,0.5,50.8,1.0,14.6,2.1,45.4,0.4,32.9,0.079,0.3,0.051,0.038,0.3,2.9,0.0,0.015,0.0,0.0,0.2,0.087,164.2,0.053,1.6,22.7,0.0,229.0,96.1,0.064,1.1,241.181,FOOD-DATA-GROUP1,19.945355191256837,69.39890710382515,10.655737704918034,0.2818532818532818,332,4.384384384384385,0.6306306306306307,1.9305019305019304,4.2,0.0012012012012012,0,0,0,0,Healthy,60.8
171,171,pasta with sliced franks in tomato sauce,227,6.0,2.5,2.5,1.0,32.0,8.0,11.0,4.0,22.7,0.7,197.1,0.054,0.2,0.1,0.031,0.2,2.9,0.6,0.2,9.6,0.07,1.9,0.072,151.2,0.3,2.3,35.3,0.3,108.4,481.3,0.02,1.3,216.154,FOOD-DATA-GROUP1,22.448979591836736,65.3061224489796,12.244897959183673,0.3333333333333333,227,4.824561403508771,1.7543859649122806,24.24242424242424,8.0,0.0030701754385964,0,0,0,0,Healthy,59.2
172,172,lasagna,166,6.1,2.9,2.2,0.5,18.9,3.8,9.0,2.1,20.9,0.5,87.2,0.2,0.074,0.096,0.0,0.0,0.025,1.9,0.4,0.2,3.1,0.0,1.0,0.08,108.2,0.1,0.9,24.6,0.2,141.5,241.1,0.001,36.675,FOOD-DATA-GROUP1,26.47058823529412,55.58823529411764,17.941176470588236,0.4522613065326633,166,5.389221556886228,1.25748502994012,19.09547738693467,4.2,0.0029940119760479,0,0,0,0,Healthy,56.2
173,173,macaroni cheese,310,9.4,3.1,4.2,2.0,43.7,3.0,12.6,2.3,15.1,0.9,120.2,0.2,0.015,0.3,0.0,0.02,0.2,2.2,0.8,0.056,0.0,0.0,1.0,0.0,160.7,0.1,2.2,28.4,0.4,442.3,151.2,0.0,68.319,FOOD-DATA-GROUP1,19.17808219178082,66.5144596651446,14.30745814307458,0.2818791946308724,310,4.05144694533762,0.7395498392282958,6.711409395973154,4.6,0.0028938906752411,0,0,0,0,Healthy,59.4
174,174,vegetable lasagna,316,13.7,5.5,3.3,2.6,32.2,5.8,15.6,4.3,31.8,1.0,161.7,0.052,0.3,0.012,0.098,0.4,1.8,0.4,0.2,2.5,0.0,1.0,0.082,340.5,0.2,1.2,47.7,0.4,317.8,385.9,0.087,2.0,410.066,FOOD-DATA-GROUP1,25.365853658536587,52.35772357723578,22.27642276422764,0.4698795180722891,316,4.921135646687698,1.3564668769716088,17.469879518072286,8.6,0.0031545741324921,0,0,1,0,Healthy,61.7
175,175,spinach egg noodles cooked,211,2.5,0.6,0.8,0.6,38.8,1.1,8.1,3.7,52.8,0.068,109.6,0.037,0.4,0.1,0.071,0.2,2.4,0.4,0.2,0.0,0.053,0.9,0.2,30.4,0.1,1.7,38.4,0.5,91.2,59.2,0.028,1.0,85.297,FOOD-DATA-GROUP1,16.39676113360324,78.54251012145748,5.060728744939271,0.2035175879396984,211,3.820754716981132,1.7452830188679245,2.763819095477388,7.4,0.0003207547169811,0,0,0,0,Healthy,60.7
176,176,cheese lasagna,316,13.0,5.1,3.8,2.5,33.6,10.3,15.9,4.1,31.6,0.7,176.9,0.084,0.3,0.036,0.093,0.4,3.3,0.5,0.2,41.6,0.0,2.1,0.097,269.7,0.3,3.1,51.0,0.5,260.0,442.3,0.059,2.2,381.08,FOOD-DATA-GROUP1,25.44,53.760000000000005,20.8,0.4595375722543352,316,5.0157728706624605,1.2933753943217663,29.76878612716763,8.2,0.0022082018927444,0,0,1,0,Healthy,60.1
177,177,pasta with tomato sauce,176,1.8,0.4,0.3,0.5,35.1,10.1,5.6,2.3,15.1,1.0,207.0,0.071,0.099,0.1,0.018,0.0,0.1,3.3,0.0,0.1,0.0,0.0,1.6,0.083,32.8,0.1,2.3,35.3,0.4,98.3,483.8,0.065,45.091,FOOD-DATA-GROUP1,13.176470588235292,82.58823529411765,4.235294117647059,0.1551246537396121,176,3.163841807909604,1.2994350282485876,27.97783933518005,4.6,0.0056497175141242,0,0,0,0,Healthy,53.3
178,178,spinach pasta cooked,37,0.3,0.078,0.073,0.043,7.1,0.0,1.4,0.0,9.3,0.004,19.4,0.039,0.084,0.041,0.069,0.091,0.3,0.079,0.071,0.0,0.0,0.0,0.0,5.1,0.093,0.3,6.8,0.044,16.1,10.5,0.0,0.2,14.201,FOOD-DATA-GROUP1,15.909090909090908,80.68181818181817,3.4090909090909087,0.1728395061728395,37,3.684210526315789,0.0,0.0,0.0,0.0001052631578947,0,0,0,0,Healthy,51.0
179,179,vegetable chicken soup,166,4.8,1.4,2.2,1.0,21.1,3.4,12.3,1.0,16.9,0.075,201.0,0.05,0.069,0.09,0.031,0.2,3.3,0.0,0.083,5.5,0.0,0.7,0.054,26.5,0.2,1.5,9.6,0.0,106.0,368.7,0.038,2.2,72.737,FOOD-DATA-GROUP1,32.19895287958115,55.23560209424083,12.56544502617801,0.5565610859728507,166,7.365269461077845,0.5988023952095809,15.384615384615383,2.0,0.0004491017964071,0,0,0,0,Healthy,58.3
180,180,bean ham soup,198,2.5,0.6,1.0,0.7,33.5,7.8,10.3,9.8,4.9,0.5,195.8,0.0,0.1,0.099,0.0,0.068,0.8,0.3,0.1,2.7,0.0,1.0,0.035,93.1,0.2,2.5,46.6,0.6,31.9,387.1,0.021,1.3,154.4,FOOD-DATA-GROUP1,22.24622030237581,72.35421166306696,5.399568034557236,0.2985507246376812,198,5.175879396984925,4.92462311557789,22.608695652173918,10.0,0.0025125628140703,0,0,0,0,Healthy,68.8
181,181,cream of chicken soup,227,14.5,4.3,5.2,2.7,18.0,1.4,6.0,0.0,20.2,1.8,208.5,0.1,0.064,0.027,0.0,0.1,1.0,0.5,0.0,0.3,0.0,1.4,0.052,35.3,0.3,2.7,10.1,0.2,78.1,123.5,0.084,0.7,76.9,FOOD-DATA-GROUP1,15.584415584415584,46.75324675324675,37.66233766233766,0.3157894736842105,227,2.631578947368421,0.0,7.368421052631578,0.0,0.0078947368421052,0,0,0,0,Healthy,50.7
182,182,tomato soup canned,139,3.3,1.8,0.8,0.3,22.6,16.5,6.3,1.5,10.1,0.5,216.7,0.014,0.036,0.097,0.061,0.3,1.4,0.5,0.2,15.9,0.07,0.5,0.083,173.9,0.2,1.4,30.2,0.2,156.2,461.2,0.067,0.9,224.932,FOOD-DATA-GROUP1,19.565217391304344,70.1863354037267,10.248447204968942,0.2669491525423728,139,4.5,1.0714285714285714,69.91525423728812,3.0,0.0035714285714285,0,1,0,0,Limit,49.0
183,183,egg drop soup,65,1.5,0.4,0.5,0.3,10.3,0.2,2.8,1.0,55.4,0.9,223.8,0.002,0.013,0.021,0.0,0.079,0.4,0.3,0.096,15.7,0.08,0.3,0.041,16.9,0.081,0.6,4.8,0.023,36.2,53.0,0.028,0.2,48.808,FOOD-DATA-GROUP1,19.178082191780817,70.54794520547945,10.273972602739724,0.247787610619469,65,4.242424242424242,1.5151515151515151,1.7699115044247788,2.0,0.0136363636363636,0,0,0,0,Healthy,53.2
184,184,scotch broth,197,6.4,2.7,1.9,1.3,23.0,0.0,12.1,3.0,11.9,2.1,249.7,0.0,0.059,0.085,0.031,0.1,2.8,0.8,0.2,2.1,0.0,0.2,0.0,35.8,0.6,2.0,8.9,0.9,134.1,387.4,0.026,3.9,84.4,FOOD-DATA-GROUP1,29.156626506024097,55.42168674698795,15.421686746987952,0.5041666666666667,197,6.111111111111111,1.5151515151515151,0.0,6.0,0.0106060606060606,0,0,0,0,Healthy,61.5
185,185,cream of onion soup,268,12.8,3.6,5.1,3.5,31.7,11.1,6.7,1.2,36.6,1.9,247.1,0.08,0.1,0.049,0.0,0.2,1.2,0.7,0.007,3.1,0.0,1.3,0.035,82.4,0.3,1.5,15.3,0.6,91.5,298.9,0.095,0.4,139.473,FOOD-DATA-GROUP1,13.0859375,61.9140625,25.0,0.2048929663608562,268,2.4907063197026025,0.4460966542750929,33.944954128440365,2.4,0.0070631970260223,0,0,0,0,Healthy,49.7
186,186,chicken broth dry,10,0.2,0.055,0.013,0.069,1.1,0.0,0.7,0.0,0.6,1.2,0.1,0.0,0.052,0.062,0.03,0.018,0.2,0.009,0.089,0.07,0.0,0.074,0.0,9.1,0.0,0.059,2.7,0.049,9.2,18.0,0.075,0.079,11.198,FOOD-DATA-GROUP1,35.0,55.00000000000001,10.0,0.3333333333333333,10,6.363636363636363,0.0,0.0,0.0,0.109090909090909,0,0,0,0,Healthy,50.5
187,187,vegetable soup with beef broth,162,3.8,0.9,1.1,1.6,26.3,4.0,6.0,3.2,2.5,1.3,204.8,0.2,0.1,0.008,0.0,0.04,1.9,0.7,0.1,4.7,0.0,0.3,0.065,34.4,0.3,1.9,12.3,0.7,78.7,386.2,0.041,1.6,80.5,FOOD-DATA-GROUP1,16.62049861495845,72.85318559556788,10.526315789473683,0.2197802197802197,162,3.6809815950920246,1.96319018404908,14.652014652014651,6.4,0.0079754601226993,0,0,0,0,Healthy,57.0
188,188,chili with beans canned,287,14.1,6.0,6.0,0.9,30.5,3.0,14.6,11.3,43.5,1.3,193.3,0.0,0.1,0.018,0.0,0.3,0.9,3.6,0.3,4.4,0.0,1.3,0.074,120.3,0.3,8.8,115.2,0.3,394.2,934.4,0.018,5.1,204.0,FOOD-DATA-GROUP1,24.66216216216216,51.52027027027026,23.817567567567565,0.4634920634920634,287,5.069444444444445,3.923611111111111,9.523809523809524,10.0,0.0045138888888888,0,0,1,0,Healthy,70.2
189,189,beef noodle soup,168,6.2,2.3,2.5,1.0,17.9,5.2,9.6,1.5,10.0,1.6,211.1,0.037,0.1,0.017,0.037,0.1,2.1,0.4,0.079,0.8,0.0,2.5,0.02,30.0,0.3,2.2,12.5,0.5,92.5,197.5,0.063,3.1,68.232,FOOD-DATA-GROUP1,28.486646884272997,53.11572700296735,18.39762611275964,0.5079365079365079,168,5.680473372781065,0.8875739644970414,27.51322751322752,3.0,0.0094674556213017,0,0,0,0,Healthy,55.6
190,190,consomme dry,17,0.2,0.0,0.0,0.0,1.9,1.1,2.2,0.0,0.0,0.8,235.9,0.0,0.1,0.048,0.0,0.2,1.3,0.051,0.039,0.2,0.0,0.033,0.0,12.5,0.021,0.2,7.5,0.08,14.9,57.3,0.058,0.082,17.2,FOOD-DATA-GROUP1,51.16279069767442,44.18604651162791,4.651162790697675,0.7586206896551725,17,12.222222222222223,0.0,37.93103448275863,0.0,0.0444444444444444,0,0,0,0,Healthy,51.2
191,191,chicken mushroom soup,126,6.1,1.6,2.7,1.5,15.1,1.0,2.0,4.0,10.1,0.8,101.3,0.04,0.019,0.065,0.03,0.1,1.6,0.3,0.046,0.0,0.0,0.8,0.061,29.0,0.048,0.9,8.8,0.1,27.7,158.8,0.046,1.0,57.171,FOOD-DATA-GROUP1,8.620689655172413,65.08620689655172,26.293103448275858,0.124223602484472,126,1.574803149606299,3.149606299212598,6.211180124223602,8.0,0.0062992125984251,0,0,0,0,Healthy,55.9
192,192,beef vegetable soup,120,2.9,1.0,0.7,0.9,15.4,3.1,8.0,3.0,17.5,0.8,220.6,0.3,0.094,0.085,0.027,0.086,2.4,0.0,0.3,9.0,0.0,1.1,0.04,45.0,0.049,1.3,25.0,0.2,120.0,435.0,0.002,1.4,84.9,FOOD-DATA-GROUP1,30.418250950570343,58.55513307984792,11.02661596958175,0.4878048780487805,120,6.6115702479338845,2.479338842975207,18.902439024390247,6.0,0.0066115702479338,0,0,0,0,Healthy,58.5
193,193,black bean soup,234,3.4,0.9,1.2,1.1,39.6,6.4,12.4,17.5,0.0,2.5,193.6,0.0,0.1,0.2,0.0,0.1,1.1,0.4,0.2,0.5,0.0,0.9,0.035,90.0,0.8,3.9,84.8,1.3,192.8,642.5,0.0,2.8,167.3,FOOD-DATA-GROUP1,22.38267148014441,71.48014440433214,6.137184115523466,0.3054187192118227,234,5.276595744680851,7.446808510638298,15.763546798029555,10.0,0.0106382978723404,0,0,0,0,Healthy,71.0
194,194,split pea soup with ham bacon,189,3.1,0.9,1.2,0.6,28.6,0.0,11.6,4.1,4.1,1.0,88.3,0.0,0.0,0.0,0.0,0.0,0.0,0.0,0.0,0.0,0.0,0.0,0.0,0.0,0.0,2.1,0.0,0.0,0.0,0.0,0.0,0.0,49.5,FOOD-DATA-GROUP1,26.78983833718244,66.05080831408776,7.159353348729791,0.3918918918918919,189,6.105263157894736,2.1578947368421053,0.0,8.2,0.0052631578947368,0,0,0,0,Healthy,64.2
195,195,cream of mushroom soup,199,13.4,2.4,3.1,7.3,17.1,1.0,3.4,1.8,0.0,1.7,213.4,0.057,0.02,0.008,0.0,0.079,0.9,0.4,0.035,0.0,0.071,1.3,0.024,30.2,0.016,0.5,7.6,0.028,60.5,161.3,0.093,0.3,66.404,FOOD-DATA-GROUP1,10.029498525073748,50.44247787610621,39.52802359882006,0.1878453038674033,199,1.7000000000000002,0.9000000000000001,5.524861878453039,3.6,0.0085,0,0,0,0,Healthy,53.0
196,196,green pea soup,320,5.7,2.7,1.9,0.7,51.7,16.7,16.7,10.0,0.0,1.7,175.5,0.067,0.2,0.072,0.0,0.1,2.4,0.3,0.1,3.3,0.0,0.5,0.024,53.8,0.7,3.8,76.8,1.3,243.2,371.2,0.099,3.3,145.005,FOOD-DATA-GROUP1,22.537112010796218,69.77058029689609,7.692307692307692,0.3168880455407969,320,5.202492211838006,3.115264797507788,31.68880455407969,10.0,0.0052959501557632,0,1,0,0,Healthy,68.8
197,197,chicken broth soup,78,2.6,0.8,1.2,0.6,1.9,0.9,11.1,0.0,2.5,1.6,231.7,0.0,0.054,0.092,0.067,0.1,5.6,0.1,0.035,0.0,0.0,0.048,0.0,15.1,0.3,1.0,5.0,0.5,151.2,428.4,0.024,0.5,31.7,FOOD-DATA-GROUP1,71.15384615384616,12.17948717948718,16.666666666666668,3.827586206896552,78,14.050632911392404,0.0,31.03448275862069,0.0,0.020253164556962,0,0,0,0,Healthy,57.3
198,198,chicken mushroom chowder soup,431,23.7,6.2,4.5,9.4,38.3,0.0,16.2,7.5,32.3,1.8,453.8,0.0,0.0,0.0,0.0,0.0,0.0,0.0,0.0,10.8,0.0,0.0,0.0,0.0,0.0,2.6,0.0,0.0,0.0,0.0,0.0,0.0,99.1,FOOD-DATA-GROUP1,20.71611253196931,48.97698209718669,30.30690537084399,0.4122137404580153,431,3.75,1.7361111111111112,0.0,10.0,0.0041666666666666,0,0,1,0,Healthy,68.7
199,199,chicken dumplings soup,235,13.4,3.2,6.1,3.2,14.7,1.4,13.6,1.2,80.5,1.8,249.8,0.077,0.074,0.027,0.024,0.2,4.3,0.4,0.037,0.0,0.0,1.3,0.086,35.8,0.3,1.5,8.9,1.2,149.0,283.1,0.048,0.9,80.269,FOOD-DATA-GROUP1,32.61390887290168,35.251798561151084,32.13429256594725,0.8662420382165605,235,5.762711864406779,0.5084745762711864,8.9171974522293,2.4,0.0076271186440677,0,0,0,0,Healthy,59.0
200,200,chicken vegetable soup,148,5.6,1.7,2.5,1.2,17.0,3.0,7.1,1.7,16.9,1.7,207.0,0.028,0.061,0.093,0.076,0.1,2.4,0.3,0.013,1.9,0.0,0.6,0.036,33.9,0.2,1.7,12.1,0.7,79.9,304.9,0.001,0.7,68.983,FOOD-DATA-GROUP1,23.905723905723903,57.23905723905723,18.85521885521885,0.3944444444444444,148,4.76510067114094,1.140939597315436,16.666666666666664,3.4,0.0114093959731543,0,0,0,0,Healthy,55.4
201,201,turkey vegetable soup,72,3.0,0.9,1.3,0.7,8.6,2.6,3.1,0.5,2.4,0.9,223.9,0.1,0.031,0.076,0.077,0.097,1.0,0.9,0.079,0.0,0.0,0.8,0.017,16.9,0.2,0.8,4.8,0.5,41.0,175.9,0.017,0.6,33.0,FOOD-DATA-GROUP1,21.08843537414966,58.50340136054422,20.40816326530612,0.3229166666666667,72,4.2465753424657535,0.684931506849315,27.083333333333336,1.0,0.0123287671232876,0,0,0,0,Healthy,51.4
202,202,wonton soup,71,0.6,0.1,0.2,0.2,11.7,0.8,4.6,0.4,8.9,0.9,203.3,0.043,0.08,0.06,0.074,0.043,1.3,0.3,0.2,1.6,0.0,0.1,0.058,11.2,0.041,0.5,6.7,0.042,40.1,71.4,0.074,0.3,30.692,FOOD-DATA-GROUP1,27.2189349112426,69.23076923076923,3.5502958579881656,0.3622047244094488,71,6.388888888888888,0.5555555555555556,6.299212598425198,0.8,0.0125,0,0,0,0,Healthy,53.6
203,203,beef stock,31,0.2,0.003,0.1,0.005,2.9,1.3,4.7,0.0,0.0,0.5,230.1,0.0,0.044,0.038,0.0,0.2,2.1,0.0,0.1,0.0,0.0,0.048,0.024,19.2,0.1,0.6,16.8,0.0,74.4,444.0,0.019,0.4,27.6,FOOD-DATA-GROUP1,60.25641025641026,37.17948717948718,2.5641025641025643,1.2051282051282053,31,14.6875,0.0,33.333333333333336,0.0,0.015625,0,0,0,0,Healthy,53.0
204,204,mushroom barley soup,186,5.5,1.1,2.4,1.7,29.3,0.0,4.6,0.0,0.0,1.7,258.9,0.0,0.009,0.077,0.0,0.2,2.1,0.3,0.4,0.0,0.0,0.0,0.0,30.5,0.5,1.2,21.4,0.3,152.5,231.8,0.0,1.2,71.1,FOOD-DATA-GROUP1,11.6751269035533,74.36548223350255,13.959390862944163,0.1518151815181518,186,2.4598930481283423,0.0,0.0,0.0,0.009090909090909,0,0,0,0,Healthy,52.6
205,205,gazpacho soup,70,0.4,0.008,0.059,0.1,6.6,2.2,10.7,0.7,0.0,1.1,346.0,0.0,0.058,0.012,0.0,0.091,1.4,0.3,0.2,10.7,0.0,0.7,0.041,36.9,0.2,1.5,11.1,1.1,55.4,339.5,0.019,0.4,67.5,FOOD-DATA-GROUP1,60.45197740112995,37.288135593220346,2.259887005649718,1.4078947368421053,70,15.070422535211266,0.9859154929577464,28.947368421052637,1.4,0.0154929577464788,0,0,0,0,Healthy,58.2
206,206,beef mushroom soup,186,7.3,3.7,3.1,0.3,15.9,0.0,14.0,0.6,15.3,2.2,260.8,0.0,0.071,0.044,0.035,0.2,2.7,0.6,0.1,0.0,0.0,0.0,0.0,12.2,0.6,2.1,21.4,0.9,88.5,384.3,0.0,3.4,52.1,FOOD-DATA-GROUP1,37.63440860215054,42.741935483870975,19.623655913978496,0.8284023668639054,186,7.4866310160427805,0.320855614973262,0.0,1.2,0.0117647058823529,0,0,0,0,Healthy,58.6
207,207,chicken rice soup,127,3.2,1.0,1.4,0.7,13.0,1.4,12.3,1.0,12.0,0.9,208.3,0.047,0.018,0.074,0.051,0.002,4.1,0.4,0.012,3.8,0.0,0.6,0.084,33.6,0.2,1.9,9.6,0.2,72.0,108.0,0.077,1.0,68.818,FOOD-DATA-GROUP1,43.15789473684211,45.614035087719294,11.228070175438596,0.8785714285714287,127,9.609375,0.78125,10.0,2.0,0.00703125,0,0,0,0,Healthy,59.4
208,208,pepperpot soup,100,4.5,2.0,2.0,0.3,9.1,0.0,6.2,0.5,9.7,0.9,219.8,0.0,0.071,0.02,0.024,0.027,1.2,0.3,0.08,1.2,0.0,0.097,0.0,26.7,0.1,0.9,4.9,0.6,41.3,148.2,0.0,1.2,49.1,FOOD-DATA-GROUP1,31.313131313131315,45.95959595959596,22.727272727272727,0.6138613861386139,100,6.138613861386139,0.495049504950495,0.0,1.0,0.0089108910891089,0,0,0,0,Healthy,53.9
209,209,vegetable soup,149,4.0,0.6,1.7,1.5,24.6,7.9,4.3,1.3,0.0,1.3,214.0,0.0,0.1,0.051,0.0,0.049,1.9,0.7,0.1,3.0,0.0,2.9,0.041,42.8,0.3,2.2,15.1,0.9,70.6,430.9,0.088,1.0,82.2,FOOD-DATA-GROUP1,13.06990881458966,74.77203647416412,12.158054711246198,0.1679687499999999,149,2.8666666666666667,0.8666666666666666,30.859375,2.6,0.0086666666666666,0,0,0,0,Healthy,51.6
210,210,chili beef soup,308,6.7,3.3,2.7,0.2,49.6,13.4,13.4,6.6,26.3,2.1,186.4,0.2,0.0,0.1,0.004,0.067,0.2,2.1,0.6,0.3,8.2,0.0,2.8,0.072,86.8,0.8,4.3,50.0,2.1,297.2,1052.0,0.001,77.607,FOOD-DATA-GROUP1,19.225251076040173,71.16212338593975,9.612625538020088,0.2648221343873518,308,4.3365695792880254,2.1359223300970878,26.48221343873518,10.0,0.0067961165048543,0,0,0,0,Healthy,62.1
211,211,chicken soup,174,6.5,1.9,2.9,1.3,16.9,2.1,12.4,1.5,29.4,0.9,206.1,0.027,0.055,0.072,0.049,0.2,4.3,0.4,0.03,1.2,0.0,0.3,0.085,24.5,0.2,1.7,7.4,0.2,110.3,171.5,0.099,1.0,64.716,FOOD-DATA-GROUP1,34.63687150837989,47.20670391061452,18.156424581005588,0.6927374301675978,174,7.085714285714285,0.8571428571428572,11.731843575418996,3.0,0.0051428571428571,0,0,0,0,Healthy,59.3
212,212,bean with frankfurters soup,188,7.0,2.1,2.7,1.7,22.0,0.0,10.0,0.0,12.5,1.1,207.6,0.0,0.1,0.038,0.0,0.018,1.0,0.1,0.1,1.0,0.0,0.0,0.0,87.5,0.4,2.4,47.5,0.8,165.0,477.5,0.073,1.2,129.9,FOOD-DATA-GROUP1,25.64102564102564,56.41025641025641,17.94871794871795,0.4347826086956521,188,5.291005291005291,0.0,0.0,0.0,0.0058201058201058,0,0,0,0,Healthy,55.9
213,213,pea soup,161,2.8,1.4,1.0,0.4,25.6,8.3,8.3,4.9,0.0,0.015,219.0,0.055,0.1,0.008,0.0,0.074,1.2,0.0,0.008,1.6,0.0,0.2,0.066,31.1,0.4,1.9,38.9,0.0,121.7,183.9,0.041,1.7,76.26,FOOD-DATA-GROUP1,22.615803814713896,69.75476839237056,7.62942779291553,0.3120300751879699,161,5.123456790123457,3.0246913580246915,31.203007518796998,9.8,9.25925925925926e-05,0,0,0,0,Healthy,59.2
214,214,turkey soup,135,4.4,1.2,1.8,1.1,14.1,0.0,10.2,0.0,9.4,0.9,203.8,0.0,0.045,0.014,0.079,0.1,3.6,0.9,0.3,6.4,0.0,0.0,0.0,49.6,0.2,1.9,23.6,0.2,103.8,361.1,0.0,2.1,86.6,FOOD-DATA-GROUP1,35.54006968641115,49.12891986062719,15.331010452961676,0.6754966887417219,135,7.5,0.0,0.0,0.0,0.0066176470588235,0,0,0,0,Healthy,56.7
215,215,stockpot soup,201,7.8,1.7,2.0,3.5,23.1,0.0,9.8,0.0,7.7,2.1,211.3,0.0,0.002,0.092,0.0,0.1,2.5,0.7,0.2,4.1,0.0,0.0,0.0,43.9,0.3,1.8,7.7,0.5,108.4,477.3,0.0,2.3,90.5,FOOD-DATA-GROUP1,24.07862407862408,56.75675675675676,19.16461916461916,0.4066390041493776,201,4.851485148514851,0.0,0.0,0.0,0.0103960396039603,0,0,0,0,Healthy,56.1
216,216,hot sour soup,91,2.8,0.5,0.7,0.7,10.1,1.0,6.0,1.2,48.9,0.9,211.2,0.088,0.032,0.021,0.006,0.03,1.2,0.5,0.1,0.0,0.017,0.9,0.059,44.3,0.032,1.5,21.0,0.2,74.6,128.2,0.084,0.5,65.954,FOOD-DATA-GROUP1,31.746031746031743,53.43915343915343,14.814814814814811,0.5405405405405406,91,6.521739130434782,1.3043478260869563,9.00900900900901,2.4,0.0097826086956521,0,0,0,0,Healthy,55.5
217,217,cheese soup,203,9.7,6.1,2.7,0.3,28.0,9.3,2.0,5.5,7.4,1.7,202.6,0.2,0.023,0.055,0.0,0.3,0.8,0.2,0.034,0.0,0.0,1.4,0.074,89.3,0.2,0.4,29.8,0.5,81.8,91.8,0.036,0.4,135.1,FOOD-DATA-GROUP1,5.037783375314861,70.52896725440806,24.433249370277075,0.0689655172413793,203,0.9803921568627452,2.696078431372549,32.06896551724138,10.0,0.0083333333333333,0,0,1,0,Healthy,51.4
218,218,cream of potato soup,186,4.7,2.4,1.1,0.8,32.2,3.6,3.8,3.3,2.5,1.5,215.2,0.087,0.012,0.067,0.0,0.096,1.1,1.8,0.0,0.5,0.0,0.2,0.056,42.8,0.5,0.9,32.8,0.8,103.3,415.8,0.05,0.4,88.202,FOOD-DATA-GROUP1,9.336609336609335,79.11547911547912,11.547911547911548,0.1144578313253011,186,2.0320855614973263,1.7647058823529411,10.843373493975902,6.6,0.0080213903743315,0,0,0,0,Healthy,54.5
219,219,bean with bacon soup,106,2.1,1.0,0.9,0.2,16.4,0.6,5.5,9.0,2.7,0.9,237.8,0.0,0.086,0.069,0.0,0.3,0.4,0.084,0.099,1.1,0.0,0.6,0.009,55.7,0.3,1.3,29.2,0.5,90.1,326.0,0.015,0.7,91.1,FOOD-DATA-GROUP1,22.916666666666664,68.33333333333333,8.75,0.3160919540229885,106,5.14018691588785,8.411214953271028,3.4482758620689653,10.0,0.008411214953271,0,0,0,0,Healthy,66.6
220,220,fish stock,40,1.9,0.5,0.5,0.3,0.0,0.0,5.3,0.0,2.3,0.4,225.9,0.036,0.009,0.072,0.047,0.2,2.8,0.8,0.086,0.2,0.0,0.4,0.0,7.0,0.1,0.019,16.3,0.1,130.5,335.5,0.068,0.1,14.488,FOOD-DATA-GROUP1,73.61111111111111,0.0,26.38888888888889,5.3,40,12.926829268292684,0.0,0.0,0.0,0.0097560975609756,0,0,0,0,Healthy,53.6
221,221,split pea soup with ham,381,8.9,3.5,3.6,1.3,56.2,0.0,20.7,4.6,16.2,1.7,177.3,0.0,0.3,0.041,0.0,0.2,3.0,0.5,0.1,3.0,0.0,0.0,0.0,43.2,0.7,4.6,97.2,1.4,429.3,801.9,0.081,2.7,141.2,FOOD-DATA-GROUP1,24.125874125874123,65.50116550116549,10.372960372960373,0.3618881118881119,381,5.418848167539267,1.2041884816753925,0.0,9.2,0.0044502617801047,0,0,0,0,Healthy,69.3
222,222,beef broth soup,17,0.5,0.3,0.2,0.049,0.01,0.0,2.7,0.0,0.0,0.9,234.1,0.0,0.023,0.095,0.072,0.055,1.9,0.011,0.054,0.0,0.0,0.0,0.0,14.4,0.0,0.4,4.8,0.035,31.2,129.6,0.023,0.0,18.049,FOOD-DATA-GROUP1,84.11214953271029,0.3115264797507788,15.57632398753894,2.6732673267326734,17,15.000000000000002,0.0,0.0,0.0,0.05,0,0,0,0,Healthy,51.8
223,223,lentil soup with ham,139,2.8,1.1,1.3,0.3,20.2,0.0,9.3,0.0,7.4,1.3,212.7,0.0,0.2,0.036,0.056,0.1,1.4,0.3,0.2,4.2,0.0,0.0,0.0,42.2,0.2,2.7,22.3,0.3,183.5,357.1,0.011,0.7,81.4,FOOD-DATA-GROUP1,28.79256965944273,62.53869969040248,8.6687306501548,0.4386792452830189,139,6.642857142857143,0.0,0.0,0.0,0.0092857142857142,0,0,0,0,Healthy,56.1
224,224,tomato soup,98,0.7,0.2,0.2,0.2,22.5,12.2,2.2,1.6,0.0,0.6,119.6,0.0,0.044,0.0,0.0,0.076,1.3,0.0,0.1,19.1,0.0,0.5,0.034,19.2,0.012,0.9,20.7,0.2,45.9,831.8,0.081,0.3,66.2,FOOD-DATA-GROUP1,8.661417322834646,88.58267716535434,2.755905511811024,0.0936170212765957,98,2.2222222222222223,1.616161616161616,51.91489361702127,3.2,0.006060606060606,0,0,0,0,Healthy,49.0
225,225,fish broth,39,1.5,0.3,0.3,0.6,1.0,0.2,4.9,0.0,0.0,0.5,234.2,0.068,0.0,0.055,0.022,0.089,3.3,0.0,0.057,0.0,0.0,0.4,0.094,73.2,0.1,0.5,2.4,0.0,73.2,209.8,0.071,0.2,81.193,FOOD-DATA-GROUP1,66.21621621621621,13.513513513513512,20.27027027027027,2.45,39,12.250000000000002,0.0,10.0,0.0,0.0125,0,0,0,0,Healthy,53.4
226,226,chili without beans canned,283,17.0,5.4,5.9,1.1,14.6,0.0,18.1,0.0,50.4,0.9,186.4,0.0,0.044,0.0,0.039,0.3,3.0,0.4,0.3,4.3,0.0,0.0,0.0,72.0,0.5,4.8,48.0,0.7,184.8,444.0,0.043,2.7,130.8,FOOD-DATA-GROUP1,36.41851106639839,29.376257545271628,34.20523138832998,1.1602564102564104,283,6.373239436619718,0.0,0.0,0.0,0.003169014084507,0,0,1,0,Limit,59.5
227,227,minestrone soup,167,5.0,1.1,1.4,2.2,22.6,3.7,8.6,2.0,2.5,1.3,204.1,0.0,0.1,0.086,0.0,0.008,1.9,0.7,0.2,2.2,0.0,1.1,0.052,68.9,0.2,1.8,14.8,0.7,113.2,627.3,0.029,1.5,111.1,FOOD-DATA-GROUP1,23.756906077348063,62.430939226519335,13.812154696132596,0.3644067796610169,167,5.119047619047619,1.1904761904761905,15.677966101694915,4.0,0.0077380952380952,0,0,0,0,Healthy,57.1
228,228,clam chowder soup,154,4.4,0.8,0.8,2.6,24.5,6.8,4.4,3.0,5.0,1.8,212.4,0.051,0.087,0.053,0.065,0.086,1.6,0.4,0.2,8.1,0.0,2.6,0.011,47.9,0.3,3.3,20.2,0.8,83.2,378.0,0.057,1.9,95.69,FOOD-DATA-GROUP1,13.213213213213216,73.57357357357358,13.213213213213216,0.1725490196078431,154,2.838709677419355,1.935483870967742,26.666666666666668,6.0,0.0116129032258064,0,0,0,0,Healthy,54.5
229,229,tomato vegetable soup,54,0.8,0.4,0.3,0.054,9.9,2.4,1.9,0.7,0.0,0.3,230.9,0.0,0.088,0.03,0.0,0.091,1.2,0.1,0.095,2.9,0.0,0.4,0.079,19.6,0.1,0.6,9.8,0.1,34.3,164.2,0.06,0.2,36.4,FOOD-DATA-GROUP1,15.079365079365076,78.57142857142857,6.349206349206349,0.1743119266055045,54,3.4545454545454546,1.2727272727272725,22.01834862385321,1.4,0.0054545454545454,0,0,0,0,Healthy,51.2
230,230,cream of rice coup,127,0.2,0.07,0.071,0.032,28.1,0.022,2.2,0.2,0.0,0.4,213.5,0.0,0.0,0.028,0.0,0.0,1.0,0.2,0.029,0.0,0.0,0.092,0.0,7.3,0.004,0.5,7.3,0.4,41.5,48.8,0.008,0.4,38.5,FOOD-DATA-GROUP1,7.213114754098362,92.13114754098362,0.6557377049180327,0.0756013745704467,127,1.7187500000000002,0.15625,0.0756013745704467,0.4,0.003125,0,0,0,0,Healthy,51.9
231,231,cream of celery soup,181,11.2,2.8,2.6,5.0,17.7,3.4,3.3,1.5,27.7,1.3,214.1,0.042,0.069,0.052,0.0,0.049,0.7,2.3,0.001,0.5,0.0,3.5,0.002,80.6,0.3,1.3,12.6,0.5,75.6,247.0,0.051,0.3,116.189,FOOD-DATA-GROUP1,10.248447204968942,54.96894409937888,34.782608695652165,0.1764705882352941,181,1.813186813186813,0.8241758241758242,18.181818181818183,3.0,0.0071428571428571,0,0,0,0,Healthy,51.3
232,232,chicken gravy,188,13.6,3.4,6.1,3.6,12.9,1.9,4.6,1.0,4.8,1.0,203.1,0.088,0.091,0.02,0.057,0.1,1.1,0.076,0.012,0.0,0.0,0.3,0.046,47.6,0.2,1.1,4.8,0.5,69.0,259.4,0.02,1.9,80.872,FOOD-DATA-GROUP1,14.790996784565916,41.47909967845659,43.72990353697749,0.3309352517985611,188,2.433862433862433,0.5291005291005291,13.669064748201436,2.0,0.0052910052910052,0,0,0,0,Healthy,51.6
233,233,tomato rice soup,240,5.5,1.0,1.2,2.7,44.1,15.2,4.2,3.4,2.6,1.6,199.0,0.042,0.1,0.049,0.0,0.1,2.1,0.3,0.2,29.7,0.0,4.5,0.081,46.4,0.3,1.6,10.3,0.8,67.1,663.1,0.098,1.0,134.933,FOOD-DATA-GROUP1,7.806691449814126,81.97026022304831,10.223048327137546,0.0931263858093126,240,1.7427385892116185,1.410788381742739,33.70288248337028,6.8,0.0066390041493775,0,1,0,0,Limit,51.4
234,234,vegetable beef soup,128,2.0,0.6,0.7,0.3,9.6,0.0,18.1,4.4,8.8,1.1,258.7,0.0,0.0,0.0,0.0,0.0,0.0,0.0,0.0,0.0,0.0,0.0,0.0,0.0,0.0,0.0,0.0,0.0,0.0,0.0,0.0,0.0,34.1,FOOD-DATA-GROUP1,60.94276094276094,32.32323232323232,6.7340067340067336,1.707547169811321,128,14.031007751937985,3.4108527131782944,0.0,8.8,0.0085271317829457,0,0,0,0,Healthy,69.7
235,235,tomato beef noodle soup,281,8.6,3.2,3.5,1.4,42.3,0.0,8.9,3.0,7.5,1.8,185.9,0.0,0.2,0.05,0.077,0.2,3.7,0.4,0.2,0.0,0.0,1.6,0.0,35.1,0.3,2.2,15.1,0.5,113.0,441.8,0.037,1.5,100.1,FOOD-DATA-GROUP1,14.88294314381271,70.73578595317726,14.381270903010032,0.2055427251732101,281,3.1560283687943267,1.0638297872340423,0.0,6.0,0.0063829787234042,0,0,0,0,Healthy,58.8
236,236,oyster stew soup,118,7.7,5.0,1.8,0.3,8.2,0.0,4.2,0.0,27.1,1.8,221.1,0.0,0.068,0.028,0.061,0.077,0.5,0.2,0.058,6.4,0.0,0.0,0.0,44.3,3.2,2.0,9.8,0.7,95.9,98.4,0.035,20.7,72.8,FOOD-DATA-GROUP1,20.895522388059703,40.79601990049751,38.30845771144279,0.4565217391304348,118,3.5294117647058822,0.0,0.0,0.0,0.015126050420168,0,0,0,0,Healthy,49.4
237,237,ramen noodle soup dry,371,13.3,6.4,5.6,1.2,53.9,1.3,8.9,2.0,0.0,1.7,4.2,0.0,0.9,0.008,0.035,0.2,3.5,0.2,0.014,0.3,0.0,1.3,0.038,24.7,0.1,3.4,19.6,0.4,101.2,152.2,0.021,0.7,106.5,FOOD-DATA-GROUP1,11.695137976346912,70.82785808147175,17.477003942181344,0.1621129326047359,371,2.39247311827957,0.5376344086021506,2.3679417122040074,4.0,0.0045698924731182,0,0,1,0,Limit,54.3
238,238,chicken noodle soup,145,4.7,1.2,1.6,1.0,18.4,0.0,7.2,2.7,24.2,2.1,267.2,0.029,0.011,0.2,0.097,0.001,0.2,3.7,0.5,0.1,0.0,0.0,0.2,0.0,18.2,0.4,2.0,24.2,0.3,115.1,145.4,0.095,33.513,FOOD-DATA-GROUP1,23.76237623762377,60.726072607260726,15.511551155115514,0.3711340206185567,145,4.931506849315069,1.8493150684931507,0.0,5.4,0.0143835616438356,0,0,0,0,Healthy,58.5
239,239,chicken bouillon dry,11,0.6,0.1,0.2,0.2,0.7,0.7,0.7,0.0,0.5,1.0,0.043,0.0,0.078,0.086,0.004,0.008,0.016,0.085,0.026,0.048,0.0,0.06,0.0,7.5,0.0,0.061,2.2,0.048,6.6,12.4,0.079,0.083,9.502,FOOD-DATA-GROUP1,35.0,35.0,30.0,0.4117647058823529,11,5.833333333333333,0.0,41.17647058823529,0.0,0.0833333333333333,0,0,0,0,Healthy,50.2
240,240,cream of asparagus soup,174,8.2,2.1,1.9,3.7,21.5,1.8,4.6,1.0,10.1,1.7,211.8,0.091,0.1,0.089,0.0,0.2,1.6,0.3,0.033,5.5,0.0,1.2,0.01,58.0,0.3,1.6,7.6,0.8,78.1,347.8,0.009,1.8,100.43,FOOD-DATA-GROUP1,13.411078717201166,62.68221574344024,23.9067055393586,0.2044444444444444,174,2.628571428571429,0.5714285714285714,8.0,2.0,0.0097142857142857,0,0,0,0,Healthy,52.6
241,241,turkey noodle soup,139,4.0,1.1,1.6,1.0,17.3,1.0,7.8,1.5,10.1,1.6,217.7,0.082,0.1,0.06,0.052,0.1,2.8,0.4,0.017,0.3,0.0,0.4,0.062,22.7,0.3,1.9,10.1,0.5,95.8,151.2,0.028,1.2,55.582,FOOD-DATA-GROUP1,26.804123711340207,59.45017182130584,13.745704467353953,0.4262295081967213,139,5.571428571428571,1.0714285714285714,5.46448087431694,3.0,0.0114285714285714,0,0,0,0,Healthy,56.9
242,242,cream of shrimp soup,181,10.4,6.5,3.0,0.4,16.5,0.0,5.6,0.5,32.8,1.7,213.8,0.026,0.085,0.08,0.015,0.029,0.9,0.3,0.054,0.0,0.0,0.0,0.0,35.3,0.3,1.1,17.6,0.8,65.5,118.4,0.024,1.5,69.41,FOOD-DATA-GROUP1,17.23076923076923,50.76923076923077,32.0,0.32,181,3.0769230769230766,0.2747252747252747,0.0,1.0,0.0093406593406593,0,0,1,0,Limit,50.1
243,243,bean with pork soup,335,11.5,3.0,4.2,3.5,44.1,7.8,15.3,15.3,5.2,1.7,182.4,0.021,0.2,0.054,0.0,0.03,1.1,0.029,0.036,3.1,0.0,2.3,0.011,156.0,0.4,4.0,85.8,0.6,254.8,975.0,0.052,2.0,249.324,FOOD-DATA-GROUP1,21.57968970380818,62.2002820874471,16.22002820874471,0.3392461197339246,335,4.553571428571429,4.553571428571429,17.29490022172949,10.0,0.0050595238095238,0,0,0,0,Healthy,71.1
244,244,chicken broth,12,0.5,0.008,0.1,0.042,1.0,0.0,1.0,0.0,0.0,0.9,229.8,0.0,0.028,0.0,0.0,0.03,1.2,0.04,0.072,16.5,0.0,0.0,0.0,14.1,0.077,0.5,2.4,0.1,30.6,188.0,0.0,0.2,33.6,FOOD-DATA-GROUP1,40.0,40.0,20.0,0.5,12,7.6923076923076925,0.0,0.0,0.0,0.0692307692307692,0,0,0,0,Healthy,50.7
245,245,beef broth powder,8,0.3,0.2,0.1,0.04,0.6,0.6,0.6,0.0,0.4,0.9,0.1,0.0,0.029,0.073,0.008,0.075,0.2,0.075,0.044,0.0,0.0,0.068,0.016,2.2,0.0,0.03,1.8,0.033,11.5,16.1,0.032,0.0,3.739,FOOD-DATA-GROUP1,40.0,40.0,20.0,0.3749999999999999,8,6.666666666666667,0.0,37.49999999999999,0.0,0.1,0,0,0,0,Healthy,50.1
246,246,split pea soup,180,2.3,0.8,0.9,0.4,29.9,12.8,9.7,4.8,5.1,0.4,208.5,0.0,0.2,0.019,0.0,0.079,1.2,0.6,0.2,0.0,0.0,0.5,0.022,43.0,0.3,1.9,35.4,0.5,136.6,463.0,0.088,1.0,91.6,FOOD-DATA-GROUP1,23.15035799522673,71.36038186157519,5.489260143198091,0.313915857605178,180,5.359116022099447,2.6519337016574585,41.42394822006473,9.6,0.0022099447513812,0,0,0,0,Healthy,58.8
247,247,escarole soup,61,4.0,1.2,1.8,0.8,4.0,0.0,3.4,0.0,5.5,2.3,535.8,0.0,0.2,0.058,0.06,0.1,5.1,0.4,0.5,10.0,0.0,0.0,0.0,71.9,0.8,1.7,11.1,2.8,177.0,591.7,0.0,5.0,95.0,FOOD-DATA-GROUP1,29.82456140350877,35.08771929824561,35.08771929824561,0.6799999999999999,61,5.483870967741936,0.0,0.0,0.0,0.0370967741935483,0,0,0,0,Healthy,51.6
248,248,chicken stock,86,2.9,0.8,1.4,0.5,8.5,3.8,6.0,0.0,7.2,0.3,221.2,0.009,0.073,0.059,0.0,0.2,3.8,0.0,0.1,0.5,0.0,0.046,0.081,7.2,0.1,0.5,9.6,0.0,64.8,252.0,0.091,0.3,25.696,FOOD-DATA-GROUP1,34.48275862068966,48.85057471264368,16.666666666666668,0.631578947368421,86,6.896551724137931,0.0,40.0,0.0,0.0034482758620689,0,0,0,0,Healthy,52.4
249,249,tomato bisque soup,248,5.0,1.1,1.4,2.2,47.7,0.0,4.5,2.1,10.3,1.8,194.3,0.017,0.1,0.097,0.0,0.1,2.3,0.3,0.2,11.9,0.0,0.0,0.0,80.0,0.3,1.7,18.1,0.5,121.3,838.5,0.0,1.2,152.913,FOOD-DATA-GROUP1,7.8671328671328675,83.3916083916084,8.741258741258742,0.0924024640657084,248,1.8072289156626504,0.8433734939759037,0.0,4.2,0.0072289156626506,0,0,0,0,Healthy,55.7
250,250,shark fin soup,99,4.3,1.1,1.3,0.7,8.2,0.0,6.9,0.0,4.3,1.1,194.7,0.0,0.019,0.048,0.009,0.086,1.1,0.3,0.017,0.2,0.0,0.0,0.0,21.6,0.2,2.0,15.1,0.002,45.4,114.5,0.0,1.8,43.2,FOOD-DATA-GROUP1,35.56701030927836,42.2680412371134,22.16494845360825,0.7500000000000001,99,6.9,0.0,0.0,0.0,0.011,0,0,0,0,Healthy,54.3
251,251,onion soup,113,3.5,0.5,1.5,1.3,16.4,6.7,7.5,1.7,0.0,1.3,212.4,0.02,0.022,0.099,0.0,0.016,1.2,0.0,0.095,2.5,0.0,0.5,0.088,54.1,0.2,1.4,4.9,0.5,22.1,137.8,0.073,1.2,87.173,FOOD-DATA-GROUP1,27.37226277372263,59.85401459854014,12.773722627737229,0.4310344827586207,113,6.578947368421052,1.4912280701754386,38.50574712643679,3.4,0.0114035087719298,0,0,0,0,Healthy,55.1
252,252,chicken gumbo soup,113,2.9,0.7,1.3,0.7,16.8,4.9,5.3,4.0,7.6,1.7,221.8,0.0,0.5,0.041,0.0,0.8,1.3,0.4,0.1,10.1,0.0,0.9,0.024,47.9,0.3,1.8,7.6,0.5,50.4,151.2,0.084,0.8,88.8,FOOD-DATA-GROUP1,21.2,67.2,11.6,0.297752808988764,113,4.649122807017544,3.508771929824561,27.52808988764045,8.0,0.0149122807017543,0,0,0,0,Healthy,57.5
253,253,crab soup,95,0.8,0.2,0.2,0.3,12.5,0.0,10.4,2.4,41.5,0.6,217.4,0.0,0.064,0.07,0.088,0.1,2.5,0.3,0.1,9.3,0.0,0.0,0.041,83.0,0.5,1.9,41.5,0.5,153.7,434.3,0.049,1.9,120.3,FOOD-DATA-GROUP1,43.88185654008439,52.74261603375528,3.375527426160338,0.7703703703703704,95,10.833333333333334,2.5,0.0,4.8,0.0062499999999999,0,0,0,0,Healthy,61.2
254,254,tripe soup,148,5.2,2.1,2.2,0.6,8.1,0.0,17.2,0.0,118.0,0.8,166.8,0.0,0.041,0.0,0.093,0.011,1.0,0.3,0.013,0.0,0.0,0.8,0.031,44.0,0.049,1.4,20.0,0.1,84.0,162.0,0.039,2.1,75.9,FOOD-DATA-GROUP1,56.39344262295083,26.55737704918033,17.049180327868854,1.89010989010989,148,11.543624161073824,0.0,0.0,0.0,0.0053691275167785,0,0,0,1,Healthy,61.3
255,255,little india little lunch,164,10.6,15.6,12.2,1.4,2.0,0.0,0.0,0.0,0.0,0.0,0.0,0.0,0.0,0.0,0.0,0.0,0.0,0.0,0.0,0.0,0.0,0.0,0.0,0.0,0.0,0.0,0.0,0.0,0.0,0.0,0.0,0.0,12.6,FOOD-DATA-GROUP1,0.0,15.873015873015872,84.12698412698413,0.0,164,0.0,0.0,0.0,0.0,0.0,0,0,1,0,Limit,38.3
256,256,original chicken sandwich chick fil a,125,5.1,11.6,7.9,0.6,0.0,0.0,0.0,0.0,0.0,0.0,0.0,0.0,0.0,0.0,0.0,0.0,0.0,0.0,0.0,0.0,0.0,0.0,0.0,0.0,0.0,0.0,0.0,0.0,0.0,0.0,0.0,0.0,5.1,FOOD-DATA-GROUP1,0.0,0.0,100.0,0.0,125,0.0,0.0,0.0,0.0,0.0,0,0,1,0,Limit,41.3
257,257,sausage mcmuffin mcdonalds,383,24.2,8.3,8.9,3.7,28.2,2.2,14.6,1.6,44.9,0.8,44.8,0.0,0.4,0.008,0.03,0.3,4.8,0.6,0.2,0.0,0.0,0.3,0.0,257.6,0.1,2.3,24.2,0.3,187.5,216.2,0.0,1.5,328.5,FOOD-DATA-GROUP1,21.791044776119403,42.08955223880597,36.11940298507463,0.5,383,3.802083333333333,0.4166666666666667,7.534246575342467,3.2,0.0020833333333333,0,0,1,0,Limit,56.2
258,258,sausage mcgriddles mcdonalds,421,24.0,7.3,10.2,3.5,42.2,15.2,11.4,1.4,32.4,1.0,54.1,0.0,0.3,0.037,0.038,0.2,4.2,0.5,0.1,0.0,0.0,0.0,0.0,85.1,0.1,1.9,18.9,0.3,426.6,195.8,0.0,1.0,166.0,FOOD-DATA-GROUP1,14.690721649484535,54.38144329896908,30.927835051546392,0.2638888888888889,421,2.7014218009478674,0.3317535545023696,35.18518518518518,2.8,0.0023696682464454,0,1,1,0,Avoid,49.1
259,259,crispy chicken drumstick kentucky fried chicken,70,3.0,0.8,1.2,0.8,0.0,0.0,10.6,0.0,56.2,0.2,26.6,0.025,0.08,0.0,0.08,0.1,2.2,0.5,0.1,0.0,0.0,0.0,0.0,6.6,0.098,0.4,9.4,0.091,91.8,111.9,0.015,1.0,20.632,FOOD-DATA-GROUP1,77.94117647058823,0.0,22.058823529411764,10.6,70,14.929577464788732,0.0,0.0,0.0,0.0028169014084507,0,0,0,0,Healthy,57.3
260,260,chicken crispy drumsticks kentucky fried chicken,156,10.1,2.2,3.4,3.6,4.5,0.0,11.8,0.0,62.1,0.4,29.3,0.071,0.045,0.0,0.028,0.1,2.6,0.6,0.1,0.0,0.0,0.0,0.0,14.3,0.2,0.5,12.0,0.06,112.9,135.1,0.064,1.0,41.248,FOOD-DATA-GROUP1,44.6969696969697,17.045454545454547,38.25757575757576,2.145454545454545,156,7.515923566878982,0.0,0.0,0.0,0.0025477707006369,0,0,0,0,Healthy,57.2
261,261,biscuit kentucky fried chicken,185,9.1,2.2,6.1,0.6,22.1,1.7,3.8,0.8,0.5,0.5,15.1,0.0,0.2,0.0,0.074,0.1,1.7,0.2,0.035,0.0,0.0,0.7,0.071,31.2,0.009,1.5,7.8,0.2,304.7,59.8,0.076,0.3,68.5,FOOD-DATA-GROUP1,10.857142857142858,63.142857142857146,26.0,0.1645021645021644,185,2.043010752688172,0.4301075268817204,7.359307359307358,1.6,0.0026881720430107,0,0,0,0,Healthy,51.7
262,262,english muffin mcdonalds,97,2.3,1.1,15.4,1.1,2.9,1.5,5.7,0.2,20.7,0.031,0.0,0.3,0.004,0.0,0.2,2.7,0.3,0.036,0.0,0.0,0.3,0.0,166.4,0.08,1.8,13.1,0.3,68.4,73.0,0.0,0.5,0.0,24.548,FOOD-DATA-GROUP1,52.29357798165138,26.605504587155966,21.100917431192663,1.4615384615384617,97,5.816326530612245,0.2040816326530612,38.46153846153847,0.4,0.0003163265306122,0,0,0,0,Healthy,53.1
263,263,french fries mcdonalds,378,18.1,2.7,8.6,5.5,49.8,0.2,4.0,4.6,0.0,0.2,42.9,0.052,0.0,0.2,0.0,0.0,0.037,3.8,0.7,0.4,6.6,0.0,1.6,0.003,22.2,0.1,0.9,43.3,0.3,148.6,697.3,0.07,77.129,FOOD-DATA-GROUP1,5.563282336578581,69.26286509040332,25.17385257301808,0.0787401574803149,378,1.0554089709762533,1.213720316622691,0.3937007874015749,9.2,0.0005277044854881,0,0,0,0,Healthy,57.8
264,264,hotdog,383,23.0,8.1,10.8,2.7,28.5,0.0,16.4,0.0,69.8,1.1,83.6,0.0,0.4,0.096,0.043,0.4,5.8,0.8,0.094,0.2,0.0,0.0,0.0,37.2,0.1,3.7,20.2,0.1,153.5,226.3,0.09,3.1,109.0,FOOD-DATA-GROUP1,24.15316642120765,41.97349042709867,33.87334315169366,0.5559322033898305,383,4.270833333333333,0.0,0.0,0.0,0.0028645833333333,0,0,1,0,Limit,56.2
265,265,french fries burger king,207,9.2,1.6,2.4,4.4,28.6,0.4,2.4,2.1,0.0,0.2,32.5,0.085,0.0,0.1,0.0,0.0,0.026,1.6,0.4,0.2,1.6,0.0,1.8,0.083,12.6,0.005,0.5,20.0,0.2,88.1,345.6,0.0,42.635,FOOD-DATA-GROUP1,5.970149253731343,71.14427860696517,22.88557213930348,0.081081081081081,207,1.1538461538461535,1.0096153846153846,1.351351351351351,4.2,0.0009615384615384,0,0,0,0,Healthy,53.6
266,266,original taco with beef cheese lettuce taco bell,158,8.8,3.0,3.0,2.1,13.7,0.6,6.1,2.7,19.3,0.3,39.3,0.0,0.056,0.056,0.052,0.065,1.1,0.0,0.086,0.3,0.0,0.4,0.068,61.4,0.094,0.8,22.1,0.2,122.8,144.2,0.021,1.2,93.8,FOOD-DATA-GROUP1,21.328671328671327,47.9020979020979,30.769230769230777,0.4149659863945578,158,3.836477987421384,1.69811320754717,4.081632653061225,5.4,0.0018867924528301,0,0,0,0,Healthy,56.1
267,267,hotdog with chili,296,13.4,4.9,6.6,1.2,31.3,0.0,13.5,0.0,51.3,0.5,54.5,0.0,0.2,0.031,0.017,0.4,3.7,0.5,0.003,2.7,0.0,0.0,0.0,19.4,0.1,3.3,10.3,0.1,191.5,166.4,0.038,0.8,83.6,FOOD-DATA-GROUP1,23.195876288659797,53.780068728522345,23.02405498281787,0.4179566563467493,296,4.545454545454546,0.0,0.0,0.0,0.0016835016835016,0,0,0,0,Healthy,56.4
268,268,chicken crispy wings kentucky fried chicken,148,10.1,2.1,3.3,3.8,5.1,0.0,9.2,0.0,47.1,0.3,18.4,0.033,0.029,0.0,0.051,0.033,2.4,0.5,0.1,0.0,0.0,0.0,0.0,15.4,0.2,0.3,9.7,0.015,84.5,98.1,0.003,0.5,40.161,FOOD-DATA-GROUP1,37.704918032786885,20.901639344262296,41.39344262295082,1.5081967213114753,148,6.174496644295301,0.0,0.0,0.0,0.0020134228187919,0,0,0,0,Healthy,55.3
269,269,egg white delight mcdonalds,250,16.0,4.0,18.0,4.0,0.0,0.0,0.0,0.0,0.0,0.0,0.0,0.0,0.0,0.0,0.0,0.0,0.0,0.0,0.0,0.0,0.0,0.0,0.0,0.0,0.0,0.0,0.0,0.0,0.0,0.0,0.0,0.0,16.0,FOOD-DATA-GROUP1,0.0,0.0,100.0,0.0,250,0.0,0.0,0.0,0.0,0.0,0,0,0,0,Healthy,47.0
270,270,french toast sticks burger king,73,3.7,0.8,2.0,0.5,8.7,2.1,1.3,0.3,0.0,0.014,7.0,0.0,0.066,0.0,0.0,0.039,0.5,0.072,0.037,0.0,0.0,0.2,0.009,11.1,0.036,0.4,4.0,0.068,18.3,23.3,0.049,0.1,25.5,FOOD-DATA-GROUP1,9.489051094890511,63.503649635036496,27.00729927007299,0.134020618556701,73,1.7567567567567568,0.4054054054054054,21.64948453608248,0.6,0.0001891891891891,0,0,0,0,Healthy,50.0
271,271,mcchicken mcdonalds,358,17.3,3.1,5.8,6.5,36.6,4.7,13.7,1.7,35.4,0.8,60.4,0.1,0.0,0.3,0.0,0.034,0.3,5.2,0.0,0.0,0.0,0.0,0.0,0.0,115.3,0.1,2.3,26.2,0.5,182.1,226.6,0.0,69.5,FOOD-DATA-GROUP1,20.266272189349117,54.14201183431954,25.591715976331365,0.3643617021276595,358,3.816155988857939,0.4735376044568245,12.5,3.4,0.0022284122562674,0,0,0,0,Healthy,58.6
272,272,nachos supreme taco bell,480,26.6,7.8,13.7,2.8,45.0,0.0,14.8,8.0,37.1,0.8,104.9,0.0,0.2,0.031,0.044,0.3,1.9,0.5,0.3,0.0,0.0,1.4,0.074,142.4,0.2,4.2,89.7,0.5,384.2,471.9,0.055,2.7,241.0,FOOD-DATA-GROUP1,17.129629629629626,52.08333333333333,30.787037037037035,0.3217391304347826,480,3.076923076923077,1.6632016632016633,0.0,10.0,0.0016632016632016,0,0,1,0,Healthy,67.2
273,273,crispy chicken wing kentucky fried chicken,104,5.3,1.1,1.7,1.8,1.3,0.0,12.6,0.0,64.2,0.3,23.7,0.019,0.029,0.0,0.023,0.032,3.1,0.5,0.2,0.0,0.0,0.0,0.0,13.2,0.006,0.4,11.0,0.085,99.4,116.6,0.033,0.8,32.851,FOOD-DATA-GROUP1,65.625,6.770833333333334,27.604166666666668,5.478260869565218,104,12.0,0.0,0.0,0.0,0.0028571428571428,0,0,0,0,Healthy,58.6
274,274,chicken strips burger king,105,5.5,1.0,1.5,2.7,7.4,0.0,6.6,0.5,15.8,0.3,15.5,0.055,0.076,0.08,0.02,0.065,0.046,2.9,0.2,0.1,0.4,0.0,1.4,0.046,4.7,0.005,0.2,9.7,0.036,104.8,113.4,0.07,20.168,FOOD-DATA-GROUP1,33.84615384615384,37.94871794871796,28.205128205128204,0.7857142857142856,105,6.226415094339623,0.4716981132075472,0.0,1.0,0.0028301886792452,0,0,0,0,Healthy,54.9
275,275,crispy chicken breast kentucky fried chicken,214,6.7,1.7,2.4,2.3,0.4,0.0,38.2,0.0,121.8,0.7,92.0,0.061,0.049,0.0,0.055,0.2,15.3,2.3,0.6,0.0,0.0,0.0,0.0,28.0,0.008,0.7,39.2,0.092,354.2,432.6,0.042,1.2,74.065,FOOD-DATA-GROUP1,84.32671081677704,0.8830022075055187,14.790286975717438,27.28571428571429,214,17.767441860465116,0.0,0.0,0.0,0.0032558139534883,0,0,0,1,Healthy,63.7
276,276,sausage biscuit mcdonalds,440,29.7,12.5,10.3,4.0,31.8,2.3,11.3,1.4,33.9,1.0,40.6,0.049,0.5,0.1,0.029,0.3,5.0,0.6,0.1,0.0,0.0,0.9,0.0,64.4,0.031,2.4,15.2,0.2,377.9,207.1,0.0,1.0,141.05,FOOD-DATA-GROUP1,15.521978021978022,43.68131868131868,40.7967032967033,0.3445121951219512,440,2.562358276643991,0.3174603174603174,7.01219512195122,2.8,0.0022675736961451,0,0,1,0,Limit,50.3
277,277,sausage burrito mcdonalds,339,17.1,6.1,6.5,2.4,24.2,1.4,13.0,1.2,172.9,0.8,55.8,0.004,0.2,0.045,0.036,0.3,1.9,0.9,0.4,0.9,0.0,0.2,0.0,203.4,0.005,1.8,19.2,0.2,247.5,154.8,0.0,1.3,261.627,FOOD-DATA-GROUP1,23.941068139963164,44.567219152854506,31.491712707182323,0.5158730158730159,339,3.823529411764706,0.3529411764705882,5.555555555555555,2.4,0.0023529411764705,0,0,1,1,Limit,56.4
278,278,onion rings fried,27,1.6,0.3,0.4,0.8,2.8,0.4,0.3,0.2,0.0,0.015,1.6,0.0,0.045,0.0,0.0,0.07,0.001,0.076,0.076,0.055,0.0,0.3,0.0,7.5,0.075,0.038,1.2,0.021,10.3,10.9,0.011,0.007,12.551,FOOD-DATA-GROUP1,6.382978723404256,59.57446808510639,34.04255319148937,0.0789473684210526,27,1.0714285714285714,0.7142857142857143,10.526315789473683,0.4,0.0005357142857142,0,0,0,0,Healthy,50.1
279,279,onion rings burger king,379,23.0,3.8,6.3,11.1,39.7,4.9,3.5,2.5,0.0,0.7,22.3,0.0,0.1,0.0,0.0,0.063,0.6,0.3,0.1,1.3,0.0,4.5,0.0,104.7,0.012,0.7,17.3,0.3,143.8,152.0,0.023,0.5,175.4,FOOD-DATA-GROUP1,5.287009063444108,59.96978851963747,34.74320241691843,0.0859950859950859,379,0.9210526315789472,0.6578947368421052,12.03931203931204,5.0,0.0018421052631578,0,0,0,0,Healthy,51.6
280,280,turkey patty fried,79,5.0,1.3,2.1,1.3,4.4,0.053,3.9,0.1,21.0,0.2,13.9,0.088,0.096,0.083,0.054,0.032,0.6,0.1,0.069,0.0,0.078,0.3,0.074,3.9,0.027,0.6,4.2,0.049,75.6,77.0,0.054,0.4,17.934,FOOD-DATA-GROUP1,29.32330827067669,33.08270676691729,37.59398496240601,0.7222222222222222,79,4.875,0.125,0.9814814814814814,0.2,0.0025,0,0,0,0,Healthy,52.1
281,281,hotcakes with syrup mcdonalds,601,17.8,1.8,1.9,4.6,101.8,45.5,9.0,2.0,19.9,0.6,89.7,0.0,0.4,0.1,0.0,0.4,3.2,1.1,0.1,0.0,0.0,0.0,0.0,126.0,0.1,2.8,28.7,0.4,391.2,276.3,0.0,0.6,259.4,FOOD-DATA-GROUP1,6.998444790046657,79.16018662519441,13.841368584758944,0.0875486381322957,601,1.495016611295681,0.3322259136212624,44.26070038910506,4.0,0.0009966777408637,0,1,0,0,Avoid,40.2
282,282,crispy chicken thigh kentucky fried chicken,163,9.1,2.5,3.8,2.1,0.0,0.0,20.4,0.0,107.4,0.5,59.8,0.078,0.043,0.0,0.057,0.2,4.8,1.2,0.3,0.0,0.0,0.0,0.0,19.1,0.037,0.9,20.0,0.095,202.9,246.6,0.04,1.7,49.591,FOOD-DATA-GROUP1,69.15254237288136,0.0,30.84745762711864,20.4,163,12.4390243902439,0.0,0.0,0.0,0.0030487804878048,0,0,0,1,Healthy,63.1
283,283,corn dog,195,9.4,2.7,3.7,2.6,21.0,5.9,6.7,0.8,34.3,0.5,39.2,0.1,0.028,0.1,0.014,0.023,0.1,2.2,0.6,0.059,0.4,0.044,0.5,0.086,56.2,0.1,1.5,13.3,0.029,174.7,97.5,0.012,38.257,FOOD-DATA-GROUP1,18.059299191374663,56.60377358490566,25.336927223719677,0.3045454545454545,195,3.4183673469387754,0.4081632653061224,26.81818181818182,1.6,0.0025510204081632,0,0,0,0,Healthy,51.8
284,284,chicken box mcdonalds,70,4.0,0.8,2.8,0.011,5.5,0.5,0.2,0.0,0.0,0.0,0.0,0.0,0.0,0.0,0.0,0.0,0.0,0.0,0.0,0.0,0.0,0.0,0.0,0.0,0.0,0.0,0.0,0.0,0.0,0.0,0.0,0.0,9.7,FOOD-DATA-GROUP1,2.061855670103093,56.70103092783506,41.23711340206186,0.0307692307692307,70,0.2816901408450704,0.0,7.6923076923076925,0.0,0.0,0,0,0,0,Healthy,49.3
285,285,potato wedges kentucky fried chicken,379,19.8,4.0,11.9,2.4,45.0,0.0,5.4,4.2,0.0,1.0,59.2,0.0,0.2,0.0,0.0,0.026,2.9,0.8,0.3,0.0,0.0,1.1,0.068,34.8,0.2,1.4,40.2,0.4,142.0,699.5,0.0,0.6,110.6,FOOD-DATA-GROUP1,7.6923076923076925,64.1025641025641,28.205128205128204,0.117391304347826,379,1.4210526315789471,1.105263157894737,0.0,8.4,0.0026315789473684,0,0,0,0,Healthy,57.3
286,286,scrambled eggs mcdonalds,98,7.5,2.1,2.7,1.1,0.9,0.1,7.7,0.0,217.8,0.04,34.1,0.046,0.018,0.029,0.008,0.3,0.034,0.6,0.011,0.0,0.0,0.7,0.0,33.7,0.096,1.1,6.1,0.049,133.1,70.9,0.0,0.7,50.931,FOOD-DATA-GROUP1,47.826086956521735,5.590062111801242,46.58385093167701,4.052631578947369,98,7.777777777777778,0.0,5.2631578947368425,0.0,0.0004040404040404,0,0,0,1,Healthy,54.2
287,287,egg mcmuffin mcdonalds,287,12.2,4.5,3.4,2.2,27.3,2.7,17.2,1.4,207.9,0.8,66.3,0.1,0.0,0.3,0.038,0.0,0.5,3.9,1.1,0.2,1.5,0.0,0.7,0.0,241.9,0.1,2.9,25.2,0.3,252.0,218.0,0.0,58.5,FOOD-DATA-GROUP1,30.335097001763668,48.14814814814815,21.516754850088184,0.607773851590106,287,5.972222222222221,0.4861111111111111,9.540636042402827,2.8,0.0027777777777777,0,0,0,1,Healthy,60.5
288,288,nachos taco bell,362,21.9,4.7,12.6,2.6,36.0,0.0,5.1,3.8,4.0,0.5,33.9,0.0,0.1,0.036,0.0,0.1,0.9,0.3,0.2,0.0,0.0,1.0,0.07,88.1,0.1,1.1,51.5,0.3,280.2,180.2,0.048,1.1,156.0,FOOD-DATA-GROUP1,8.095238095238095,57.14285714285714,34.76190476190476,0.1378378378378378,362,1.4049586776859504,1.046831955922865,0.0,7.6,0.0013774104683195,0,0,0,0,Healthy,56.0
289,289,biscuit large mcdonalds,310,14.4,8.3,3.4,2.0,39.4,2.7,5.5,1.8,0.0,0.9,27.6,0.095,0.4,0.1,0.046,0.3,3.7,0.4,0.088,0.0,0.0,1.1,0.0,68.4,0.091,2.5,9.9,0.2,397.8,108.0,0.0,0.4,132.022,FOOD-DATA-GROUP1,9.27487352445194,66.44182124789208,24.283305227655987,0.1361386138613861,310,1.7684887459807077,0.5787781350482315,6.683168316831684,3.6,0.0028938906752411,0,0,1,0,Limit,49.5
290,290,crispy chicken strips kentucky fried chicken,129,7.2,1.4,2.0,3.2,6.4,0.0,9.5,0.7,24.0,0.4,22.5,0.0,0.075,0.0,0.006,0.015,4.0,0.6,0.2,0.0,0.0,0.4,0.092,11.8,0.014,0.3,15.5,0.1,140.1,156.5,0.067,0.3,35.9,FOOD-DATA-GROUP1,41.12554112554112,27.705627705627705,31.16883116883117,1.2837837837837838,129,7.307692307692308,0.5384615384615384,0.0,1.4,0.003076923076923,0,0,0,0,Healthy,57.1
291,291,hotcakes mcdonalds,113,2.9,0.6,0.6,1.5,19.0,4.4,3.0,0.7,6.4,0.2,23.9,0.0,0.1,0.088,0.0,0.1,1.1,0.4,0.005,0.0,0.0,0.3,0.0,41.7,0.054,0.9,9.4,0.1,129.0,85.8,0.0,0.2,68.2,FOOD-DATA-GROUP1,12.048192771084338,76.30522088353415,11.646586345381529,0.15,113,2.631578947368421,0.6140350877192983,22.000000000000004,1.4,0.0017543859649122,0,0,0,0,Healthy,51.1
292,292,chicken crispy breast kentucky fried chicken,375,23.2,5.0,7.6,8.8,11.9,0.0,29.7,0.0,106.4,0.8,72.0,0.023,0.067,0.0,0.083,0.1,11.4,1.9,0.4,0.0,0.0,0.0,0.0,37.8,0.6,0.8,33.6,0.2,301.0,361.2,0.09,1.1,103.428,FOOD-DATA-GROUP1,45.83333333333333,18.3641975308642,35.80246913580247,2.302325581395349,375,7.898936170212766,0.0,0.0,0.0,0.002127659574468,0,0,0,1,Healthy,61.2
293,293,hotcakes sausage mcdonalds,776,34.9,7.3,9.0,6.5,102.4,45.7,15.5,2.1,50.2,0.9,107.4,0.0,0.6,0.1,0.004,0.5,5.2,1.4,0.2,0.0,0.0,0.0,0.0,134.6,0.2,3.2,37.0,0.4,451.4,390.7,0.0,1.3,292.7,FOOD-DATA-GROUP1,10.143979057591622,67.01570680628272,22.84031413612565,0.1499032882011605,776,1.9948519948519947,0.2702702702702703,44.197292069632496,4.2,0.0011583011583011,0,1,1,0,Avoid,41.0
294,294,chicken mcnuggets mcdonalds,48,3.2,0.5,1.3,0.9,2.4,0.025,2.5,0.0,7.0,0.009,7.5,0.071,0.0,0.023,0.0,0.005,0.049,1.2,0.1,0.072,0.2,0.0,0.0,0.0,1.8,0.017,0.1,3.8,0.073,43.5,40.3,0.0,8.181,FOOD-DATA-GROUP1,30.86419753086419,29.629629629629623,39.50617283950617,0.7352941176470589,48,5.1020408163265305,0.0,0.7352941176470589,0.0,0.0001836734693877,0,0,0,0,Healthy,51.5
295,295,chips chipotle,151,7.1,0.9,19.3,1.1,2.1,2.1,0.2,0.0,0.0,0.0,0.0,0.0,0.0,0.0,0.0,0.0,0.0,0.0,0.0,0.0,0.0,0.0,0.0,0.0,0.0,0.0,0.0,0.0,0.0,0.0,0.0,0.0,9.4,FOOD-DATA-GROUP1,2.127659574468085,22.34042553191489,75.53191489361701,0.064516129032258,151,0.131578947368421,0.0,67.74193548387098,0.0,0.0,0,0,0,0,Healthy,48.6
296,296,biscuit mcdonalds,261,12.2,7.0,2.8,1.7,33.3,2.2,4.7,1.5,0.0,0.7,23.3,0.07,0.4,0.1,0.022,0.3,3.1,0.3,0.049,0.0,0.0,0.9,0.0,57.8,0.049,2.1,8.4,0.2,335.9,91.2,0.0,0.3,111.687,FOOD-DATA-GROUP1,9.362549800796812,66.33466135458166,24.30278884462151,0.1370262390670554,261,1.7938931297709924,0.5725190839694656,6.413994169096212,3.0,0.0026717557251908,0,0,1,0,Limit,49.6
297,297,rice bowl with chicken,36,0.4,0.01,0.1,0.1,6.4,1.2,1.6,0.2,4.5,0.064,19.6,0.026,0.068,0.094,0.014,0.07,0.6,0.1,0.07,0.8,0.0,0.08,0.043,3.7,0.057,0.008,4.0,0.075,26.6,34.8,0.035,0.1,13.178,FOOD-DATA-GROUP1,19.047619047619047,76.19047619047619,4.761904761904762,0.2162162162162162,36,4.324324324324325,0.5405405405405406,16.216216216216214,0.4,0.0017297297297297,0,0,0,0,Healthy,51.0
298,298,spaghetti with meatballs,200,8.2,2.9,3.3,1.1,22.9,5.8,8.7,5.4,14.0,0.6,157.6,0.2,0.072,0.2,0.08,0.083,0.1,4.0,0.6,0.1,3.8,0.049,1.0,0.036,58.0,0.1,2.1,26.0,0.3,114.0,434.0,0.057,45.656,FOOD-DATA-GROUP1,21.85929648241206,57.537688442211056,20.603015075376884,0.3640167364016736,200,4.328358208955224,2.6865671641791047,24.267782426778243,10.0,0.0029850746268656,0,0,0,0,Healthy,60.1
299,299,meat ravioli canned,259,8.9,3.7,4.2,0.6,36.0,6.3,8.9,4.2,13.1,0.9,205.1,0.088,0.1,0.039,0.063,0.2,3.4,0.0,0.2,0.0,0.0,1.4,0.09,34.1,0.1,2.8,34.1,0.4,112.7,442.8,0.019,1.2,94.963,FOOD-DATA-GROUP1,16.54275092936803,66.91449814126395,16.54275092936803,0.2405405405405405,259,3.423076923076924,1.6153846153846154,17.027027027027025,8.4,0.0034615384615384,0,0,0,0,Healthy,57.7
300,300,cheese ravioli canned,186,3.5,1.7,1.0,0.4,33.0,9.0,6.0,3.1,7.3,0.7,195.8,0.0,0.2,0.011,0.0,0.2,2.6,0.7,0.2,0.0,0.0,2.1,0.067,79.9,0.3,1.8,36.3,0.4,121.0,561.4,0.043,0.9,127.3,FOOD-DATA-GROUP1,14.117647058823527,77.64705882352942,8.235294117647058,0.1764705882352941,186,3.2085561497326207,1.6577540106951874,26.47058823529412,6.2,0.0037433155080213,0,0,0,0,Healthy,54.3
301,301,premium crispy chicken ranch blt sandwich mcdonalds,586,22.9,4.7,9.1,7.8,59.8,13.3,35.3,3.4,72.0,1.2,116.7,0.0,0.5,0.0,0.0,0.4,12.6,2.3,0.0,10.3,0.0,0.0,0.0,84.0,0.0,3.4,0.0,0.0,0.0,0.0,0.0,0.0,219.1,FOOD-DATA-GROUP1,29.91525423728813,50.67796610169491,19.406779661016948,0.5805921052631579,586,6.013628620102214,0.5792163543441227,21.875000000000004,6.8,0.0020442930153321,0,0,0,0,Healthy,61.2
302,302,steak sandwich,459,14.1,3.8,5.3,3.3,52.0,0.0,30.3,0.0,73.4,0.8,104.2,0.0,0.4,0.004,0.038,0.4,7.3,0.9,0.4,5.5,0.0,0.0,0.0,91.8,0.2,5.2,49.0,0.4,297.8,524.3,0.008,4.5,198.9,FOOD-DATA-GROUP1,31.43153526970955,53.94190871369295,14.626556016597512,0.5716981132075472,459,6.586956521739131,0.0,0.0,0.0,0.0017391304347826,0,0,0,0,Healthy,62.1
303,303,cheeseburger burger king,380,19.7,9.1,7.6,2.0,31.5,6.0,19.4,3.7,59.9,0.8,59.3,0.0,0.4,0.0,0.0,0.3,4.5,0.3,0.1,0.3,0.0,0.1,0.093,123.7,0.1,3.3,31.9,0.4,190.2,236.7,0.028,3.2,201.6,FOOD-DATA-GROUP1,27.47875354107649,44.61756373937678,27.90368271954674,0.5969230769230769,380,5.091863517060367,0.9711286089238844,18.461538461538463,7.4,0.0020997375328083,0,0,1,0,Healthy,60.9
304,304,cheeseburger mcdonalds,313,14.0,5.3,4.3,0.4,33.1,7.4,15.4,1.3,41.7,0.7,53.6,0.0,0.3,0.095,0.02,0.3,4.8,0.0,0.0,0.7,0.0,0.0,0.0,198.7,0.1,2.8,23.8,0.3,166.6,238.0,0.0,2.3,266.0,FOOD-DATA-GROUP1,24.64,52.96000000000001,22.4,0.4516129032258064,313,4.904458598726115,0.4140127388535032,21.700879765395893,2.6,0.0022292993630573,0,0,1,0,Limit,56.6
305,305,double cheeseburger,643,36.9,15.9,13.7,3.0,41.0,9.5,37.0,2.1,114.0,0.9,107.5,1.6,0.1,0.5,0.1,0.062,0.5,7.9,0.6,0.5,6.6,0.033,0.8,0.054,342.0,0.2,5.4,47.9,0.3,376.2,515.3,0.017,119.347,FOOD-DATA-GROUP1,32.20191470844212,35.68320278503046,32.114882506527415,0.8809523809523809,643,5.745341614906832,0.3260869565217391,22.61904761904762,4.2,0.0013975155279503,0,0,1,1,Limit,52.4
306,306,double hamburger,942,58.6,21.6,22.9,11.3,51.4,13.2,52.1,5.2,172.0,1.1,206.8,1.5,0.0,0.7,0.2,0.036,0.7,12.1,0.7,0.4,0.7,0.059,2.5,0.094,130.9,0.4,10.5,67.3,0.7,415.1,718.1,0.026,169.626,FOOD-DATA-GROUP1,32.14065391733498,31.708821714990748,36.15052436767427,0.9942748091603054,942,5.524920466595971,0.5514316012725345,25.19083969465649,10.0,0.0011664899257688,0,0,1,1,Healthy,52.5
307,307,premium grilled chicken classic sandwich mcdonalds,366,8.6,1.7,2.3,4.1,44.6,10.0,28.3,2.8,68.0,0.8,114.6,0.051,0.4,0.0,0.065,0.4,13.0,1.9,0.6,6.4,0.0,1.1,0.0,74.0,0.1,3.0,56.0,0.7,390.0,456.0,0.0,1.4,167.718,FOOD-DATA-GROUP1,34.7239263803681,54.723926380368106,10.552147239263803,0.6206140350877193,366,7.7111716621253406,0.7629427792915531,21.929824561403507,5.6,0.0021798365122615,0,0,0,0,Healthy,63.9
308,308,big n tasty with cheese mcdonalds,573,36.0,10.8,10.7,7.1,39.7,9.5,27.2,3.2,91.4,1.0,140.1,0.0,0.3,0.1,0.07,0.7,7.8,0.0,0.0,4.4,0.0,0.0,0.0,224.8,0.2,4.4,44.5,0.4,281.6,491.5,0.0,5.1,339.7,FOOD-DATA-GROUP1,26.433430515063165,38.58114674441205,34.98542274052478,0.6683046683046683,573,4.738675958188153,0.5574912891986062,23.34152334152334,6.4,0.0017421602787456,0,0,1,0,Healthy,57.9
309,309,premium grilled chicken club sandwich mcdonalds,493,18.0,6.4,5.6,4.8,44.3,6.4,38.3,2.7,102.6,1.0,117.1,0.0,0.4,0.0,0.0,0.4,12.4,1.8,0.0,9.8,0.0,0.0,0.0,211.9,0.0,3.1,0.0,0.0,0.0,0.0,0.0,0.0,328.1,FOOD-DATA-GROUP1,38.07157057654075,44.03578528827038,17.892644135188867,0.8454746136865342,493,7.753036437246963,0.5465587044534413,14.128035320088305,5.4,0.0020242914979757,0,0,1,1,Limit,61.7
310,310,quarter pounder mcdonalds,417,19.8,6.9,7.2,0.5,37.9,8.8,24.1,2.7,66.7,0.7,86.1,0.0,0.3,0.052,0.029,0.6,7.6,0.0,0.0,1.5,0.0,0.0,0.0,143.6,0.2,4.1,37.6,0.3,212.0,388.2,0.0,4.6,233.7,FOOD-DATA-GROUP1,29.46210268948656,46.33251833740831,24.20537897310513,0.6195372750642674,417,5.76555023923445,0.645933014354067,22.62210796915167,5.4,0.0016746411483253,0,0,1,0,Limit,60.3
311,311,premium crispy chicken classic sandwich mcdonalds,524,20.0,3.2,7.3,8.5,58.6,12.4,27.8,3.2,59.8,1.0,119.6,0.0,0.5,0.1,0.0,0.4,12.7,2.4,0.0,5.8,0.0,0.0,0.0,78.2,0.2,3.3,62.1,1.0,370.3,522.1,0.0,1.5,196.9,FOOD-DATA-GROUP1,26.12781954887218,55.07518796992481,18.79699248120301,0.4664429530201342,524,5.295238095238095,0.6095238095238096,20.80536912751678,6.4,0.0019047619047619,0,0,0,0,Healthy,62.4
312,312,veggie burger,124,4.4,1.0,1.2,1.4,10.0,0.7,11.0,3.4,3.5,0.4,42.8,0.0,1.9,0.045,0.02,0.2,2.6,0.2,0.2,3.2,0.0,0.2,0.069,95.2,0.1,1.7,39.2,0.7,144.2,233.1,0.017,0.9,128.9,FOOD-DATA-GROUP1,43.30708661417323,39.37007874015748,17.322834645669293,1.0,124,8.799999999999999,2.72,6.363636363636363,6.8,0.0032,0,0,0,0,Healthy,62.3
313,313,quarter pounder with cheese mcdonalds,513,28.3,11.2,9.2,0.9,39.7,9.8,29.0,2.8,93.5,1.2,97.3,0.0,0.3,0.1,0.068,0.7,7.7,0.0,0.0,1.6,0.0,0.0,0.0,286.6,0.2,4.2,43.8,0.3,320.4,435.8,0.0,5.2,392.2,FOOD-DATA-GROUP1,29.89690721649485,40.9278350515464,29.17525773195877,0.7125307125307124,513,5.642023346303502,0.5447470817120622,24.07862407862408,5.6,0.0023346303501945,0,0,1,0,Limit,56.9
314,314,beef sandwich steak raw,173,15.1,6.5,6.2,0.3,0.0,0.0,9.2,0.0,39.8,0.043,31.4,0.0,0.066,0.076,0.041,0.065,2.6,0.2,0.1,0.0,0.077,0.1,0.046,6.7,0.068,1.0,9.0,0.092,74.5,130.5,0.078,2.0,32.0,FOOD-DATA-GROUP1,37.86008230452675,0.0,62.13991769547326,9.2,173,5.287356321839081,0.0,0.0,0.0,0.0002471264367816,0,0,1,0,Limit,52.0
315,315,cheeseburger,292,13.2,6.0,5.1,1.4,28.7,5.9,15.0,1.6,41.4,0.6,55.3,0.5,0.087,0.4,0.083,0.091,0.2,3.5,0.3,1.1,0.7,0.042,0.3,0.04,105.8,0.1,3.2,25.3,0.3,154.1,204.7,0.021,60.289,FOOD-DATA-GROUP1,26.36203866432337,50.43936731107205,23.198594024604567,0.5050505050505051,292,5.119453924914676,0.5460750853242321,19.865319865319865,3.2,0.0020477815699658,0,0,1,0,Limit,56.8
316,316,premium grilled chicken ranch blt sandwich mcdonalds,412,10.9,3.0,3.8,3.4,44.3,10.5,33.7,2.8,76.8,1.0,108.3,0.0,0.4,0.0,0.0,0.4,12.5,1.8,0.0,9.9,0.0,0.0,0.0,76.8,0.0,3.0,0.0,0.0,0.0,0.0,0.0,0.0,181.4,FOOD-DATA-GROUP1,37.90776152980877,49.83127109111361,12.260967379077616,0.7439293598233997,412,8.159806295399516,0.6779661016949152,23.17880794701987,5.6,0.0024213075060532,0,0,0,0,Healthy,62.7
317,317,double whopper with cheese burger king,1061,68.1,27.9,25.1,11.9,53.9,14.4,57.7,6.4,187.5,1.5,212.6,0.0,1.1,0.1,0.0,0.8,12.0,0.8,0.4,0.8,0.0,0.2,0.082,311.2,0.3,21.1,75.8,0.6,510.7,754.1,0.075,14.0,519.2,FOOD-DATA-GROUP1,32.10907067334446,29.994435169727325,37.89649415692821,1.0510018214936248,1061,5.433145009416196,0.6026365348399246,26.229508196721312,10.0,0.001412429378531,0,0,1,1,Healthy,53.8
318,318,big mac mcdonalds,563,32.8,8.3,7.6,0.7,44.0,8.7,25.9,3.5,78.8,1.0,112.3,0.0,0.4,0.1,0.048,0.5,7.4,0.0,0.0,0.9,0.0,0.0,0.0,254.0,0.2,4.4,43.8,0.5,267.2,396.4,0.0,4.2,365.5,FOOD-DATA-GROUP1,25.219084712755595,42.843232716650434,31.93768257059396,0.5755555555555555,563,4.592198581560283,0.6205673758865249,19.33333333333333,7.0,0.00177304964539,0,0,1,0,Healthy,60.5
319,319,sandwich with cold cuts,833,39.3,13.9,14.5,7.5,79.9,12.4,41.1,4.7,105.6,2.2,221.0,0.5,0.004,1.3,0.4,0.051,1.0,16.9,1.5,0.8,29.3,0.012,1.6,0.023,668.6,0.5,7.1,78.2,0.9,437.9,1102.6,0.065,166.871,FOOD-DATA-GROUP1,25.6394260761073,49.84404242046163,24.516531503431064,0.5080346106304079,833,4.928057553956835,0.5635491606714629,15.327564894932014,9.4,0.0026378896882494,0,0,1,1,Healthy,56.6
320,320,filet o fish mcdonalds,378,19.6,3.8,5.4,8.0,35.4,4.9,15.1,1.9,42.9,0.6,61.3,0.0,0.3,0.073,0.054,0.2,3.0,0.0,0.0,0.4,0.0,1.6,0.058,160.8,0.025,2.1,36.2,0.4,183.6,294.8,0.017,0.8,235.3,FOOD-DATA-GROUP1,21.540656205420827,50.49928673323824,27.960057061340947,0.4148351648351648,378,3.9841688654353566,0.5013192612137203,13.461538461538463,3.8,0.0015831134564643,0,0,0,0,Healthy,59.4
321,321,hand breaded chicken tenders carls jr,57,2.9,0.6,2.9,5.5,0.2,0.0,0.0,0.0,0.0,0.0,0.0,0.0,0.0,0.0,0.0,0.0,0.0,0.0,0.0,0.0,0.0,0.0,0.0,0.0,0.0,0.0,0.0,0.0,0.0,0.0,0.0,0.0,3.1,FOOD-DATA-GROUP1,0.0,6.451612903225806,93.5483870967742,0.0,57,0.0,0.0,0.0,0.0,0.0,0,0,0,0,Healthy,49.5
322,322,grilled chicken sandwich wendys,370,8.0,42.0,34.0,0.0,0.0,0.0,0.0,0.0,0.0,0.0,0.0,0.0,0.0,0.0,0.0,0.0,0.0,0.0,0.0,0.0,0.0,0.0,0.0,0.0,0.0,0.0,0.0,0.0,0.0,0.0,0.0,0.0,8.0,FOOD-DATA-GROUP1,0.0,0.0,100.0,0.0,370,0.0,0.0,0.0,0.0,0.0,0,0,1,0,Limit,35.0
323,323,sandwich with roast beef,410,13.0,7.1,1.8,2.6,44.3,0.0,28.6,0.0,73.4,0.8,127.4,0.03,0.4,0.053,0.015,0.4,6.0,0.8,0.3,5.6,0.0,0.0,0.0,41.0,0.4,2.8,67.0,0.4,192.2,330.5,0.073,4.4,135.393,FOOD-DATA-GROUP1,33.29452852153667,51.57159487776484,15.133876600698484,0.631346578366446,410,6.958637469586375,0.0,0.0,0.0,0.0019464720194647,0,0,1,0,Limit,59.7
324,324,hamburger burger king,258,10.4,3.8,4.2,1.2,26.5,5.5,14.7,2.0,34.7,0.5,45.5,0.5,0.0,0.3,0.026,0.0,0.2,3.9,0.2,0.056,0.2,0.0,0.068,0.049,75.2,0.1,2.8,24.8,0.3,124.7,214.8,0.055,54.28,FOOD-DATA-GROUP1,28.48837209302325,51.356589147286826,20.155038759689923,0.5345454545454545,258,5.675675675675675,0.7722007722007722,20.0,4.0,0.0019305019305019,0,0,0,0,Healthy,59.0
325,325,big n tasty mcdonalds,524,31.7,8.6,9.7,6.9,38.5,8.8,24.7,3.2,76.6,0.7,133.9,0.0,0.3,0.1,0.017,0.6,7.7,0.0,0.0,4.4,0.0,0.0,0.0,150.8,0.2,4.4,41.8,0.4,227.4,464.0,0.0,4.8,257.7,FOOD-DATA-GROUP1,26.02739726027397,40.56902002107481,33.40358271865121,0.6253164556962025,524,4.704761904761905,0.6095238095238096,22.27848101265823,6.4,0.0013333333333333,0,0,1,0,Healthy,59.8
326,326,roast beef sandwich,364,15.3,5.1,5.9,2.6,33.1,5.7,22.6,1.9,44.7,1.0,74.4,0.6,0.035,0.3,0.015,0.012,0.4,6.5,0.9,0.3,0.0,0.0,0.6,0.039,82.0,0.1,3.9,34.3,0.1,298.0,333.8,0.055,73.951,FOOD-DATA-GROUP1,31.83098591549296,46.61971830985916,21.549295774647888,0.6627565982404692,364,6.191780821917808,0.5205479452054794,16.715542521994134,3.8,0.0027397260273972,0,0,1,0,Limit,61.7
327,327,roast beef sandwich with cheese,473,18.0,9.0,3.7,3.5,45.4,0.0,32.2,0.0,77.4,1.6,76.6,0.082,0.4,0.065,0.063,0.5,5.9,0.7,0.3,0.0,0.0,0.0,0.0,183.0,0.2,5.1,40.5,0.3,401.3,345.0,0.021,5.4,283.72,FOOD-DATA-GROUP1,33.68200836820085,47.48953974895397,18.82845188284519,0.6939655172413794,473,6.79324894514768,0.0,0.0,0.0,0.0033755274261603,0,0,1,0,Limit,58.2
328,328,hamburger,255,9.9,3.5,3.7,1.3,28.7,5.8,12.9,1.7,28.1,0.5,43.5,0.4,0.088,0.3,0.082,0.092,0.2,3.9,0.3,0.1,0.3,0.041,0.053,0.068,112.5,0.027,2.8,21.3,0.2,106.7,191.1,0.017,53.859,FOOD-DATA-GROUP1,25.04854368932039,55.72815533980583,19.223300970873787,0.4343434343434343,255,5.0390625,0.6640625,19.52861952861953,3.4,0.001953125,0,0,0,0,Healthy,57.3
329,329,premium fish sandwich burger king,572,27.4,4.3,5.7,13.8,58.7,7.8,22.6,2.0,68.2,1.3,106.6,0.0,0.4,0.0,0.0,0.4,4.6,0.4,0.054,0.4,0.0,0.0,0.014,81.4,0.2,3.3,55.0,0.6,255.2,453.2,0.08,1.1,195.8,FOOD-DATA-GROUP1,20.791168353265867,54.00183992640294,25.206991720331175,0.3785594639865997,572,3.944153577661432,0.3490401396160558,13.065326633165828,4.0,0.0022687609075043,0,0,0,0,Healthy,61.6
330,330,whopper burger king,790,48.4,18.3,16.0,12.0,52.8,13.0,35.4,3.2,113.8,1.4,173.5,0.0,0.7,0.2,0.0,0.6,8.1,0.6,0.2,0.6,0.0,0.3,0.008,259.1,0.2,6.3,56.9,0.6,357.1,534.0,0.032,5.1,405.8,FOOD-DATA-GROUP1,25.91508052708638,38.65300146412884,35.43191800878478,0.6579925650557621,790,4.475347661188369,0.404551201011378,24.1635687732342,6.4,0.0017699115044247,0,0,1,1,Healthy,50.9
331,331,sandwich with tuna salad,584,28.0,5.3,13.4,7.3,55.4,0.0,29.7,0.0,48.6,1.3,139.0,0.004,0.5,0.1,0.076,0.3,11.3,1.9,0.2,3.6,0.0,0.0,0.0,74.2,0.4,2.6,79.4,0.5,220.2,335.4,0.019,1.9,193.569,FOOD-DATA-GROUP1,26.259946949602124,48.98320070733864,24.75685234305924,0.526595744680851,584,5.076923076923077,0.0,0.0,0.0,0.0022222222222222,0,0,1,0,Limit,61.0
332,332,original chicken sandwich burger king,569,29.2,5.4,7.4,14.4,52.2,6.0,24.2,4.8,61.7,1.3,89.0,0.0,0.6,0.075,0.0,0.3,9.4,0.9,0.3,0.4,0.0,0.0,0.019,91.5,0.2,3.6,45.8,0.8,254.7,390.0,0.037,1.2,205.9,FOOD-DATA-GROUP1,22.916666666666664,49.43181818181818,27.65151515151515,0.4548872180451127,569,4.245614035087719,0.8421052631578947,11.278195488721805,9.6,0.0022807017543859,0,0,1,0,Healthy,65.7
333,333,double whopper burger king,942,58.6,21.6,22.9,11.3,51.4,13.2,52.1,5.2,172.0,1.1,206.8,0.0,0.7,0.2,0.0,0.7,12.1,0.7,0.4,0.7,0.0,0.0,0.023,130.9,0.4,10.5,67.3,0.7,415.1,718.1,0.082,11.2,309.4,FOOD-DATA-GROUP1,32.14065391733498,31.708821714990748,36.15052436767427,0.9942748091603054,942,5.524920466595971,0.5514316012725345,25.19083969465649,10.0,0.0011664899257688,0,0,1,1,Healthy,52.5
334,334,premium crispy chicken club sandwich mcdonalds,635,29.9,8.5,10.7,9.0,57.4,12.7,39.1,3.0,96.5,1.2,122.0,0.0,0.4,0.0,0.0,0.4,12.1,2.3,0.0,9.7,0.0,0.0,0.0,233.7,0.0,3.4,0.0,0.0,0.0,0.0,0.0,0.0,376.2,FOOD-DATA-GROUP1,30.93354430379747,45.41139240506329,23.65506329113924,0.6695205479452055,635,6.147798742138365,0.4716981132075472,21.74657534246575,6.0,0.0018867924528301,0,0,1,0,Healthy,58.0
335,335,hamburger mcdonalds,251,9.6,3.3,3.6,1.3,28.8,5.7,12.3,1.2,25.7,0.5,42.3,0.4,0.0,0.2,0.03,0.008,0.2,4.3,0.0,0.0,0.6,0.0,0.0,0.0,120.7,0.049,2.7,20.0,0.3,101.7,182.4,0.066,52.357,FOOD-DATA-GROUP1,24.2603550295858,56.80473372781065,18.93491124260355,0.412751677852349,251,4.880952380952381,0.4761904761904761,19.12751677852349,2.4,0.0019841269841269,0,0,0,0,Healthy,56.3
336,336,pepperoni pizza dominos,308,12.6,5.4,3.8,2.4,36.0,4.2,12.7,2.4,28.3,0.7,49.0,0.0,0.4,0.0,0.014,0.2,3.9,0.0,0.024,0.9,0.0,1.1,0.034,159.3,0.1,2.6,27.1,0.4,215.8,206.8,0.038,1.5,226.5,FOOD-DATA-GROUP1,20.71778140293637,58.72756933115824,20.554649265905383,0.3432432432432432,308,4.110032362459546,0.7766990291262136,11.351351351351353,4.8,0.0022653721682847,0,0,1,0,Limit,57.4
337,337,sausage pizza,325,14.3,5.8,4.7,2.7,35.5,3.9,13.3,2.7,26.7,0.7,49.9,0.3,0.019,0.4,0.1,0.055,0.2,4.4,0.0,0.099,2.0,0.0,1.1,0.078,167.0,0.1,2.8,27.8,0.4,223.9,228.5,0.003,66.337,FOOD-DATA-GROUP1,21.07765451664026,56.25990491283677,22.662440570522985,0.3643835616438356,325,4.079754601226994,0.8282208588957056,10.684931506849312,5.4,0.0021472392638036,0,0,1,0,Limit,58.1
338,338,pepperoni pizza,313,13.2,5.7,4.3,2.3,35.5,3.6,13.0,2.6,27.8,0.8,46.4,0.3,0.035,0.5,0.1,0.001,0.2,4.6,0.0,0.093,1.0,0.0,1.0,0.05,169.8,0.1,2.8,26.6,0.4,219.8,216.5,0.022,64.836,FOOD-DATA-GROUP1,21.06969205834684,57.53646677471637,21.393841166936788,0.3561643835616438,313,4.140127388535031,0.8280254777070064,9.863013698630136,5.2,0.0025477707006369,0,0,1,0,Limit,57.9
339,339,pepperoni pizza pizza hut,269,10.9,5.0,3.9,2.0,30.3,3.5,12.3,1.6,25.0,0.8,39.7,0.087,0.3,0.0,0.073,0.3,3.9,0.4,0.1,0.0,0.0,0.7,0.037,148.8,0.038,2.1,22.1,0.4,209.3,198.7,0.021,1.6,206.086,FOOD-DATA-GROUP1,22.99065420560748,56.63551401869159,20.373831775700936,0.3929712460063898,269,4.555555555555555,0.5925925925925927,11.182108626198085,3.2,0.0029629629629629,0,0,0,0,Healthy,56.5
340,340,cheese pizza pizza hut,260,10.5,4.8,2.8,1.8,30.0,3.2,11.5,1.7,23.0,0.7,41.6,0.075,0.3,0.0,0.033,0.2,3.2,0.3,0.1,0.0,0.0,0.7,0.039,200.6,0.003,1.9,21.1,0.3,239.0,166.1,0.022,1.6,256.272,FOOD-DATA-GROUP1,22.115384615384613,57.692307692307686,20.192307692307693,0.3709677419354839,260,4.406130268199234,0.6513409961685823,10.32258064516129,3.4,0.0026819923371647,0,0,0,0,Healthy,56.3
341,341,cheese pizza,285,10.4,4.8,2.8,1.8,35.7,3.8,12.2,2.5,18.2,0.6,46.2,0.3,0.001,0.4,0.014,0.023,0.2,4.1,0.0,0.066,1.5,0.0,0.9,0.082,201.2,0.1,2.7,25.7,0.4,231.1,184.0,0.031,61.304,FOOD-DATA-GROUP1,20.926243567753,61.23499142367067,17.83876500857633,0.332425068119891,285,4.265734265734265,0.8741258741258742,10.354223433242506,5.0,0.002097902097902,0,0,0,0,Healthy,57.8
342,342,cheese pizza dominos,278,9.7,4.4,2.3,2.0,35.9,4.3,11.7,2.4,18.4,0.6,48.5,0.068,0.3,0.0,0.037,0.2,3.6,0.5,0.051,1.0,0.0,1.1,0.028,180.4,0.1,2.5,25.9,0.3,220.3,173.9,0.026,1.3,243.663,FOOD-DATA-GROUP1,20.418848167539267,62.65270506108202,16.92844677137871,0.3170731707317073,278,4.193548387096774,0.8602150537634409,11.653116531165312,4.8,0.0021505376344086,0,0,0,0,Healthy,57.3
343,343,meat vegetable pizza,332,14.8,6.0,5.2,2.6,34.5,5.1,15.0,3.0,36.7,0.8,68.5,0.032,0.3,0.045,0.045,0.4,4.2,0.6,0.1,0.1,0.0,1.2,0.065,163.2,0.2,2.5,31.3,0.4,248.9,250.2,0.075,1.7,233.148,FOOD-DATA-GROUP1,23.32814930015552,53.654743390357694,23.017107309486786,0.4225352112676056,332,4.504504504504505,0.9009009009009008,14.366197183098592,6.0,0.0024024024024024,0,0,1,0,Healthy,59.2
344,344,sucker raw,146,3.7,0.7,1.1,1.3,0.0,0.0,26.6,0.0,65.2,0.0,126.7,0.041,0.095,0.028,0.063,0.1,1.9,1.2,0.3,0.0,0.0,0.0,0.0,111.3,0.3,2.1,47.7,1.0,333.9,604.2,0.056,1.2,143.779,FOOD-DATA-GROUP1,87.7887788778878,0.0,12.211221122112212,26.6,146,18.0952380952381,0.0,0.0,0.0,0.0,0,0,0,0,Healthy,64.5
345,345,northern pike raw,348,2.7,0.5,0.6,0.8,0.0,0.0,76.3,0.0,154.4,0.2,312.5,0.059,0.2,0.077,0.078,0.2,9.1,3.0,0.5,15.0,0.025,0.8,0.089,225.7,0.2,2.2,122.8,1.0,871.2,1025.6,0.082,2.7,321.946,FOOD-DATA-GROUP1,96.58227848101264,0.0,3.4177215189873418,76.3,348,21.86246418338109,0.0,0.0,0.0,0.0005730659025787,0,0,0,1,Healthy,64.6
346,346,haddock cooked,135,0.8,0.2,0.1,0.3,0.0,0.0,30.0,0.0,99.0,0.4,119.5,0.012,0.099,0.035,0.045,0.1,6.2,0.7,0.5,0.0,0.064,0.8,0.004,21.0,0.042,0.3,39.0,0.06,417.0,526.5,0.055,0.6,52.159,FOOD-DATA-GROUP1,97.4025974025974,0.0,2.5974025974025974,30.0,135,22.058823529411764,0.0,0.0,0.0,0.0029411764705882,0,0,0,0,Healthy,64.8
347,347,burbot cooked,104,0.9,0.2,0.2,0.3,0.0,0.0,22.3,0.0,69.3,0.1,66.1,0.071,0.4,0.059,0.087,0.2,1.8,0.2,0.3,0.0,0.0,0.0,0.0,57.6,0.2,1.0,36.9,0.8,230.4,466.2,0.002,0.9,81.891,FOOD-DATA-GROUP1,96.1206896551724,0.0,3.8793103448275854,22.3,104,21.23809523809524,0.0,0.0,0.0,0.0009523809523809,0,0,0,0,Healthy,64.8
348,348,pollock cooked,356,3.8,0.5,0.4,1.9,0.0,0.0,75.3,0.0,274.8,0.3,217.5,0.045,0.2,0.092,0.093,0.7,12.0,1.2,1.0,0.0,0.0,0.0,0.0,232.5,0.2,1.8,259.7,0.026,854.7,1377.1,0.1,1.8,313.428,FOOD-DATA-GROUP1,95.19595448798988,0.0,4.804045512010114,75.3,356,21.09243697478992,0.0,0.0,0.0,0.0008403361344537,0,0,0,1,Healthy,64.6
349,349,rainbow smelt raw,27,0.7,0.1,0.2,0.3,0.0,0.0,5.0,0.0,19.8,0.019,22.3,0.036,0.071,0.057,0.056,0.024,0.4,0.2,0.095,0.0,0.045,0.1,0.068,17.0,0.041,0.3,8.5,0.2,65.1,82.1,0.036,0.5,23.004,FOOD-DATA-GROUP1,87.71929824561403,0.0,12.280701754385964,5.0,27,17.857142857142858,0.0,0.0,0.0,0.0006785714285714,0,0,0,0,Healthy,53.7
350,350,whitefish cooked,265,11.6,1.8,3.9,4.2,0.0,0.0,37.7,0.0,118.6,0.1,100.2,0.082,0.3,0.0,0.027,0.2,5.9,1.3,0.5,0.0,0.0,0.0,0.0,50.8,0.1,0.7,64.7,0.1,532.8,625.2,0.08,2.0,100.864,FOOD-DATA-GROUP1,76.47058823529412,0.0,23.52941176470588,37.7,265,14.172932330827068,0.0,0.0,0.0,0.000375939849624,0,0,0,1,Healthy,63.6
351,351,walleye pike raw,148,1.9,0.4,0.5,0.7,0.0,0.0,30.4,0.0,136.7,0.011,126.1,0.083,0.4,0.032,0.006,0.3,3.7,1.2,0.2,0.0,0.0,0.0,0.0,174.9,0.3,2.1,47.7,1.3,333.9,618.5,0.011,1.0,209.316,FOOD-DATA-GROUP1,94.11764705882352,0.0,5.88235294117647,30.4,148,20.40268456375839,0.0,0.0,0.0,7.38255033557047e-05,0,0,0,1,Healthy,64.7
352,352,carp cooked,275,12.2,2.4,5.1,3.1,0.0,0.0,38.9,0.0,142.8,0.1,118.4,0.02,0.2,0.056,0.09,0.1,3.6,1.5,0.4,2.7,0.0,0.0,0.0,88.4,0.1,2.7,64.6,0.074,902.7,725.9,0.082,3.2,144.989,FOOD-DATA-GROUP1,76.1252446183953,0.0,23.874755381604697,38.9,275,14.094202898550725,0.0,0.0,0.0,0.0003623188405797,0,0,0,1,Healthy,63.2
353,353,wolffish cooked,293,7.3,1.1,2.6,2.6,0.0,0.0,53.4,0.0,140.4,0.3,176.7,0.3,0.5,0.063,0.08,0.2,6.2,1.6,1.1,0.0,0.0,0.0,0.0,19.0,0.048,0.3,90.4,0.075,609.3,916.3,0.1,2.4,80.3,FOOD-DATA-GROUP1,87.97364085667216,0.0,12.026359143327843,53.4,293,18.163265306122447,0.0,0.0,0.0,0.0010204081632653,0,0,0,1,Healthy,64.2
354,354,snapper cooked,218,2.9,0.6,0.5,1.0,0.0,0.0,44.7,0.0,79.9,0.066,119.6,0.071,0.009,0.094,0.05,0.065,0.6,1.5,0.8,2.7,0.0,0.0,0.0,68.0,0.027,0.4,62.9,0.034,341.7,887.4,0.07,0.7,118.742,FOOD-DATA-GROUP1,93.90756302521008,0.0,6.092436974789916,44.7,218,20.41095890410959,0.0,0.0,0.0,0.0003013698630136,0,0,0,0,Healthy,64.5
355,355,roe cooked,58,2.3,0.5,0.6,1.0,0.5,0.0,8.1,0.0,135.6,0.055,16.6,0.066,0.001,0.055,0.056,0.3,0.6,0.3,0.085,4.6,0.0,0.0,0.0,7.9,0.078,0.2,7.4,0.033,145.7,80.1,0.052,0.4,23.609,FOOD-DATA-GROUP1,74.3119266055046,4.587155963302752,21.100917431192663,5.4,58,13.728813559322036,0.0,0.0,0.0,0.0009322033898305,0,0,0,1,Healthy,55.7
356,356,anchovy raw,37,1.4,0.4,0.3,0.5,0.0,0.0,5.8,0.0,17.0,0.012,20.8,0.097,0.055,0.029,0.032,0.009,4.0,0.2,0.067,0.0,0.0,0.2,0.015,41.6,0.071,0.9,11.6,0.025,49.2,108.4,0.045,0.5,49.714,FOOD-DATA-GROUP1,80.55555555555556,0.0,19.444444444444446,5.8,37,15.263157894736842,0.0,0.0,0.0,0.0003157894736842,0,0,0,0,Healthy,54.0
357,357,herring raw,291,16.6,3.8,6.9,3.9,0.0,0.0,33.0,0.0,110.4,0.2,132.6,0.027,0.2,0.084,0.016,0.4,5.9,1.2,0.6,1.3,0.005,2.0,0.033,104.9,0.2,2.0,58.9,0.098,434.2,601.7,0.022,1.8,157.898,FOOD-DATA-GROUP1,66.53225806451613,0.0,33.46774193548387,33.0,291,11.301369863013695,0.0,0.0,0.0,0.0006849315068493,0,0,0,1,Healthy,62.1
358,358,cod raw,189,1.5,0.3,0.2,0.5,0.0,0.0,41.1,0.0,99.3,0.1,187.6,0.045,0.2,0.016,0.061,0.2,4.8,0.4,0.6,2.3,0.083,1.5,0.021,37.0,0.023,0.9,73.9,0.013,468.9,954.0,0.096,1.0,82.88,FOOD-DATA-GROUP1,96.47887323943662,0.0,3.5211267605633805,41.1,189,21.63157894736842,0.0,0.0,0.0,0.0005263157894736,0,0,0,0,Healthy,64.8
359,359,tilapia raw,111,2.0,0.7,0.6,0.4,0.0,0.0,23.3,0.0,58.0,0.009,90.6,0.0,0.094,0.09,0.02,0.036,4.5,0.6,0.2,0.0,0.019,0.5,0.068,11.6,0.087,0.6,31.3,0.081,197.2,350.3,0.039,0.4,37.5,FOOD-DATA-GROUP1,92.09486166007903,0.0,7.905138339920949,23.3,111,20.80357142857143,0.0,0.0,0.0,8.035714285714285e-05,0,0,0,0,Healthy,64.5
360,360,whiting cooked,84,1.2,0.3,0.3,0.4,0.0,0.0,16.9,0.0,60.5,0.018,53.8,0.064,0.04,0.075,0.045,0.05,1.2,0.2,0.1,0.0,0.027,0.3,0.075,44.6,0.01,0.3,19.4,0.017,205.2,312.5,0.077,0.4,63.037,FOOD-DATA-GROUP1,93.37016574585635,0.0,6.629834254143647,16.9,84,19.882352941176467,0.0,0.0,0.0,0.0002117647058823,0,0,0,0,Healthy,62.4
361,361,skipjack tuna cooked,407,4.0,1.3,0.7,1.2,0.0,0.0,86.9,0.0,184.8,0.1,191.8,0.059,0.1,0.06,0.041,0.4,57.8,1.5,3.0,3.1,0.0,0.0,0.0,114.0,0.3,4.9,135.5,0.067,877.8,1607.8,0.1,3.2,212.936,FOOD-DATA-GROUP1,95.5995599559956,0.0,4.4004400440044,86.9,407,21.29901960784314,0.0,0.0,0.0,0.0002450980392156,0,0,0,1,Healthy,64.0
362,362,salmon cooked,733,44.0,8.5,14.9,16.2,0.0,0.0,78.7,0.0,224.3,0.2,230.5,0.2,1.2,0.1,0.01,0.5,28.6,5.3,2.3,13.2,0.046,4.1,0.044,53.4,0.2,1.2,106.8,0.095,897.1,1367.0,0.1,1.5,190.7,FOOD-DATA-GROUP1,64.14017929910351,0.0,35.85982070089649,78.7,733,10.722070844686648,0.0,0.0,0.0,0.0002724795640326,0,0,1,1,Limit,58.6
363,363,chum salmon cooked,474,14.9,3.3,6.1,3.5,0.0,0.0,79.5,0.0,292.6,0.2,210.8,0.1,0.3,0.045,0.017,0.7,26.3,2.7,1.4,0.0,0.0,0.0,0.0,43.1,0.2,2.2,86.2,0.09,1118.0,1694.0,0.1,1.8,139.8,FOOD-DATA-GROUP1,84.21610169491525,0.0,15.783898305084746,79.5,474,16.736842105263158,0.0,0.0,0.0,0.0004210526315789,0,0,0,1,Healthy,62.5
364,364,american shad cooked,363,25.4,0.0,0.0,0.0,0.0,0.0,31.3,0.0,138.2,0.043,85.3,0.031,0.3,0.008,0.065,0.4,15.5,1.2,0.7,0.0,0.0,0.0,0.0,86.4,0.1,1.8,54.7,0.027,502.6,708.5,0.035,0.7,144.967,FOOD-DATA-GROUP1,55.20282186948854,0.0,44.79717813051146,31.3,363,8.598901098901099,0.0,0.0,0.0,0.0001181318681318,0,0,0,1,Healthy,65.0
365,365,shark cooked,65,3.9,0.9,1.7,1.0,1.8,0.0,5.3,0.0,16.7,0.068,17.0,0.058,0.034,0.05,0.066,0.013,0.8,0.2,0.063,0.0,0.0,0.0,0.0,14.2,0.031,0.3,12.2,0.057,54.9,43.9,0.064,0.1,25.548,FOOD-DATA-GROUP1,48.18181818181818,16.363636363636363,35.45454545454545,1.892857142857143,65,8.030303030303031,0.0,0.0,0.0,0.001030303030303,0,0,0,0,Healthy,53.3
366,366,trout cooked,118,5.3,0.9,2.6,1.2,0.0,0.0,16.5,0.0,45.9,0.027,39.3,0.02,0.3,0.019,0.026,0.3,3.6,1.4,0.1,0.3,0.0,0.0,0.0,34.1,0.1,1.2,17.4,0.7,194.7,287.1,0.096,0.5,57.496,FOOD-DATA-GROUP1,75.68807339449542,0.0,24.311926605504585,16.5,118,13.865546218487395,0.0,0.0,0.0,0.0002268907563025,0,0,0,0,Healthy,61.7
367,367,swordfish raw,196,9.0,2.2,4.0,1.6,0.0,0.0,26.7,0.0,89.8,0.1,99.8,0.04,0.1,0.036,0.02,0.071,10.6,0.5,0.7,0.0,0.082,2.7,0.023,6.8,0.051,0.5,39.4,0.059,346.8,568.5,0.021,0.9,43.072,FOOD-DATA-GROUP1,74.78991596638654,0.0,25.210084033613445,26.7,196,13.553299492385786,0.0,0.0,0.0,0.0005076142131979,0,0,0,0,Healthy,63.3
368,368,rainbow trout cooked,119,5.2,1.2,1.7,1.3,0.0,0.0,16.9,0.0,49.7,0.041,48.8,0.09,0.024,0.1,0.035,0.011,0.077,4.7,1.4,0.3,2.1,0.092,2.0,0.003,21.3,0.093,0.3,21.3,0.043,191.7,319.5,0.059,22.557,FOOD-DATA-GROUP1,76.47058823529413,0.0,23.529411764705884,16.9,119,14.08333333333333,0.0,0.0,0.0,0.0003416666666666,0,0,0,0,Healthy,61.8
369,369,fish sandwich with cheese,374,19.6,3.8,5.4,8.0,35.4,4.9,15.1,0.0,49.6,0.6,61.3,0.0,0.3,0.0,0.007,0.3,3.1,0.3,0.044,2.0,0.0,0.0,0.0,160.8,0.092,2.1,36.2,0.4,183.6,294.8,0.0,0.8,235.0,FOOD-DATA-GROUP1,21.540656205420827,50.49928673323824,27.960057061340947,0.4148351648351648,374,4.026666666666666,0.0,13.461538461538463,0.0,0.0015999999999999,0,0,0,0,Healthy,56.5
370,370,jellyfish dried,21,0.8,0.2,0.1,0.3,0.0,0.0,3.2,0.0,2.9,5.6,39.4,0.024,0.082,0.033,0.0,0.05,0.1,0.0,0.054,0.0,0.0,0.05,0.059,1.2,0.08,1.3,1.2,0.0,11.6,1.7,0.014,0.2,6.517,FOOD-DATA-GROUP1,80.0,0.0,20.0,3.2,21,14.545454545454549,0.0,0.0,0.0,0.2545454545454545,0,0,0,0,Healthy,52.2
371,371,mullet raw,139,4.5,1.3,1.3,0.9,0.0,0.0,23.0,0.0,58.3,0.098,91.6,0.048,0.1,0.002,0.092,0.07,6.2,0.9,0.5,1.4,0.065,1.2,0.066,48.8,0.0,1.2,34.5,0.005,263.0,424.8,0.053,0.6,78.949,FOOD-DATA-GROUP1,83.63636363636363,0.0,16.363636363636363,23.0,139,16.428571428571427,0.0,0.0,0.0,0.0007,0,0,0,0,Healthy,64.0
372,372,halibut cooked,353,5.1,1.1,1.8,1.1,0.0,0.0,71.7,0.0,190.8,0.3,242.1,0.043,0.007,0.2,0.01,0.043,0.1,25.2,1.3,2.0,0.0,0.089,2.4,0.0,28.6,0.095,0.6,89.0,0.071,912.7,1679.0,0.2,78.934,FOOD-DATA-GROUP1,93.359375,0.0,6.640625,71.7,353,20.25423728813559,0.0,0.0,0.0,0.0008474576271186,0,0,0,1,Healthy,64.2
373,373,lingcod raw,213,2.7,0.5,0.9,0.8,0.0,0.0,44.2,0.0,130.0,0.1,202.6,0.079,0.067,0.04,0.093,0.3,4.8,1.9,0.8,0.0,0.0,0.0,0.0,35.0,0.024,0.8,65.0,0.035,502.5,1092.5,0.025,1.1,82.778,FOOD-DATA-GROUP1,94.24307036247336,0.0,5.756929637526651,44.2,213,20.65420560747664,0.0,0.0,0.0,0.0004672897196261,0,0,0,1,Healthy,64.6
374,374,orange roughy cooked,30,0.3,0.046,0.1,0.076,0.0,0.0,6.4,0.0,22.6,0.079,19.0,0.049,0.025,0.035,0.043,0.009,0.5,0.025,0.022,0.0,0.0,0.5,0.076,3.1,0.043,0.3,5.1,0.061,28.9,51.2,0.024,0.095,10.146,FOOD-DATA-GROUP1,95.52238805970148,0.0,4.477611940298507,6.4,30,20.64516129032258,0.0,0.0,0.0,0.0025483870967741,0,0,0,0,Healthy,54.8
375,375,cisco raw,77,1.5,0.3,0.4,0.5,0.0,0.0,15.0,0.0,39.5,0.042,62.4,0.022,0.098,0.016,0.023,0.024,2.0,0.6,0.2,0.0,0.0,0.0,0.0,9.5,0.029,0.3,13.4,0.019,120.1,279.7,0.08,0.3,26.367,FOOD-DATA-GROUP1,90.9090909090909,0.0,9.090909090909092,15.0,77,19.230769230769237,0.0,0.0,0.0,0.0005384615384615,0,0,0,0,Healthy,61.0
376,376,florida pompano cooked,186,10.7,4.0,2.9,1.3,0.0,0.0,20.8,0.0,56.3,0.05,55.4,0.025,0.6,0.055,0.006,0.1,3.3,0.8,0.2,0.0,0.0,0.0,0.0,37.8,0.087,0.6,27.3,0.023,300.1,559.7,0.089,0.6,69.911,FOOD-DATA-GROUP1,66.03174603174602,0.0,33.96825396825396,20.8,186,11.122994652406415,0.0,0.0,0.0,0.0002673796791443,0,0,0,0,Healthy,62.0
377,377,snapper raw,218,2.9,0.6,0.5,1.0,0.0,0.0,44.7,0.0,80.7,0.1,167.6,0.01,0.1,0.028,0.06,0.049,0.6,1.6,0.9,3.5,0.054,2.1,0.098,69.8,0.055,0.4,69.8,0.072,431.6,909.1,0.065,0.8,121.32,FOOD-DATA-GROUP1,93.90756302521008,0.0,6.092436974789916,44.7,218,20.41095890410959,0.0,0.0,0.0,0.0004566210045662,0,0,0,0,Healthy,64.5
378,378,fish sandwich,565,27.4,4.3,5.7,13.8,58.7,7.8,22.6,0.0,77.0,1.3,106.6,0.2,0.0,0.5,0.0,0.0,0.3,4.7,0.8,0.2,4.0,0.0,0.0,0.0,81.4,0.2,3.3,55.0,0.6,255.2,453.2,0.1,109.3,FOOD-DATA-GROUP1,20.791168353265867,54.00183992640294,25.206991720331175,0.3785594639865997,565,3.992932862190813,0.0,13.065326633165828,0.0,0.0022968197879858,0,0,0,0,Healthy,58.6
379,379,haddock raw,143,0.9,0.2,0.1,0.3,0.0,0.0,31.5,0.0,104.2,0.4,160.9,0.098,0.01,0.005,0.012,0.1,6.5,0.8,0.5,0.0,0.025,0.9,0.079,21.2,0.034,0.3,40.5,0.051,438.1,552.0,0.025,0.6,53.952,FOOD-DATA-GROUP1,97.2222222222222,0.0,2.777777777777778,31.5,143,21.875,0.0,0.0,0.0,0.0027777777777777,0,0,0,1,Healthy,64.8
380,380,ocean perch raw,51,1.0,0.2,0.3,0.2,0.0,0.0,9.8,0.0,33.3,0.2,50.4,0.087,0.064,0.074,0.021,0.06,0.6,0.2,0.078,0.0,0.08,0.5,0.051,17.9,0.043,0.1,14.7,0.045,158.7,119.7,0.029,0.2,28.835,FOOD-DATA-GROUP1,90.74074074074076,0.0,9.25925925925926,9.8,51,18.84615384615385,0.0,0.0,0.0,0.0038461538461538,0,0,0,0,Healthy,57.2
381,381,cuttlefish cooked,45,0.4,0.08,0.061,0.061,0.5,0.0,9.2,0.0,63.4,0.2,17.3,0.05,0.07,0.046,0.057,0.5,0.6,0.3,0.015,2.4,0.0,0.0,0.0,50.9,0.3,3.1,17.0,0.056,164.1,180.3,0.037,1.0,66.521,FOOD-DATA-GROUP1,91.08910891089108,4.950495049504951,3.96039603960396,6.133333333333333,45,20.0,0.0,0.0,0.0,0.0043478260869565,0,0,0,0,Healthy,56.8
382,382,cod cooked,189,1.5,0.3,0.2,0.5,0.0,0.0,41.1,0.0,99.0,0.1,136.7,0.077,0.2,0.024,0.071,0.1,4.5,0.3,0.5,1.8,0.097,1.5,0.028,25.2,0.01,0.9,75.6,0.016,248.4,439.2,0.09,1.0,70.534,FOOD-DATA-GROUP1,96.47887323943662,0.0,3.5211267605633805,41.1,189,21.63157894736842,0.0,0.0,0.0,0.0005263157894736,0,0,0,0,Healthy,64.8
383,383,seatrout raw,248,8.6,2.4,2.1,1.7,0.0,0.0,39.8,0.0,197.5,0.1,185.9,0.056,0.1,0.085,0.083,0.4,5.7,1.8,1.0,0.0,0.0,0.0,0.0,40.5,0.082,0.6,73.8,0.007,595.0,811.6,0.029,1.1,89.528,FOOD-DATA-GROUP1,82.23140495867767,0.0,17.768595041322314,39.8,248,15.983935742971886,0.0,0.0,0.0,0.0004016064257028,0,0,0,1,Healthy,63.2
384,384,flounder raw,114,3.1,0.7,0.9,0.6,0.0,0.0,20.2,0.0,73.4,0.5,137.9,0.036,0.053,0.048,0.072,0.091,1.7,0.3,0.2,0.0,0.059,1.0,0.074,34.2,0.038,0.3,29.3,0.074,410.8,260.8,0.014,0.5,57.837,FOOD-DATA-GROUP1,86.69527896995707,0.0,13.304721030042918,20.2,114,17.565217391304348,0.0,0.0,0.0,0.0043478260869565,0,0,0,0,Healthy,64.5
385,385,spot cooked,79,3.1,0.9,0.9,0.7,0.0,0.0,11.9,0.0,38.5,0.022,34.6,0.051,0.051,0.036,0.093,0.1,4.3,0.4,0.2,0.0,0.0,0.0,0.0,9.0,0.025,0.2,27.0,0.098,119.0,318.0,0.029,0.3,24.239,FOOD-DATA-GROUP1,79.33333333333333,0.0,20.666666666666668,11.9,79,14.875,0.0,0.0,0.0,0.0002749999999999,0,0,0,0,Healthy,58.2
386,386,walleye pike cooked,148,1.9,0.4,0.5,0.7,0.0,0.0,30.4,0.0,136.4,0.069,91.1,0.085,0.4,0.032,0.047,0.2,3.5,1.1,0.2,0.0,0.0,0.0,0.0,174.8,0.3,2.1,47.1,1.3,333.6,618.8,0.073,1.0,209.213,FOOD-DATA-GROUP1,94.11764705882352,0.0,5.88235294117647,30.4,148,20.40268456375839,0.0,0.0,0.0,0.0004630872483221,0,0,0,1,Healthy,64.7
387,387,perch raw,55,0.6,0.1,0.081,0.2,0.0,0.0,11.6,0.0,54.0,0.037,47.5,0.052,0.03,0.041,0.034,0.001,0.9,0.5,0.091,1.0,0.084,0.1,0.092,48.0,0.077,0.5,18.0,0.4,120.0,161.4,0.031,0.7,61.715,FOOD-DATA-GROUP1,95.08196721311477,0.0,4.918032786885246,11.6,55,20.71428571428571,0.0,0.0,0.0,0.0006607142857142,0,0,0,0,Healthy,58.6
388,388,pumpkin seed sunfish raw,43,0.3,0.051,0.016,0.1,0.0,0.0,9.3,0.0,32.2,0.06,38.2,0.096,0.031,0.087,0.07,0.064,0.6,0.4,0.024,0.5,0.0,0.0,0.0,38.4,0.1,0.6,14.4,0.3,86.4,168.0,0.078,0.7,49.154,FOOD-DATA-GROUP1,96.875,0.0,3.124999999999999,9.3,43,21.13636363636364,0.0,0.0,0.0,0.0013636363636363,0,0,0,0,Healthy,56.9
389,389,salt mackerel,415,34.1,9.7,11.3,8.4,0.0,0.0,25.2,0.0,129.2,6.1,58.5,0.031,0.05,0.061,0.065,0.3,4.5,0.0,0.6,0.0,0.03,3.2,0.043,89.8,0.1,1.9,81.6,0.0,345.4,707.2,0.082,1.5,151.025,FOOD-DATA-GROUP1,42.49578414839797,0.0,57.50421585160203,25.2,415,6.057692307692308,0.0,0.0,0.0,0.0146634615384615,0,0,1,1,Limit,57.7
390,390,mackerel cooked,231,15.7,3.7,6.2,3.8,0.0,0.0,21.0,0.0,66.0,0.064,46.9,0.065,0.1,0.014,0.097,0.4,6.0,0.9,0.4,0.4,0.0,0.0,0.0,13.2,0.086,1.4,85.4,0.008,244.6,352.9,0.038,0.8,51.733,FOOD-DATA-GROUP1,57.22070844686648,0.0,42.77929155313351,21.0,231,9.051724137931034,0.0,0.0,0.0,0.0002758620689655,0,0,0,0,Healthy,62.2
391,391,tilapia cooked,111,2.3,0.8,0.8,0.5,0.0,0.0,22.8,0.0,49.6,0.011,62.3,0.0,0.021,0.006,0.037,0.072,4.1,0.6,0.1,0.0,0.013,0.7,0.053,12.2,0.049,0.6,29.6,0.083,177.5,330.6,0.034,0.4,37.9,FOOD-DATA-GROUP1,90.83665338645416,0.0,9.163346613545816,22.8,111,20.357142857142858,0.0,0.0,0.0,9.82142857142857e-05,0,0,0,0,Healthy,64.4
392,392,drum raw,236,9.8,2.2,4.3,2.3,0.0,0.0,34.7,0.0,126.7,0.1,153.1,0.1,0.1,0.07,0.03,0.3,4.7,1.5,0.6,2.0,0.0,0.0,0.0,118.8,0.5,1.8,59.4,1.4,356.4,544.5,0.071,1.3,167.2,FOOD-DATA-GROUP1,77.97752808988764,0.0,22.02247191011236,34.7,236,14.641350210970469,0.0,0.0,0.0,0.00042194092827,0,0,0,1,Healthy,63.3
393,393,atlantic croaker fried,192,11.0,3.0,4.6,2.5,6.6,0.0,15.8,0.3,73.1,0.3,52.0,0.004,0.006,0.044,0.032,0.1,3.7,0.6,0.2,0.0,0.0,0.0,0.0,27.8,0.096,0.7,36.5,0.079,188.8,295.8,0.038,0.5,62.209,FOOD-DATA-GROUP1,47.305389221556894,19.760479041916167,32.93413173652694,2.0789473684210527,192,8.186528497409327,0.155440414507772,0.0,0.6,0.0015544041450777,0,0,0,0,Healthy,60.0
394,394,pumpkin seed sunfish cooked,42,0.3,0.025,0.083,0.1,0.0,0.0,9.2,0.0,31.8,0.046,27.3,0.087,0.001,0.038,0.062,0.028,0.5,0.3,0.066,0.4,0.0,0.0,0.0,38.1,0.1,0.6,14.1,0.3,85.5,166.1,0.025,0.7,48.674,FOOD-DATA-GROUP1,96.84210526315788,0.0,3.1578947368421053,9.2,42,21.3953488372093,0.0,0.0,0.0,0.0010697674418604,0,0,0,0,Healthy,56.9
395,395,wolffish raw,294,7.3,1.1,2.6,2.6,0.0,0.0,53.6,0.0,140.8,0.3,244.5,0.3,0.6,0.062,0.074,0.2,6.5,1.7,1.2,0.0,0.0,0.0,0.0,18.4,0.028,0.3,91.8,0.033,612.0,918.0,0.1,2.4,79.9,FOOD-DATA-GROUP1,88.01313628899837,0.0,11.986863711001645,53.6,294,18.169491525423727,0.0,0.0,0.0,0.0010169491525423,0,0,0,1,Healthy,64.2
396,396,bluefin tuna cooked,276,9.4,2.4,3.1,2.8,0.0,0.0,44.9,0.0,73.5,0.02,88.6,1.1,0.4,0.034,0.062,0.5,15.8,2.1,0.8,0.0,0.0,0.0,0.0,15.0,0.2,2.0,96.0,0.028,489.0,484.5,0.036,1.2,72.4,FOOD-DATA-GROUP1,82.68876611418048,0.0,17.311233885819522,44.9,276,16.209386281588447,0.0,0.0,0.0,7.220216606498195e-05,0,0,0,0,Healthy,63.2
397,397,scup cooked,68,1.8,0.0,0.0,0.0,0.0,0.0,12.1,0.0,33.5,0.061,34.2,0.093,0.004,0.051,0.037,0.044,2.5,0.4,0.2,0.0,0.0,0.0,0.0,25.5,0.078,0.3,14.5,0.034,118.5,184.0,0.015,0.3,39.718,FOOD-DATA-GROUP1,87.0503597122302,0.0,12.949640287769784,12.1,68,17.53623188405797,0.0,0.0,0.0,0.0008840579710144,0,0,0,0,Healthy,59.1
398,398,herring cooked,290,16.6,3.7,6.8,3.9,0.0,0.0,32.9,0.0,110.1,0.2,91.7,0.076,0.2,0.067,0.06,0.4,5.9,1.1,0.5,1.0,0.0,2.0,0.074,105.8,0.2,2.0,58.6,0.082,433.3,599.2,0.066,1.8,158.304,FOOD-DATA-GROUP1,66.46464646464646,0.0,33.53535353535354,32.9,290,11.305841924398626,0.0,0.0,0.0,0.0006872852233676,0,0,0,1,Healthy,62.2
399,399,bluefish raw,186,6.4,1.4,2.7,1.6,0.0,0.0,30.1,0.0,88.5,0.028,106.3,0.2,0.033,0.051,0.032,0.1,8.9,1.2,0.6,0.0,0.0,0.0,0.0,10.5,0.042,0.7,49.5,0.057,340.5,558.0,0.083,1.2,47.9,FOOD-DATA-GROUP1,82.46575342465754,0.0,17.534246575342465,30.1,186,16.09625668449198,0.0,0.0,0.0,0.0001497326203208,0,0,0,0,Healthy,63.9
400,400,sheepshead cooked,234,3.0,0.7,0.7,0.7,0.0,0.0,48.4,0.0,119.0,0.1,128.4,0.069,0.061,0.058,0.062,0.089,3.3,1.6,0.7,0.0,0.0,0.0,0.0,68.8,0.2,1.2,65.1,0.085,651.0,952.3,0.065,1.2,121.48,FOOD-DATA-GROUP1,94.1634241245136,0.0,5.836575875486381,48.4,234,20.595744680851062,0.0,0.0,0.0,0.0004255319148936,0,0,0,1,Healthy,64.5
401,401,bass cooked,91,2.9,0.6,1.1,0.8,0.0,0.0,15.0,0.0,53.9,0.078,42.6,0.073,0.081,0.085,0.002,0.009,0.9,0.5,0.023,1.3,0.0,0.0,0.0,63.9,0.047,1.2,23.6,0.7,158.7,282.7,0.026,0.5,84.379,FOOD-DATA-GROUP1,83.79888268156425,0.0,16.201117318435752,15.0,91,16.304347826086957,0.0,0.0,0.0,0.0008478260869565,0,0,0,0,Healthy,60.8
402,402,pout cooked,279,3.2,1.1,1.2,0.1,0.0,0.0,58.4,0.0,183.6,0.2,208.5,0.062,0.3,0.077,0.017,0.2,7.0,0.5,0.8,0.0,0.0,0.0,0.0,35.6,0.1,1.0,46.6,0.022,701.4,1405.6,0.1,3.6,98.207,FOOD-DATA-GROUP1,94.8051948051948,0.0,5.194805194805195,58.4,279,20.857142857142858,0.0,0.0,0.0,0.0007142857142857,0,0,0,1,Healthy,64.2
403,403,chinook salmon raw,709,41.3,12.3,17.4,11.1,0.0,0.0,78.9,0.0,198.0,0.2,283.7,0.5,0.2,0.1,0.077,0.4,33.3,3.0,1.6,15.8,0.0,4.8,0.0,103.0,0.2,1.0,376.2,0.034,1144.4,1560.2,0.1,1.7,240.5,FOOD-DATA-GROUP1,65.6405990016639,0.0,34.359400998336106,78.9,709,11.11267605633803,0.0,0.0,0.0,0.000281690140845,0,0,1,1,Limit,55.8
404,404,rockfish raw,172,2.6,0.7,0.7,0.8,0.0,0.0,35.1,0.0,95.5,0.1,151.0,0.007,0.039,0.045,0.092,0.4,4.6,0.6,0.4,0.0,0.027,0.7,0.0,26.7,0.021,0.6,51.6,0.064,391.6,737.3,0.1,0.7,65.002,FOOD-DATA-GROUP1,93.10344827586206,0.0,6.896551724137931,35.1,172,20.289017341040463,0.0,0.0,0.0,0.0005780346820809,0,0,0,0,Healthy,64.5
405,405,tilefish raw,371,8.9,1.7,2.2,2.3,0.0,0.0,67.6,0.0,193.0,0.2,304.6,0.057,0.5,0.042,0.057,0.6,11.2,2.9,1.0,0.0,0.0,0.0,0.0,100.4,0.2,1.0,108.1,0.008,721.8,1671.4,0.1,1.4,177.901,FOOD-DATA-GROUP1,88.36601307189542,0.0,11.633986928104576,67.6,371,18.172043010752688,0.0,0.0,0.0,0.0005376344086021,0,0,0,1,Healthy,63.7
406,406,scup raw,174,4.5,1.1,0.9,1.7,0.0,0.0,31.3,0.0,86.3,0.082,125.1,0.037,0.2,0.02,0.014,0.2,6.8,1.2,0.5,0.0,0.077,0.8,0.001,66.4,0.008,0.9,38.2,0.086,307.1,476.4,0.09,0.8,103.111,FOOD-DATA-GROUP1,87.43016759776538,0.0,12.569832402234638,31.3,174,17.885714285714286,0.0,0.0,0.0,0.0004685714285714,0,0,0,0,Healthy,64.2
407,407,sablefish cooked,755,59.3,12.4,31.2,7.9,0.0,0.0,51.9,0.0,190.3,0.2,189.8,0.3,0.4,0.085,0.046,0.3,15.5,2.6,1.0,0.0,0.0,0.0,0.0,135.9,0.013,5.0,214.4,0.095,649.3,1386.2,0.1,1.2,252.4,FOOD-DATA-GROUP1,46.6726618705036,0.0,53.3273381294964,51.9,755,6.865079365079365,0.0,0.0,0.0,0.0002645502645502,0,0,1,1,Limit,55.7
408,408,tuna salad,383,19.0,3.2,5.9,8.5,19.3,0.0,32.9,0.0,26.7,0.8,129.5,0.004,0.028,0.059,0.049,0.1,13.7,0.5,0.2,4.5,0.0,0.0,0.0,34.9,0.3,2.1,39.0,0.082,364.9,364.9,0.001,1.1,112.727,FOOD-DATA-GROUP1,46.20786516853932,27.10674157303371,26.685393258426966,1.6206896551724137,383,8.567708333333334,0.0,0.0,0.0,0.0020833333333333,0,0,0,0,Healthy,62.6
409,409,coho salmon cooked,255,11.8,2.8,5.2,2.8,0.0,0.0,34.7,0.0,90.1,0.06,95.8,0.063,0.1,0.064,0.086,0.2,10.6,1.8,0.8,2.1,0.0,0.0,0.0,17.2,0.1,0.6,48.6,0.056,474.8,657.8,0.081,0.7,66.478,FOOD-DATA-GROUP1,74.62365591397851,0.0,25.376344086021508,34.7,255,13.554687500000002,0.0,0.0,0.0,0.000234375,0,0,0,0,Healthy,62.9
410,410,roe raw,20,0.9,0.2,0.2,0.4,0.2,0.0,3.1,0.0,52.4,0.052,9.5,0.028,0.025,0.068,0.004,0.1,0.3,0.1,0.072,2.2,0.02,1.0,0.018,3.1,0.062,0.085,2.8,0.002,56.3,30.9,0.059,0.1,9.553,FOOD-DATA-GROUP1,73.80952380952381,4.761904761904762,21.428571428571427,2.583333333333333,20,14.761904761904765,0.0,0.0,0.0,0.0024761904761904,0,0,0,0,Healthy,52.2
411,411,sea bass raw,125,2.6,0.7,0.5,1.0,0.0,0.0,23.8,0.0,52.9,0.084,101.0,0.001,0.1,0.079,0.064,0.2,2.1,1.0,0.5,0.0,0.071,1.1,0.091,12.9,0.079,0.4,52.9,0.09,250.3,330.2,0.082,0.5,39.739,FOOD-DATA-GROUP1,90.15151515151516,0.0,9.848484848484848,23.8,125,18.88888888888889,0.0,0.0,0.0,0.0006666666666666,0,0,0,0,Healthy,64.5
412,412,pink salmon cooked,349,12.0,2.2,3.7,2.2,0.0,0.0,56.0,0.0,125.4,0.2,161.1,0.029,0.055,0.2,0.043,0.012,0.3,21.9,2.8,1.6,0.0,0.041,1.1,0.066,18.2,0.2,1.0,73.0,0.003,713.6,1000.9,0.089,69.873,FOOD-DATA-GROUP1,82.35294117647058,0.0,17.647058823529413,56.0,349,16.0,0.0,0.0,0.0,0.0005714285714285,0,0,0,1,Healthy,63.3
413,413,sockeye salmon cooked,493,17.3,3.0,5.8,4.1,0.0,0.0,82.1,0.0,189.1,0.3,208.7,0.087,0.2,0.5,0.035,0.04,0.8,31.4,4.3,2.6,0.0,0.016,3.1,0.089,34.1,0.2,1.6,111.6,0.096,945.5,1351.6,0.1,102.315,FOOD-DATA-GROUP1,82.59557344064386,0.0,17.40442655935614,82.1,493,16.619433198380566,0.0,0.0,0.0,0.0006072874493927,0,0,0,1,Healthy,62.7
414,414,whitefish raw,265,11.6,1.8,4.0,4.3,0.0,0.0,37.8,0.0,118.8,0.1,144.1,0.092,0.3,0.089,0.095,0.2,5.9,1.5,0.6,0.0,0.095,0.4,0.061,51.5,0.1,0.7,65.3,0.1,534.6,627.7,0.059,2.0,101.603,FOOD-DATA-GROUP1,76.51821862348179,0.0,23.481781376518217,37.8,265,14.210526315789473,0.0,0.0,0.0,0.000375939849624,0,0,0,1,Healthy,63.6
415,415,greenland halibut cooked,760,56.4,9.9,34.2,5.6,0.0,0.0,58.6,0.0,187.6,0.3,196.8,0.093,0.2,0.07,0.004,0.3,6.1,0.9,1.5,0.0,0.0,0.0,0.0,12.7,0.1,2.7,104.9,0.075,667.8,1093.9,0.1,1.6,130.404,FOOD-DATA-GROUP1,50.95652173913044,0.0,49.04347826086956,58.6,760,7.700394218134034,0.0,0.0,0.0,0.0003942181340341,0,0,1,1,Limit,57.6
416,416,northern pike cooked,350,2.7,0.5,0.6,0.8,0.0,0.0,76.5,0.0,155.0,0.2,226.2,0.095,0.2,0.098,0.088,0.2,8.7,2.7,0.4,11.8,0.0,0.0,0.0,226.3,0.2,2.2,124.0,1.0,874.2,1026.1,0.024,2.7,319.506,FOOD-DATA-GROUP1,96.59090909090908,0.0,3.4090909090909096,76.5,350,21.7948717948718,0.0,0.0,0.0,0.0005698005698005,0,0,0,1,Healthy,64.6
417,417,salmon raw,824,53.1,12.1,14.9,15.4,0.0,0.0,80.9,0.0,217.8,0.2,257.0,0.0,0.8,0.1,0.021,0.6,34.3,6.1,2.5,15.4,0.0,14.1,0.059,35.6,0.2,1.3,106.9,0.029,950.4,1437.5,0.014,1.4,186.3,FOOD-DATA-GROUP1,60.37313432835821,0.0,39.6268656716418,80.9,824,9.806060606060608,0.0,0.0,0.0,0.0002424242424242,0,0,1,1,Limit,55.9
418,418,turbot cooked,388,12.0,0.0,0.0,0.0,0.0,0.0,65.4,0.0,197.2,0.6,224.0,0.02,0.2,0.04,0.026,0.3,8.5,2.1,0.8,5.4,0.0,0.0,0.0,73.1,0.1,1.5,206.7,0.064,524.7,969.9,0.1,0.9,157.453,FOOD-DATA-GROUP1,84.49612403100775,0.0,15.503875968992247,65.4,388,16.812339331619537,0.0,0.0,0.0,0.0015424164524421,0,0,0,1,Healthy,65.0
419,419,surimi,28,0.3,0.059,0.043,0.1,1.9,0.0,4.3,0.0,8.5,0.042,21.6,0.084,0.072,0.006,0.035,0.078,0.062,0.055,0.064,0.0,0.0,0.2,0.003,2.5,0.007,0.057,12.2,0.043,79.8,31.7,0.047,0.026,9.072,FOOD-DATA-GROUP1,66.15384615384616,29.230769230769237,4.615384615384616,1.4827586206896552,28,14.827586206896552,0.0,0.0,0.0,0.0014482758620689,0,0,0,0,Healthy,53.2
420,420,chinook salmon cooked,711,41.2,9.9,17.7,8.2,0.0,0.0,79.2,0.0,261.8,0.2,202.0,0.5,0.1,0.1,0.065,0.5,30.9,2.7,1.4,12.6,0.0,0.0,0.0,86.2,0.2,2.8,375.8,0.074,1142.7,1555.4,0.1,1.7,222.5,FOOD-DATA-GROUP1,65.78073089700996,0.0,34.21926910299003,79.2,711,11.123595505617978,0.0,0.0,0.0,0.0002808988764044,0,0,1,1,Limit,57.6
421,421,mullet cooked,140,4.5,1.3,1.3,0.9,0.0,0.0,23.1,0.0,58.6,0.001,65.6,0.053,0.022,0.034,0.084,0.09,5.9,0.8,0.5,1.1,0.0,0.0,0.0,28.8,0.1,1.3,30.7,0.048,226.9,425.9,0.027,0.8,58.866,FOOD-DATA-GROUP1,83.69565217391305,0.0,16.304347826086957,23.1,140,16.382978723404257,0.0,0.0,0.0,7.092198581560284e-06,0,0,0,0,Healthy,64.0
422,422,chum salmon raw,3,0.1,0.08,0.035,0.037,0.0,0.0,0.6,0.0,2.1,0.029,2.1,0.08,0.016,0.097,0.065,0.06,0.2,0.043,0.036,0.0,0.0,0.093,0.0,0.3,0.091,0.038,0.6,0.055,7.9,12.0,0.02,0.062,1.025,FOOD-DATA-GROUP1,85.71428571428572,0.0,14.285714285714288,0.6,3,15.0,0.0,0.0,0.0,0.00725,0,0,0,0,Healthy,50.4
423,423,butterfish raw,47,2.6,1.1,1.1,0.2,0.0,0.0,5.5,0.0,20.8,0.072,23.7,0.031,0.073,0.04,0.048,0.077,1.4,0.2,0.03,0.0,0.0,0.0,0.0,7.0,0.065,0.2,8.0,0.091,76.8,120.0,0.067,0.2,15.332,FOOD-DATA-GROUP1,67.90123456790124,0.0,32.098765432098766,5.5,47,11.458333333333332,0.0,0.0,0.0,0.0014999999999999,0,0,0,0,Healthy,53.3
424,424,sea bass cooked,125,2.6,0.7,0.5,1.0,0.0,0.0,23.9,0.0,53.5,0.058,72.9,0.053,0.1,0.048,0.046,0.2,1.9,0.9,0.5,0.0,0.0,0.0,0.0,13.1,0.046,0.4,53.5,0.056,250.5,331.3,0.023,0.5,40.067,FOOD-DATA-GROUP1,90.188679245283,0.0,9.811320754716984,23.9,125,18.96825396825397,0.0,0.0,0.0,0.0004603174603174,0,0,0,0,Healthy,64.5
425,425,greenland halibut raw,759,56.5,9.9,34.2,5.6,0.0,0.0,58.6,0.0,187.7,0.3,286.7,0.009,0.2,0.069,0.005,0.3,6.1,1.0,1.7,0.0,0.1,3.0,0.091,12.2,0.1,2.7,106.1,0.045,669.1,1093.4,0.1,1.6,130.06,FOOD-DATA-GROUP1,50.912250217202434,0.0,49.087749782797566,58.6,759,7.7105263157894735,0.0,0.0,0.0,0.0003947368421052,0,0,1,1,Limit,57.6
426,426,halibut raw,371,5.4,1.2,1.9,1.2,0.0,0.0,75.7,0.0,199.9,0.3,327.8,0.072,0.2,0.079,0.015,0.1,26.6,1.4,2.2,0.0,0.031,2.5,0.0,28.6,0.08,0.7,93.8,0.02,962.9,1774.8,0.2,1.5,110.481,FOOD-DATA-GROUP1,93.34155363748458,0.0,6.658446362515413,75.7,371,20.3494623655914,0.0,0.0,0.0,0.0008064516129032,0,0,0,1,Healthy,64.1
427,427,sturgeon cooked,184,7.0,1.6,3.4,1.2,0.0,0.0,28.2,0.0,104.7,0.019,95.1,0.4,0.1,0.072,0.087,0.1,13.7,1.2,0.3,0.0,0.073,0.9,0.039,23.1,0.054,1.2,61.2,0.038,368.6,495.0,0.044,0.7,59.9,FOOD-DATA-GROUP1,80.11363636363636,0.0,19.88636363636364,28.2,184,15.243243243243242,0.0,0.0,0.0,0.0001027027027027,0,0,0,1,Healthy,63.8
428,428,fish fillet fried,211,11.2,2.6,2.3,5.7,15.4,0.0,13.3,0.5,30.9,0.5,48.7,0.095,0.043,0.05,0.054,0.089,1.9,0.2,0.066,0.0,0.0,0.0,0.0,16.4,0.003,1.9,21.8,0.2,155.6,291.2,0.035,0.4,58.716,FOOD-DATA-GROUP1,33.33333333333333,38.59649122807017,28.070175438596483,0.8109756097560977,211,6.273584905660377,0.2358490566037736,0.0,1.0,0.0023584905660377,0,0,0,0,Healthy,58.8
429,429,rainbow trout raw,111,4.9,1.1,1.6,1.2,0.0,0.0,15.8,0.0,46.6,0.022,58.3,0.044,0.032,0.056,0.057,0.091,4.4,1.3,0.3,2.3,0.056,1.8,0.094,19.8,0.096,0.2,19.8,0.008,178.5,297.8,0.067,0.4,43.047,FOOD-DATA-GROUP1,76.32850241545893,0.0,23.67149758454106,15.8,111,14.107142857142858,0.0,0.0,0.0,0.0001964285714285,0,0,0,0,Healthy,61.0
430,430,pout raw,278,3.2,1.1,1.2,0.1,0.0,0.0,58.6,0.0,183.0,0.2,286.4,0.032,0.3,0.022,0.021,0.2,7.4,0.5,0.8,0.0,0.0,0.0,0.0,35.2,0.1,1.0,45.8,0.003,704.0,1408.0,0.1,3.6,98.078,FOOD-DATA-GROUP1,94.8220064724919,0.0,5.177993527508091,58.6,278,21.00358422939068,0.0,0.0,0.0,0.0007168458781362,0,0,0,1,Healthy,64.2
431,431,rainbow smelt cooked,35,0.9,0.2,0.2,0.3,0.0,0.0,6.4,0.0,25.5,0.047,20.6,0.005,0.072,0.021,0.089,0.083,0.5,0.2,0.041,0.0,0.0,0.0,0.0,21.8,0.01,0.3,10.8,0.3,83.5,105.3,0.062,0.6,29.428,FOOD-DATA-GROUP1,87.67123287671232,0.0,12.32876712328767,6.4,35,17.77777777777778,0.0,0.0,0.0,0.0013055555555555,0,0,0,0,Healthy,54.6
432,432,monkfish raw,22,0.4,0.079,0.074,0.2,0.0,0.0,4.1,0.0,7.1,0.059,23.6,0.005,0.092,0.082,0.021,0.081,0.6,0.025,0.077,0.3,0.0,0.0,0.0,2.3,0.041,0.059,5.9,0.057,56.6,113.2,0.09,0.1,7.21,FOOD-DATA-GROUP1,91.1111111111111,0.0,8.88888888888889,4.1,22,17.82608695652174,0.0,0.0,0.0,0.0025652173913043,0,0,0,0,Healthy,53.0
433,433,trout raw,117,5.2,0.9,2.6,1.2,0.0,0.0,16.4,0.0,45.8,0.051,56.4,0.1,0.3,0.041,0.027,0.3,3.6,1.5,0.2,0.4,0.032,0.2,0.003,34.0,0.1,1.2,17.4,0.7,193.6,285.2,0.095,0.5,57.297,FOOD-DATA-GROUP1,75.92592592592592,0.0,24.07407407407408,16.4,117,13.898305084745765,0.0,0.0,0.0,0.0004322033898305,0,0,0,0,Healthy,61.6
434,434,shark raw,37,1.3,0.3,0.5,0.3,0.0,0.0,5.9,0.0,14.4,0.003,20.8,0.012,0.009,0.079,0.085,0.017,0.8,0.2,0.1,0.0,0.046,0.3,0.007,9.6,0.01,0.2,13.9,0.088,59.4,45.3,0.067,0.1,17.064,FOOD-DATA-GROUP1,81.94444444444444,0.0,18.055555555555557,5.9,37,15.526315789473683,0.0,0.0,0.0,7.894736842105263e-05,0,0,0,0,Healthy,54.2
435,435,burbot raw,104,0.9,0.2,0.2,0.3,0.0,0.0,22.4,0.0,69.6,0.1,91.9,0.081,0.4,0.024,0.048,0.2,1.9,0.2,0.3,0.0,0.0,0.0,0.0,58.0,0.2,1.0,37.1,0.8,232.0,468.6,0.043,0.9,82.309,FOOD-DATA-GROUP1,96.137339055794,0.0,3.862660944206009,22.4,104,21.33333333333333,0.0,0.0,0.0,0.0009523809523809,0,0,0,0,Healthy,64.8
436,436,dolphinfish cooked,173,1.4,0.4,0.2,0.3,0.0,0.0,37.7,0.0,149.5,0.2,113.2,0.046,0.092,0.096,0.086,0.1,11.8,1.4,0.7,0.0,0.0,0.0,0.0,30.2,0.052,2.3,60.4,0.018,291.0,847.5,0.057,0.9,71.625,FOOD-DATA-GROUP1,96.41943734015344,0.0,3.580562659846547,37.7,173,21.666666666666668,0.0,0.0,0.0,0.0011494252873563,0,0,0,1,Healthy,64.7
437,437,crayfish cooked,25,0.4,0.089,0.022,0.1,0.0,0.0,5.0,0.0,38.8,0.058,22.9,0.094,0.045,0.056,0.076,0.051,0.5,0.1,0.058,0.1,0.0,0.0,0.0,14.4,0.2,0.3,9.3,0.072,68.2,67.4,0.047,0.4,20.222,FOOD-DATA-GROUP1,92.59259259259258,0.0,7.4074074074074066,5.0,25,19.230769230769237,0.0,0.0,0.0,0.0022307692307692,0,0,0,0,Healthy,53.7
438,438,dolphinfish raw,173,1.4,0.4,0.2,0.3,0.0,0.0,37.7,0.0,148.9,0.2,158.2,0.1,0.05,0.005,0.04,0.1,12.4,1.5,0.8,0.0,0.0,0.0,0.0,30.6,0.089,2.3,61.2,0.084,291.7,848.6,0.006,0.9,72.1,FOOD-DATA-GROUP1,96.41943734015344,0.0,3.580562659846547,37.7,173,21.666666666666668,0.0,0.0,0.0,0.0011494252873563,0,0,0,1,Healthy,64.7
439,439,perch cooked,54,0.5,0.1,0.029,0.2,0.0,0.0,11.4,0.0,52.9,0.043,33.7,0.019,0.006,0.099,0.02,0.088,0.9,0.4,0.07,0.8,0.0,0.0,0.0,46.9,0.085,0.5,17.5,0.4,118.2,158.2,0.08,0.7,60.112,FOOD-DATA-GROUP1,95.7983193277311,0.0,4.201680672268907,11.4,54,20.727272727272727,0.0,0.0,0.0,0.0007818181818181,0,0,0,0,Healthy,58.5
440,440,cusk raw,106,0.8,0.2,0.1,0.3,0.0,0.0,23.2,0.0,50.0,0.086,93.1,0.038,0.033,0.038,0.037,0.2,3.3,0.3,0.5,0.0,0.0,0.0,0.0,12.2,0.061,1.0,37.8,0.032,248.9,478.2,0.01,0.5,37.228,FOOD-DATA-GROUP1,96.66666666666669,0.0,3.333333333333333,23.2,106,21.682242990654206,0.0,0.0,0.0,0.000803738317757,0,0,0,0,Healthy,64.8
441,441,bluefin tuna raw,41,1.4,0.4,0.5,0.4,0.0,0.0,6.6,0.0,10.8,0.013,19.3,0.2,0.037,0.041,0.008,0.042,2.4,0.3,0.1,0.0,0.077,0.3,0.0,2.3,0.038,0.3,14.2,0.068,71.9,71.3,0.07,0.2,10.8,FOOD-DATA-GROUP1,82.5,0.0,17.5,6.6,41,15.714285714285714,0.0,0.0,0.0,0.0003095238095238,0,0,0,0,Healthy,54.6
442,442,milkfish cooked,54,2.4,0.0,0.0,0.0,0.0,0.0,7.4,0.0,19.0,0.076,17.7,0.027,0.069,0.08,0.061,0.058,2.3,0.2,0.1,0.0,0.0,0.0,0.0,18.4,0.05,0.1,10.8,0.003,58.9,105.8,0.065,0.3,28.341,FOOD-DATA-GROUP1,75.51020408163265,0.0,24.489795918367346,7.4,54,13.454545454545457,0.0,0.0,0.0,0.0013818181818181,0,0,0,0,Healthy,55.5
443,443,carp raw,277,12.2,2.4,5.1,3.1,0.0,0.0,38.9,0.0,143.9,0.1,166.4,0.042,0.3,0.094,0.087,0.1,3.6,1.6,0.4,3.5,0.042,1.4,0.016,89.4,0.1,2.7,63.2,0.065,904.7,725.9,0.037,3.2,146.793,FOOD-DATA-GROUP1,76.1252446183953,0.0,23.874755381604697,38.9,277,13.992805755395684,0.0,0.0,0.0,0.0003597122302158,0,0,0,1,Healthy,63.2
444,444,sturgeon raw,30,1.1,0.3,0.5,0.2,0.0,0.0,4.6,0.0,17.0,0.007,21.7,0.016,0.058,0.039,0.039,0.082,2.3,0.2,0.013,0.0,0.008,0.1,0.03,3.7,0.01,0.2,9.9,0.035,59.7,80.4,0.077,0.1,9.612,FOOD-DATA-GROUP1,80.70175438596492,0.0,19.298245614035093,4.6,30,14.838709677419354,0.0,0.0,0.0,0.0002258064516129,0,0,0,0,Healthy,53.2
445,445,orange roughy raw,22,0.2,0.057,0.051,0.086,0.0,0.0,4.6,0.0,17.0,0.063,21.4,0.082,0.086,0.073,0.078,0.005,0.4,0.082,0.038,0.0,0.0,0.3,0.063,2.5,0.015,0.3,4.8,0.091,30.3,47.3,0.042,0.039,7.672,FOOD-DATA-GROUP1,95.83333333333331,0.0,4.166666666666667,4.6,22,20.0,0.0,0.0,0.0,0.0027391304347826,0,0,0,0,Healthy,53.4
446,446,catfish fried,199,11.6,2.9,4.9,2.9,7.0,0.0,15.7,0.6,61.8,0.2,51.2,0.0,0.04,0.015,0.054,0.1,2.0,0.6,0.2,0.0,0.0,0.0,0.0,38.3,0.01,1.2,23.5,0.05,187.9,295.8,0.098,0.7,74.4,FOOD-DATA-GROUP1,45.77259475218659,20.40816326530612,33.81924198250729,1.9625,199,7.85,0.3,0.0,1.2,0.001,0,0,0,0,Healthy,60.5
447,447,cuttlefish raw,22,0.2,0.002,0.088,0.069,0.2,0.0,4.6,0.0,31.7,0.1,22.8,0.048,0.025,0.093,0.01,0.3,0.3,0.1,0.079,1.5,0.0,0.0,0.0,25.5,0.2,1.7,8.5,0.092,109.5,100.2,0.083,0.5,33.734,FOOD-DATA-GROUP1,92.0,4.0,4.0,3.833333333333333,22,20.0,0.0,0.0,0.0,0.0043478260869565,0,0,0,0,Healthy,53.4
448,448,bass raw,90,2.9,0.6,1.1,0.8,0.0,0.0,14.9,0.0,53.7,0.055,59.8,0.004,0.091,0.046,0.003,0.046,1.0,0.6,0.052,1.6,0.0,0.0,0.0,63.2,0.093,1.2,23.7,0.7,158.0,281.2,0.057,0.5,83.837,FOOD-DATA-GROUP1,83.70786516853931,0.0,16.29213483146067,14.9,90,16.373626373626372,0.0,0.0,0.0,0.0006043956043956,0,0,0,0,Healthy,60.7
449,449,flounder cooked,109,3.0,0.7,0.8,0.6,0.0,0.0,19.4,0.0,71.1,0.5,103.0,0.047,0.067,0.094,0.014,0.018,0.002,1.6,0.3,0.1,0.0,0.005,1.0,0.1,31.8,0.099,0.3,27.9,0.077,392.4,250.2,0.049,22.622,FOOD-DATA-GROUP1,86.60714285714286,0.0,13.392857142857142,19.4,109,17.636363636363637,0.0,0.0,0.0,0.0045454545454545,0,0,0,0,Healthy,64.0
450,450,milkfish raw,42,1.9,0.5,0.7,0.5,0.0,0.0,5.8,0.0,14.7,0.098,20.1,0.099,0.091,0.09,0.012,0.027,1.8,0.2,0.1,0.0,0.0,0.0,0.0,14.4,0.021,0.057,8.5,0.088,45.8,82.6,0.042,0.2,22.203,FOOD-DATA-GROUP1,75.32467532467533,0.0,24.675324675324678,5.8,42,13.488372093023257,0.0,0.0,0.0,0.0022790697674418,0,0,0,0,Healthy,54.0
451,451,eel raw,375,23.8,4.8,14.7,1.9,0.0,0.0,37.6,0.0,257.0,0.1,139.3,2.1,0.3,0.049,0.061,0.002,7.1,0.5,0.1,3.7,0.01,8.2,0.0,40.8,0.069,1.0,40.8,0.038,440.6,554.9,0.011,3.3,109.0,FOOD-DATA-GROUP1,61.23778501628664,0.0,38.76221498371335,37.6,375,10.0,0.0,0.0,0.0,0.0002659574468085,0,0,0,1,Healthy,61.4
452,452,catfish raw,189,9.4,2.1,4.1,1.8,0.0,0.0,24.2,0.0,87.5,0.2,125.7,0.0,0.022,0.083,0.003,0.1,3.3,1.1,0.2,0.0,0.084,1.3,0.022,12.7,0.003,0.4,30.2,0.073,324.4,480.2,0.056,0.8,46.7,FOOD-DATA-GROUP1,72.02380952380952,0.0,27.97619047619048,24.2,189,12.736842105263158,0.0,0.0,0.0,0.0010526315789473,0,0,0,0,Healthy,63.4
453,453,fish sticks,78,4.5,1.0,0.9,2.2,6.1,0.5,3.1,0.4,7.8,0.1,13.9,0.055,0.006,0.037,0.039,0.3,0.082,0.4,0.0,0.038,0.0,0.0,1.9,0.089,4.5,0.3,0.2,7.0,0.0,53.5,51.8,0.072,14.563,FOOD-DATA-GROUP1,22.62773722627737,44.52554744525548,32.846715328467155,0.4366197183098592,78,3.924050632911392,0.5063291139240507,7.042253521126761,0.8,0.0012658227848101,0,0,0,0,Healthy,52.0
454,454,coho salmon raw,254,12.2,2.9,5.3,3.0,0.0,0.0,33.8,0.0,81.1,0.054,112.0,0.012,0.1,0.076,0.095,0.2,10.8,1.8,1.0,1.7,0.0,0.0,0.0,19.1,0.022,0.5,49.3,0.023,464.3,715.5,0.028,0.7,67.308,FOOD-DATA-GROUP1,73.47826086956522,0.0,26.521739130434774,33.8,254,13.254901960784313,0.0,0.0,0.0,0.0002117647058823,0,0,0,0,Healthy,62.8
455,455,monkfish cooked,27,0.6,0.0,0.0,0.0,0.0,0.0,5.3,0.0,9.1,0.004,22.2,0.006,0.014,0.011,0.024,0.045,0.7,0.01,0.039,0.3,0.0,0.0,0.0,2.8,0.033,0.1,7.6,0.082,72.4,145.2,0.036,0.1,9.165,FOOD-DATA-GROUP1,89.83050847457628,0.0,10.16949152542373,5.3,27,18.928571428571427,0.0,0.0,0.0,0.0001428571428571,0,0,0,0,Healthy,54.0
456,456,yellowtail cooked,546,19.6,0.0,0.0,0.0,0.0,0.0,86.6,0.0,207.3,0.1,196.6,0.045,0.5,0.085,0.034,0.1,25.5,2.0,0.5,8.5,0.0,0.0,0.0,84.7,0.2,1.8,111.0,0.095,586.9,1571.0,0.1,2.0,201.282,FOOD-DATA-GROUP1,81.54425612052731,0.0,18.455743879472696,86.6,546,15.831809872029249,0.0,0.0,0.0,0.0001828153564899,0,0,0,1,Healthy,65.0
457,457,yellowfin tuna cooked,37,0.2,0.054,0.095,0.038,0.0,0.0,8.2,0.0,13.3,0.011,19.5,0.098,0.065,0.019,0.059,0.093,6.2,0.021,0.3,0.0,0.009,0.042,0.023,1.1,0.001,0.3,11.9,0.014,94.2,149.1,0.003,0.1,9.861,FOOD-DATA-GROUP1,97.61904761904762,0.0,2.3809523809523814,8.2,37,21.57894736842105,0.0,0.0,0.0,0.0002894736842105,0,0,0,0,Healthy,56.1
458,458,ling cooked,168,1.2,0.0,0.0,0.0,0.0,0.0,36.8,0.0,77.0,0.3,111.6,0.025,0.2,0.009,0.06,0.3,4.2,0.6,0.5,0.0,0.0,0.0,0.0,66.4,0.2,1.3,122.3,0.035,383.5,733.9,0.079,1.5,105.731,FOOD-DATA-GROUP1,96.84210526315788,0.0,3.1578947368421053,36.8,168,21.77514792899408,0.0,0.0,0.0,0.001775147928994,0,0,0,0,Healthy,65.0
459,459,eel cooked,67,4.2,0.9,2.6,0.3,0.0,0.0,6.7,0.0,45.6,0.069,16.8,0.3,0.008,0.074,0.058,0.066,1.3,0.067,0.031,0.5,0.0,0.0,0.0,7.4,0.075,0.2,7.4,0.058,78.4,98.8,0.01,0.6,19.3,FOOD-DATA-GROUP1,61.46788990825688,0.0,38.53211009174312,6.7,67,9.852941176470589,0.0,0.0,0.0,0.0010147058823529,0,0,0,0,Healthy,54.3
460,460,sablefish raw,753,59.1,12.4,31.1,7.9,0.0,0.0,51.8,0.0,189.1,0.2,274.1,0.4,0.4,0.094,0.1,0.3,15.4,2.9,1.2,0.0,0.0,0.0,0.0,135.1,0.037,4.9,212.3,0.077,648.5,1381.9,0.1,1.2,251.3,FOOD-DATA-GROUP1,46.70874661857528,0.0,53.29125338142471,51.8,753,6.870026525198939,0.0,0.0,0.0,0.0002652519893899,0,0,1,1,Limit,55.7
461,461,salmon nuggets,60,3.3,0.4,1.3,0.9,4.0,0.0,3.6,0.0,7.4,0.005,17.1,0.0,0.018,0.076,0.086,0.059,1.3,0.1,0.046,0.0,0.0,0.0,0.0,2.3,0.039,0.4,5.7,0.06,49.8,46.7,0.0,0.1,13.6,FOOD-DATA-GROUP1,33.02752293577982,36.69724770642202,30.275229357798167,0.72,60,5.901639344262295,0.0,0.0,0.0,8.19672131147541e-05,0,0,0,0,Healthy,52.4
462,462,yellowtail raw,546,19.6,4.8,7.4,5.3,0.0,0.0,86.5,0.0,205.7,0.1,278.7,0.1,0.5,0.08,0.072,0.1,25.4,2.2,0.6,10.5,0.0,0.0,0.071,86.0,0.2,1.8,112.2,0.002,587.2,1570.8,0.1,1.9,204.5,FOOD-DATA-GROUP1,81.52686145146089,0.0,18.47313854853912,86.5,546,15.813528336380257,0.0,0.0,0.0,0.0001828153564899,0,0,0,1,Healthy,61.4
463,463,butterfish cooked,47,2.6,0.0,0.0,0.0,0.0,0.0,5.5,0.0,20.8,0.042,16.7,0.029,0.055,0.092,0.057,0.016,1.4,0.2,0.041,0.0,0.0,0.0,0.0,7.0,0.028,0.2,8.0,0.095,77.0,120.3,0.02,0.2,15.35,FOOD-DATA-GROUP1,67.90123456790124,0.0,32.098765432098766,5.5,47,11.458333333333332,0.0,0.0,0.0,0.000875,0,0,0,0,Healthy,54.1
464,464,caviar,42,2.9,0.6,0.7,1.2,0.6,0.0,3.9,0.0,94.1,0.2,7.6,0.054,0.037,0.038,0.083,0.003,0.051,0.6,0.005,0.0,0.0,0.3,0.065,44.0,0.086,1.9,48.0,0.068,57.0,29.0,0.098,0.2,53.325,FOOD-DATA-GROUP1,52.702702702702695,8.108108108108107,39.18918918918919,2.4375,42,9.069767441860463,0.0,0.0,0.0,0.0046511627906976,0,0,0,0,Healthy,52.5
465,465,pollock raw,355,3.8,0.5,0.4,1.9,0.0,0.0,75.0,0.0,274.1,0.3,301.8,0.068,0.2,0.068,0.062,0.7,12.6,1.4,1.1,0.0,0.012,0.9,0.014,231.6,0.2,1.8,258.6,0.081,853.1,1374.2,0.1,1.8,312.275,FOOD-DATA-GROUP1,95.17766497461928,0.0,4.822335025380711,75.0,355,21.06741573033708,0.0,0.0,0.0,0.0008426966292134,0,0,0,1,Healthy,64.6
466,466,catfish cooked,206,10.3,2.3,4.5,1.9,0.0,0.0,26.4,0.0,94.4,0.2,106.7,0.066,0.045,0.044,0.066,0.021,0.1,3.6,1.2,0.3,0.0,0.035,1.4,0.01,12.9,0.098,0.4,32.9,0.011,353.2,523.4,0.03,37.141,FOOD-DATA-GROUP1,71.93460490463214,0.0,28.065395095367844,26.4,206,12.753623188405795,0.0,0.0,0.0,0.0009661835748792,0,0,0,0,Healthy,63.3
467,467,whiting raw,83,1.2,0.2,0.3,0.4,0.0,0.0,16.8,0.0,61.6,0.016,73.8,0.092,0.066,0.057,0.07,0.059,1.2,0.2,0.1,0.0,0.089,0.3,0.086,44.2,0.085,0.3,19.3,0.012,204.2,229.1,0.049,0.8,62.592,FOOD-DATA-GROUP1,93.33333333333331,0.0,6.666666666666667,16.8,83,20.0,0.0,0.0,0.0,0.0001904761904761,0,0,0,0,Healthy,62.4
468,468,pink salmon raw,404,14.0,2.6,4.3,2.6,0.0,0.0,65.2,0.0,146.3,0.2,240.2,0.1,0.3,0.044,0.03,0.3,25.4,3.3,1.9,0.0,0.035,1.3,0.025,22.3,0.2,1.2,85.9,0.057,830.0,1163.9,0.035,1.2,102.8,FOOD-DATA-GROUP1,82.32323232323232,0.0,17.67676767676768,65.2,404,16.098765432098766,0.0,0.0,0.0,0.0004938271604938,0,0,0,1,Healthy,63.0
469,469,yellowfin tuna raw,31,0.1,0.073,0.008,0.026,0.0,0.0,6.9,0.0,11.0,0.049,21.0,0.048,0.0,0.084,0.063,0.035,5.2,0.012,0.3,0.0,0.017,0.063,0.09,1.1,0.014,0.2,9.9,0.062,78.7,124.8,0.096,0.1,8.322,FOOD-DATA-GROUP1,98.57142857142858,0.0,1.4285714285714286,6.9,31,21.5625,0.0,0.0,0.0,0.00153125,0,0,0,0,Healthy,55.1
470,470,mackerel raw,230,15.6,3.6,6.1,3.8,0.0,0.0,20.8,0.0,78.4,0.1,71.2,0.019,0.2,0.007,0.047,0.3,10.2,1.0,0.4,0.4,0.03,1.7,0.025,13.4,0.027,1.8,85.1,0.015,243.0,351.7,0.067,0.7,52.063,FOOD-DATA-GROUP1,57.14285714285715,0.0,42.85714285714286,20.8,230,9.004329004329005,0.0,0.0,0.0,0.0004329004329004,0,0,0,0,Healthy,62.3
471,471,turbot raw,388,12.0,3.1,2.5,3.6,0.0,0.0,65.5,0.0,195.8,0.6,314.0,0.001,0.3,0.094,0.09,0.3,9.0,2.3,0.9,6.9,0.0,0.0,0.0,73.4,0.2,1.5,208.1,0.06,526.3,971.0,0.1,0.9,159.322,FOOD-DATA-GROUP1,84.51612903225806,0.0,15.483870967741936,65.5,388,16.838046272493575,0.0,0.0,0.0,0.0015424164524421,0,0,0,1,Healthy,62.7
472,472,cusk cooked,106,0.8,0.0,0.0,0.0,0.0,0.0,23.1,0.0,50.4,0.047,66.2,0.016,0.097,0.015,0.007,0.2,3.1,0.3,0.4,0.0,0.0,0.0,0.0,12.4,0.077,1.0,38.0,0.048,248.9,477.9,0.012,0.5,37.306,FOOD-DATA-GROUP1,96.65271966527196,0.0,3.3472803347280333,23.1,106,21.58878504672897,0.0,0.0,0.0,0.0004392523364485,0,0,0,0,Healthy,65.0
473,473,atlantic croaker raw,82,2.5,0.9,0.9,0.4,0.0,0.0,14.0,0.0,48.2,0.014,61.6,0.039,0.079,0.028,0.066,0.038,3.3,0.6,0.2,0.0,0.005,1.0,0.068,11.9,0.065,0.3,31.6,0.017,165.9,272.6,0.053,0.3,28.709,FOOD-DATA-GROUP1,84.84848484848484,0.0,15.151515151515152,14.0,82,16.867469879518072,0.0,0.0,0.0,0.0001686746987951,0,0,0,0,Healthy,59.8
474,474,sucker cooked,148,3.7,0.7,1.1,1.3,0.0,0.0,26.6,0.0,65.7,0.019,91.7,0.006,0.053,0.043,0.026,0.1,1.8,1.1,0.3,0.0,0.0,0.0,0.0,111.6,0.3,2.1,47.1,1.0,333.6,603.9,0.0,1.2,144.006,FOOD-DATA-GROUP1,87.7887788778878,0.0,12.211221122112212,26.6,148,17.85234899328859,0.0,0.0,0.0,0.0001275167785234,0,0,0,0,Healthy,64.5
475,475,spot raw,79,3.1,0.9,0.9,0.7,0.0,0.0,11.8,0.0,38.4,0.022,48.6,0.005,0.1,0.063,0.042,0.1,4.5,0.5,0.3,0.0,0.0,0.0,0.0,9.0,0.014,0.2,26.9,0.095,119.0,317.4,0.024,0.3,24.113,FOOD-DATA-GROUP1,79.19463087248323,0.0,20.80536912751678,11.8,79,14.750000000000002,0.0,0.0,0.0,0.0002749999999999,0,0,0,0,Healthy,58.2
476,476,drum cooked,236,9.7,2.2,4.3,2.3,0.0,0.0,34.6,0.0,126.3,0.1,109.2,0.099,0.1,0.058,0.019,0.3,4.4,1.3,0.5,1.5,0.0,0.0,0.0,118.6,0.5,1.8,58.5,1.4,355.7,543.6,0.076,1.3,166.292,FOOD-DATA-GROUP1,78.1038374717833,0.0,21.896162528216703,34.6,236,14.59915611814346,0.0,0.0,0.0,0.00042194092827,0,0,0,1,Healthy,63.3
477,477,crayfish raw,3,0.048,0.01,0.043,0.01,0.0,0.0,0.6,0.0,4.3,0.024,3.4,0.098,0.015,0.1,0.082,0.024,0.056,0.048,0.047,0.078,0.0,0.0,0.0,1.0,0.058,0.053,1.2,0.034,8.7,10.4,0.093,0.009,1.788,FOOD-DATA-GROUP1,92.59259259259258,0.0,7.4074074074074066,0.6,3,15.0,0.0,0.0,0.0,0.006,0,0,0,0,Healthy,50.4
478,478,tilefish cooked,441,14.1,2.6,4.0,3.7,0.0,0.0,73.5,0.0,192.0,0.2,210.7,0.022,0.4,0.067,0.01,0.6,10.5,2.6,0.9,0.0,0.0,0.0,0.0,78.0,0.2,0.9,99.0,0.064,708.0,1536.0,0.2,1.6,166.521,FOOD-DATA-GROUP1,83.9041095890411,0.0,16.095890410958905,73.5,441,16.628959276018097,0.0,0.0,0.0,0.0004524886877828,0,0,0,1,Healthy,63.0
479,479,bluefish cooked,186,6.4,1.4,2.7,1.6,0.0,0.0,30.1,0.0,88.9,0.045,73.3,0.2,0.012,0.066,0.019,0.1,8.5,1.1,0.5,0.0,0.0,0.0,0.0,10.5,0.049,0.7,49.1,0.015,340.5,558.1,0.084,1.2,47.9,FOOD-DATA-GROUP1,82.46575342465754,0.0,17.534246575342465,30.1,186,16.09625668449198,0.0,0.0,0.0,0.0002406417112299,0,0,0,0,Healthy,63.9
480,480,grouper cooked,238,2.6,0.6,0.5,0.8,0.0,0.0,50.2,0.0,94.9,0.1,148.2,0.1,0.2,0.023,0.083,0.035,0.8,1.8,0.7,0.0,0.0,0.0,0.0,42.4,0.063,2.3,74.7,0.075,288.9,959.5,0.088,1.0,97.6,FOOD-DATA-GROUP1,95.07575757575756,0.0,4.924242424242424,50.2,238,21.00418410041841,0.0,0.0,0.0,0.000418410041841,0,0,0,0,Healthy,64.5
481,481,sheepshead raw,257,5.7,1.4,1.7,1.2,0.0,0.0,48.1,0.0,119.0,0.2,185.6,0.022,0.082,0.019,0.067,0.073,3.6,1.8,0.7,0.0,0.0,0.0,0.0,50.0,0.05,1.1,76.2,0.083,744.9,961.5,0.056,0.9,104.93,FOOD-DATA-GROUP1,89.40520446096653,0.0,10.594795539033456,48.1,257,18.64341085271318,0.0,0.0,0.0,0.0007751937984496,0,0,0,1,Healthy,63.9
482,482,herring kippered,87,4.9,1.1,2.0,1.2,0.0,0.0,9.8,0.0,32.8,0.4,23.9,0.005,0.07,0.02,0.068,0.1,1.8,0.4,0.2,0.4,0.004,0.6,0.086,33.6,0.081,0.6,18.4,0.062,130.0,178.8,0.053,0.5,49.314,FOOD-DATA-GROUP1,66.66666666666666,0.0,33.33333333333333,9.8,87,11.136363636363637,0.0,0.0,0.0,0.0045454545454545,0,0,0,0,Healthy,56.5
483,483,grouper raw,238,2.6,0.6,0.5,0.8,0.0,0.0,50.2,0.0,95.8,0.1,205.2,0.1,0.2,0.077,0.045,0.013,0.8,1.9,0.8,0.0,0.0,0.0,0.0,69.9,0.027,2.3,80.3,0.042,419.6,1251.0,0.059,1.2,125.1,FOOD-DATA-GROUP1,95.07575757575756,0.0,4.924242424242424,50.2,238,21.00418410041841,0.0,0.0,0.0,0.000418410041841,0,0,0,0,Healthy,64.5
484,484,ocean perch cooked,48,0.9,0.2,0.3,0.2,0.0,0.0,9.3,0.0,31.5,0.2,37.1,0.011,0.031,0.071,0.095,0.044,0.018,0.6,0.2,0.021,0.0,0.042,0.5,0.069,17.0,0.073,0.1,13.5,0.075,150.0,113.0,0.004,10.368,FOOD-DATA-GROUP1,91.17647058823528,0.0,8.823529411764705,9.3,48,18.97959183673469,0.0,0.0,0.0,0.0040816326530612,0,0,0,0,Healthy,56.8
485,485,ling raw,168,1.2,0.2,0.2,0.4,0.0,0.0,36.7,0.0,77.2,0.3,153.7,0.041,0.2,0.052,0.088,0.4,4.4,0.6,0.6,0.0,0.0,0.0,0.0,65.6,0.2,1.3,121.6,0.026,382.1,731.5,0.069,1.5,104.862,FOOD-DATA-GROUP1,96.83377308707122,0.0,3.1662269129287592,36.7,168,21.71597633136095,0.0,0.0,0.0,0.001775147928994,0,0,0,0,Healthy,64.8
486,486,lingcod cooked,329,4.1,0.8,1.3,1.2,0.0,0.0,68.4,0.0,202.3,0.2,228.6,0.054,0.1,0.024,0.015,0.4,7.0,2.6,1.0,0.0,0.0,0.0,0.0,54.4,0.1,1.2,99.7,0.067,779.2,1691.2,0.1,1.8,128.139,FOOD-DATA-GROUP1,94.3448275862069,0.0,5.655172413793103,68.4,329,20.72727272727273,0.0,0.0,0.0,0.0006060606060606,0,0,0,1,Healthy,64.4
487,487,florida pompano raw,184,10.6,3.9,2.9,1.3,0.0,0.0,20.7,0.0,56.0,0.081,79.7,0.091,0.6,0.038,0.008,0.1,3.4,0.8,0.2,0.0,0.098,0.2,0.041,24.6,0.011,0.7,30.2,0.012,218.4,426.7,0.025,0.8,56.69,FOOD-DATA-GROUP1,66.13418530351439,0.0,33.86581469648562,20.7,184,11.18918918918919,0.0,0.0,0.0,0.0004378378378378,0,0,0,0,Healthy,62.1
488,488,rockfish cooked,162,2.4,0.6,0.7,0.7,0.0,0.0,33.1,0.0,90.9,0.1,111.3,0.012,0.006,0.081,0.068,0.055,0.3,4.3,0.6,0.4,0.0,0.004,0.7,0.0,25.3,0.046,0.5,49.2,0.013,369.5,695.8,0.1,35.955,FOOD-DATA-GROUP1,93.23943661971832,0.0,6.760563380281689,33.1,162,20.30674846625767,0.0,0.0,0.0,0.0006134969325153,0,0,0,0,Healthy,64.5
489,489,seatrout cooked,247,8.6,2.4,2.1,1.7,0.0,0.0,39.9,0.0,197.2,0.1,133.8,0.006,0.1,0.033,0.032,0.4,5.4,1.6,0.9,0.0,0.0,0.0,0.0,40.9,0.071,0.7,74.4,0.048,597.1,812.8,0.002,1.1,90.142,FOOD-DATA-GROUP1,82.2680412371134,0.0,17.731958762886595,39.9,247,16.088709677419356,0.0,0.0,0.0,0.0004032258064516,0,0,0,1,Healthy,63.2
490,490,sockeye salmon raw,562,22.2,4.7,7.4,7.7,0.0,0.0,84.4,0.0,209.9,0.4,289.7,0.2,0.7,0.073,0.065,0.5,32.2,4.6,2.4,0.0,0.086,3.8,0.021,39.6,0.2,1.7,118.8,0.064,1053.4,1358.3,0.1,1.7,148.1,FOOD-DATA-GROUP1,79.17448405253283,0.0,20.825515947467167,84.4,562,14.9911190053286,0.0,0.0,0.0,0.0007104795737122,0,0,0,1,Healthy,61.5
491,491,swordfish cooked,182,8.4,2.0,3.8,1.5,0.0,0.0,24.9,0.0,82.7,0.1,72.4,0.075,0.078,0.094,0.048,0.005,0.01,9.8,0.4,0.7,0.0,0.038,2.6,0.022,6.4,0.045,0.5,37.1,0.041,322.2,528.9,0.028,34.203,FOOD-DATA-GROUP1,74.77477477477478,0.0,25.225225225225227,24.9,182,13.60655737704918,0.0,0.0,0.0,0.0005464480874316,0,0,0,0,Healthy,63.5
492,492,american shad raw,362,25.3,5.8,10.5,6.0,0.0,0.0,31.2,0.0,138.0,0.001,125.5,0.009,0.3,0.096,0.057,0.4,15.5,1.4,0.7,0.0,0.097,2.2,0.019,86.5,0.1,1.8,55.2,0.017,500.5,706.6,0.092,0.7,144.868,FOOD-DATA-GROUP1,55.2212389380531,0.0,44.7787610619469,31.2,362,8.59504132231405,0.0,0.0,0.0,2.7548209366391185e-06,0,0,1,1,Limit,60.6
493,493,sardine canned in oil,310,17.1,2.3,5.8,7.7,0.0,0.0,36.7,0.0,211.6,0.5,88.8,0.051,0.1,0.067,0.075,0.3,7.8,1.0,0.2,0.0,0.04,3.0,0.063,569.2,0.3,4.4,58.1,0.2,730.1,591.5,0.077,2.0,627.452,FOOD-DATA-GROUP1,68.21561338289963,0.0,31.78438661710037,36.7,310,11.800643086816722,0.0,0.0,0.0,0.0016077170418006,0,0,0,1,Healthy,63.3
494,494,anchovy canned in oil,8,0.4,0.001,0.2,0.1,0.0,0.0,1.2,0.0,3.4,0.1,2.0,0.012,0.0,0.007,0.061,0.071,0.8,0.008,0.082,0.0,0.07,0.1,0.013,9.3,0.097,0.2,2.8,0.005,10.1,21.8,0.023,0.031,11.106,FOOD-DATA-GROUP1,74.99999999999999,0.0,25.0,1.2,8,13.333333333333334,0.0,0.0,0.0,0.0111111111111111,0,0,0,0,Healthy,50.9
495,495,salmon canned,520,20.3,5.5,7.1,5.6,0.0,0.0,79.1,0.0,143.9,1.8,261.1,0.064,0.079,0.072,0.055,0.6,25.8,2.1,1.4,0.0,0.0,5.9,0.02,918.8,0.4,2.6,110.7,0.022,1306.3,1107.0,0.2,3.7,1020.882,FOOD-DATA-GROUP1,79.5774647887324,0.0,20.422535211267608,79.1,520,15.182341650671786,0.0,0.0,0.0,0.0034548944337811,0,0,1,1,Limit,60.9
496,496,sardines in tomato sauce canned,165,9.3,2.4,4.3,1.9,0.5,0.4,18.6,0.009,54.3,0.4,59.5,0.036,0.014,0.093,0.098,0.2,3.7,0.6,0.1,0.9,0.017,1.2,0.012,213.6,0.2,2.0,30.3,0.2,325.7,303.5,0.024,1.2,244.978,FOOD-DATA-GROUP1,65.49295774647888,1.7605633802816898,32.74647887323944,12.4,165,11.204819277108436,0.0054216867469879,26.666666666666668,0.018,0.0024096385542168,0,0,0,0,Healthy,62.0
497,497,sockeye salmon canned,563,24.9,4.9,8.4,6.0,0.0,0.0,79.5,0.0,266.2,1.4,229.4,0.2,0.1,0.096,0.014,0.7,25.7,1.8,0.4,0.0,0.09,7.0,0.018,781.8,0.2,2.2,104.5,0.008,1139.1,1058.2,0.1,2.8,888.6,FOOD-DATA-GROUP1,76.14942528735632,0.0,23.85057471264368,79.5,563,14.095744680851062,0.0,0.0,0.0,0.002482269503546,0,0,0,1,Healthy,61.3
498,498,tuna canned,102,2.4,0.6,0.6,0.9,0.0,0.0,18.9,0.0,33.6,0.3,58.6,0.017,0.032,0.087,0.075,0.079,4.6,0.086,0.2,0.0,0.07,0.7,0.099,11.2,0.099,0.8,26.4,0.078,173.6,189.6,0.025,0.4,33.32,FOOD-DATA-GROUP1,88.73239436619718,0.0,11.267605633802818,18.9,102,18.349514563106798,0.0,0.0,0.0,0.0029126213592233,0,0,0,0,Healthy,63.7
499,499,pink salmon canned,530,20.4,3.5,5.0,5.8,0.0,0.0,80.9,0.0,226.1,1.7,304.3,0.025,0.061,0.054,0.031,0.8,26.9,2.3,1.2,0.0,0.018,2.6,0.044,883.7,0.3,2.6,123.3,0.07,1385.1,1413.8,0.1,3.1,987.651,FOOD-DATA-GROUP1,79.86179664363277,0.0,20.138203356367224,80.9,530,15.235404896421848,0.0,0.0,0.0,0.003201506591337,0,0,0,1,Healthy,62.4
500,500,cod canned,328,2.7,0.5,0.4,0.9,0.0,0.0,71.0,0.0,171.6,0.7,235.9,0.046,0.3,0.06,0.04,0.2,7.8,0.5,0.9,3.1,0.066,2.6,0.063,65.5,0.1,1.5,127.9,0.061,811.2,1647.4,0.1,1.8,143.814,FOOD-DATA-GROUP1,96.33649932157394,0.0,3.6635006784260513,71.0,328,21.580547112462007,0.0,0.0,0.0,0.002127659574468,0,0,0,1,Healthy,64.6
501,501,eastern oyster canned,110,4.0,1.0,0.4,1.2,6.3,0.0,11.4,0.0,89.1,0.2,137.9,0.1,0.2,0.009,0.089,0.3,2.0,0.3,0.2,8.1,0.0,1.4,0.056,72.9,7.2,10.9,87.5,0.7,225.2,371.0,0.078,147.3,113.7,FOOD-DATA-GROUP1,52.53456221198157,29.03225806451613,18.433179723502302,1.5616438356164384,110,10.27027027027027,0.0,0.0,0.0,0.0018018018018018,0,0,0,0,Healthy,57.8
502,502,chum salmon canned,520,20.3,5.5,7.1,5.6,0.0,0.0,79.1,0.0,143.9,0.3,261.1,0.014,0.092,0.054,0.012,0.6,25.8,2.1,1.4,0.0,0.0,0.0,0.0,918.8,0.4,2.6,110.7,0.037,1306.3,1107.0,0.2,3.7,1020.805,FOOD-DATA-GROUP1,79.5774647887324,0.0,20.422535211267608,79.1,520,15.182341650671786,0.0,0.0,0.0,0.0005758157389635,0,0,1,1,Limit,60.9
503,503,tuna canned in oil,331,14.4,2.3,5.8,5.3,0.0,0.0,47.2,0.0,55.2,0.7,114.0,0.03,0.044,0.022,0.033,0.1,20.8,0.7,0.8,0.0,0.0,4.1,0.073,7.1,0.2,1.2,60.5,0.081,475.3,592.7,0.1,0.8,69.953,FOOD-DATA-GROUP1,76.62337662337663,0.0,23.37662337662337,47.2,331,14.21686746987952,0.0,0.0,0.0,0.0021084337349397,0,0,0,0,Healthy,63.3
504,504,wild pink salmon oceans,320,16.0,0.0,48.0,0.0,0.0,0.0,0.0,0.0,0.0,0.0,0.0,0.0,0.0,0.0,0.0,0.0,0.0,0.0,0.0,0.0,0.0,0.0,0.0,0.0,0.0,0.0,0.0,0.0,0.0,0.0,0.0,0.0,16.0,FOOD-DATA-GROUP1,0.0,0.0,100.0,0.0,320,0.0,0.0,0.0,0.0,0.0,0,0,0,0,Healthy,50.0
505,505,shrimp canned,128,1.7,0.2,0.1,0.9,0.0,0.0,26.1,0.0,322.6,1.1,97.1,0.0,0.039,0.078,0.081,0.099,0.7,0.2,0.054,5.2,0.0,1.4,0.0,185.6,0.3,2.7,42.2,0.5,249.6,102.4,0.036,2.5,221.3,FOOD-DATA-GROUP1,93.88489208633094,0.0,6.115107913669064,26.1,128,20.232558139534884,0.0,0.0,0.0,0.0085271317829457,0,0,0,1,Healthy,64.8
506,506,alaska king crab raw,144,1.0,0.2,0.1,0.2,0.0,0.0,31.5,0.0,72.2,1.4,136.9,0.048,0.015,0.082,0.004,0.026,1.9,0.6,0.3,12.0,0.0,0.0,0.0,79.1,1.6,1.0,84.3,0.021,376.7,350.9,0.002,10.2,124.608,FOOD-DATA-GROUP1,96.92307692307692,0.0,3.076923076923077,31.5,144,21.72413793103448,0.0,0.0,0.0,0.0096551724137931,0,0,0,0,Healthy,64.8
507,507,scallops fried,64,3.2,0.8,2.1,0.1,6.4,0.0,2.6,0.0,18.0,0.2,11.5,0.059,0.049,0.081,0.089,0.1,0.0,0.075,0.013,0.0,0.0,0.0,0.0,3.1,0.099,0.3,5.3,0.008,48.7,49.0,0.032,0.2,15.698,FOOD-DATA-GROUP1,21.311475409836067,52.459016393442624,26.229508196721312,0.3513513513513513,64,4.0,0.0,0.0,0.0,0.003076923076923,0,0,0,0,Healthy,51.3
508,508,shrimp cooked,7,0.092,0.023,0.003,0.0,0.013,0.0,1.3,0.0,11.6,0.012,3.9,0.021,0.031,0.098,0.077,0.002,0.1,0.026,0.041,0.0,0.08,0.1,0.001,5.0,0.01,0.009,2.0,0.077,16.8,9.4,0.08,0.008,6.398,FOOD-DATA-GROUP1,92.52669039145908,0.9252669039145908,6.548042704626335,1.2833168805528137,7,16.25,0.0,0.0,0.0,0.0015,0,0,0,0,Healthy,51.0
509,509,clams fried,19,1.0,0.3,0.4,0.3,1.0,0.0,1.3,0.0,5.7,0.068,5.8,0.008,0.091,0.059,0.083,0.042,0.2,0.01,0.011,0.9,0.0,0.0,0.0,5.9,0.069,1.3,1.3,0.078,17.7,30.6,0.022,0.1,11.464,FOOD-DATA-GROUP1,39.3939393939394,30.303030303030305,30.303030303030305,0.65,19,6.5,0.0,0.0,0.0,0.0034,0,0,0,0,Healthy,50.7
510,510,alaska king crab cooked,130,2.1,0.2,0.2,0.7,0.0,0.0,25.9,0.0,71.0,1.4,103.9,0.018,0.005,0.002,0.02,0.07,1.8,0.5,0.2,10.2,0.0,0.0,0.0,79.1,1.6,1.0,84.4,0.093,375.2,351.1,0.003,10.2,118.35,FOOD-DATA-GROUP1,92.5,0.0,7.5,25.9,130,19.77099236641221,0.0,0.0,0.0,0.0106870229007633,0,0,0,0,Healthy,64.8
511,511,scallops cooked,11,0.058,0.092,0.096,0.086,0.5,0.0,2.1,0.0,4.1,0.06,7.0,0.05,0.091,0.011,0.015,0.067,0.049,0.1,0.004,0.032,0.0,0.0,0.0,0.0,1.0,0.057,0.041,3.7,0.004,42.6,31.4,0.042,2.732,FOOD-DATA-GROUP1,79.00677200902935,18.811136192626037,2.18209179834462,1.4,11,17.5,0.0,0.0,0.0,0.005,0,0,0,0,Healthy,51.5
512,512,squid fried,140,6.0,1.5,2.2,1.7,6.2,0.0,14.4,0.0,208.0,0.2,51.6,0.035,0.048,0.06,0.05,0.4,2.1,0.4,0.033,3.4,0.0,0.0,0.0,31.2,1.7,0.8,30.4,0.046,200.8,223.2,0.087,1.4,62.028,FOOD-DATA-GROUP1,54.13533834586466,23.308270676691727,22.55639097744361,2.0,140,10.212765957446807,0.0,0.0,0.0,0.001418439716312,0,0,0,1,Healthy,59.7
513,513,oyster raw,41,1.2,0.3,0.2,0.4,2.5,0.0,4.7,0.0,25.0,0.059,41.0,0.093,0.052,0.088,0.018,0.1,1.0,0.3,0.026,4.0,0.0,0.0,0.0,4.0,0.8,2.6,11.0,0.3,81.0,84.0,0.1,8.3,19.054,FOOD-DATA-GROUP1,55.95238095238096,29.761904761904763,14.285714285714285,1.342857142857143,41,11.190476190476192,0.0,0.0,0.0,0.0014047619047619,0,0,0,0,Healthy,53.3
514,514,abalone,89,0.6,0.1,0.02,0.091,5.1,0.0,14.5,0.0,72.3,0.3,63.4,0.056,0.2,0.038,0.057,0.09,1.3,2.6,0.1,1.7,0.0,3.4,0.043,26.4,0.2,2.7,40.8,0.014,161.5,212.5,0.095,0.7,51.092,FOOD-DATA-GROUP1,71.78217821782177,25.247524752475243,2.97029702970297,2.377049180327869,89,16.11111111111111,0.0,0.0,0.0,0.0033333333333333,0,0,0,0,Healthy,60.8
515,515,queen crab raw,25,0.3,0.096,0.027,0.1,0.0,0.0,5.2,0.0,15.6,0.2,22.8,0.093,0.032,0.001,0.082,0.063,0.7,0.024,0.059,2.0,0.0,0.0,0.0,7.4,0.2,0.7,13.9,0.082,37.6,49.0,0.033,0.8,15.607,FOOD-DATA-GROUP1,94.54545454545456,0.0,5.454545454545454,5.2,25,20.0,0.0,0.0,0.0,0.0076923076923076,0,0,0,0,Healthy,53.8
516,516,whelk cooked,78,0.2,0.003,0.068,0.037,4.4,0.0,13.5,0.0,36.8,0.1,9.1,0.013,0.076,0.057,0.084,0.055,0.6,0.1,0.2,1.9,0.0,0.0,0.0,32.0,0.6,2.8,48.7,0.3,79.8,196.4,0.047,0.9,54.806,FOOD-DATA-GROUP1,74.58563535911603,24.30939226519337,1.1049723756906078,2.5,78,17.088607594936708,0.0,0.0,0.0,0.0012658227848101,0,0,0,0,Healthy,60.1
517,517,oyster cooked,41,1.2,0.3,0.2,0.4,2.5,0.0,4.7,0.0,25.0,0.066,16.0,0.082,0.099,0.005,0.007,0.1,0.9,0.2,0.043,3.2,0.0,0.2,0.047,4.0,0.7,2.3,11.0,0.3,60.8,75.5,0.064,8.3,17.971,FOOD-DATA-GROUP1,55.95238095238096,29.761904761904763,14.285714285714285,1.342857142857143,41,11.190476190476192,0.0,0.0,0.0,0.0015714285714285,0,0,0,0,Healthy,53.3
518,518,eastern oyster cooked,8,0.2,0.073,0.004,0.018,0.7,0.0,0.7,0.0,3.7,0.038,8.0,0.09,0.02,0.086,0.099,0.012,0.2,0.083,0.023,0.6,0.0,0.0,0.0,5.5,0.1,0.8,3.2,0.081,11.3,14.9,0.011,4.4,8.598,FOOD-DATA-GROUP1,43.75,43.75,12.500000000000004,0.4117647058823529,8,7.777777777777778,0.0,0.0,0.0,0.0042222222222222,0,0,0,0,Healthy,50.5
519,519,blue mussels cooked,344,9.0,1.7,2.0,2.4,14.8,0.0,47.6,0.0,112.0,0.7,122.3,0.2,0.6,0.2,0.026,0.8,6.0,1.9,0.2,27.2,0.0,0.0,0.0,66.0,0.3,13.4,74.0,13.6,570.0,536.0,0.2,5.3,178.2,FOOD-DATA-GROUP1,66.66666666666666,20.728291316526608,12.605042016806722,3.0126582278481013,344,13.79710144927536,0.0,0.0,0.0,0.0020289855072463,0,0,0,1,Healthy,63.7
520,520,octopus raw,23,0.3,0.002,0.042,0.038,0.6,0.0,4.2,0.0,13.6,0.064,22.7,0.059,0.066,0.009,0.043,0.064,0.6,0.1,0.1,1.4,0.0,0.3,0.074,15.0,0.1,1.5,8.5,0.019,52.6,99.1,0.044,0.5,23.044,FOOD-DATA-GROUP1,82.3529411764706,11.76470588235294,5.88235294117647,2.625,23,17.5,0.0,0.0,0.0,0.0026666666666666,0,0,0,0,Healthy,53.1
521,521,spiny lobster cooked,233,3.2,0.5,0.6,1.2,5.1,0.0,43.0,0.0,146.7,0.4,108.8,0.06,0.097,0.032,0.068,0.016,8.0,0.7,0.3,3.4,0.0,0.0,0.0,102.7,0.7,2.3,83.1,0.019,373.3,339.0,0.042,11.9,159.731,FOOD-DATA-GROUP1,83.82066276803118,9.941520467836256,6.237816764132553,7.049180327868853,233,18.37606837606838,0.0,0.0,0.0,0.0017094017094017,0,0,0,1,Healthy,64.6
522,522,blue mussels raw,129,3.4,0.6,0.8,0.9,5.5,0.0,17.9,0.0,42.0,0.4,120.9,0.028,0.2,0.095,0.003,0.3,2.4,0.8,0.041,12.0,0.0,0.8,0.012,39.0,0.1,5.9,51.0,5.1,295.5,480.0,0.063,2.4,83.72,FOOD-DATA-GROUP1,66.7910447761194,20.52238805970149,12.686567164179104,2.753846153846154,129,13.769230769230766,0.0,0.0,0.0,0.003076923076923,0,0,0,0,Healthy,63.0
523,523,queen crab cooked,98,1.3,0.2,0.3,0.5,0.0,0.0,20.2,0.0,60.4,0.6,63.8,0.007,0.007,0.029,0.04,0.2,2.5,0.3,0.1,6.1,0.0,0.0,0.0,28.1,0.5,2.4,53.6,0.036,108.8,170.0,0.056,3.1,58.197,FOOD-DATA-GROUP1,93.95348837209302,0.0,6.046511627906977,20.2,98,20.4040404040404,0.0,0.0,0.0,0.006060606060606,0,0,0,0,Healthy,64.8
524,524,dungeness crab cooked,140,1.6,0.2,0.3,0.5,1.2,0.0,28.3,0.0,96.5,0.5,93.1,0.06,0.024,0.054,0.039,0.3,4.6,0.5,0.2,4.6,0.0,0.0,0.0,74.9,0.9,0.5,73.7,0.1,222.3,518.2,0.032,6.9,111.171,FOOD-DATA-GROUP1,90.9967845659164,3.858520900321543,5.144694533762058,12.863636363636363,140,20.070921985815605,0.0,0.0,0.0,0.0035460992907801,0,0,0,0,Healthy,64.8
525,525,dungeness crab raw,140,1.6,0.2,0.3,0.5,1.2,0.0,28.4,0.0,96.2,0.5,129.1,0.026,0.033,0.086,0.017,0.3,5.1,0.6,0.2,5.7,0.0,0.0,0.0,75.0,1.1,0.6,73.4,0.1,296.7,577.0,0.022,7.0,112.564,FOOD-DATA-GROUP1,91.02564102564102,3.8461538461538463,5.128205128205129,12.909090909090908,140,20.141843971631204,0.0,0.0,0.0,0.0035460992907801,0,0,0,0,Healthy,64.8
526,526,shrimp fried,52,3.2,0.7,2.0,0.3,4.8,0.086,1.3,0.1,9.9,0.2,7.2,0.01,0.037,0.029,0.075,0.065,0.2,0.0,0.021,0.0,0.0,0.4,0.04,4.9,0.012,0.1,2.7,0.015,31.5,13.9,0.021,0.069,14.433,FOOD-DATA-GROUP1,13.978494623655912,51.61290322580645,34.40860215053763,0.2241379310344827,52,2.4528301886792456,0.1886792452830188,1.482758620689655,0.2,0.0037735849056603,0,0,0,0,Healthy,50.6
527,527,shrimp raw,4,0.023,0.061,0.075,0.009,0.041,0.0,0.7,0.0,6.3,0.083,4.2,0.083,0.092,0.052,0.045,0.081,0.089,0.056,0.025,0.0,0.053,0.035,0.042,2.7,0.079,0.072,1.1,0.004,12.2,5.7,0.002,0.078,3.712,FOOD-DATA-GROUP1,91.62303664921464,5.366492146596859,3.0104712041884816,0.6724303554274735,4,13.999999999999998,0.0,0.0,0.0,0.0166,0,0,0,0,Healthy,50.5
528,528,blue crab cooked,71,0.6,0.2,0.1,0.2,0.0,0.0,15.2,0.0,82.5,0.3,67.7,0.004,0.029,0.036,0.048,0.096,0.033,2.3,0.8,0.1,2.8,0.0,1.6,0.027,77.4,0.7,0.4,30.6,0.087,198.9,220.2,0.076,16.719,FOOD-DATA-GROUP1,96.20253164556962,0.0,3.79746835443038,15.2,71,21.11111111111111,0.0,0.0,0.0,0.0041666666666666,0,0,0,0,Healthy,61.2
529,529,shrimp imitation,29,0.4,0.019,0.014,0.2,2.6,0.0,3.5,0.0,10.2,0.2,21.2,0.046,0.02,0.02,0.076,0.085,0.084,0.023,0.005,0.0,0.0,0.0,0.0,5.4,0.053,0.2,12.2,0.08,79.8,25.2,0.088,0.036,12.119,FOOD-DATA-GROUP1,53.84615384615385,40.0,6.153846153846154,0.9722222222222222,29,11.666666666666666,0.0,0.0,0.0,0.0066666666666666,0,0,0,0,Healthy,52.6
530,530,conch baked,165,1.5,0.5,0.4,0.3,2.2,0.0,33.4,0.0,82.6,0.2,88.1,0.099,0.069,0.2,0.088,0.1,1.3,0.0,0.095,0.0,0.0,8.0,0.016,124.5,0.6,1.8,302.3,0.0,275.6,207.0,0.007,2.2,163.446,FOOD-DATA-GROUP1,90.02695417789757,5.929919137466308,4.043126684636119,10.437499999999998,165,20.12048192771084,0.0,0.0,0.0,0.0012048192771084,0,0,0,0,Healthy,64.6
531,531,squid raw,26,0.4,0.1,0.094,0.1,0.9,0.0,4.4,0.0,65.9,0.09,22.2,0.077,0.014,0.043,0.027,0.1,0.6,0.1,0.033,1.3,0.0,0.3,0.0,9.1,0.5,0.2,9.3,0.048,62.5,69.6,0.088,0.4,16.386,FOOD-DATA-GROUP1,77.19298245614034,15.789473684210522,7.017543859649122,2.3157894736842106,26,16.296296296296298,0.0,0.0,0.0,0.0033333333333333,0,0,0,0,Healthy,53.2
532,532,scallop raw,10,0.091,0.089,0.026,0.005,0.5,0.0,1.8,0.0,3.6,0.057,12.4,0.084,0.031,0.035,0.095,0.015,0.1,0.098,0.049,0.0,0.0,0.0,0.0,0.9,0.081,0.068,3.3,0.069,50.1,30.8,0.098,0.1,3.417,FOOD-DATA-GROUP1,75.2823086574655,20.911752404851526,3.805938937682977,1.2,10,16.363636363636363,0.0,0.0,0.0,0.0051818181818181,0,0,0,0,Healthy,51.3
533,533,lobster raw,116,1.1,0.3,0.3,0.4,0.0,0.0,24.8,0.0,190.5,0.6,121.4,0.092,0.025,0.033,0.005,0.086,2.4,2.2,0.2,0.0,0.0,1.3,0.0,126.0,2.0,0.4,57.0,0.022,241.5,300.0,0.047,5.3,152.362,FOOD-DATA-GROUP1,95.75289575289575,0.0,4.247104247104247,24.8,116,21.1965811965812,0.0,0.0,0.0,0.0051282051282051,0,0,0,1,Healthy,64.8
534,534,scallop imitation,28,0.1,0.065,0.085,0.098,3.0,0.0,3.6,0.0,6.2,0.2,20.9,0.008,0.079,0.046,0.04,0.017,0.091,0.09,0.045,0.0,0.0,0.0,0.0,2.3,0.067,0.058,12.2,0.034,79.8,29.1,0.095,0.019,9.105,FOOD-DATA-GROUP1,53.7313432835821,44.77611940298508,1.492537313432836,0.9,28,12.413793103448276,0.0,0.0,0.0,0.0068965517241379,0,0,0,0,Healthy,52.6
535,535,blue crab raw,18,0.2,0.067,0.048,0.063,0.018,0.0,3.8,0.0,16.4,0.079,16.6,0.069,0.098,0.082,0.009,0.021,0.6,0.079,0.073,0.6,0.0,0.0,0.0,18.7,0.1,0.2,7.1,0.019,48.1,69.1,0.07,0.7,23.615,FOOD-DATA-GROUP1,94.57441513190642,0.4479840716774514,4.977600796416128,3.7328094302554025,18,20.0,0.0,0.0,0.0,0.0041578947368421,0,0,0,0,Healthy,52.8
536,536,whelk raw,39,0.1,0.096,0.067,0.005,2.2,0.0,6.7,0.0,18.4,0.073,18.7,0.043,0.089,0.027,0.021,0.088,0.3,0.037,0.097,1.1,0.0,0.013,0.028,16.1,0.3,1.4,24.3,0.1,39.9,98.2,0.011,0.5,27.678,FOOD-DATA-GROUP1,74.44444444444444,24.444444444444446,1.1111111111111112,2.09375,39,16.75,0.0,0.0,0.0,0.0018249999999999,0,0,0,0,Healthy,55.0
537,537,spiny lobster raw,234,3.2,0.5,0.6,1.2,5.1,0.0,43.1,0.0,146.3,0.4,154.8,0.025,0.071,0.094,0.008,0.043,8.9,0.7,0.3,4.2,0.0,0.0,0.0,102.4,0.8,2.5,83.6,0.033,497.4,376.2,0.055,11.9,160.501,FOOD-DATA-GROUP1,83.852140077821,9.922178988326849,6.225680933852139,7.065573770491804,234,18.340425531914896,0.0,0.0,0.0,0.0017021276595744,0,0,0,1,Healthy,64.6
538,538,clams canned,227,2.5,0.5,0.3,0.5,9.4,0.0,38.8,0.0,80.0,0.2,104.4,0.2,0.031,0.099,0.01,0.1,0.9,0.4,0.071,0.0,0.063,1.8,0.037,104.0,0.1,4.3,51.2,0.2,523.2,1004.8,0.089,1.3,159.2,FOOD-DATA-GROUP1,76.52859960552269,18.540433925049317,4.930966469428008,3.7307692307692304,227,17.01754385964912,0.0,0.0,0.0,0.0008771929824561,0,0,0,0,Healthy,64.6
539,539,lobster cooked,134,1.3,0.3,0.4,0.5,0.0,0.0,28.5,0.0,219.0,0.7,117.2,0.077,0.074,0.077,0.071,0.099,0.031,2.7,2.5,0.2,0.0,0.0,1.5,0.0,144.0,2.3,0.4,64.5,0.049,277.5,345.0,0.1,32.314,FOOD-DATA-GROUP1,95.63758389261746,0.0,4.362416107382551,28.5,134,21.11111111111111,0.0,0.0,0.0,0.0051851851851851,0,0,0,1,Healthy,64.8
540,540,eastern oyster fried,29,1.8,0.5,0.7,0.5,1.7,0.0,1.3,0.0,10.4,0.015,9.4,0.0,0.026,0.003,0.016,0.084,0.2,0.081,0.007,0.6,0.0,0.0,0.0,9.1,0.6,1.0,8.5,0.063,23.2,35.6,0.092,12.7,15.5,FOOD-DATA-GROUP1,27.083333333333336,35.41666666666667,37.5,0.4814814814814814,29,4.333333333333334,0.0,0.0,0.0,0.0005,0,0,0,0,Healthy,50.6
541,541,clams raw,195,2.2,0.4,0.3,0.4,8.1,0.0,33.3,0.0,68.1,1.4,179.3,0.2,0.098,0.095,0.064,0.001,0.8,0.3,0.0,0.0,0.0,1.5,0.032,88.5,0.1,3.7,43.1,0.2,449.5,104.4,0.041,1.2,136.0,FOOD-DATA-GROUP1,76.37614678899082,18.577981651376145,5.045871559633028,3.659340659340659,195,16.989795918367346,0.0,0.0,0.0,0.0071428571428571,0,0,0,0,Healthy,64.7
542,542,octopus cooked,139,1.8,0.4,0.3,0.4,3.7,0.0,25.3,0.0,81.6,0.4,51.4,0.09,0.075,0.016,0.031,0.079,3.2,0.8,0.6,6.8,0.0,1.0,0.088,90.1,0.6,8.1,51.0,0.013,237.2,535.5,0.054,2.9,135.853,FOOD-DATA-GROUP1,82.14285714285714,12.012987012987011,5.844155844155844,5.382978723404255,139,18.071428571428573,0.0,0.0,0.0,0.0028571428571428,0,0,0,0,Healthy,64.7
543,543,eastern oyster raw,8,0.2,0.0,0.087,0.091,0.8,0.0,0.7,0.0,3.5,0.021,12.1,0.069,0.086,0.013,0.095,0.012,0.2,0.076,0.077,0.7,0.0,0.0,0.0,6.2,0.1,0.8,4.6,0.028,13.0,17.4,0.065,5.3,9.448,FOOD-DATA-GROUP1,41.17647058823529,47.05882352941177,11.764705882352942,0.3888888888888888,8,7.777777777777778,0.0,0.0,0.0,0.0023333333333333,0,0,0,0,Healthy,50.5
544,544,oyster fried,61,3.0,0.8,1.2,0.8,6.7,0.0,2.1,0.0,18.1,0.1,11.1,0.036,0.039,0.035,0.081,0.02,0.7,0.2,0.019,0.7,0.0,0.0,0.0,4.6,0.1,0.7,3.9,0.015,32.7,30.4,0.074,2.6,17.861,FOOD-DATA-GROUP1,17.796610169491526,56.77966101694915,25.42372881355932,0.2727272727272727,61,3.387096774193549,0.0,0.0,0.0,0.0016129032258064,0,0,0,0,Healthy,51.0
545,545,sturgeon smoked,49,1.2,0.3,0.7,0.1,0.0,0.0,8.8,0.0,22.6,0.2,17.7,0.02,0.026,0.006,0.011,0.078,3.1,0.3,0.09,0.0,0.048,0.1,0.022,4.8,0.06,0.3,13.3,0.042,79.5,107.3,0.077,0.2,15.175,FOOD-DATA-GROUP1,88.00000000000001,0.0,12.0,8.8,49,17.6,0.0,0.0,0.0,0.004,0,0,0,0,Healthy,56.4
546,546,chinook salmon smoked,159,5.9,1.3,2.8,1.4,0.0,0.0,24.9,0.0,31.3,1.1,97.9,0.019,0.01,0.019,0.007,0.1,6.4,1.2,0.4,0.0,0.09,1.8,0.039,15.0,0.3,1.2,24.5,0.055,223.0,238.0,0.027,0.4,47.038,FOOD-DATA-GROUP1,80.84415584415585,0.0,19.15584415584416,24.9,159,15.562499999999998,0.0,0.0,0.0,0.006875,0,0,0,0,Healthy,64.0
547,547,cisco smoked,50,3.4,0.5,1.6,0.6,0.0,0.0,4.6,0.0,9.1,0.1,19.8,0.05,0.079,0.031,0.04,0.0,0.7,0.009,0.08,0.0,0.047,0.098,0.094,7.4,0.015,0.1,4.8,0.047,42.5,82.9,0.05,0.076,15.576,FOOD-DATA-GROUP1,57.49999999999999,0.0,42.5,4.6,50,9.019607843137257,0.0,0.0,0.0,0.0019607843137254,0,0,0,0,Healthy,53.1
548,548,haddock smoked,33,0.3,0.049,0.006,0.055,0.0,0.0,7.1,0.0,21.8,0.2,20.2,0.087,0.05,0.079,0.08,0.094,1.4,0.094,0.1,0.0,0.074,0.2,0.078,13.9,0.001,0.4,15.3,0.075,71.0,117.4,0.063,0.1,21.719,FOOD-DATA-GROUP1,95.94594594594594,0.0,4.054054054054054,7.1,33,20.882352941176467,0.0,0.0,0.0,0.0058823529411764,0,0,0,0,Healthy,55.3
549,549,whitefish smoked,147,1.3,0.3,0.4,0.4,0.0,0.0,31.8,0.0,44.9,1.4,96.3,0.086,0.08,0.082,0.017,0.1,3.3,0.1,0.5,0.0,0.078,0.3,0.097,24.5,0.4,0.7,31.3,0.091,179.5,575.3,0.03,0.7,58.398,FOOD-DATA-GROUP1,96.07250755287008,0.0,3.927492447129909,31.8,147,21.486486486486488,0.0,0.0,0.0,0.0094594594594594,0,0,0,0,Healthy,64.8
550,550,red salmon sockeye filets smoked,373,12.3,2.8,4.3,3.7,0.0,0.0,65.5,0.0,167.4,0.065,25.8,0.047,0.5,0.078,0.088,0.6,24.6,3.0,0.9,0.0,0.0,1.3,0.0,62.6,0.2,1.1,62.6,0.048,702.0,1036.8,0.026,1.2,141.587,FOOD-DATA-GROUP1,84.19023136246787,0.0,15.809768637532134,65.5,373,17.51336898395722,0.0,0.0,0.0,0.0001737967914438,0,0,0,1,Healthy,62.9
0,0,eggnog,224,10.6,6.6,3.3,0.5,20.4,20.4,11.6,0.0,149.9,0.1,209.7,0.1,0.074,0.02,0.006,0.5,0.3,1.1,0.1,3.8,0.055,0.5,0.011,330.2,0.051,0.5,48.3,0.024,276.9,419.1,0.094,1.2,377.2,FOOD-DATA-GROUP2,27.230046948356808,47.88732394366197,24.88262910798122,0.5420560747663552,224,5.155555555555556,0.0,95.32710280373831,0.0,0.0004444444444444,0,1,1,1,Avoid,45.6
1,1,beer light,96,0.0,0.0,0.0,0.0,5.4,0.3,0.8,0.0,0.0,0.095,313.1,0.0,0.083,0.079,0.0,0.069,1.3,0.067,0.1,0.0,0.0,0.0,0.0,13.2,0.095,0.014,16.5,0.094,39.6,69.3,0.077,0.044,19.456,FOOD-DATA-GROUP2,12.903225806451612,87.09677419354838,0.0,0.125,96,0.8247422680412372,0.0,4.687499999999999,0.0,0.0009793814432989,0,0,0,0,Healthy,50.5
2,2,beer budweiser,12,0.0,0.0,0.0,0.0,0.9,0.0,0.1,0.0,0.0,0.095,27.4,0.0,0.0,0.0,0.0,0.0,0.0,0.0,0.0,0.0,0.0,0.0,0.0,1.2,0.095,0.0,2.1,0.038,3.8,9.7,0.0,0.0,2.2,FOOD-DATA-GROUP2,10.0,90.0,0.0,0.0526315789473684,12,0.7692307692307693,0.0,0.0,0.0,0.0073076923076923,0,0,0,0,Healthy,50.1
3,3,weizenbier erdinger,220,18.0,13.0,1.0,0.0,0.0,0.0,0.0,0.0,0.0,0.0,0.0,0.0,0.0,0.0,0.0,0.0,0.0,0.0,0.0,0.0,0.0,0.0,0.0,0.0,0.0,0.0,0.0,0.0,0.0,0.0,0.0,0.0,18.0,FOOD-DATA-GROUP2,0.0,0.0,100.0,0.0,220,0.0,0.0,0.0,0.0,0.0,0,0,1,0,Limit,40.2
4,4,beer light budweiser,9,0.0,0.0,0.0,0.0,0.4,0.0,0.066,0.0,0.0,0.016,28.0,0.0,0.0,0.0,0.0,0.0,0.0,0.0,0.0,0.0,0.0,0.0,0.0,0.9,0.088,0.0,2.1,0.007,3.2,7.7,0.0,0.0,1.32,FOOD-DATA-GROUP2,14.163090128755366,85.83690987124464,0.0,0.0471428571428571,9,0.66,0.0,0.0,0.0,0.0016,0,0,0,0,Healthy,50.0
5,5,beer,142,0.0,0.0,0.0,0.0,11.7,0.0,1.5,0.0,0.0,0.067,303.5,0.0,0.093,0.062,0.0,0.017,1.7,0.1,0.2,0.0,0.0,0.0,0.0,13.2,0.096,0.031,19.8,0.085,46.2,89.1,0.087,0.001,26.436,FOOD-DATA-GROUP2,11.363636363636363,88.63636363636364,0.0,0.1181102362204724,142,1.048951048951049,0.0,0.0,0.0,0.0004685314685314,0,0,0,0,Healthy,51.1
6,6,root beer,202,0.0,0.0,0.0,0.0,52.3,52.3,0.0,0.0,0.0,0.068,440.2,0.0,0.0,0.0,0.0,0.0,0.0,0.0,0.0,0.0,0.0,0.0,0.0,0.0,24.7,0.037,0.2,4.9,0.059,0.0,4.9,0.095,52.334,FOOD-DATA-GROUP2,0.0,100.0,0.0,0.0,202,0.0,0.0,98.12382739212008,0.0,0.0003349753694581,0,1,0,0,Avoid,30.0
7,7,whiskey sour mix,26,0.072,0.069,0.034,0.012,6.3,6.3,0.051,0.0,0.0,0.073,23.1,0.0,0.089,0.0,0.0,0.07,0.0,0.032,0.0,0.8,0.0,0.0,0.0,0.6,0.0,0.047,0.3,0.0,1.8,8.3,0.015,0.08,7.914,FOOD-DATA-GROUP2,0.7940214852872489,98.08500700607192,1.1209715086408218,0.006986301369863,26,0.1888888888888888,0.0,86.3013698630137,0.0,0.0027037037037037,0,0,0,0,Healthy,47.5
8,8,whiskey sour,158,0.0,0.018,0.092,0.024,13.9,0.0,0.0,0.0,0.0,0.067,77.0,0.0,0.035,0.0,0.0,0.092,0.003,0.05,0.0,1.7,0.0,0.0,0.0,1.1,0.019,0.047,1.1,0.01,6.4,5.3,0.03,0.069,16.717,FOOD-DATA-GROUP2,0.0,100.0,0.0,0.0,158,0.0,0.0,0.0,0.0,0.0004213836477987,0,0,0,0,Healthy,50.0
9,9,tequila sunrise,232,0.2,0.0,0.0,0.0,23.8,0.0,0.6,0.0,0.0,0.1,166.3,0.0,0.085,0.01,0.0,0.015,0.4,0.2,0.1,40.7,0.0,0.0,0.0,0.0,0.01,0.038,14.8,0.046,21.1,21.1,0.0,1.3,65.357,FOOD-DATA-GROUP2,2.4390243902439024,96.74796747967478,0.8130081300813007,0.0241935483870967,232,0.2575107296137339,0.0,0.0,0.0,0.0004291845493562,0,0,0,0,Healthy,50.4
10,10,daiquiri,112,0.036,0.063,0.038,0.012,4.2,3.3,0.035,0.001,0.0,0.008,41.8,0.0,0.021,0.047,0.0,0.065,0.022,0.074,0.003,1.0,0.0,0.092,0.009,1.8,0.098,0.033,1.2,0.04,3.0,12.6,0.04,0.091,7.243,FOOD-DATA-GROUP2,0.8194802154062282,98.33762584874736,0.8428939358464058,0.0067307692307692,112,0.0309734513274336,0.0008849557522123,63.46153846153846,0.002,7.079646017699115e-05,0,0,0,0,Healthy,48.7
11,11,pina colada,245,2.7,2.3,0.1,0.035,32.0,31.5,0.6,0.4,0.0,0.089,91.6,0.0,0.0,0.038,0.038,0.0,0.002,0.2,0.01,0.019,6.9,0.0,0.056,0.08,11.3,0.1,0.3,11.3,0.7,9.9,100.1,0.064,35.877,FOOD-DATA-GROUP2,1.6997167138810196,90.6515580736544,7.648725212464588,0.0181818181818181,245,0.2439024390243902,0.1626016260162601,95.45454545454544,0.8,0.0003617886178861,0,1,0,0,Avoid,36.7
12,12,whiskey,58,0.0,0.0,0.0,0.0,0.1,0.078,0.0,0.0,0.0,0.0,14.7,0.0,0.085,0.0,0.0,0.056,0.073,0.0,0.0,0.0,0.0,0.0,0.0,0.0,0.037,0.072,0.0,0.092,0.7,0.2,0.0,0.02,0.127,FOOD-DATA-GROUP2,0.0,100.0,0.0,0.0,58,0.0,0.0,7.090909090909091,0.0,0.0,0,0,0,0,Healthy,50.0
13,13,rum,49,0.0,0.0,0.0,0.0,0.0,0.0,0.0,0.0,0.0,0.053,14.0,0.0,0.058,0.0,0.0,0.0,0.0,0.0,0.0,0.0,0.0,0.0,0.0,0.0,0.055,0.045,0.0,0.093,1.1,0.4,0.0,0.05,0.049,FOOD-DATA-GROUP2,0.0,0.0,0.0,0.0,49,0.0,0.0,0.0,0.0,0.00106,0,0,0,0,Healthy,50.0
14,14,vodka smirnoff,13,0.4,0.013,0.077,0.073,2.0,0.082,0.0,0.0,0.0,0.0,0.0,0.0,0.0,0.0,0.0,0.0,0.0,0.0,0.0,0.0,0.0,0.0,0.0,0.0,0.0,0.0,0.0,0.0,0.0,0.0,0.0,0.0,2.4,FOOD-DATA-GROUP2,0.0,83.33333333333334,16.666666666666668,0.0,13,0.0,0.0,2.7333333333333334,0.0,0.0,0,0,0,0,Healthy,50.0
15,15,coffee liqueur,96,0.038,0.096,0.03,0.042,13.8,13.7,0.041,0.0,0.0,0.093,9.1,0.0,0.042,0.0,0.0,0.075,0.045,0.0,0.0,0.0,0.0,0.0,0.0,0.3,0.019,0.02,0.9,0.011,1.8,8.9,0.053,0.097,14.241,FOOD-DATA-GROUP2,0.2954103321564953,99.4307947258448,0.273794941998703,0.0027702702702702,96,0.0422680412371134,0.0,92.56756756756756,0.0,0.0009587628865979,0,0,0,0,Healthy,44.5
16,16,gin,53,0.0,0.0,0.0,0.0,0.0,0.0,0.0,0.0,0.0,0.029,12.4,0.0,0.0,0.0,0.0,0.0,0.0,0.0,0.0,0.0,0.0,0.0,0.0,0.0,0.007,0.0,0.0,0.0,0.0,0.0,0.0,0.0,0.0,FOOD-DATA-GROUP2,0.0,0.0,0.0,0.0,53,0.0,0.0,0.0,0.0,0.000537037037037,0,0,0,0,Healthy,50.0
17,17,dessert wine sweet,165,0.0,0.0,0.0,0.0,14.1,8.0,0.2,0.0,0.0,0.047,72.6,0.0,0.081,0.0,0.0,0.003,0.2,0.079,0.0,0.0,0.0,0.0,0.0,8.2,0.04,0.2,9.3,0.1,9.3,94.8,0.06,0.074,22.7,FOOD-DATA-GROUP2,1.3986013986013988,98.6013986013986,0.0,0.0132450331125827,165,0.1204819277108433,0.0,52.980132450331126,0.0,0.0002831325301204,0,0,0,0,Healthy,46.9
18,18,chenin blanc white wine,118,0.0,0.0,0.0,0.0,4.9,0.0,0.1,0.0,0.0,0.0,128.4,0.0,0.0,0.0,0.0,0.0,0.0,0.0,0.0,0.0,0.0,0.0,0.0,0.0,0.0,0.0,0.0,0.0,0.0,0.0,0.0,0.0,5.0,FOOD-DATA-GROUP2,2.0,98.0,0.0,0.0169491525423728,118,0.0840336134453781,0.0,0.0,0.0,0.0,0,0,0,0,Healthy,50.1
19,19,gamay red wine,115,0.0,0.0,0.0,0.0,3.5,0.0,0.1,14.4,0.0,0.0,0.0,128.6,0.0,0.0,0.0,0.0,0.0,0.0,0.0,0.0,0.0,0.0,0.0,0.0,0.0,0.0,0.0,0.0,0.0,0.0,0.0,0.0,146.6,FOOD-DATA-GROUP2,2.777777777777778,97.2222222222222,0.0,0.0222222222222222,115,0.0862068965517241,12.413793103448276,0.0,10.0,0.0,0,0,0,0,Healthy,65.1
20,20,late harvest white wine,172,0.0,0.0,0.0,0.0,20.6,0.0,0.1,13.1,0.0,0.0,0.0,119.8,0.0,0.0,0.0,0.0,0.0,0.0,0.0,0.0,0.0,0.0,0.0,0.0,0.0,0.0,0.0,0.0,0.0,0.0,0.0,0.0,153.6,FOOD-DATA-GROUP2,0.4830917874396135,99.51690821256038,0.0,0.0046296296296296,172,0.0578034682080924,7.572254335260116,0.0,10.0,0.0,0,0,0,0,Healthy,65.1
21,21,gewurztraminer white wine,119,0.0,0.0,0.0,0.0,3.8,0.0,0.1,0.0,0.0,0.0,127.9,0.0,0.0,0.0,0.0,0.0,0.0,0.0,0.0,0.0,0.0,0.0,0.0,0.0,0.0,0.0,0.0,0.0,0.0,0.0,0.0,0.0,3.9,FOOD-DATA-GROUP2,2.5641025641025643,97.43589743589745,0.0,0.0208333333333333,119,0.0833333333333333,0.0,0.0,0.0,0.0,0,0,0,0,Healthy,50.1
22,22,burgundy red wine,172,0.0,0.0,0.0,0.0,7.4,0.0,0.1,0.0,0.0,0.0,171.2,0.0,0.0,0.0,0.0,0.0,0.0,0.0,0.0,0.0,0.0,0.0,0.0,0.0,0.0,0.0,0.0,0.0,0.0,0.0,0.0,0.0,7.5,FOOD-DATA-GROUP2,1.3333333333333337,98.66666666666669,0.0,0.0119047619047619,172,0.0578034682080924,0.0,0.0,0.0,0.0,0,0,0,0,Healthy,50.1
23,23,zinfandel red wine,129,0.0,0.0,0.0,0.0,4.2,0.0,0.1,0.0,0.0,0.0,126.0,0.0,0.0,0.0,0.0,0.0,0.0,0.0,0.0,0.0,0.0,0.0,0.0,0.0,0.0,0.0,0.0,0.0,0.0,0.0,0.0,0.0,4.3,FOOD-DATA-GROUP2,2.3255813953488373,97.67441860465117,0.0,0.0192307692307692,129,0.0769230769230769,0.0,0.0,0.0,0.0,0,0,0,0,Healthy,50.1
24,24,muller thurgau white wine,112,0.0,0.0,0.0,0.0,5.2,0.0,0.1,13.3,0.0,0.0,0.0,129.2,0.0,0.0,0.0,0.0,0.0,0.0,0.0,0.0,0.0,0.0,0.0,0.0,0.0,0.0,0.0,0.0,0.0,0.0,0.0,0.0,147.8,FOOD-DATA-GROUP2,1.886792452830189,98.11320754716982,0.0,0.0161290322580645,112,0.0884955752212389,11.76991150442478,0.0,10.0,0.0,0,0,0,0,Healthy,65.1
25,25,mouvedre red wine,129,0.0,0.0,0.0,0.0,3.9,0.0,0.1,16.5,0.0,0.0,0.0,126.1,0.0,0.0,0.0,0.0,0.0,0.0,0.0,0.0,0.0,0.0,0.0,0.0,0.0,0.0,0.0,0.0,0.0,0.0,0.0,0.0,146.6,FOOD-DATA-GROUP2,2.5,97.5,0.0,0.0204081632653061,129,0.0769230769230769,12.692307692307692,0.0,10.0,0.0,0,0,0,0,Healthy,65.1
26,26,table wine,123,0.0,0.0,0.0,0.0,4.0,1.2,0.1,0.0,0.0,0.087,128.1,0.0,0.051,0.084,0.0,0.014,0.2,0.023,0.022,0.0,0.0,0.0,0.0,11.8,0.049,0.5,16.3,0.2,29.6,146.5,0.012,0.2,16.4,FOOD-DATA-GROUP2,2.439024390243903,97.56097560975611,0.0,0.02,123,0.0806451612903225,0.0,24.0,0.0,0.0007016129032258,0,0,0,0,Healthy,49.6
27,27,wine light,73,0.0,0.0,0.0,0.0,1.7,1.7,0.1,0.0,0.0,0.046,136.5,0.0,0.0,0.035,0.0,0.039,0.1,0.0,0.097,0.0,0.0,0.0,0.0,13.3,0.1,0.6,14.8,0.0,22.2,130.2,0.014,0.1,15.7,FOOD-DATA-GROUP2,5.555555555555556,94.44444444444444,0.0,0.037037037037037,73,0.1351351351351351,0.0,62.96296296296296,0.0,0.0006216216216216,0,0,0,0,Healthy,49.4
28,28,white wine,121,0.0,0.0,0.0,0.0,3.8,1.4,0.1,0.0,0.0,0.098,127.7,0.0,0.04,0.081,0.0,0.003,0.2,0.094,0.034,0.0,0.0,0.0,0.071,13.2,0.097,0.4,14.7,0.2,26.5,104.4,0.036,0.2,17.5,FOOD-DATA-GROUP2,2.5641025641025643,97.43589743589745,0.0,0.0208333333333333,121,0.081967213114754,0.0,29.166666666666668,0.0,0.0008032786885245,0,0,0,0,Healthy,49.5
29,29,petite sirah red wine,125,0.0,0.0,0.0,0.0,3.9,0.0,0.1,15.7,0.0,0.0,0.0,126.7,0.0,0.0,0.0,0.0,0.0,0.0,0.0,0.0,0.0,0.0,0.0,0.0,0.0,0.0,0.0,0.0,0.0,0.0,0.0,0.0,146.4,FOOD-DATA-GROUP2,2.5,97.5,0.0,0.0204081632653061,125,0.0793650793650793,12.46031746031746,0.0,10.0,0.0,0,0,0,0,Healthy,65.1
30,30,non alcoholic wine,2,0.0,0.0,0.0,0.0,0.3,0.3,0.1,0.0,0.0,0.095,29.0,0.0,0.0,0.027,0.0,0.019,0.093,0.0,0.064,0.0,0.0,0.0,0.0,2.7,0.035,0.1,3.0,0.0,4.4,26.0,0.052,0.088,3.2,FOOD-DATA-GROUP2,25.0,74.99999999999999,0.0,0.0769230769230769,2,3.333333333333333,0.0,23.07692307692308,0.0,0.0316666666666666,0,0,0,0,Healthy,50.0
31,31,pinot noir red wine,121,0.0,0.0,0.0,0.0,3.4,0.0,0.1,0.0,0.0,0.0,127.8,0.0,0.0,0.0,0.0,0.0,0.0,0.0,0.0,0.0,0.0,0.0,0.0,0.0,0.0,0.0,0.0,0.0,0.0,0.0,0.0,0.0,3.5,FOOD-DATA-GROUP2,2.857142857142857,97.14285714285714,0.0,0.0227272727272727,121,0.081967213114754,0.0,0.0,0.0,0.0,0,0,0,0,Healthy,50.1
32,32,pinot gris grigio white wine,122,0.0,0.0,0.0,0.0,3.0,0.0,0.1,0.0,0.0,0.0,127.9,0.0,0.0,0.0,0.0,0.0,0.0,0.0,0.0,0.0,0.0,0.0,0.0,0.0,0.0,0.0,0.0,0.0,0.0,0.0,0.0,0.0,3.1,FOOD-DATA-GROUP2,3.225806451612903,96.77419354838707,0.0,0.025,122,0.08130081300813,0.0,0.0,0.0,0.0,0,0,0,0,Healthy,50.1
33,33,riesling white wine,118,0.0,0.0,0.0,0.0,5.5,0.0,0.1,0.0,0.0,0.0,128.1,0.0,0.0,0.0,0.0,0.0,0.0,0.0,0.0,0.0,0.0,0.0,0.0,0.0,0.0,0.0,0.0,0.0,0.0,0.0,0.0,0.0,5.6,FOOD-DATA-GROUP2,1.785714285714286,98.21428571428572,0.0,0.0153846153846153,118,0.0840336134453781,0.0,0.0,0.0,0.0,0,0,0,0,Healthy,50.1
34,34,barbera red wine,170,0.0,0.0,0.0,0.0,5.6,0.0,0.1,0.0,0.0,0.0,172.6,0.0,0.0,0.0,0.0,0.0,0.0,0.0,0.0,0.0,0.0,0.0,0.0,0.0,0.0,0.0,0.0,0.0,0.0,0.0,0.0,0.0,5.7,FOOD-DATA-GROUP2,1.754385964912281,98.24561403508773,0.0,0.0151515151515151,170,0.0584795321637426,0.0,0.0,0.0,0.0,0,0,0,0,Healthy,50.1
35,35,lemberger red wine,118,0.0,0.0,0.0,0.0,3.6,0.0,0.1,15.0,0.0,0.0,0.0,127.9,0.0,0.0,0.0,0.0,0.0,0.0,0.0,0.0,0.0,0.0,0.0,0.0,0.0,0.0,0.0,0.0,0.0,0.0,0.0,0.0,146.6,FOOD-DATA-GROUP2,2.702702702702702,97.29729729729728,0.0,0.0217391304347826,118,0.0840336134453781,12.605042016806722,0.0,10.0,0.0,0,0,0,0,Healthy,65.1
36,36,merlot red wine,122,0.0,0.0,0.0,0.0,3.7,0.9,0.1,0.0,0.0,0.011,127.3,0.0,0.087,0.064,0.0,0.01,0.3,0.081,0.061,0.0,0.0,0.0,0.0,11.8,0.026,0.7,17.6,0.2,33.8,186.7,0.083,0.2,16.3,FOOD-DATA-GROUP2,2.631578947368421,97.36842105263158,0.0,0.0212765957446808,122,0.08130081300813,0.0,19.148936170212767,0.0,8.943089430894308e-05,0,0,0,0,Healthy,49.7
37,37,sangiovese red wine,126,0.0,0.0,0.0,0.0,3.9,0.0,0.1,0.0,0.0,0.0,126.7,0.0,0.0,0.0,0.0,0.0,0.0,0.0,0.0,0.0,0.0,0.0,0.0,0.0,0.0,0.0,0.0,0.0,0.0,0.0,0.0,0.0,4.0,FOOD-DATA-GROUP2,2.5,97.5,0.0,0.0204081632653061,126,0.0787401574803149,0.0,0.0,0.0,0.0,0,0,0,0,Healthy,50.1
38,38,sauvignon blanc white wine,119,0.0,0.0,0.0,0.0,3.0,0.0,0.1,0.0,0.0,0.0,128.1,0.0,0.0,0.0,0.0,0.0,0.0,0.0,0.0,0.0,0.0,0.0,0.0,0.0,0.0,0.0,0.0,0.0,0.0,0.0,0.0,0.0,3.1,FOOD-DATA-GROUP2,3.225806451612903,96.77419354838707,0.0,0.025,119,0.0833333333333333,0.0,0.0,0.0,0.0,0,0,0,0,Healthy,50.1
39,39,syrah red wine,122,0.0,0.0,0.0,0.0,3.8,0.0,0.1,0.0,0.0,0.0,127.2,0.0,0.0,0.0,0.0,0.0,0.0,0.0,0.0,0.0,0.0,0.0,0.0,0.0,0.0,0.0,0.0,0.0,0.0,0.0,0.0,0.0,3.9,FOOD-DATA-GROUP2,2.5641025641025643,97.43589743589745,0.0,0.0208333333333333,122,0.08130081300813,0.0,0.0,0.0,0.0,0,0,0,0,Healthy,50.1
40,40,carignane red wine,370,0.0,0.0,0.0,0.0,12.0,0.0,0.4,0.0,0.0,0.0,439.4,0.0,0.0,0.0,0.0,0.0,0.0,0.0,0.0,0.0,0.0,0.0,0.0,0.0,0.0,0.0,0.0,0.0,0.0,0.0,0.0,0.0,12.4,FOOD-DATA-GROUP2,3.225806451612903,96.77419354838707,0.0,0.0307692307692307,370,0.1078167115902965,0.0,0.0,0.0,0.0,0,0,0,0,Healthy,50.3
41,41,pinot blanc white wine,119,0.0,0.0,0.0,0.0,2.9,0.0,0.1,0.0,0.0,0.0,128.1,0.0,0.0,0.0,0.0,0.0,0.0,0.0,0.0,0.0,0.0,0.0,0.0,0.0,0.0,0.0,0.0,0.0,0.0,0.0,0.0,0.0,3.0,FOOD-DATA-GROUP2,3.333333333333333,96.66666666666669,0.0,0.0256410256410256,119,0.0833333333333333,0.0,0.0,0.0,0.0,0,0,0,0,Healthy,50.1
42,42,semillon white wine,121,0.0,0.0,0.0,0.0,4.6,0.0,0.1,14.9,0.0,0.0,0.0,128.1,0.0,0.0,0.0,0.0,0.0,0.0,0.0,0.0,0.0,0.0,0.0,0.0,0.0,0.0,0.0,0.0,0.0,0.0,0.0,0.0,147.7,FOOD-DATA-GROUP2,2.127659574468085,97.87234042553192,0.0,0.0178571428571428,121,0.081967213114754,12.213114754098362,0.0,10.0,0.0,0,0,0,0,Healthy,65.1
43,43,dessert wine dry,760,0.0,0.0,0.0,0.0,58.4,5.5,1.0,76.5,0.0,0.0,0.062,362.7,0.0,0.033,0.0,0.0,0.096,1.1,0.2,0.0,0.0,0.0,0.0,0.0,40.0,0.2,1.2,45.0,0.6,45.0,460.0,0.066,498.8,FOOD-DATA-GROUP2,1.6835016835016834,98.31649831649833,0.0,0.0168350168350168,760,0.1314060446780552,10.052562417871222,9.25925925925926,10.0,0.0,0,0,0,0,Healthy,63.5
44,44,red wine,125,0.0,0.0,0.0,0.0,3.8,0.9,0.1,0.0,0.0,0.027,127.1,0.0,0.01,0.018,0.0,0.073,0.3,0.049,0.044,0.0,0.0,0.0,0.066,11.8,0.017,0.7,17.6,0.2,33.8,186.7,0.074,0.2,16.4,FOOD-DATA-GROUP2,2.5641025641025643,97.43589743589745,0.0,0.0208333333333333,125,0.0793650793650793,0.0,18.75,0.0,0.0002142857142857,0,0,0,0,Healthy,49.7
45,45,cabernet sauvignon red wine,166,0.0,0.0,0.0,0.0,5.2,0.0,0.1,0.0,0.0,0.0,173.1,0.0,0.0,0.0,0.0,0.0,0.0,0.0,0.0,0.0,0.0,0.0,0.0,0.0,0.0,0.0,0.0,0.0,0.0,0.0,0.0,0.0,5.3,FOOD-DATA-GROUP2,1.886792452830189,98.11320754716982,0.0,0.0161290322580645,166,0.059880239520958,0.0,0.0,0.0,0.0,0,0,0,0,Healthy,50.1
46,46,muscat white wine,123,0.0,0.0,0.0,0.0,7.8,0.0,0.1,0.0,0.0,0.0,128.5,0.0,0.0,0.0,0.0,0.0,0.0,0.0,0.0,0.0,0.0,0.0,0.0,0.0,0.0,0.0,0.0,0.0,0.0,0.0,0.0,0.0,7.9,FOOD-DATA-GROUP2,1.2658227848101269,98.73417721518987,0.0,0.0113636363636363,123,0.0806451612903225,0.0,0.0,0.0,0.0,0,0,0,0,Healthy,50.1
47,47,cooking wine,2,0.0,0.0,0.0,0.0,0.3,0.09,0.028,0.0,0.0,0.002,4.4,0.0,0.0,0.077,0.0,0.016,0.094,0.0,0.072,0.0,0.0,0.0,0.0,0.4,0.021,0.1,0.5,0.0,0.7,4.3,0.079,0.085,0.879,FOOD-DATA-GROUP2,8.536585365853657,91.46341463414632,0.0,0.0215384615384615,2,0.9333333333333336,0.0,6.9230769230769225,0.0,0.0006666666666666,0,0,0,0,Healthy,50.0
48,48,chardonnay white wine,168,0.0,0.0,0.0,0.0,4.3,1.9,0.1,0.0,0.0,0.027,173.7,0.0,0.092,0.002,0.0,0.039,0.2,0.09,0.1,0.0,0.0,0.0,0.0,18.0,0.054,0.5,20.0,0.2,36.0,142.0,0.017,0.2,22.9,FOOD-DATA-GROUP2,2.272727272727273,97.72727272727272,0.0,0.0188679245283018,168,0.0591715976331361,0.0,35.84905660377358,0.0,0.0001597633136094,0,0,0,0,Healthy,49.3
49,49,claret red wine,122,0.0,0.0,0.0,0.0,4.4,0.0,0.1,15.0,0.0,0.0,0.0,127.0,0.0,0.0,0.0,0.0,0.0,0.0,0.0,0.0,0.0,0.0,0.0,0.0,0.0,0.0,0.0,0.0,0.0,0.0,0.0,0.0,146.5,FOOD-DATA-GROUP2,2.2222222222222223,97.7777777777778,0.0,0.0185185185185185,122,0.08130081300813,12.195121951219512,0.0,10.0,0.0,0,0,0,0,Healthy,65.1
50,50,rice sake,197,0.0,0.0,0.0,0.0,7.4,0.0,0.7,0.0,0.0,0.046,115.2,0.0,0.0,0.0,0.0,0.0,0.0,0.0,0.0,0.0,0.0,0.0,0.0,7.4,0.051,0.1,8.8,0.0,8.8,36.8,0.057,0.092,15.6,FOOD-DATA-GROUP2,8.641975308641975,91.35802469135804,0.0,0.0833333333333333,197,0.3535353535353535,0.0,0.0,0.0,0.0002323232323232,0,0,0,0,Healthy,50.5
51,51,fume blanc white wine,121,0.0,0.0,0.0,0.0,3.3,0.0,0.1,15.4,0.0,0.0,0.0,127.9,0.0,0.0,0.0,0.0,0.0,0.0,0.0,0.0,0.0,0.0,0.0,0.0,0.0,0.0,0.0,0.0,0.0,0.0,0.0,0.0,146.7,FOOD-DATA-GROUP2,2.9411764705882355,97.05882352941175,0.0,0.0232558139534883,121,0.081967213114754,12.622950819672132,0.0,10.0,0.0,0,0,0,0,Healthy,65.1
52,52,cabarnet franc red wine,122,0.0,0.0,0.0,0.0,3.6,0.0,0.1,0.0,0.0,0.0,127.3,0.0,0.0,0.0,0.0,0.0,0.0,0.0,0.0,0.0,0.0,0.0,0.0,0.0,0.0,0.0,0.0,0.0,0.0,0.0,0.0,0.0,3.7,FOOD-DATA-GROUP2,2.702702702702702,97.29729729729728,0.0,0.0217391304347826,122,0.08130081300813,0.0,0.0,0.0,0.0,0,0,0,0,Healthy,50.1
53,53,chocolate frosting,81,3.6,1.1,1.8,0.5,13.0,11.8,0.2,0.2,0.0,0.025,3.5,0.0,0.026,0.069,0.0,0.097,0.024,0.005,0.085,0.0,0.0,0.3,0.0,1.6,0.045,0.3,4.3,0.064,16.2,40.2,0.094,0.062,18.9,FOOD-DATA-GROUP2,1.1904761904761905,77.38095238095238,21.428571428571427,0.0142857142857142,81,0.2439024390243902,0.2439024390243902,84.28571428571429,0.4,0.0003048780487804,0,0,0,0,Healthy,44.9
54,54,white sugar,19,0.0,0.0,0.0,0.0,5.0,4.9,0.0,0.0,0.0,0.012,0.021,0.0,0.0,0.0,0.0,0.099,0.0,0.0,0.0,0.0,0.0,0.0,0.0,0.046,0.078,0.078,0.0,0.081,0.0,0.1,0.026,0.05,5.037,FOOD-DATA-GROUP2,0.0,100.0,0.0,0.0,19,0.0,0.0,81.66666666666667,0.0,0.0006,0,0,0,0,Healthy,48.0
55,55,egg substitute,115,0.0,0.0,0.0,0.0,4.8,4.8,24.0,0.0,0.0,0.5,208.8,0.0,0.3,0.065,0.039,0.9,0.3,4.0,0.3,1.2,0.006,3.8,0.063,175.2,0.07,4.8,36.0,0.002,172.8,511.2,0.017,2.4,210.0,FOOD-DATA-GROUP2,83.33333333333333,16.666666666666664,0.0,4.137931034482759,115,20.689655172413797,0.0,82.75862068965517,0.0,0.0043103448275862,0,0,0,0,Healthy,63.1
56,56,agave syrup,21,0.081,0.0,0.0,0.0,5.3,4.7,0.025,0.01,0.0,0.09,1.6,0.0,0.0,0.0,0.0,0.0,0.0,0.0,0.0,0.0,0.0,0.0,0.0,0.088,0.071,0.042,0.034,0.049,0.009,0.3,0.0,0.008,5.456,FOOD-DATA-GROUP2,0.4624491305956344,98.03921568627447,1.4983351831298557,0.0039682539682539,21,0.1136363636363636,0.0454545454545454,74.60317460317461,0.02,0.004090909090909,0,0,0,0,Healthy,48.2
57,57,splenda sweetener,336,0.0,0.0,0.0,0.0,91.2,80.3,0.0,0.0,0.0,0.0,8.8,0.0,0.0,0.0,0.0,0.0,0.0,0.0,0.0,0.0,0.0,0.0,0.0,0.0,0.0,0.0,0.0,0.0,0.0,4.0,0.0,0.0,91.2,FOOD-DATA-GROUP2,0.0,100.0,0.0,0.0,336,0.0,0.0,87.09327548806941,0.0,0.0,0,1,0,0,Avoid,30.0
58,58,vanilla extract,12,0.069,0.003,0.06,0.001,0.5,0.5,0.0,0.0,0.0,0.061,2.2,0.0,0.041,0.0,0.0,0.083,0.002,0.039,0.079,0.0,0.0,0.0,0.0,0.5,0.03,0.019,0.5,0.066,0.3,6.2,0.0,0.065,1.213,FOOD-DATA-GROUP2,0.0,87.87346221441126,12.126537785588756,0.0,12,0.0,0.0,33.33333333333333,0.0,0.0046923076923076,0,0,0,0,Healthy,49.8
59,59,egg yolk dried,27,2.3,0.7,0.9,0.4,0.054,0.002,1.3,0.0,92.3,0.071,0.1,0.01,0.041,0.036,0.092,0.025,0.065,0.4,0.078,0.0,0.065,0.2,0.074,12.3,0.015,0.4,1.0,0.071,41.6,10.6,0.098,0.3,16.368,FOOD-DATA-GROUP2,35.57744937055282,1.4778325123152711,62.94471811713191,1.2333965844402277,27,4.642857142857143,0.0,0.1897533206831119,0.0,0.0025357142857142,0,0,0,0,Healthy,50.4
60,60,granulated sugar,16,0.0,0.0,0.0,0.0,4.2,4.2,0.0,0.0,0.0,0.019,0.055,0.0,0.0,0.0,0.0,0.06,0.0,0.0,0.0,0.0,0.0,0.0,0.0,0.027,0.034,0.01,0.0,0.067,0.0,0.033,0.093,0.05,4.253,FOOD-DATA-GROUP2,0.0,100.0,0.0,0.0,16,0.0,0.0,80.76923076923077,0.0,0.0011176470588235,0,0,0,0,Healthy,48.3
61,61,baking chocolate,145,15.2,9.4,4.7,0.5,8.7,0.3,3.7,4.8,0.0,0.049,0.4,0.0,0.023,0.098,0.0,0.002,0.4,0.088,0.015,0.0,0.0,0.1,0.097,29.3,0.9,5.0,94.8,1.2,116.0,240.7,0.072,2.8,66.7,FOOD-DATA-GROUP2,13.405797101449275,31.521739130434785,55.072463768115945,0.3814432989690722,145,2.5342465753424657,3.287671232876712,3.0927835051546397,9.6,0.0003356164383561,0,0,1,0,Limit,52.8
62,62,bakers yeast,18,0.3,0.089,0.2,0.079,3.1,0.0,1.4,1.4,0.0,0.066,11.7,0.0,0.3,0.1,0.0,0.2,2.1,0.8,0.005,0.04,0.0,0.0,0.0,3.2,0.024,0.6,6.8,0.02,57.1,102.2,0.073,1.7,10.078,FOOD-DATA-GROUP2,29.166666666666668,64.58333333333334,6.25,0.3414634146341463,18,7.368421052631578,7.368421052631578,0.0,2.8,0.0034736842105263,0,0,0,0,Healthy,53.1
63,63,fondant,106,0.009,0.0,0.0,0.0,26.4,25.2,0.0,0.0,0.0,0.022,1.9,0.0,0.062,0.0,0.0,0.062,0.0,0.0,0.0,0.0,0.0,0.0,0.0,0.8,0.095,0.09,0.0,0.0,0.0,1.1,0.045,0.037,27.396,FOOD-DATA-GROUP2,0.0,99.96592070884924,0.034079291150744,0.0,106,0.0,0.0,91.97080291970804,0.0,0.0002056074766355,0,1,0,0,Avoid,39.9
64,64,brown sugar,16,0.0,0.0,0.0,0.0,4.1,4.1,0.024,0.0,0.0,0.094,0.087,0.0,0.0,0.023,0.0,0.0,0.0,0.037,0.008,0.0,0.0,0.0,0.0,3.5,0.03,0.071,0.4,0.047,0.2,5.6,0.023,0.08,7.622,FOOD-DATA-GROUP2,0.5819592628516004,99.4180407371484,0.0,0.0047058823529411,16,0.1411764705882353,0.0,80.3921568627451,0.0,0.0055294117647058,0,0,0,0,Healthy,48.4
65,65,white frosting dry,768,0.0,0.0,0.0,0.0,196.4,0.0,4.8,0.0,0.0,0.5,3.9,0.0,0.018,0.077,0.0,0.1,2.1,0.1,0.031,0.0,0.0,0.0,0.0,8.3,0.053,0.2,6.2,0.043,14.5,242.2,0.036,0.01,209.7,FOOD-DATA-GROUP2,2.3856858846918483,97.61431411530816,0.0,0.0243161094224924,768,0.624187256176853,0.0,0.0,0.0,0.0006501950585175,0,0,0,0,Limit,53.6
66,66,maple sugar,42,0.061,0.076,0.037,0.09,10.9,10.2,0.036,0.0,0.0,0.031,1.0,0.0,0.016,0.0,0.0,0.021,0.015,0.032,0.04,0.0,0.0,0.0,0.0,10.8,0.024,0.2,2.3,0.5,0.4,32.9,0.03,0.7,21.961,FOOD-DATA-GROUP2,0.3273620078203146,99.11794125670636,0.5546967354733109,0.0030252100840336,42,0.0837209302325581,0.0,85.71428571428571,0.0,0.0007209302325581,0,0,0,0,Healthy,45.9
67,67,fructose sweetener,15,0.0,0.0,0.0,0.0,4.2,3.9,0.0,0.0,0.0,0.013,0.0,0.0,0.0,0.0,0.0,0.0,0.0,0.0,0.0,0.0,0.0,0.0,0.0,0.0,0.013,0.067,0.0,0.0,0.0,0.0,0.082,0.0,4.274,FOOD-DATA-GROUP2,0.0,100.0,0.0,0.0,15,0.0,0.0,75.0,0.0,0.0008125,0,0,0,0,Healthy,48.4
68,68,saccharin sweetener,360,0.0,0.0,0.0,0.0,89.1,85.2,0.9,0.0,0.0,0.4,8.8,0.0,0.0,0.0,0.0,0.0,0.0,0.0,0.0,0.0,0.0,0.0,0.0,0.0,0.0,0.058,0.0,0.0,0.0,4.0,0.0,0.079,90.082,FOOD-DATA-GROUP2,1.0,99.0,0.0,0.0099889012208657,360,0.2493074792243767,0.0,94.56159822419534,0.0,0.0011080332409972,0,1,0,0,Avoid,30.7
69,69,egg white raw,17,0.063,0.0,0.0,0.0,0.2,0.2,3.6,0.0,0.0,0.038,28.9,0.0,0.099,0.024,0.041,0.1,0.089,0.055,0.043,0.0,0.0,0.0,0.0,2.3,0.075,0.045,3.6,0.039,5.0,53.8,0.017,0.001,6.196,FOOD-DATA-GROUP2,93.19181982914832,5.1773233238415735,1.6308568470100957,3.0,17,20.0,0.0,16.666666666666668,0.0,0.0021111111111111,0,0,0,0,Healthy,52.6
70,70,turbinado sugar,18,0.0,0.0,0.0,0.0,4.6,4.6,0.0,0.0,0.0,0.008,0.082,0.0,0.0,0.0,0.0,0.0,0.0,0.0,0.0,0.0,0.0,0.0,0.0,0.6,0.05,0.018,0.016,0.064,0.052,1.3,0.0,0.003,5.24,FOOD-DATA-GROUP2,0.0,100.0,0.0,0.0,18,0.0,0.0,82.14285714285714,0.0,0.0004210526315789,0,0,0,0,Healthy,48.2
71,71,vanilla frosting,1931,75.0,13.7,22.5,36.7,313.7,291.5,0.0,0.0,0.0,0.9,69.6,0.0,0.046,0.026,0.0,1.4,1.0,0.3,0.0,0.0,0.0,7.1,0.032,13.9,0.0,0.7,4.6,0.0,83.2,157.1,0.029,0.3,403.3,FOOD-DATA-GROUP2,0.0,80.70491381528171,19.295086184718294,0.0,1931,0.0,0.0,92.62789958690816,0.0,0.0004658385093167,0,1,1,0,Avoid,19.7
72,72,aspartame sweetener,365,0.0,0.0,0.0,0.0,89.1,80.7,2.2,0.0,0.0,0.0,8.8,0.0,0.0,0.0,0.0,0.0,0.0,0.0,0.0,0.0,0.0,0.0,0.0,0.0,0.0,0.022,0.0,0.0,0.0,4.0,0.079,0.068,91.381,FOOD-DATA-GROUP2,2.409638554216868,97.59036144578312,0.0,0.0244173140954495,365,0.6010928961748634,0.0,89.5671476137625,0.0,0.0,0,1,0,0,Avoid,31.6
73,73,egg raw,80,5.3,1.8,2.0,1.1,0.4,0.2,7.0,0.0,208.3,0.08,42.6,0.066,0.011,0.048,0.013,0.3,0.018,0.9,0.099,0.0,0.038,0.6,0.016,31.4,0.071,1.0,6.7,0.057,110.9,77.3,0.023,0.7,45.156,FOOD-DATA-GROUP2,55.11811023622048,3.149606299212599,41.73228346456693,5.0,80,8.641975308641975,0.0,14.285714285714288,0.0,0.0009876543209876,0,0,0,1,Healthy,53.8
74,74,pineapple topping,860,0.3,0.066,0.1,0.2,225.8,71.4,0.3,1.4,0.0,0.1,112.2,0.0,0.1,0.026,0.0,0.008,0.3,0.059,0.012,10.5,0.0,0.054,0.032,20.4,0.2,0.4,20.4,0.2,10.2,146.2,0.026,0.2,259.1,FOOD-DATA-GROUP2,0.1325088339222614,99.73498233215548,0.1325088339222614,0.0013227513227513,860,0.0348432055749128,0.1626016260162601,31.48148148148148,2.8,0.000116144018583,0,1,0,0,Avoid,32.3
75,75,egg white dried,26,0.087,0.0,0.0,0.0,0.3,0.0,5.8,0.0,0.0,0.052,0.6,0.0,0.041,0.06,0.077,0.2,0.049,0.1,0.059,0.0,0.0,0.0,0.0,6.2,0.033,0.028,5.0,0.03,6.2,78.1,0.012,0.0,12.343,FOOD-DATA-GROUP2,93.7449490867949,4.848876676903184,1.4061742363019234,4.461538461538462,26,21.48148148148148,0.0,0.0,0.0,0.0019259259259259,0,0,0,0,Healthy,54.3
76,76,egg yolk raw,55,4.5,1.6,2.0,0.7,0.6,0.08,2.7,0.0,184.5,0.006,8.9,0.009,0.014,0.04,0.098,0.064,0.042,0.5,0.061,0.0,0.078,0.4,0.034,21.9,0.069,0.5,0.9,0.013,66.3,18.5,0.039,0.4,30.27,FOOD-DATA-GROUP2,34.61538461538461,7.692307692307692,57.692307692307686,1.6875,55,4.821428571428572,0.0,5.0,0.0,0.0001071428571428,0,0,0,1,Healthy,50.8
77,77,baking soda,0,0.0,0.0,0.0,0.0,0.0,0.0,0.0,0.0,0.0,1.3,0.018,0.0,0.0,0.0,0.0,0.0,0.0,0.0,0.0,0.0,0.0,0.0,0.0,0.0,0.0,0.0,0.0,0.0,0.0,0.0,0.018,0.0,0.0,FOOD-DATA-GROUP2,0.0,0.0,0.0,0.0,0,0.0,0.0,0.0,0.0,1.3,0,0,0,0,Healthy,50.0
78,78,egg dried,30,2.2,0.7,0.9,0.3,0.047,0.05,2.4,0.0,81.5,0.06,0.2,0.044,0.026,0.016,0.09,0.02,0.079,0.3,0.075,0.0,0.027,0.1,0.075,11.8,0.017,0.2,1.7,0.063,31.5,27.0,0.017,0.2,16.62,FOOD-DATA-GROUP2,51.64622336991607,1.0114052076608564,47.34237142242307,2.292263610315186,30,7.741935483870968,0.0,4.775549188156639,0.0,0.0019354838709677,0,0,0,0,Healthy,51.3
79,79,strawberry topping,53,0.096,0.071,0.083,0.063,13.9,5.7,0.014,0.1,0.0,0.099,6.9,0.0,0.077,0.03,0.0,0.051,0.049,0.063,0.024,2.9,0.0,0.079,0.029,1.3,0.078,0.014,0.8,0.002,1.1,10.7,0.005,0.079,18.34,FOOD-DATA-GROUP2,0.0999286224125624,99.21484653818702,0.6852248394004283,0.0009395973154362,53,0.0259259259259259,0.1851851851851852,38.25503355704698,0.2,0.0018333333333333,0,0,0,0,Healthy,47.8
80,80,bakers yeast dry,13,0.3,0.078,0.2,0.069,1.6,0.0,1.6,1.1,0.0,0.081,0.2,0.0,0.4,0.002,0.014,0.2,1.6,0.5,0.008,0.038,0.0,0.0,0.088,1.2,0.016,0.051,2.2,0.048,25.5,38.2,0.006,0.3,5.927,FOOD-DATA-GROUP2,45.71428571428572,45.71428571428572,8.571428571428571,0.6153846153846154,13,11.428571428571429,7.857142857142858,0.0,2.2,0.0057857142857142,0,0,0,0,Healthy,52.8
81,81,almond paste,1040,63.0,6.0,40.9,13.2,108.5,82.3,20.4,10.9,0.0,0.051,32.0,0.0,0.2,0.2,0.0,0.9,3.2,0.3,0.051,0.2,0.0,30.7,0.0,390.4,1.0,3.6,295.1,1.9,585.7,712.8,0.037,3.4,597.0,FOOD-DATA-GROUP2,10.630536737884311,56.53986451276707,32.82959874934862,0.1863013698630136,1040,1.9596541786743515,1.0470701248799232,75.15981735159816,10.0,4.8991354466858784e-05,0,1,1,0,Limit,55.5
82,82,cream of tartar,8,0.0,0.0,0.0,0.0,1.8,0.0,0.0,0.01,0.0,0.009,0.032,0.0,0.0,0.0,0.0,0.0,0.0,0.0,0.0,0.0,0.0,0.0,0.0,0.2,0.094,0.1,0.073,0.062,0.2,495.0,0.031,0.054,2.138,FOOD-DATA-GROUP2,0.0,100.0,0.0,0.0,8,0.0,0.1111111111111111,0.0,0.02,0.001,0,0,0,0,Healthy,50.0
83,83,popover dry mix,631,7.3,1.7,3.4,1.4,120.7,0.0,17.7,0.0,0.0,1.5,19.9,0.0,0.7,0.2,0.008,0.2,5.7,0.8,0.072,0.2,0.0,0.0,0.0,54.4,0.3,5.0,42.5,1.3,170.0,170.0,0.044,1.5,205.3,FOOD-DATA-GROUP2,12.148249828414547,82.84145504461222,5.010295126973232,0.1454396055875102,631,2.800632911392405,0.0,0.0,0.0,0.0023734177215189,0,0,0,0,Healthy,62.0
84,84,egg substitute powder,126,3.7,1.1,1.5,0.5,6.2,6.2,15.7,0.0,161.9,0.2,1.1,0.1,0.006,0.017,0.049,0.5,0.2,1.0,0.074,0.2,0.0,0.4,0.025,92.3,0.017,0.9,18.4,0.045,135.3,210.6,0.032,0.5,119.1,FOOD-DATA-GROUP2,61.328125,24.218750000000004,14.453125000000004,2.180555555555556,126,12.362204724409448,0.0,86.11111111111111,0.0,0.0015748031496062,0,0,0,1,Healthy,58.5
85,85,gelatin powder,17,0.086,0.09,0.054,0.063,0.0,0.0,4.3,0.0,0.0,0.029,0.7,0.0,0.033,0.015,0.0,0.028,0.063,0.039,0.014,0.0,0.0,0.0,0.0,2.8,0.1,0.099,1.1,0.019,2.0,0.8,0.077,0.004,7.255,FOOD-DATA-GROUP2,98.0392156862745,0.0,1.96078431372549,4.3,17,23.88888888888889,0.0,0.0,0.0,0.0016111111111111,0,0,0,0,Healthy,53.2
86,86,tapioca pearls,544,0.093,0.075,0.088,0.057,134.8,5.1,0.3,1.4,0.0,0.077,16.7,0.0,0.016,0.001,0.0,0.0,0.0,0.2,0.091,0.0,0.0,0.0,0.0,30.4,0.021,2.4,1.5,0.2,10.6,16.7,0.007,0.2,169.318,FOOD-DATA-GROUP2,0.2219049802874408,99.70930447582346,0.0687905438891066,0.0022091310751104,544,0.055045871559633,0.2568807339449541,3.7555228276877752,2.8,0.0001412844036697,0,0,0,0,Limit,50.2
87,87,baking powder,2,0.0,0.0,0.0,0.0,1.3,0.0,0.0,0.03,0.0,0.5,0.2,0.0,0.0,0.0,0.0,0.0,0.0,0.0,0.0,0.0,0.0,0.0,0.0,270.3,0.077,0.5,1.2,0.074,100.8,0.9,0.004,0.091,272.196,FOOD-DATA-GROUP2,0.0,100.0,0.0,0.0,2,0.0,1.0,0.0,0.06,0.1666666666666666,0,0,0,0,Healthy,50.0
88,88,egg boiled,93,6.4,2.0,2.4,0.8,0.7,0.7,7.5,0.0,223.8,0.042,44.8,0.04,0.069,0.072,0.015,0.3,0.038,0.8,0.056,0.0,0.019,0.6,0.069,30.0,0.009,0.7,6.0,0.004,103.2,75.6,0.062,0.6,45.338,FOOD-DATA-GROUP2,51.36986301369864,4.794520547945205,43.83561643835617,4.411764705882353,93,7.978723404255319,0.0,41.17647058823529,0.0,0.0004468085106382,0,0,0,1,Healthy,53.8
89,89,millet flour,444,5.1,0.6,1.1,3.1,86.9,2.0,12.8,4.2,0.0,0.056,12.8,0.0,0.5,0.032,0.0,0.01,7.2,1.5,0.4,0.0,0.0,0.1,0.037,16.7,0.6,4.7,141.6,1.2,339.2,266.6,0.028,3.1,130.4,FOOD-DATA-GROUP2,12.213740458015268,82.91984732824427,4.866412213740458,0.1456200227531285,444,2.8764044943820224,0.9438202247191012,2.2753128555176336,8.4,0.0001258426966292,0,0,0,0,Healthy,64.6
90,90,triticale flour,439,2.4,0.4,0.2,1.0,95.1,0.0,17.1,19.0,0.0,0.096,13.0,0.0,0.5,0.012,0.0,0.2,3.7,2.8,0.5,0.0,0.0,1.2,0.0,45.5,0.7,3.4,198.9,5.4,417.3,605.8,0.0,3.5,182.5,FOOD-DATA-GROUP2,14.92146596858639,82.98429319371728,2.094240837696335,0.177939646201873,439,3.886363636363636,4.318181818181818,0.0,10.0,0.0002181818181818,0,0,0,0,Healthy,77.5
91,91,corn flour white,414,4.2,0.6,1.1,2.0,87.3,1.8,9.6,7.3,0.0,0.036,11.2,0.0,0.3,0.078,0.0,0.1,1.9,0.2,0.5,0.0,0.0,0.1,0.0,157.3,0.2,1.7,106.0,0.5,263.3,298.7,0.072,2.1,267.4,FOOD-DATA-GROUP2,9.495548961424332,86.35014836795253,4.154302670623146,0.1087202718006795,414,2.3132530120481927,1.7590361445783131,2.0385050962627407,10.0,8.674698795180722e-05,0,0,0,0,Healthy,67.0
92,92,rice flour brown,574,4.4,0.9,1.6,1.6,120.8,1.3,11.4,7.3,0.0,0.039,18.9,0.0,0.7,0.056,0.0,0.1,10.0,2.5,1.2,0.0,0.0,1.9,0.0,17.4,0.4,3.1,177.0,6.3,532.5,456.6,0.0,3.9,164.4,FOOD-DATA-GROUP2,8.345534407027818,88.43338213762812,3.22108345534407,0.0935960591133005,574,1.982608695652174,1.2695652173913043,1.0673234811165846,10.0,6.782608695652173e-05,0,0,0,0,Healthy,68.3
93,93,sorghum flour,437,4.0,0.6,1.1,1.7,93.7,2.3,9.5,8.0,0.0,0.023,12.2,0.0,0.3,0.058,0.0,0.014,6.3,1.1,0.4,0.0,0.0,0.6,0.079,14.5,0.3,3.6,145.2,1.5,348.5,376.3,0.026,1.7,133.3,FOOD-DATA-GROUP2,8.861940298507461,87.40671641791045,3.731343283582089,0.1003167898627244,437,2.1689497716894977,1.82648401826484,2.4287222808870115,10.0,5.251141552511415e-05,0,0,0,0,Healthy,67.8
94,94,cornmeal whole grain,442,4.4,0.6,1.2,2.0,93.8,0.8,9.9,8.9,0.0,0.022,12.5,0.0,0.5,0.034,0.0,0.2,4.4,0.5,0.4,0.0,0.0,0.5,0.059,7.3,0.2,4.2,154.9,0.6,294.0,350.1,0.004,2.2,128.5,FOOD-DATA-GROUP2,9.1581868640148,86.77150786308972,4.070305272895467,0.1044303797468354,442,2.234762979683973,2.0090293453724604,0.8438818565400845,10.0,4.9661399548532725e-05,0,0,0,0,Healthy,70.0
95,95,cornmeal white,581,2.7,0.3,0.5,1.0,124.7,2.5,11.2,6.1,0.0,0.094,17.6,0.0,0.2,0.089,0.0,0.016,1.6,0.4,0.3,0.0,0.0,0.2,0.0,4.7,0.1,1.7,50.2,0.3,155.4,222.9,0.03,1.0,151.1,FOOD-DATA-GROUP2,8.08080808080808,89.97113997113998,1.9480519480519485,0.0891010342084327,581,1.924398625429553,1.0481099656357389,1.988862370723946,10.0,0.0001615120274914,0,0,0,0,Healthy,66.3
96,96,barley flour,511,2.4,0.5,0.3,1.1,110.3,1.2,15.5,14.9,0.0,0.062,17.9,0.0,0.5,0.021,0.0,0.2,9.3,0.2,0.6,0.0,0.0,0.8,0.069,47.4,0.5,4.0,142.1,1.5,438.1,457.3,0.037,3.0,194.5,FOOD-DATA-GROUP2,12.090483619344775,86.03744149765991,1.87207488299532,0.1392632524707996,511,3.02734375,2.91015625,1.078167115902965,10.0,0.00012109375,0,0,0,0,Healthy,75.8
97,97,safflower seed meal,97,0.7,0.029,0.099,0.4,13.8,0.0,10.1,0.0,0.0,0.006,1.8,0.0,0.3,0.022,0.0,0.1,0.6,1.1,0.3,0.0,0.0,0.0,0.0,21.8,0.5,1.4,99.1,0.6,180.6,19.2,0.0,1.4,47.8,FOOD-DATA-GROUP2,41.05691056910569,56.09756097560976,2.845528455284553,0.6824324324324323,97,10.306122448979592,0.0,0.0,0.0,6.122448979591836e-05,0,0,0,0,Healthy,57.6
98,98,sesame flour,658,46.4,6.5,17.5,20.3,33.3,0.0,38.5,0.0,0.0,0.041,1.1,0.0,3.4,0.073,0.0,0.4,16.7,3.7,0.2,0.0,0.0,0.0,0.0,198.8,1.9,19.0,451.3,1.9,1008.8,528.8,0.0,13.3,336.0,FOOD-DATA-GROUP2,32.571912013536384,28.17258883248731,39.25549915397632,1.1224489795918369,658,5.842185128983308,0.0,0.0,0.0,6.22154779969651e-05,0,0,1,0,Limit,60.1
99,99,whole grain wheat flour,408,3.0,0.5,0.3,1.4,86.4,0.5,15.9,12.8,0.0,0.027,12.9,0.0,0.6,0.066,0.0,0.2,5.9,0.7,0.5,0.0,0.0,0.9,0.025,40.8,0.5,4.3,164.4,4.9,428.4,435.6,0.045,3.1,163.2,FOOD-DATA-GROUP2,15.0997150997151,82.05128205128204,2.8490028490028485,0.1819221967963386,408,3.887530562347188,3.12958435207824,0.5720823798627002,10.0,6.601466992665036e-05,0,0,0,0,Healthy,76.3
100,100,corn flour yellow,422,4.5,0.6,1.2,2.1,89.9,0.7,8.1,8.5,0.0,0.04,12.8,0.0,0.3,0.04,0.0,0.036,2.2,0.8,0.4,0.0,0.0,0.5,0.006,8.2,0.3,2.8,108.8,0.5,318.2,368.6,0.012,2.0,122.0,FOOD-DATA-GROUP2,7.902439024390244,87.70731707317073,4.390243902439024,0.0891089108910891,422,1.9148936170212765,2.0094562647754137,0.7700770077007699,10.0,9.456264775413712e-05,0,0,0,0,Healthy,68.1
101,101,corn flour whole grain,422,4.5,0.6,1.2,2.1,89.9,0.7,8.1,8.5,0.0,0.033,12.8,0.0,0.3,0.021,0.0,0.035,2.2,0.8,0.4,0.0,0.0,0.5,0.071,8.2,0.3,2.8,108.8,0.5,318.2,368.6,0.045,2.0,122.0,FOOD-DATA-GROUP2,7.902439024390244,87.70731707317073,4.390243902439024,0.0891089108910891,422,1.9148936170212765,2.0094562647754137,0.7700770077007699,10.0,7.801418439716312e-05,0,0,0,0,Healthy,68.1
102,102,cottonseed flour low fat,94,0.4,0.082,0.046,0.2,10.2,0.0,14.1,0.0,0.0,0.022,2.0,0.0,0.6,0.016,0.0,0.1,1.1,0.1,0.2,0.7,0.0,0.0,0.0,134.1,0.3,3.6,202.6,0.6,449.1,498.4,0.0,3.3,163.1,FOOD-DATA-GROUP2,57.085020242914986,41.29554655870446,1.6194331983805672,1.2589285714285714,94,14.842105263157896,0.0,0.0,0.0,0.0002315789473684,0,0,0,0,Healthy,60.5
103,103,sunflower seed flour,13,0.013,0.036,0.059,0.077,1.4,0.0,1.9,0.2,0.0,0.073,0.3,0.0,0.1,0.02,0.0,0.006,0.3,0.3,0.022,0.003,0.0,0.0,0.0,4.6,0.081,0.3,13.8,0.011,27.6,2.7,0.047,0.2,8.557,FOOD-DATA-GROUP2,57.34983398732268,42.25777241171144,0.392393600965892,0.7916666666666666,13,13.571428571428571,1.4285714285714286,0.0,0.4,0.0052142857142857,0,0,0,0,Healthy,51.7
104,104,sesame meal,160,13.6,1.9,5.1,6.0,7.4,0.0,4.8,0.0,0.0,0.073,1.4,0.0,0.7,0.01,0.0,0.094,3.6,0.8,0.081,0.0,0.0,0.0,0.0,43.3,0.4,4.1,97.9,0.4,219.0,114.9,0.0,2.9,73.2,FOOD-DATA-GROUP2,18.6046511627907,28.682170542635667,52.71317829457365,0.5714285714285714,160,2.981366459627329,0.0,0.0,0.0,0.0004534161490683,0,0,0,0,Healthy,52.2
105,105,acorn flour,626,37.7,4.9,23.9,7.3,68.3,0.0,9.4,0.0,0.0,0.0,7.5,0.0,0.2,0.1,0.0,0.2,3.0,1.2,0.9,0.0,0.0,0.0,0.0,53.8,0.8,1.5,137.5,2.2,128.8,890.0,0.0,0.8,170.7,FOOD-DATA-GROUP2,8.145580589254765,59.18544194107452,32.668977469670715,0.1356421356421356,626,1.4992025518341308,0.0,0.0,0.0,0.0,0,0,0,0,Healthy,53.4
106,106,rice flour white,578,2.2,0.6,0.7,0.6,126.6,0.2,9.4,3.8,0.0,0.0,18.8,0.0,0.2,0.058,0.0,0.014,4.1,1.3,0.7,0.0,0.0,0.2,0.0,15.8,0.2,0.6,55.3,1.9,154.8,120.1,0.062,1.3,158.4,FOOD-DATA-GROUP2,6.801736613603474,91.60636758321272,1.5918958031837918,0.073667711598746,578,1.6234887737478412,0.6563039723661485,0.1567398119122257,7.6,0.0,0,0,0,0,Healthy,62.2
107,107,sesame flour low fat,94,0.5,0.011,0.2,0.2,10.0,0.0,14.2,0.0,0.0,0.072,2.0,0.0,0.7,0.073,0.0,0.092,3.5,0.8,0.02,0.0,0.0,0.0,0.0,42.2,0.4,4.0,95.7,0.4,214.2,112.4,0.0,2.8,70.9,FOOD-DATA-GROUP2,57.48987854251012,40.48582995951417,2.0242914979757085,1.2909090909090908,94,14.947368421052632,0.0,0.0,0.0,0.0007578947368421,0,0,0,0,Healthy,60.6
108,108,potato flour,571,0.5,0.1,0.063,0.2,133.0,5.6,11.0,9.4,0.0,0.042,10.4,0.0,0.0,0.4,0.043,0.0,0.06,5.6,0.8,1.2,6.1,0.0,0.4,0.0,104.0,0.3,2.2,104.0,0.5,268.8,1601.6,0.031,155.4,FOOD-DATA-GROUP2,7.612456747404845,92.04152249134948,0.3460207612456747,0.0820895522388059,571,1.9230769230769231,1.643356643356643,4.17910447761194,10.0,7.342657342657343e-05,0,0,0,0,Healthy,70.0
109,109,cornmeal yellow,581,2.7,0.3,0.5,1.0,124.7,2.5,11.2,6.1,0.0,0.011,17.6,0.0,0.2,0.072,0.0,0.085,1.6,0.4,0.3,0.0,0.0,0.2,0.0,4.7,0.1,1.7,50.2,0.3,155.4,222.9,0.069,1.0,151.1,FOOD-DATA-GROUP2,8.08080808080808,89.97113997113998,1.9480519480519485,0.0891010342084327,581,1.924398625429553,1.0481099656357389,1.988862370723946,10.0,1.8900343642611683e-05,0,0,0,0,Healthy,66.3
110,110,rye flour,364,1.4,0.2,0.2,0.6,78.2,0.9,10.0,8.2,0.0,0.061,11.6,0.0,0.3,0.047,0.0,0.068,0.8,0.7,0.2,0.0,0.0,0.8,0.079,13.3,0.2,0.9,32.6,1.2,132.6,228.5,0.07,1.4,112.0,FOOD-DATA-GROUP2,11.160714285714285,87.27678571428571,1.5624999999999998,0.1262626262626262,364,2.73972602739726,2.246575342465753,1.1363636363636365,10.0,0.0001671232876712,0,0,0,0,Healthy,69.3
111,111,arrowroot flour,457,0.1,0.019,0.088,0.036,112.8,0.0,0.4,4.4,0.0,0.002,14.6,0.0,0.013,0.043,0.0,0.0,0.0,0.2,0.032,0.0,0.0,0.0,0.0,51.2,0.045,0.4,3.8,0.6,6.4,14.1,0.0,0.067,169.3,FOOD-DATA-GROUP2,0.353045013239188,99.55869373345102,0.088261253309797,0.0035149384885764,457,0.0873362445414847,0.960698689956332,0.0,8.8,4.366812227074236e-06,0,0,0,0,Healthy,56.9
112,112,chickpea flour,356,6.2,0.6,1.4,2.7,53.2,10.0,20.6,9.9,0.0,0.05,9.5,0.0,0.4,0.4,0.0,0.037,1.6,0.6,0.5,0.0,0.0,0.8,0.003,41.4,0.8,4.5,152.7,1.5,292.6,778.3,0.079,2.6,135.8,FOOD-DATA-GROUP2,25.75,66.49999999999999,7.749999999999998,0.3800738007380074,356,5.7703081232493,2.77310924369748,18.45018450184502,10.0,0.0001400560224089,0,0,0,0,Healthy,75.4
113,113,wheat flour,455,1.2,0.2,0.1,0.5,95.4,0.3,12.9,3.4,0.0,0.061,14.9,0.0,1.0,0.2,0.0,0.6,7.4,0.5,0.001,0.0,0.0,0.095,0.051,18.8,0.2,5.8,27.5,0.9,135.0,133.8,0.023,0.9,137.5,FOOD-DATA-GROUP2,11.780821917808218,87.12328767123287,1.095890410958904,0.1338174273858921,455,2.8289473684210527,0.7456140350877193,0.3112033195020747,6.8,0.0001337719298245,0,0,0,0,Healthy,64.5
114,114,cornstarch,488,0.03,0.077,0.046,0.012,116.8,0.0,0.3,1.2,0.0,0.093,10.6,0.0,0.0,0.0,0.0,0.0,0.0,0.0,0.0,0.0,0.0,0.0,0.0,2.6,0.097,0.6,3.8,0.028,16.6,3.8,0.096,0.081,121.535,FOOD-DATA-GROUP2,0.2561256723298898,99.71826176043712,0.0256125672329889,0.0025466893039049,488,0.0613496932515337,0.2453987730061349,0.0,2.4,0.0001901840490797,0,0,0,0,Limit,52.0
115,115,carob flour,13,0.061,0.041,0.088,0.052,5.3,2.9,0.3,2.4,0.0,0.033,0.2,0.0,0.09,0.007,0.0,0.079,0.1,0.038,0.029,0.088,0.0,0.046,0.0,20.9,0.088,0.2,3.2,0.019,4.7,49.6,0.087,0.087,29.18,FOOD-DATA-GROUP2,5.299417064122947,93.6230347995054,1.077548136371666,0.0476190476190476,13,2.142857142857143,17.142857142857142,46.03174603174603,4.8,0.0023571428571428,0,0,0,0,Healthy,52.6
116,116,buckwheat flour,402,3.7,0.8,1.1,1.1,84.7,3.1,15.1,12.0,0.0,0.033,13.4,0.0,0.5,0.035,0.0,0.2,7.4,0.5,0.7,0.0,0.0,0.4,0.044,49.2,0.6,4.9,301.2,2.4,404.4,692.4,0.04,3.7,169.6,FOOD-DATA-GROUP2,14.589371980676328,81.83574879227054,3.5748792270531404,0.176196032672112,402,3.746898263027295,2.977667493796526,3.6172695449241536,10.0,8.188585607940447e-05,0,0,0,0,Healthy,74.5
117,117,pecan pie,503,27.1,4.9,13.6,7.0,63.7,0.0,6.0,0.0,106.1,0.3,23.8,0.046,0.2,0.083,0.061,0.2,1.0,0.6,0.034,0.2,0.0,0.0,0.0,39.0,0.3,1.8,31.7,0.9,114.7,162.3,0.089,1.2,137.891,FOOD-DATA-GROUP2,6.198347107438016,65.80578512396694,27.99586776859504,0.0927357032457496,503,1.1904761904761905,0.0,0.0,0.0,0.000595238095238,0,0,0,1,Healthy,50.8
118,118,apple pie,331,15.6,3.8,6.7,4.2,46.4,0.0,3.0,0.0,0.0,0.3,59.1,0.078,0.2,0.02,0.0,0.1,1.5,0.1,0.009,2.1,0.0,0.0,0.0,8.8,0.02,1.4,8.8,0.2,35.0,98.8,0.077,0.2,77.358,FOOD-DATA-GROUP2,4.615384615384616,71.38461538461539,24.0,0.0632911392405063,331,0.9036144578313252,0.0,0.0,0.0,0.0009036144578313,0,0,0,0,Healthy,49.4
119,119,vanilla wafer pie crust,935,63.7,13.1,27.5,18.8,88.4,12.9,6.5,0.2,68.6,0.9,15.0,0.4,0.3,0.071,0.081,0.4,3.7,0.5,0.082,0.2,0.059,5.4,0.028,73.9,0.1,2.9,17.6,0.3,137.3,139.0,0.009,0.4,236.2,FOOD-DATA-GROUP2,4.098360655737705,55.73770491803278,40.1639344262295,0.0727069351230425,935,0.6944444444444444,0.0213675213675213,14.42953020134228,0.4,0.0009615384615384,0,0,1,0,Limit,40.2
120,120,chocolate pie crust,881,40.8,8.6,26.4,3.7,117.4,47.9,11.1,4.9,0.0,0.9,9.1,0.0,0.6,0.1,0.0,0.5,5.6,0.3,0.049,0.0,0.0,3.3,0.078,58.2,1.4,7.8,72.8,3.3,218.4,340.3,0.033,3.8,240.2,FOOD-DATA-GROUP2,6.556408741878323,69.34435912581218,24.099232132309503,0.0937499999999999,881,1.258503401360544,0.5555555555555556,40.45608108108108,9.8,0.0010204081632653,0,1,1,0,Avoid,40.1
121,121,apple strudel,195,8.0,1.5,2.3,3.8,29.2,18.3,2.3,1.6,4.3,0.02,30.9,0.011,0.087,0.082,0.009,0.016,0.2,0.2,0.031,1.2,0.0,1.0,0.002,10.7,0.092,0.3,6.4,0.1,23.4,105.8,0.034,0.1,53.359,FOOD-DATA-GROUP2,5.822784810126582,73.92405063291139,20.253164556962027,0.076158940397351,195,1.173469387755102,0.8163265306122449,60.59602649006622,3.2,0.0001020408163265,0,1,0,0,Avoid,45.7
122,122,chocolate snack cake,200,8.0,2.4,4.3,0.9,30.2,18.9,1.8,1.6,0.0,0.2,9.3,0.001,0.051,0.079,0.011,0.013,0.5,0.067,0.068,1.0,0.0,0.5,0.08,58.0,0.2,1.8,18.0,0.2,43.5,88.0,0.006,0.5,102.459,FOOD-DATA-GROUP2,4.5,75.5,20.0,0.0576923076923076,200,0.8955223880597015,0.7960199004975126,60.57692307692307,3.2,0.0009950248756218,0,1,0,0,Avoid,44.4
123,123,fruit fried pie,404,20.6,3.1,9.5,6.9,54.5,27.4,3.8,3.3,0.0,0.4,48.1,0.065,0.2,0.046,0.074,0.1,1.8,0.1,0.019,1.7,0.0,2.2,0.035,28.2,0.094,1.6,12.8,0.3,55.0,83.2,0.094,0.3,113.776,FOOD-DATA-GROUP2,4.816223067173637,69.07477820025349,26.108998732572875,0.0684684684684684,404,0.9382716049382716,0.8148148148148148,49.369369369369366,6.6,0.0009876543209876,0,1,0,0,Limit,44.5
124,124,pumpkin pie,316,14.4,4.9,5.7,2.8,40.9,0.0,7.0,0.0,65.1,0.3,90.7,0.1,0.1,0.091,0.086,0.3,1.2,0.7,0.077,2.6,0.0,0.0,0.0,145.7,0.1,2.0,29.5,0.3,151.9,288.3,0.058,0.7,212.686,FOOD-DATA-GROUP2,11.235955056179776,65.65008025682182,23.1139646869984,0.1670644391408114,316,2.2082018927444795,0.0,0.0,0.0,0.0009463722397476,0,0,0,0,Healthy,51.6
125,125,corn cake,35,0.2,0.019,0.032,0.098,7.5,2.1,0.7,0.2,0.0,0.01,0.4,0.013,0.057,0.084,0.0,0.084,0.5,0.023,0.074,0.0,0.0,0.0,0.0,1.7,0.04,0.1,10.3,0.2,14.1,14.1,0.082,0.2,10.437,FOOD-DATA-GROUP2,8.333333333333334,89.2857142857143,2.3809523809523814,0.0823529411764705,35,1.9444444444444444,0.5555555555555556,24.705882352941178,0.4,0.0002777777777777,0,0,0,0,Healthy,50.0
126,126,sponge snack cake,157,4.8,1.7,2.1,0.8,26.9,15.7,1.5,0.4,17.2,0.2,8.2,0.095,0.091,0.096,0.034,0.022,0.7,0.06,0.0,0.089,0.098,0.3,0.011,10.1,0.06,0.6,3.4,0.1,77.7,29.8,0.029,0.3,44.404,FOOD-DATA-GROUP2,4.518072289156628,81.02409638554218,14.457831325301209,0.053763440860215,157,0.949367088607595,0.2531645569620253,56.27240143369176,0.8,0.0012658227848101,0,1,0,0,Avoid,44.2
127,127,danish pastry with nuts,280,16.4,3.8,8.9,2.8,29.7,16.8,4.6,1.3,29.9,0.2,13.3,0.054,0.1,0.091,0.088,0.2,1.5,0.5,0.062,1.1,0.0,0.5,0.018,61.1,0.1,1.2,20.8,0.5,71.5,61.8,0.062,0.6,115.451,FOOD-DATA-GROUP2,9.072978303747536,58.57988165680473,32.34714003944773,0.1498371335504885,280,1.6370106761565832,0.4626334519572954,54.72312703583062,2.6,0.0007117437722419,0,1,0,0,Avoid,45.8
128,128,chocolate cream pie,301,19.2,4.9,11.0,2.4,33.3,0.0,2.6,2.0,5.0,0.1,43.1,0.0,0.002,0.093,0.0,0.1,0.7,0.4,0.023,0.0,0.0,0.0,0.0,35.6,0.078,1.1,20.8,0.2,67.3,125.7,0.016,0.2,93.8,FOOD-DATA-GROUP2,4.71869328493648,60.43557168784029,34.845735027223235,0.075801749271137,301,0.8609271523178808,0.6622516556291391,0.0,4.0,0.0003311258278145,0,0,0,0,Healthy,51.3
129,129,angel food cake,72,0.2,0.071,0.095,0.1,16.2,0.0,1.7,0.4,0.0,0.2,9.3,0.0,0.095,0.039,0.035,0.1,0.2,0.046,0.058,0.0,0.0,0.0,0.0,39.2,0.058,0.1,3.4,0.012,90.7,26.0,0.095,0.055,57.8,FOOD-DATA-GROUP2,9.392265193370166,89.50276243093923,1.1049723756906078,0.0988372093023255,72,2.328767123287671,0.547945205479452,0.0,0.8,0.0027397260273972,0,0,0,0,Healthy,51.8
130,130,lemon meringue pie,362,16.4,4.0,7.1,4.2,49.7,0.0,4.8,0.0,67.3,0.3,55.0,0.011,0.1,0.009,0.043,0.2,1.2,0.3,0.034,4.2,0.0,0.0,0.0,15.2,0.086,1.3,7.6,0.2,53.3,82.6,0.059,0.4,91.632,FOOD-DATA-GROUP2,6.770098730606487,70.09873060648802,23.131170662905497,0.0946745562130177,362,1.322314049586777,0.0,0.0,0.0,0.0008264462809917,0,0,0,0,Healthy,50.6
131,131,danish pastry with cinnamon,349,16.7,3.5,10.6,1.6,46.9,0.0,4.8,0.0,27.3,0.3,18.4,0.058,0.3,0.072,0.041,0.2,2.2,0.6,0.049,2.6,0.0,0.0,0.0,37.0,0.079,1.8,14.1,0.4,73.9,95.9,0.028,0.5,109.897,FOOD-DATA-GROUP2,7.017543859649124,68.5672514619883,24.41520467836257,0.1002087682672233,349,1.3714285714285714,0.0,0.0,0.0,0.0008571428571428,0,0,0,0,Healthy,51.0
132,132,cinnamon coffeecake,238,13.3,3.3,7.4,1.8,26.6,0.0,3.9,1.1,18.2,0.2,12.5,0.049,0.1,0.02,0.085,0.1,1.0,0.4,0.046,0.2,0.0,0.0,0.0,30.8,0.006,1.1,12.5,0.3,61.6,70.1,0.048,0.5,77.089,FOOD-DATA-GROUP2,8.904109589041097,60.73059360730594,30.36529680365297,0.1413043478260869,238,1.6317991631799162,0.4602510460251046,0.0,2.2,0.000836820083682,0,0,0,0,Healthy,52.1
133,133,cheesecake,257,18.0,7.9,6.9,1.3,20.4,17.4,4.4,0.3,44.0,0.4,36.5,0.1,0.061,0.011,0.03,0.2,0.2,0.5,0.1,0.3,0.078,0.4,0.093,40.8,0.039,0.5,8.8,0.1,74.4,72.0,0.079,0.4,84.8,FOOD-DATA-GROUP2,10.280373831775702,47.66355140186916,42.056074766355145,0.205607476635514,257,1.7054263565891472,0.1162790697674418,81.30841121495327,0.6,0.0015503875968992,0,1,1,0,Avoid,40.9
134,134,fruitcake,139,3.9,0.5,1.8,1.4,26.5,11.8,1.2,1.6,2.2,0.013,10.9,0.06,0.004,0.063,0.0,0.063,0.3,0.015,0.008,0.2,0.0,0.4,0.032,14.2,0.082,0.9,6.9,0.067,22.4,65.8,0.033,0.1,48.507,FOOD-DATA-GROUP2,3.79746835443038,83.86075949367088,12.341772151898734,0.0436363636363636,139,0.8571428571428572,1.1428571428571428,42.909090909090914,3.2,9.285714285714286e-05,0,0,0,0,Healthy,48.2
135,135,egg custard,293,12.9,6.1,3.9,1.2,31.0,31.0,14.2,0.0,236.9,0.2,222.4,0.1,0.1,0.025,0.081,0.7,0.3,1.6,0.1,0.0,0.0,0.6,0.097,301.7,0.031,1.0,31.0,0.07,318.7,417.4,0.016,1.5,360.9,FOOD-DATA-GROUP2,24.44061962134251,53.35628227194492,22.203098106712567,0.44375,293,4.829931972789116,0.0,96.875,0.0,0.0006802721088435,0,1,1,1,Avoid,43.7
136,136,mince pie,477,17.8,4.4,7.7,4.7,79.2,46.7,4.3,4.3,0.0,0.4,61.7,0.0,0.2,0.074,0.0,0.2,2.0,0.2,0.1,9.7,0.0,0.2,0.071,36.3,0.2,2.5,23.1,0.4,69.3,335.0,0.099,0.4,154.1,FOOD-DATA-GROUP2,4.244817374136229,78.18361303060217,17.5715695952616,0.0536159600997506,477,0.8995815899581588,0.8995815899581588,58.22942643391521,8.6,0.000836820083682,0,1,0,0,Limit,37.7
137,137,yellow cake with chocolate frosting,546,25.6,8.3,10.4,6.8,79.7,56.5,4.6,2.2,23.0,0.4,32.2,0.0,0.032,0.0,0.0,0.1,1.2,0.2,0.0,0.0,0.0,6.5,0.089,46.1,0.2,2.9,28.8,0.3,198.7,269.3,0.084,0.6,161.1,FOOD-DATA-GROUP2,4.185623293903548,72.52047315741584,23.29390354868062,0.0570012391573729,546,0.8409506398537476,0.4021937842778793,70.01239157372986,4.4,0.0007312614259597,0,1,1,0,Avoid,30.5
138,138,danish pastry with fruit,335,15.9,3.3,10.1,1.6,45.1,0.0,4.8,0.0,18.8,0.3,27.3,0.043,0.3,0.093,0.016,0.2,1.8,0.6,0.005,1.6,0.0,0.0,0.0,21.6,0.059,1.4,14.1,0.2,68.6,110.0,0.052,0.5,90.454,FOOD-DATA-GROUP2,7.29483282674772,68.54103343465046,24.164133738601823,0.1041214750542299,335,1.4285714285714286,0.0,0.0,0.0,0.0008928571428571,0,0,0,0,Healthy,51.1
139,139,white cake with coconut frosting,399,11.5,4.4,4.1,2.4,70.8,64.3,4.9,1.1,1.1,0.3,23.2,0.015,0.1,0.058,0.091,0.2,1.2,0.2,0.026,0.1,0.047,0.1,0.019,100.8,0.031,1.3,13.4,0.3,78.4,110.9,0.093,0.4,190.574,FOOD-DATA-GROUP2,5.619266055045872,81.19266055045871,13.188073394495412,0.0682451253481894,399,1.225,0.275,89.55431754874652,2.2,0.00075,0,1,0,0,Avoid,32.0
140,140,danish pastry with cheese,353,24.6,5.1,15.6,2.4,28.7,0.0,5.8,0.0,20.0,0.3,30.8,0.057,0.3,0.035,0.095,0.2,2.5,0.6,0.082,2.6,0.0,0.0,0.0,70.1,0.004,1.8,15.5,0.4,80.1,116.5,0.015,0.6,133.666,FOOD-DATA-GROUP2,9.813874788494076,48.56175972927242,41.62436548223351,0.1952861952861952,353,1.6384180790960452,0.0,0.0,0.0,0.0008474576271186,0,0,1,0,Limit,50.5
141,141,graham cracker pie crust,917,45.4,9.1,31.0,3.1,117.7,33.2,9.3,3.5,0.0,0.9,8.0,0.0,0.3,0.1,0.0,0.4,5.9,0.3,0.1,0.0,0.0,3.4,0.058,53.1,0.4,4.8,42.1,2.4,214.1,206.8,0.039,2.3,233.8,FOOD-DATA-GROUP2,5.394431554524362,68.27146171693735,26.33410672853828,0.0783487784330244,917,1.0130718954248366,0.3812636165577342,27.96967144060657,7.0,0.0009803921568627,0,1,1,0,Avoid,42.1
142,142,blueberry pie,360,17.5,4.3,7.5,4.5,49.2,0.0,4.0,0.0,0.0,0.3,75.3,0.0,0.2,0.073,0.0,0.2,1.8,0.2,0.015,1.0,0.0,0.0,0.0,10.3,0.081,1.8,11.8,0.4,44.1,73.5,0.059,0.3,83.8,FOOD-DATA-GROUP2,5.657708628005658,69.58981612446959,24.752475247524757,0.0796812749003984,360,1.10803324099723,0.0,0.0,0.0,0.0008310249307479,0,0,0,0,Healthy,49.8
143,143,yellow cake with vanilla frosting,239,9.3,1.5,3.9,3.3,37.6,0.0,2.2,0.2,35.2,0.2,14.1,0.027,0.018,0.064,0.016,0.099,0.3,0.2,0.001,0.0,0.0,0.0,0.0,39.7,0.017,0.7,3.8,0.089,91.5,33.9,0.02,0.2,89.788,FOOD-DATA-GROUP2,4.480651731160896,76.57841140529531,18.940936863543783,0.0569948186528497,239,0.9166666666666666,0.0833333333333333,0.0,0.4,0.0008333333333333,0,0,0,0,Healthy,50.8
144,144,pie crust,121,8.0,2.0,3.5,2.1,10.9,0.045,1.5,0.4,0.0,0.1,2.3,0.0,0.004,0.004,0.0,0.088,0.8,0.048,0.075,0.0,0.0,0.033,0.038,2.3,0.079,0.7,3.2,0.061,15.4,15.4,0.096,0.1,23.8,FOOD-DATA-GROUP2,7.352941176470589,53.43137254901962,39.21568627450981,0.1260504201680672,121,1.2295081967213115,0.3278688524590163,0.3781512605042016,0.8,0.0008196721311475,0,0,0,0,Healthy,50.2
145,145,chocolate cake with chocolate frosting,537,27.7,8.2,10.1,6.4,72.9,55.1,4.8,3.0,30.4,0.5,30.4,0.095,0.0,0.098,0.0,0.061,1.1,0.3,0.0,0.1,0.0,6.0,0.02,41.4,0.3,4.2,42.8,0.5,189.1,372.6,0.084,0.8,154.164,FOOD-DATA-GROUP2,4.554079696394687,69.16508538899431,26.280834914611003,0.0649526387009472,537,0.8921933085501859,0.5576208178438662,74.56021650879566,6.0,0.0009293680297397,0,1,1,0,Avoid,31.9
146,146,cheese coffeecake,258,11.6,4.1,5.4,1.3,33.7,0.0,5.3,0.8,64.6,0.3,24.5,0.082,0.098,0.001,0.049,0.07,0.5,0.3,0.086,0.041,0.0,0.0,0.0,44.8,0.074,0.5,11.4,0.1,76.8,219.6,0.075,0.4,96.831,FOOD-DATA-GROUP2,10.474308300395256,66.600790513834,22.92490118577075,0.1527377521613832,258,2.0463320463320462,0.3088803088803089,0.0,1.6,0.0011583011583011,0,0,0,0,Healthy,52.1
147,147,vanilla cream pie,350,18.1,5.1,7.6,4.3,41.1,16.0,6.0,0.8,78.1,0.3,59.2,0.1,0.2,0.064,0.086,0.3,1.2,0.5,0.006,0.6,0.076,0.6,0.01,113.4,0.018,1.3,16.4,0.2,131.0,158.8,0.024,0.7,181.4,FOOD-DATA-GROUP2,9.202453987730062,63.036809815950924,27.76073619631902,0.1425178147268408,350,1.7094017094017095,0.2279202279202279,38.00475059382423,1.6,0.0008547008547008,0,1,1,0,Avoid,45.5
148,148,pineapple cake,367,13.9,3.4,6.0,3.8,58.1,0.0,4.0,0.9,25.3,0.4,37.1,0.078,0.2,0.069,0.091,0.2,1.4,0.2,0.029,1.4,0.0,0.0,0.0,138.0,0.1,1.7,15.0,0.4,94.3,128.8,0.094,0.4,218.024,FOOD-DATA-GROUP2,5.263157894736842,76.44736842105263,18.289473684210527,0.0676818950930626,367,1.0869565217391304,0.2445652173913043,0.0,1.8,0.0010869565217391,0,0,0,0,Healthy,51.8
149,149,peach pie,262,11.7,1.8,5.0,4.4,38.5,19.0,2.2,0.9,0.0,0.3,63.6,0.06,0.025,0.089,0.0,0.082,0.2,0.1,0.047,1.1,0.0,1.1,0.023,9.4,0.082,0.6,7.0,0.2,25.7,146.3,0.025,0.1,64.447,FOOD-DATA-GROUP2,4.198473282442748,73.47328244274809,22.328244274809155,0.0556962025316455,262,0.8365019011406846,0.3422053231939164,48.10126582278481,1.8,0.0011406844106463,0,1,0,0,Avoid,44.0
150,150,fruit coffeecake,156,5.1,1.2,2.8,0.7,25.8,0.0,2.6,1.3,3.5,0.2,15.9,0.0,0.089,0.042,0.0,0.037,1.3,0.3,0.013,0.4,0.0,0.0,0.0,22.5,0.02,1.2,8.5,0.1,59.0,45.0,0.056,0.3,58.9,FOOD-DATA-GROUP2,7.761194029850746,77.01492537313433,15.223880597014924,0.0970149253731343,156,1.6560509554140128,0.8280254777070064,0.0,2.6,0.0012738853503184,0,0,0,0,Healthy,53.0
151,151,pound cake,116,6.0,3.5,1.8,0.3,14.6,0.0,1.7,0.2,66.3,0.1,7.4,0.09,0.059,0.055,0.088,0.048,0.4,0.1,0.087,0.0,0.0,0.0,0.0,10.5,0.021,0.4,3.3,0.046,41.1,35.7,0.092,0.1,33.47,FOOD-DATA-GROUP2,7.623318385650224,65.47085201793722,26.90582959641256,0.1089743589743589,116,1.452991452991453,0.1709401709401709,0.0,0.4,0.0008547008547008,0,0,0,0,Healthy,48.9
152,152,pound cake bread,215,9.6,1.7,2.4,5.2,28.2,10.0,3.9,0.9,0.0,0.2,12.3,0.0,0.041,0.0,0.0,0.028,2.6,0.3,0.08,0.0,0.0,0.8,0.0,25.3,0.077,1.2,10.5,0.1,165.0,115.5,0.02,0.3,69.1,FOOD-DATA-GROUP2,9.35251798561151,67.62589928057552,23.02158273381295,0.1335616438356164,215,1.8055555555555556,0.4166666666666667,34.24657534246575,1.8,0.0009259259259259,0,0,0,0,Healthy,49.0
153,153,white cake,264,9.2,2.4,3.9,2.3,42.3,26.3,4.0,0.6,1.5,0.2,17.2,0.043,0.1,0.037,0.07,0.2,1.1,0.1,0.02,0.1,0.0,0.073,0.04,96.2,0.003,1.1,8.9,0.1,68.8,70.3,0.033,0.2,153.59,FOOD-DATA-GROUP2,7.207207207207207,76.21621621621621,16.576576576576578,0.092378752886836,264,1.509433962264151,0.2264150943396226,60.7390300230947,1.2,0.000754716981132,0,1,0,0,Avoid,41.6
154,154,coffeecake with chocolate frosting,298,9.7,2.5,5.1,1.3,48.4,0.0,4.5,1.8,62.1,0.3,26.2,0.041,0.006,0.036,0.01,0.024,0.8,0.4,0.051,0.015,0.0,0.0,0.0,34.2,0.056,0.5,13.5,0.2,67.5,70.2,0.034,0.4,99.233,FOOD-DATA-GROUP2,7.188498402555911,77.31629392971246,15.49520766773163,0.0910931174089068,298,1.5050167224080269,0.6020066889632106,0.0,3.6,0.0010033444816053,0,0,0,0,Healthy,54.2
155,155,popcorn cake,38,0.3,0.074,0.06,0.1,8.0,0.001,1.0,0.3,0.0,0.05,0.5,0.0,0.079,0.068,0.0,0.06,0.6,0.002,0.076,0.0,0.0,0.073,0.005,0.9,0.067,0.2,15.9,0.037,27.7,32.7,0.079,0.4,10.7,FOOD-DATA-GROUP2,10.75268817204301,86.02150537634408,3.225806451612903,0.1111111111111111,38,2.564102564102564,0.7692307692307692,0.0111111111111111,0.6,0.0012820512820512,0,0,0,0,Healthy,51.1
156,156,banana cream pie,3190,161.3,44.6,67.8,39.0,390.2,143.0,52.2,8.3,604.9,2.8,568.1,0.7,1.6,0.3,0.006,2.5,12.5,4.6,1.6,19.0,0.009,4.7,0.069,889.5,0.6,12.3,189.8,1.8,1091.1,1956.9,0.1,5.7,1533.5,FOOD-DATA-GROUP2,8.646678813980452,64.63475236044393,26.718568825575616,0.1334355828220859,3190,1.635850830460671,0.2601065496709495,36.55419222903885,10.0,0.000877467878408,0,1,1,1,Limit,42.4
157,157,baked apple pie mcdonalds,91,4.4,1.1,2.6,0.3,12.3,4.9,0.9,0.6,0.0,0.076,10.5,0.0,0.093,0.053,0.0,0.045,0.7,0.036,0.027,9.1,0.0,0.5,0.0,5.4,0.03,0.6,2.0,0.071,10.2,17.8,0.0,0.0,33.3,FOOD-DATA-GROUP2,5.113636363636363,69.88636363636364,25.0,0.0676691729323308,91,0.9782608695652176,0.6521739130434783,36.84210526315789,1.2,0.0008260869565217,0,0,0,0,Healthy,48.8
158,158,sponge cake,187,2.7,0.8,1.0,0.4,36.4,0.0,4.6,0.0,107.1,0.1,18.5,0.071,0.1,0.076,0.056,0.2,0.8,0.3,0.07,0.0,0.0,0.0,0.0,26.5,0.076,1.0,5.7,0.1,63.0,88.8,0.034,0.4,71.264,FOOD-DATA-GROUP2,10.52631578947368,83.29519450800915,6.178489702517163,0.1229946524064171,187,2.4468085106382977,0.0,0.0,0.0,0.000531914893617,0,0,0,1,Healthy,52.8
159,159,yellow cake,245,9.9,2.7,4.2,2.4,36.0,0.0,3.6,0.5,36.7,0.2,17.1,0.094,0.1,0.086,0.016,0.2,1.0,0.2,0.038,0.1,0.0,0.0,0.0,99.3,0.099,1.1,8.2,0.1,79.6,61.9,0.037,0.3,150.51,FOOD-DATA-GROUP2,7.272727272727272,72.72727272727273,20.0,0.0972972972972973,245,1.4634146341463417,0.2032520325203252,0.0,1.0,0.0008130081300813,0,0,0,0,Healthy,51.4
160,160,shortcake,98,4.0,1.1,1.7,1.0,13.7,0.0,1.7,0.0,0.8,0.1,8.0,0.005,0.058,0.027,0.099,0.039,0.7,0.005,0.055,0.07,0.0,0.0,0.0,58.0,0.076,0.7,4.5,0.08,40.5,30.0,0.097,0.1,78.182,FOOD-DATA-GROUP2,8.762886597938145,70.61855670103093,20.61855670103093,0.1156462585034013,98,1.7171717171717171,0.0,0.0,0.0,0.001010101010101,0,0,0,0,Healthy,50.4
161,161,cherry pie,486,22.0,5.4,9.6,5.8,69.3,0.0,5.0,0.0,0.0,0.3,82.4,0.027,0.3,0.081,0.0,0.2,2.3,0.2,0.016,1.8,0.0,0.0,0.0,18.0,0.1,3.3,16.2,0.4,54.0,138.6,0.011,0.4,119.444,FOOD-DATA-GROUP2,5.192107995846314,71.96261682242991,22.845275181723785,0.0711237553342816,486,1.026694045174538,0.0,0.0,0.0,0.0006160164271047,0,0,1,0,Limit,49.7
162,162,dutch apple pie,397,15.8,3.2,7.9,2.9,61.0,30.2,3.0,2.2,0.0,0.3,56.3,0.008,0.3,0.033,0.0,0.07,1.5,0.1,0.0,7.8,0.0,1.3,0.071,19.2,0.2,1.2,11.0,0.3,39.7,104.1,0.038,0.3,110.281,FOOD-DATA-GROUP2,3.7593984962406015,76.44110275689223,19.79949874686717,0.0483870967741935,397,0.7537688442211055,0.5527638190954774,48.70967741935483,4.4,0.0007537688442211,0,1,0,0,Avoid,41.1
163,163,chocolate cake,352,14.3,5.2,5.7,2.6,50.7,0.0,5.0,1.5,55.1,0.3,23.2,0.0,0.1,0.012,0.027,0.2,1.1,0.3,0.038,0.2,0.0,0.0,0.0,57.0,0.2,1.5,30.4,0.3,100.7,133.0,0.019,0.7,130.2,FOOD-DATA-GROUP2,7.142857142857142,72.42857142857143,20.42857142857143,0.0967117988394584,352,1.41643059490085,0.424929178470255,0.0,3.0,0.0008498583569405,0,0,1,0,Limit,52.1
164,164,marshmallow,64,0.033,0.045,0.035,0.06,16.3,11.5,0.4,0.013,0.0,0.039,3.3,0.0,0.015,0.011,0.0,0.028,0.038,0.014,0.062,0.0,0.0,0.0,0.0,0.6,0.002,0.038,0.4,0.003,1.6,1.0,0.009,0.06,17.445,FOOD-DATA-GROUP2,2.390485866252316,97.41229904978186,0.197215083965816,0.0231213872832369,64,0.6153846153846154,0.0199999999999999,66.47398843930635,0.026,0.0006,0,0,0,0,Healthy,45.7
165,165,sugar apple,72,0.2,0.009,0.031,0.095,18.2,0.0,1.6,3.4,0.0,0.045,56.4,0.0,0.0,0.066,0.024,0.0,0.093,0.7,0.2,0.2,28.0,0.0,0.0,0.0,18.5,0.075,0.5,16.2,0.0,24.6,190.2,0.083,23.644,FOOD-DATA-GROUP2,8.0,91.0,1.0,0.0833333333333333,72,2.191780821917808,4.657534246575342,0.0,6.8,0.0006164383561643,0,0,0,0,Healthy,56.3
166,166,toffee,67,3.9,2.5,1.1,0.1,7.8,7.6,0.1,0.0,12.5,0.044,0.04,0.033,0.074,0.059,0.021,0.076,0.001,0.098,0.044,0.099,0.079,0.0,0.1,0.097,4.1,0.092,0.094,0.5,0.082,3.8,6.1,0.031,12.023,FOOD-DATA-GROUP2,0.8474576271186443,66.10169491525424,33.05084745762712,0.0113636363636363,67,0.1470588235294117,0.0,86.36363636363636,0.0,0.0006470588235294,0,0,0,0,Healthy,45.2
167,167,vanilla fudge with nuts,123,3.9,1.1,0.7,1.9,21.1,20.1,0.8,0.3,3.7,0.075,2.3,0.064,0.079,0.012,0.018,0.077,0.042,0.046,0.041,0.074,0.0,0.087,0.056,13.3,0.012,0.1,6.8,0.1,20.7,29.1,0.016,0.2,39.577,FOOD-DATA-GROUP2,3.10077519379845,81.78294573643412,15.11627906976744,0.0361990950226244,123,0.6451612903225806,0.2419354838709677,90.9502262443439,0.6,0.0006048387096774,0,1,0,0,Avoid,42.2
168,168,peanuts chocolate coated,21,1.3,0.6,0.5,0.2,2.0,1.5,0.5,0.2,0.4,0.063,0.008,0.09,0.023,0.014,0.019,0.078,0.2,0.027,0.026,0.0,0.0,0.001,0.054,4.2,0.067,0.037,3.8,0.042,8.5,20.1,0.005,0.1,8.305,FOOD-DATA-GROUP2,13.157894736842104,52.63157894736842,34.21052631578947,0.1666666666666666,21,2.272727272727273,0.9090909090909092,50.0,0.4,0.0028636363636363,0,0,0,0,Healthy,49.6
169,169,caramel with nuts chocolate coated,66,2.9,0.7,1.3,0.8,8.5,5.8,1.3,0.6,0.0,0.041,0.9,0.028,0.067,0.066,0.0,0.004,0.7,0.0,0.05,0.2,0.0,0.2,0.024,10.9,0.05,0.2,11.3,0.0,23.2,62.3,0.094,0.3,24.683,FOOD-DATA-GROUP2,10.236220472440944,66.9291338582677,22.834645669291337,0.1368421052631579,66,1.9402985074626864,0.8955223880597015,61.05263157894737,1.2,0.0006119402985074,0,0,0,0,Healthy,49.0
170,170,gingerbread,263,12.1,3.1,5.3,3.1,36.4,0.0,2.9,0.0,23.7,0.2,20.7,0.036,0.1,0.088,0.027,0.1,1.3,0.3,0.1,0.082,0.0,0.0,0.0,52.5,0.1,2.1,51.8,0.5,40.0,324.9,0.082,0.3,106.123,FOOD-DATA-GROUP2,5.642023346303502,70.8171206225681,23.540856031128403,0.0775401069518716,263,1.0984848484848484,0.0,0.0,0.0,0.0007575757575757,0,0,0,0,Healthy,49.8
171,171,rolo nestle,24,1.0,0.6,3.4,2.9,0.2,0.078,0.009,0.0,0.0,0.0,0.0,0.0,0.0,0.0,0.0,0.0,0.0,0.0,0.0,0.0,0.0,0.0,0.0,0.0,0.0,0.0,0.0,0.0,0.0,0.0,0.0,0.0,1.234,FOOD-DATA-GROUP2,0.7444168734491314,16.542597187758478,82.71298593879239,0.0075,24,0.036,0.0,6.5,0.0,0.0,0,0,0,0,Healthy,49.5
172,172,vanilla fudge,108,1.5,1.0,0.4,0.084,23.2,22.6,0.3,0.0,4.2,0.04,3.1,0.063,0.013,0.056,0.076,0.012,0.093,0.015,0.095,0.0,0.0,0.067,0.026,10.8,0.036,0.036,0.8,0.045,8.5,13.9,0.004,0.089,35.944,FOOD-DATA-GROUP2,1.2,92.8,6.0,0.012396694214876,108,0.2752293577981651,0.0,93.38842975206612,0.0,0.0003669724770642,0,1,0,0,Avoid,40.4
173,173,halavah,328,15.1,2.9,5.7,5.9,42.3,0.0,8.7,3.2,0.0,0.1,2.6,0.0,0.3,0.016,0.0,0.036,2.0,0.1,0.2,0.097,0.0,0.0,0.0,23.1,0.8,3.2,152.6,0.6,424.9,130.9,0.036,3.0,95.618,FOOD-DATA-GROUP2,13.161875945537066,63.99394856278367,22.844175491679277,0.2009237875288683,328,2.6443768996960486,0.972644376899696,0.0,6.4,0.0003039513677811,0,0,0,0,Healthy,59.1
174,174,praline,189,10.1,0.9,5.7,3.0,23.2,21.8,1.3,1.4,0.0,0.016,4.0,0.0,0.066,0.096,0.0,0.071,0.2,0.1,0.021,0.1,0.0,0.2,0.033,16.8,0.2,0.5,19.1,0.7,40.6,84.6,0.021,0.7,53.4,FOOD-DATA-GROUP2,3.757225433526012,67.05202312138728,29.190751445086704,0.0537190082644628,189,0.6842105263157895,0.7368421052631579,90.0826446280992,2.8,8.421052631578948e-05,0,1,0,0,Avoid,43.7
175,175,fruit juice bar,67,0.089,0.0,0.0,0.026,15.6,13.5,0.9,0.8,0.0,0.011,60.3,0.0,0.022,0.032,0.0,0.055,0.1,0.099,0.094,7.3,0.0,0.0,0.092,3.9,0.0,0.1,3.1,0.1,4.6,40.8,0.007,0.068,28.671,FOOD-DATA-GROUP2,5.425281813249745,94.03821809632888,0.5365000904213635,0.0542168674698795,67,1.3235294117647058,1.1764705882352942,81.32530120481927,1.6,0.0001617647058823,0,0,0,0,Healthy,46.5
176,176,peanut brittle,138,5.4,1.2,2.3,1.3,20.2,14.5,2.1,0.7,3.4,0.1,0.2,0.051,0.015,0.046,0.0,0.098,0.7,0.1,0.029,0.0,0.0,0.7,0.06,7.6,0.086,0.3,11.9,0.2,30.0,47.5,0.037,0.2,36.343,FOOD-DATA-GROUP2,7.581227436823104,72.92418772563177,19.494584837545126,0.0990566037735849,138,1.5107913669064748,0.5035971223021583,68.39622641509435,1.4,0.0007194244604316,0,0,0,0,Healthy,45.9
177,177,butterscotch,21,0.2,0.1,0.07,0.076,4.8,4.3,0.079,0.0,0.5,0.039,0.3,0.076,0.008,0.0,0.0,0.087,0.093,0.075,0.0,0.0,0.0,0.059,0.092,0.2,0.062,0.02,0.0,0.076,0.04,0.2,0.011,0.001,5.351,FOOD-DATA-GROUP2,1.555424296121284,94.50679267572356,3.937783028155149,0.0136206896551724,21,0.359090909090909,0.0,74.13793103448276,0.0,0.0017727272727272,0,0,0,0,Healthy,48.3
178,178,chocolate coffee beans,155,9.4,5.1,3.9,0.4,15.6,14.4,2.1,1.6,5.7,0.006,0.7,0.049,0.007,0.016,0.063,0.011,0.052,0.1,0.002,0.0,0.0,0.1,0.04,47.8,0.1,0.6,18.1,0.2,53.2,116.9,0.056,0.6,77.127,FOOD-DATA-GROUP2,7.7490774907749085,57.564575645756456,34.68634686346864,0.1265060240963855,155,1.3461538461538465,1.0256410256410255,86.74698795180721,3.2,3.846153846153846e-05,0,0,1,0,Limit,44.4
179,179,nougat with almonds,56,0.2,0.2,0.0,0.0,12.9,11.7,0.5,0.5,0.0,0.061,0.3,0.0,0.058,0.044,0.0,0.045,0.083,0.044,0.001,0.096,0.0,0.4,0.0,4.5,0.051,0.082,4.5,0.043,7.7,14.7,0.062,0.051,18.658,FOOD-DATA-GROUP2,3.6764705882352944,94.8529411764706,1.4705882352941178,0.0359712230215827,56,0.8771929824561403,0.8771929824561403,84.17266187050359,1.0,0.0010701754385964,0,0,0,0,Healthy,46.3
180,180,carob,135,7.8,7.3,0.1,0.028,14.1,8.5,2.0,1.0,0.3,0.015,0.4,0.0,0.0,0.02,0.087,0.086,0.027,0.3,0.2,0.007,0.1,0.0,0.4,0.051,75.8,0.011,0.3,9.0,0.059,31.5,158.3,0.087,25.013,FOOD-DATA-GROUP2,8.368200836820083,58.99581589958159,32.63598326359832,0.1324503311258278,135,1.4705882352941175,0.7352941176470588,56.29139072847682,2.0,0.000110294117647,0,0,1,0,Limit,44.1
181,181,peanut butter fudge,62,1.1,0.3,0.5,0.3,12.4,11.7,0.6,0.1,0.5,0.085,1.7,0.081,0.064,0.09,0.095,0.07,0.2,0.028,0.052,0.0,0.0,0.2,0.068,6.7,0.016,0.072,3.2,0.077,10.9,19.0,0.007,0.021,21.055,FOOD-DATA-GROUP2,4.25531914893617,87.94326241134752,7.801418439716312,0.044776119402985,62,0.9523809523809524,0.1587301587301587,87.31343283582089,0.2,0.0013492063492063,0,0,0,0,Healthy,45.7
182,182,sugar coated almonds,17,0.6,0.016,0.4,0.1,2.4,2.2,0.4,0.013,0.0,0.021,0.094,0.0,0.08,0.033,0.0,0.098,0.046,0.029,0.092,0.0,0.0,0.4,0.0,3.5,0.073,0.061,4.8,0.091,5.8,8.9,0.009,0.085,6.936,FOOD-DATA-GROUP2,11.764705882352942,70.58823529411765,17.647058823529413,0.1176470588235294,17,2.2222222222222223,0.0722222222222222,64.70588235294117,0.026,0.0011666666666666,0,0,0,0,Healthy,49.4
183,183,chocolate coated marshmallow,118,4.7,1.3,2.6,0.5,19.0,12.5,1.1,0.6,0.0,0.002,2.8,0.043,0.07,0.002,0.098,0.027,0.2,0.1,0.087,0.093,0.0,0.022,0.03,12.9,0.013,0.7,10.1,0.061,27.2,51.0,0.076,0.2,39.096,FOOD-DATA-GROUP2,4.435483870967742,76.61290322580645,18.951612903225808,0.055,118,0.9243697478991596,0.5042016806722689,62.5,1.2,1.680672268907563e-05,0,0,0,0,Healthy,45.7
184,184,raisins chocolate coated,390,14.8,10.3,3.1,0.6,68.4,62.2,4.1,3.1,3.0,0.021,11.2,0.059,0.018,0.016,0.066,0.2,0.4,0.3,0.08,0.2,0.0,0.3,0.054,86.0,0.4,1.7,45.0,0.4,143.0,514.0,0.053,1.3,178.329,FOOD-DATA-GROUP2,4.696449026345934,78.35051546391753,16.95303550973654,0.0590778097982708,390,1.0485933503836316,0.7928388746803069,89.62536023054754,6.2,5.370843989769821e-05,0,1,1,0,Avoid,30.0
185,185,chewing gum sugarless,5,0.013,0.09,0.081,0.038,1.9,0.0,0.0,0.078,0.0,0.001,0.067,0.0,0.0,0.0,0.0,0.0,0.0,0.0,0.0,0.0,0.0,0.0,0.0,0.4,0.0,0.0,0.0,0.0,0.0,0.0,0.03,0.0,2.378,FOOD-DATA-GROUP2,0.0,99.32043910088866,0.6795608991113435,0.0,5,0.0,1.3,0.0,0.156,0.0001666666666666,0,0,0,0,Healthy,50.0
186,186,chewing gum,11,0.032,0.058,0.06,0.015,2.9,2.0,0.0,0.012,0.0,0.083,0.067,0.0,0.0,0.0,0.0,0.0,0.0,0.0,0.0,0.0,0.0,0.0,0.0,0.0,0.0,0.0,0.0,0.0,0.0,0.05,0.045,0.0,2.973,FOOD-DATA-GROUP2,0.0,98.90859481582538,1.0914051841746248,0.0,11,0.0,0.1,51.28205128205129,0.024,0.0069166666666666,0,0,0,0,Healthy,49.2
187,187,chocolate syrup,109,0.4,0.2,0.1,0.011,25.4,19.4,0.8,1.0,0.0,0.061,12.1,0.0,0.055,0.096,0.0,0.099,0.1,0.096,0.089,0.009,0.0,0.086,0.049,5.5,0.2,0.8,25.4,0.1,50.3,87.4,0.08,0.3,33.955,FOOD-DATA-GROUP2,3.007518796992482,95.48872180451129,1.503759398496241,0.0303030303030303,109,0.7272727272727273,0.9090909090909092,73.48484848484848,2.0,0.0005545454545454,0,1,0,0,Avoid,44.2
188,188,chocolate fudge syrup,67,1.7,0.8,0.7,0.086,12.0,6.6,0.9,0.5,0.2,0.084,4.1,0.07,0.015,0.079,0.029,0.077,0.02,0.073,0.046,0.023,0.0,0.5,0.035,9.3,0.076,0.2,9.1,0.013,18.4,54.0,0.044,0.2,24.726,FOOD-DATA-GROUP2,6.164383561643836,82.19178082191782,11.643835616438356,0.0692307692307692,67,1.3235294117647058,0.7352941176470588,50.76923076923077,1.0,0.001235294117647,0,0,0,0,Healthy,48.2
189,189,m ms milk chocolate mars,207,8.9,5.5,2.2,0.4,29.9,26.7,1.8,1.2,5.9,0.018,0.7,0.086,0.097,0.016,0.063,0.08,0.1,0.1,0.015,0.2,0.0,0.2,0.032,44.1,0.1,0.5,18.5,0.1,61.3,109.6,0.064,0.7,86.651,FOOD-DATA-GROUP2,4.433497536945813,73.64532019704433,21.92118226600985,0.058252427184466,207,0.8653846153846154,0.5769230769230769,86.40776699029126,2.4,8.653846153846153e-05,0,1,1,0,Avoid,38.3
190,190,milk chocolate with almonds,216,14.1,7.3,4.9,1.2,21.9,18.0,3.7,2.5,7.8,0.051,0.6,0.049,0.02,0.06,0.093,0.2,0.3,0.2,0.047,0.084,0.0,1.3,0.016,91.8,0.2,0.7,36.9,0.3,108.2,182.0,0.067,0.5,134.811,FOOD-DATA-GROUP2,9.319899244332497,55.16372795969774,35.51637279596977,0.1615720524017467,216,1.705069124423963,1.152073732718894,78.60262008733625,5.0,0.0002350230414746,0,1,1,0,Avoid,43.8
191,191,chocolate fudge,70,1.8,1.1,0.5,0.055,13.0,12.4,0.4,0.3,2.4,0.032,1.7,0.067,0.028,0.062,0.061,0.029,0.054,0.011,0.044,0.0,0.0,0.075,0.068,8.3,0.059,0.3,6.1,0.044,12.1,22.8,0.01,0.2,24.119,FOOD-DATA-GROUP2,2.631578947368421,85.52631578947368,11.842105263157894,0.0285714285714285,70,0.5633802816901409,0.4225352112676055,88.57142857142858,0.6,0.0004507042253521,0,0,0,0,Healthy,45.0
192,192,milk chocolate with rice cereal,0,0.0,0.0,0.0,0.0,0.0,0.0,0.0,0.0,0.0,0.0,0.0,0.0,0.0,0.0,0.0,0.0,0.0,0.0,0.0,0.0,0.0,0.0,0.0,0.0,0.0,0.0,0.0,0.0,0.0,0.0,0.0,0.0,0.0,FOOD-DATA-GROUP2,0.0,0.0,0.0,0.0,0,0.0,0.0,0.0,0.0,0.0,0,0,0,0,Healthy,50.0
193,193,m ms peanut chocolate mars,93,4.7,1.8,1.5,0.6,10.9,9.1,1.7,0.7,1.4,0.017,0.4,0.035,0.064,0.097,0.051,0.062,0.6,0.1,0.061,0.0,0.0,0.5,0.086,18.4,0.057,0.2,12.4,0.1,34.2,62.5,0.099,0.3,36.623,FOOD-DATA-GROUP2,9.826589595375722,63.005780346820806,27.167630057803464,0.1428571428571428,93,1.808510638297872,0.7446808510638298,76.47058823529412,1.4,0.0001808510638297,0,0,0,0,Healthy,47.3
194,194,dark chocolate,165,9.7,5.7,2.9,0.3,18.0,13.8,1.5,2.2,2.1,0.013,0.3,0.074,0.0,0.052,0.0,0.077,0.004,0.2,0.084,0.064,0.0,0.0,0.2,0.087,17.1,0.3,2.4,45.6,0.4,64.2,170.4,0.033,31.848,FOOD-DATA-GROUP2,5.136986301369864,61.64383561643836,33.21917808219178,0.0789473684210526,165,0.9036144578313252,1.3253012048192772,72.63157894736842,4.4,7.83132530120482e-05,0,0,1,0,Limit,44.6
195,195,chocolate semisweet,806,50.4,29.8,16.7,1.6,107.4,91.6,7.1,9.9,0.0,0.042,1.2,0.0,0.023,0.094,0.0,0.2,0.7,0.2,0.036,0.0,0.0,0.4,0.066,53.8,1.2,5.3,193.2,1.3,221.8,613.2,0.055,2.7,233.9,FOOD-DATA-GROUP2,4.30563978168587,65.1303820497271,30.56397816858702,0.0654981549815498,806,0.8798017348203222,1.2267657992565055,84.50184501845017,10.0,5.204460966542752e-05,0,1,1,0,Avoid,35.2
196,196,after eight mints nestle,36,1.0,0.7,0.0,0.0,6.7,5.6,0.1,0.2,0.0,0.025,0.5,0.0,0.0,0.0,0.0,0.0,0.0,0.0,0.0,0.0,0.0,0.0,0.0,1.1,0.0,0.062,0.0,0.0,0.0,0.0,0.0,0.0,9.163,FOOD-DATA-GROUP2,1.2820512820512822,85.8974358974359,12.820512820512825,0.0129870129870129,36,0.2702702702702703,0.5405405405405406,72.72727272727272,0.4,0.0006756756756756,0,0,0,0,Healthy,47.6
197,197,milk chocolate,37,2.1,1.3,0.5,0.036,4.2,3.6,0.5,0.2,1.6,0.045,0.1,0.049,0.097,0.033,0.01,0.066,0.079,0.087,0.089,0.0,0.0,0.003,0.017,13.2,0.083,0.2,4.4,0.014,14.6,26.0,0.007,0.2,20.464,FOOD-DATA-GROUP2,7.352941176470587,61.764705882352935,30.882352941176467,0.0961538461538461,37,1.3157894736842104,0.5263157894736842,69.23076923076923,0.4,0.0011842105263157,0,0,0,0,Healthy,48.3
198,198,white chocolate,162,9.6,5.8,2.7,0.3,17.8,17.7,1.8,0.081,6.3,0.009,0.4,0.072,0.072,0.051,0.022,0.091,0.2,0.2,0.042,0.2,0.0,0.3,0.082,59.7,0.01,0.025,3.6,0.1,52.8,85.8,0.073,0.2,89.212,FOOD-DATA-GROUP2,6.164383561643835,60.95890410958904,32.87671232876712,0.0957446808510638,162,1.1042944785276074,0.0496932515337423,94.14893617021276,0.162,5.5214723926380366e-05,0,1,1,0,Avoid,40.0
199,199,chocolate,208,14.0,8.2,4.6,0.4,24.8,21.1,1.6,2.3,0.0,0.001,0.2,0.0,0.094,0.069,0.0,0.026,0.3,0.019,0.091,0.0,0.0,0.1,0.074,9.8,0.2,1.1,46.3,0.2,60.3,118.9,0.018,0.6,53.6,FOOD-DATA-GROUP2,3.96039603960396,61.38613861386138,34.65346534653465,0.0620155038759689,208,0.7655502392344498,1.1004784688995215,81.78294573643412,4.6,4.784688995215311e-06,0,1,1,0,Avoid,40.1
200,200,twix mars,146,7.2,5.5,0.9,0.2,18.8,14.0,1.4,0.3,2.0,0.064,1.2,0.081,0.062,0.048,0.007,0.036,0.073,0.3,0.03,0.099,0.2,0.0,0.2,0.085,30.7,0.042,0.2,7.8,0.071,30.5,53.9,0.065,27.86,FOOD-DATA-GROUP2,5.109489051094891,68.61313868613139,26.277372262773724,0.0707070707070707,146,0.9523809523809524,0.2040816326530612,70.70707070707071,0.6,0.0004353741496598,0,0,1,0,Limit,41.8
201,201,kit kat nestle,62,3.3,2.2,0.6,0.097,7.6,6.5,0.7,0.2,1.1,0.022,0.1,0.0,0.0,0.094,0.047,0.0,0.071,0.035,0.065,0.0,0.2,0.0,0.0,0.0,16.6,0.059,0.1,0.2,0.0,13.4,35.3,0.0,11.843,FOOD-DATA-GROUP2,6.03448275862069,65.51724137931035,28.448275862068968,0.0813953488372093,62,1.111111111111111,0.3174603174603174,75.5813953488372,0.4,0.0003492063492063,0,0,0,0,Healthy,46.6
202,202,snickers mars,280,13.6,5.2,4.5,1.7,35.1,28.8,4.3,1.3,7.4,0.1,3.2,0.2,0.009,0.015,0.089,0.078,0.092,2.1,0.3,0.077,0.3,0.0,0.9,0.015,53.0,0.2,0.4,41.0,0.2,108.3,184.1,0.0,54.826,FOOD-DATA-GROUP2,8.11320754716981,66.22641509433963,25.660377358490567,0.1191135734072022,280,1.5302491103202849,0.4626334519572954,79.77839335180056,2.6,0.0003558718861209,0,1,1,0,Avoid,39.8
203,203,milky way mars,264,10.0,7.0,1.3,0.2,41.3,34.6,2.3,0.6,5.2,0.021,3.7,0.1,0.065,0.085,0.079,0.011,0.081,0.0,0.09,0.068,0.4,0.072,0.5,0.038,66.7,0.047,0.3,11.6,0.095,38.9,71.9,0.073,54.438,FOOD-DATA-GROUP2,4.291044776119403,77.05223880597015,18.65671641791045,0.0543735224586288,264,0.8679245283018867,0.2264150943396226,81.79669030732862,1.2,7.924528301886794e-05,0,1,1,0,Avoid,33.5
204,204,clif bar,235,4.0,1.0,0.7,1.5,44.5,21.5,10.0,5.0,0.0,0.1,7.5,0.0,0.4,0.076,0.055,0.3,3.0,1.5,0.4,60.0,0.0,0.2,0.089,250.2,0.3,4.5,100.0,1.5,199.9,280.2,0.048,3.0,378.2,FOOD-DATA-GROUP2,17.094017094017094,76.06837606837607,6.837606837606838,0.2197802197802197,235,4.23728813559322,2.11864406779661,47.25274725274725,10.0,0.0004237288135593,0,1,0,0,Healthy,55.6
205,205,gum drops,18,0.042,0.05,0.1,0.012,4.4,3.5,0.0,0.0,0.0,0.008,0.6,0.0,0.0,0.0,0.0,0.0,0.0,0.0,0.0,0.0,0.0,0.0,0.0,0.0,0.0,0.0,0.0,0.0,0.0,0.0,0.058,0.0,4.418,FOOD-DATA-GROUP2,0.0,99.0544799639802,0.9455200360198108,0.0,18,0.0,0.0,64.81481481481481,0.0,0.0004210526315789,0,0,0,0,Healthy,48.6
206,206,skittles wild berry mars,249,2.6,2.6,0.0,0.0,56.3,47.1,0.1,0.0,0.0,0.036,2.4,0.0,0.0,0.0,0.0,0.0,0.0,0.0,0.0,41.6,0.0,0.0,0.0,0.0,0.0,0.0,0.0,0.0,0.0,0.0,0.0,0.0,100.6,FOOD-DATA-GROUP2,0.1694915254237288,95.42372881355932,4.406779661016949,0.0017452006980802,249,0.04,0.0,82.19895287958116,0.0,0.0001439999999999,0,1,0,0,Avoid,29.3
207,207,skittles original mars,251,2.7,2.6,0.0,0.0,56.3,47.0,0.1,0.0,0.0,0.025,2.4,0.0,0.0,0.0,0.0,0.033,0.037,0.016,0.097,41.4,0.0,0.1,0.036,0.0,0.087,0.0,0.6,0.073,0.6,7.4,0.044,0.03,100.5,FOOD-DATA-GROUP2,0.1692047377326565,95.2622673434856,4.568527918781727,0.0017452006980802,251,0.0396825396825396,0.0,82.02443280977313,0.0,9.92063492063492e-05,0,1,0,0,Avoid,29.3
208,208,skittles tropical mars,251,2.7,0.0,0.0,0.0,56.3,47.0,0.1,0.0,0.0,0.095,2.4,0.0,0.0,0.0,0.0,0.0,0.0,0.0,0.0,41.6,0.0,0.0,0.0,0.0,0.0,0.0,0.0,0.0,0.0,0.0,0.0,0.0,100.7,FOOD-DATA-GROUP2,0.1692047377326565,95.2622673434856,4.568527918781727,0.0017452006980802,251,0.0396825396825396,0.0,82.02443280977313,0.0,0.0003769841269841,0,1,0,0,Avoid,31.3
209,209,fruit leather,52,0.4,0.025,0.2,0.05,12.0,6.9,0.029,0.0,0.0,0.0,1.4,0.0,0.051,0.081,0.0,0.05,0.03,0.078,0.016,16.8,0.0,0.02,0.003,4.5,0.06,0.1,2.8,0.083,4.3,41.2,0.034,0.014,33.811,FOOD-DATA-GROUP2,0.2333252876337597,96.54839488293509,3.218279829431169,0.0022307692307692,52,0.0547169811320754,0.0,53.07692307692308,0.0,0.0,0,0,0,0,Healthy,47.2
210,210,taffy,60,0.5,0.3,0.1,0.045,13.7,10.3,0.087,0.0,1.4,0.028,0.7,0.096,0.026,0.011,0.0,0.0,0.046,0.018,0.013,0.0,0.0,0.0,0.062,0.034,1.2,0.0,0.016,0.0,0.0,0.2,0.5,0.054,14.358,FOOD-DATA-GROUP2,0.6089451949324561,95.8913697767201,3.499685028347449,0.0059183673469387,60,0.1426229508196721,0.0,70.06802721088437,0.0,0.0004590163934426,0,0,0,0,Healthy,45.7
211,211,eisbonbons mac iver,23,0.0,0.0,5.6,4.0,0.0,0.0,0.0,0.0,0.0,0.0,0.0,0.0,0.0,0.0,0.0,0.0,0.0,0.0,0.0,0.0,0.0,0.0,0.0,0.0,0.0,0.0,0.0,0.0,0.0,0.0,0.0,0.0,0.0,FOOD-DATA-GROUP2,0.0,0.0,0.0,0.0,23,0.0,0.0,0.0,0.0,0.0,0,0,0,0,Healthy,50.0
212,212,caramels,39,0.8,0.3,0.2,0.4,7.8,6.6,0.5,0.0,0.7,0.015,0.9,0.021,0.005,0.061,0.03,0.04,0.094,0.092,0.088,0.024,0.0,0.002,0.014,13.9,0.06,0.049,1.7,0.006,11.5,21.6,0.087,0.057,23.208,FOOD-DATA-GROUP2,5.494505494505494,85.7142857142857,8.79120879120879,0.0568181818181818,39,1.25,0.0,74.99999999999999,0.0,0.000375,0,0,0,0,Healthy,47.5
213,213,hard candy,24,0.067,0.0,0.0,0.0,5.9,3.8,0.0,0.0,0.0,0.021,0.05,0.0,0.021,0.0,0.0,0.084,0.039,0.09,0.035,0.0,0.0,0.0,0.0,0.2,0.071,0.038,0.2,0.082,0.2,0.3,0.052,0.059,6.182,FOOD-DATA-GROUP2,0.0,98.8771577006871,1.1228422993128877,0.0,24,0.0,0.0,55.07246376811593,0.0,0.00084,0,0,0,0,Healthy,48.5
214,214,jellybeans,4,0.043,0.0,0.0,0.0,1.0,0.8,0.0,0.083,0.0,0.076,0.051,0.0,0.04,0.0,0.0,0.017,0.099,0.098,0.09,0.0,0.0,0.0,0.0,0.08,0.038,0.029,0.055,0.013,0.027,0.4,0.052,0.032,1.216,FOOD-DATA-GROUP2,0.0,95.87727708533076,4.122722914669224,0.0,4,0.0,1.66,40.0,0.166,0.0152,0,0,0,0,Healthy,49.8
215,215,jellies,56,0.069,0.033,0.059,0.071,14.7,10.8,0.005,0.2,0.0,0.016,6.3,0.0,0.055,0.098,0.0,0.1,0.039,0.045,0.046,0.2,0.0,0.0,0.063,1.5,0.012,0.084,1.3,0.096,1.3,11.3,0.1,0.041,16.779,FOOD-DATA-GROUP2,0.0338432381210234,99.49912007580885,0.4670366860701232,0.0003184713375796,56,0.0087719298245614,0.3508771929824561,68.78980891719746,0.4,0.0002807017543859,0,0,0,0,Healthy,46.0
216,216,wheat germ toasted,115,3.2,0.5,0.5,2.0,14.9,2.3,8.7,4.5,0.0,0.06,1.7,0.0,0.5,0.1,0.0,0.2,1.7,0.4,0.3,1.8,0.0,4.8,0.098,13.5,0.2,2.7,96.0,6.0,343.8,284.1,0.047,5.0,49.3,FOOD-DATA-GROUP2,32.46268656716417,55.59701492537313,11.940298507462686,0.5471698113207547,115,7.5,3.8793103448275854,14.465408805031446,9.0,0.0005172413793103,0,0,0,0,Healthy,62.0
217,217,crispy brown rice,124,1.1,0.2,0.3,0.5,27.5,2.9,2.3,2.3,0.0,0.086,1.0,0.0,0.034,0.046,0.0,0.084,0.7,0.0,0.051,0.0,0.0,0.043,0.0,9.0,0.067,0.4,28.2,0.0,90.6,76.2,0.034,0.5,42.6,FOOD-DATA-GROUP2,7.443365695792879,88.9967637540453,3.559870550161812,0.0807017543859649,124,1.84,1.84,10.175438596491228,4.6,0.0006879999999999,0,0,0,0,Healthy,53.9
218,218,bran flakes asda,109,0.6,0.2,19.5,3.6,0.2,0.0,0.0,0.0,0.0,0.0,0.0,0.0,0.0,0.0,0.0,0.0,0.0,0.0,0.0,0.0,0.0,0.0,0.0,0.0,0.0,0.0,0.0,0.0,0.0,0.0,0.0,0.0,0.8,FOOD-DATA-GROUP2,0.0,25.0,74.99999999999999,0.0,109,0.0,0.0,0.0,0.0,0.0,0,0,0,0,Healthy,49.9
219,219,amaranth cooked,251,3.9,0.0,0.0,0.0,46.0,0.0,9.3,5.2,0.0,0.095,184.9,0.0,0.048,0.025,0.0,0.033,0.6,0.0,0.3,0.0,0.0,0.5,0.0,115.6,0.4,5.2,159.9,2.1,364.1,332.1,0.074,2.1,185.2,FOOD-DATA-GROUP2,15.709459459459463,77.70270270270271,6.587837837837839,0.1978723404255319,251,3.690476190476191,2.0634920634920637,0.0,10.0,0.0003769841269841,0,0,0,0,Healthy,64.8
220,220,triticale,645,4.0,0.7,0.4,1.8,138.5,0.0,25.1,0.0,0.0,0.049,20.2,0.0,0.8,0.1,0.0,0.3,2.7,2.5,0.3,0.0,0.0,1.7,0.0,71.0,0.9,4.9,249.6,6.2,687.4,637.4,0.0,6.6,243.5,FOOD-DATA-GROUP2,14.976133651551311,82.63723150357995,2.386634844868735,0.1799283154121864,645,3.8854489164086687,0.0,0.0,0.0,7.58513931888545e-05,0,0,0,0,Healthy,64.5
221,221,barley raw,42,0.1,0.041,0.096,0.038,9.3,0.094,1.2,1.9,0.0,0.016,1.2,0.0,0.017,0.002,0.0,0.096,0.6,0.035,0.034,0.0,0.0,0.052,0.061,3.5,0.059,0.3,9.5,0.2,26.5,33.6,0.019,0.3,16.3,FOOD-DATA-GROUP2,11.320754716981131,87.73584905660378,0.9433962264150944,0.116504854368932,42,2.7906976744186047,4.418604651162791,0.9126213592233008,3.8,0.0003720930232558,0,0,0,0,Healthy,53.7
222,222,bulgur dry,171,0.7,0.1,0.06,0.3,37.9,0.2,6.1,9.2,0.0,0.071,4.5,0.0,0.1,0.076,0.0,0.018,2.6,0.5,0.2,0.0,0.0,0.093,0.044,17.5,0.2,1.2,82.0,1.5,150.0,205.0,0.073,1.0,72.6,FOOD-DATA-GROUP2,13.646532438478744,84.78747203579418,1.565995525727069,0.1568123393316195,171,3.5465116279069764,5.348837209302325,0.5141388174807199,10.0,0.0004127906976744,0,0,0,0,Healthy,68.2
223,223,cottonseed kernels roasted,754,54.1,14.5,10.3,26.9,32.6,0.0,48.6,8.2,0.0,0.073,6.9,0.0,1.1,0.3,0.0,0.4,4.5,0.7,1.2,13.4,0.0,0.0,0.0,149.0,1.8,8.0,655.6,3.2,1192.0,2011.5,0.0,8.9,313.9,FOOD-DATA-GROUP2,35.92017738359202,24.09460458240946,39.98521803399852,1.4464285714285714,754,6.437086092715232,1.086092715231788,0.0,10.0,9.66887417218543e-05,0,0,1,0,Healthy,66.4
224,224,rice bran,373,24.6,4.9,8.9,8.8,58.6,1.1,15.8,24.8,0.0,0.036,7.2,0.0,3.2,0.028,0.0,0.3,40.1,8.7,4.8,0.0,0.0,5.8,0.051,67.3,0.9,21.9,921.6,16.8,1978.9,1752.3,0.018,7.1,213.0,FOOD-DATA-GROUP2,15.95959595959596,59.1919191919192,24.84848484848485,0.2651006711409396,373,4.224598930481284,6.631016042780749,1.8456375838926176,10.0,9.62566844919786e-05,0,0,0,0,Healthy,72.7
225,225,chaptti roti indian bread,491,2.5,2.5,99.9,17.5,0.089,68.4,7.0,0.0,0.0,0.0,0.0,0.0,0.0,0.0,0.0,0.0,0.0,0.0,0.0,0.0,0.0,0.0,0.0,0.0,0.0,0.0,0.0,0.0,0.0,0.0,0.0,0.0,9.551,FOOD-DATA-GROUP2,73.00031285848367,0.9281468349150068,26.071540306601317,6.4279155188246095,491,1.4227642276422765,0.0,6280.991735537191,0.0,0.0,0,1,0,0,Avoid,33.4
226,226,quinoa cooked,222,3.6,0.4,1.0,2.0,39.4,1.6,8.1,5.2,0.0,0.026,132.5,0.0,0.2,0.084,0.0,0.2,0.8,0.0,0.2,0.0,0.0,1.2,0.0,31.5,0.4,2.8,118.4,1.2,281.2,318.2,0.058,2.0,90.6,FOOD-DATA-GROUP2,15.851272015655576,77.10371819960861,7.045009784735812,0.2004950495049505,222,3.632286995515695,2.3318385650224216,3.96039603960396,10.0,0.0001165919282511,0,0,0,0,Healthy,62.9
227,227,dar vida swiss original,116,3.1,0.3,17.8,2.8,0.5,0.0,0.0,0.0,0.0,0.0,0.0,0.0,0.0,0.0,0.0,0.0,0.0,0.0,0.0,0.0,0.0,0.0,0.0,0.0,0.0,0.0,0.0,0.0,0.0,0.0,0.0,0.0,3.6,FOOD-DATA-GROUP2,0.0,13.88888888888889,86.11111111111111,0.0,116,0.0,0.0,0.0,0.0,0.0,0,0,0,0,Healthy,49.8
228,228,teff cooked,255,1.6,0.0,0.0,0.0,50.0,0.0,9.8,7.1,0.0,0.053,188.8,0.0,0.5,0.016,0.0,0.056,2.3,0.0,0.2,0.0,0.0,0.0,0.0,123.5,0.6,5.2,126.0,7.2,302.4,269.6,0.0,2.8,197.2,FOOD-DATA-GROUP2,15.960912052117266,81.43322475570032,2.6058631921824107,0.192156862745098,255,3.828125,2.7734375,0.0,10.0,0.00020703125,0,0,0,0,Healthy,68.0
229,229,couscous dry,650,1.1,0.2,0.2,0.4,134.0,0.0,22.1,8.7,0.0,0.031,14.8,0.0,0.3,0.059,0.0,0.1,6.0,2.2,0.2,0.0,0.0,0.0,0.0,41.5,0.4,1.9,76.1,1.3,294.1,287.2,0.0,1.4,209.3,FOOD-DATA-GROUP2,14.058524173027992,85.24173027989822,0.6997455470737914,0.1637037037037037,650,3.394777265745008,1.3364055299539168,0.0,10.0,4.761904761904762e-05,0,0,0,0,Healthy,77.9
230,230,weetabix weetabix,2078,11.5,396.1,68.9,57.4,0.0,0.0,0.0,0.0,0.0,0.0,0.0,0.0,0.0,0.0,0.0,0.0,0.0,0.0,0.0,0.0,0.0,0.0,0.0,0.0,0.0,0.0,0.0,0.0,0.0,0.0,0.0,0.0,11.5,FOOD-DATA-GROUP2,0.0,0.0,100.0,0.0,2078,0.0,0.0,0.0,0.0,0.0,0,0,1,0,Avoid,35.0
231,231,oat bran cooked,88,1.9,0.4,0.6,0.7,25.1,0.0,7.0,5.7,0.0,0.082,184.0,0.0,0.4,0.022,0.0,0.017,0.3,0.5,0.073,0.0,0.0,0.0,0.0,21.9,0.1,1.9,87.6,2.1,260.6,201.5,0.023,1.2,63.5,FOOD-DATA-GROUP2,20.588235294117645,73.82352941176471,5.588235294117647,0.2681992337164751,88,7.865168539325842,6.404494382022471,0.0,10.0,0.0009213483146067,0,0,0,0,Healthy,63.5
232,232,buckwheat cooked,155,1.0,0.2,0.3,0.3,33.5,1.5,5.7,4.5,0.0,0.053,127.1,0.0,0.079,0.066,0.0,0.087,1.6,0.6,0.1,0.0,0.0,0.2,0.031,11.8,0.2,1.3,85.7,0.7,117.6,147.8,0.044,1.0,57.8,FOOD-DATA-GROUP2,14.17910447761194,83.33333333333333,2.487562189054726,0.1652173913043478,155,3.653846153846154,2.8846153846153846,4.3478260869565215,9.0,0.0003397435897435,0,0,0,0,Healthy,60.3
233,233,millet puffed,74,0.7,0.1,0.2,0.4,16.8,0.1,2.7,0.6,0.0,0.076,0.5,0.0,0.072,0.044,0.0,0.099,0.9,0.0,0.08,0.0,0.0,0.1,0.029,1.7,0.1,0.6,22.3,0.0,55.9,8.4,0.084,0.3,23.1,FOOD-DATA-GROUP2,13.366336633663368,83.16831683168317,3.465346534653465,0.1516853932584269,74,3.6000000000000005,0.8,0.5617977528089888,1.2,0.0010133333333333,0,0,0,0,Healthy,52.8
234,234,oat bran raw,23,0.5,0.077,0.2,0.2,4.9,0.1,1.3,1.2,0.0,0.036,32.4,0.0,0.5,0.091,0.0,0.06,0.084,0.017,0.0,0.0,5.6,0.044,0.4,18.0,51.6,40.0,0.2,0.0,0.0,0.0,0.0,0.0,65.9,FOOD-DATA-GROUP2,19.402985074626866,73.13432835820896,7.462686567164178,0.2203389830508474,23,5.416666666666667,5.0,1.694915254237288,2.4,0.0014999999999999,0,0,0,0,Healthy,52.7
235,235,popcorn oil popped,64,4.8,0.8,1.1,2.6,5.0,0.027,0.8,0.9,0.0,0.018,0.1,0.0,0.074,0.052,0.0,0.099,0.1,0.1,0.067,0.086,0.0,0.3,0.08,0.4,0.062,0.2,8.7,0.051,21.9,20.0,0.03,0.3,12.109,FOOD-DATA-GROUP2,7.547169811320756,47.16981132075472,45.28301886792453,0.1333333333333333,64,1.2307692307692308,1.3846153846153846,0.4499999999999999,1.8,0.000276923076923,0,0,0,0,Healthy,51.3
236,236,kamut cooked,251,1.6,0.0,0.0,0.0,52.4,0.0,11.1,6.7,0.0,0.038,105.6,0.0,0.2,0.017,0.0,0.06,4.7,0.0,0.1,0.0,0.0,0.0,0.0,17.2,0.4,3.5,96.3,2.1,304.4,347.4,0.058,3.0,92.5,FOOD-DATA-GROUP2,17.050691244239633,80.4915514592934,2.457757296466974,0.2078651685393258,251,4.404761904761904,2.6587301587301586,0.0,10.0,0.0001507936507936,0,0,0,0,Healthy,68.4
237,237,wheat bran,125,2.5,0.4,0.4,1.3,37.4,0.2,9.0,24.8,0.0,0.015,5.7,0.0,0.3,0.005,0.0,0.3,7.9,1.3,0.8,0.0,0.0,0.9,0.01,42.3,0.6,6.1,354.4,6.7,587.5,685.6,0.066,4.2,122.1,FOOD-DATA-GROUP2,18.404907975460123,76.48261758691206,5.112474437627812,0.234375,125,7.142857142857142,19.682539682539684,0.5208333333333334,10.0,0.0001190476190476,0,0,0,0,Healthy,71.4
238,238,cheese popcorn,58,3.7,0.7,1.1,1.7,5.7,0.0,1.0,1.1,1.2,0.002,0.3,0.09,0.009,0.06,0.076,0.017,0.2,0.089,0.015,0.074,0.0,0.0,0.0,12.4,0.044,0.2,10.0,0.097,39.7,28.7,0.096,0.2,24.284,FOOD-DATA-GROUP2,9.615384615384617,54.80769230769232,35.57692307692308,0.1492537313432835,58,1.694915254237288,1.864406779661017,0.0,2.2,3.389830508474576e-05,0,0,0,0,Healthy,51.9
239,239,raisin bran crunch kelloggs,90,0.5,0.0,0.0,0.0,21.2,9.0,1.9,0.0,0.0,0.0,0.0,0.0,0.0,0.0,0.0,0.0,0.0,0.0,0.0,0.0,0.0,0.0,0.0,0.0,0.0,0.0,0.0,0.0,0.0,0.0,0.0,0.0,23.6,FOOD-DATA-GROUP2,8.05084745762712,89.83050847457628,2.1186440677966103,0.0855855855855855,90,2.087912087912088,0.0,40.54054054054054,0.0,0.0,0,0,0,0,Healthy,47.8
240,240,couscous cooked,176,0.3,0.091,0.063,0.1,36.5,0.2,6.0,2.2,0.0,0.054,113.9,0.0,0.026,0.087,0.0,0.092,1.5,0.6,0.058,0.0,0.0,0.2,0.046,12.6,0.065,0.6,12.6,0.1,34.5,91.1,0.01,0.4,58.2,FOOD-DATA-GROUP2,14.018691588785048,85.2803738317757,0.7009345794392523,0.16,176,3.389830508474576,1.2429378531073447,0.5333333333333334,4.4,0.0003050847457627,0,0,0,0,Healthy,57.7
241,241,multigrain cheerios general mills,4,0.005,0.0,0.08,0.095,1.0,0.2,0.038,0.1,0.072,0.0,0.0,0.0,0.0,0.0,0.0,0.0,0.0,0.0,0.0,0.0,0.0,0.0,0.0,0.0,0.0,0.0,0.0,0.0,0.0,0.0,0.0,0.0,1.248,FOOD-DATA-GROUP2,3.64333652924257,95.87727708533076,0.4793863854266539,0.019,4,0.76,2.0,10.0,0.2,0.0,0,0,0,0,Healthy,50.1
242,242,bulgur cooked,151,0.4,0.053,0.083,0.2,33.8,0.2,5.6,8.2,0.0,0.049,141.5,0.0,0.1,0.022,0.0,0.017,1.8,0.6,0.2,0.0,0.0,0.051,0.093,18.2,0.1,1.7,58.2,1.1,72.8,123.8,0.026,1.0,67.9,FOOD-DATA-GROUP2,14.07035175879397,84.92462311557789,1.0050251256281408,0.160919540229885,151,3.684210526315789,5.394736842105263,0.574712643678161,10.0,0.0003223684210526,0,0,0,0,Healthy,66.4
243,243,popcorn air popped,31,0.4,0.011,0.014,0.2,6.2,0.086,1.0,1.2,0.0,0.016,0.3,0.0,0.031,0.099,0.0,0.092,0.2,0.097,0.057,0.0,0.0,0.097,0.071,0.6,0.02,0.3,11.5,0.092,28.6,26.3,0.0,0.2,9.7,FOOD-DATA-GROUP2,13.157894736842104,81.57894736842105,5.263157894736842,0.1388888888888889,31,3.125,3.75,1.1944444444444444,2.4,0.0005,0,0,0,0,Healthy,52.5
244,244,teff raw,708,4.6,0.9,1.1,2.1,141.1,3.6,25.7,15.4,0.0,0.053,17.0,0.0,0.8,0.0,0.0,0.5,6.5,1.8,0.9,0.0,0.0,0.2,0.03,347.4,1.6,14.7,355.1,17.8,828.0,824.1,0.038,7.0,548.9,FOOD-DATA-GROUP2,14.994165694282383,82.32205367561261,2.6837806301050176,0.1808585503166783,708,3.624823695345557,2.172073342736248,2.533427163969036,10.0,7.475317348377997e-05,0,0,0,0,Healthy,77.9
245,245,spelt cooked,246,1.6,0.0,0.0,0.0,51.3,0.0,10.7,7.6,0.0,0.041,129.1,0.0,0.2,0.066,0.0,0.087,5.0,0.0,0.2,0.0,0.0,0.5,0.0,19.4,0.4,3.2,95.1,2.1,291.0,277.4,0.042,2.4,93.8,FOOD-DATA-GROUP2,16.82389937106918,80.66037735849056,2.515723270440252,0.2045889101338432,246,4.331983805668016,3.0769230769230766,0.0,10.0,0.000165991902834,0,0,0,0,Healthy,69.4
246,246,millet raw,756,8.4,1.4,1.5,4.3,145.7,0.0,22.0,17.0,0.0,0.013,17.3,0.0,0.8,0.2,0.0,0.6,9.4,1.7,0.8,0.0,0.0,0.1,0.027,16.0,1.5,6.0,228.0,3.3,570.0,390.0,0.0,3.4,215.1,FOOD-DATA-GROUP2,12.49290176036343,82.73708120386144,4.770017035775128,0.1499659168370825,756,2.906208718626156,2.2457067371202117,0.0,10.0,1.7173051519154556e-05,0,0,0,0,Healthy,78.9
247,247,popcorn unpopped,106,1.2,0.2,0.3,0.7,20.9,0.3,3.1,3.6,0.0,0.001,3.0,0.0,0.087,0.001,0.0,0.051,0.5,0.1,0.054,0.0,0.0,0.026,0.0,1.4,0.042,0.9,34.8,0.3,84.6,77.5,0.0,0.8,31.1,FOOD-DATA-GROUP2,12.301587301587302,82.93650793650794,4.761904761904762,0.1415525114155251,106,2.897196261682243,3.364485981308411,1.3698630136986305,7.2,9.345794392523363e-06,0,0,0,0,Healthy,57.5
248,248,whole wheat cooked,150,1.0,0.1,0.1,0.5,33.2,0.2,4.8,3.9,0.0,0.6,202.3,0.0,0.2,0.085,0.0,0.1,2.2,0.4,0.2,0.0,0.0,0.6,0.056,16.9,0.2,1.5,53.2,1.4,167.0,171.8,0.025,1.2,61.3,FOOD-DATA-GROUP2,12.307692307692308,85.12820512820514,2.564102564102564,0.1403508771929824,150,3.178807947019868,2.5827814569536423,0.5847953216374269,7.8,0.0039735099337748,0,0,0,0,Healthy,59.3
249,249,wheat sprouted,214,1.4,0.2,0.2,0.6,45.9,0.0,8.1,1.2,0.0,0.026,51.6,0.0,0.2,0.023,0.0,0.2,3.3,1.0,0.3,2.8,0.0,0.0,0.0,30.2,0.3,2.3,88.6,2.0,216.0,182.5,0.004,1.8,91.9,FOOD-DATA-GROUP2,14.620938628158845,82.85198555956678,2.527075812274368,0.1727078891257995,214,3.767441860465116,0.5581395348837209,0.0,2.4,0.0001209302325581,0,0,0,0,Healthy,57.7
250,250,whole wheat dry,96,0.6,0.031,0.095,0.3,21.1,0.1,3.1,2.7,0.0,0.036,2.8,0.0,0.1,0.053,0.0,0.087,1.4,0.3,0.1,0.0,0.0,0.4,0.092,11.2,0.1,0.9,34.2,0.9,106.1,108.9,0.031,0.7,39.6,FOOD-DATA-GROUP2,12.499999999999998,85.08064516129032,2.419354838709677,0.1402714932126696,96,3.1958762886597936,2.783505154639176,0.4524886877828054,5.4,0.0003711340206185,0,0,0,0,Healthy,56.3
251,251,caramel popcorn,122,3.6,1.0,0.8,1.3,22.4,15.1,1.1,1.5,1.4,0.069,0.8,0.066,0.044,0.079,0.0,0.086,0.6,0.018,0.052,0.0,0.0,0.3,0.094,12.2,0.054,0.5,9.9,0.1,23.5,30.8,0.067,0.2,41.396,FOOD-DATA-GROUP2,4.059040590405904,82.65682656826567,13.284132841328416,0.047008547008547,122,0.894308943089431,1.2195121951219512,64.52991452991454,3.0,0.000560975609756,0,1,0,0,Avoid,46.3
252,252,wheat puffed,44,0.1,0.025,0.0,0.0,9.6,0.0,1.8,0.5,0.0,0.03,0.4,0.0,0.3,0.092,0.0,0.2,4.2,0.092,0.041,0.0,0.0,0.0,0.0,3.4,0.086,3.8,17.4,0.2,42.6,41.8,0.084,0.3,19.2,FOOD-DATA-GROUP2,15.65217391304348,83.47826086956522,0.8695652173913043,0.169811320754717,44,4.0,1.1111111111111112,0.0,1.0,0.0006666666666666,0,0,0,0,Healthy,52.1
253,253,roggenmischbrot sonnenblumenkerne aldi,82,3.1,9.9,2.5,0.0,0.0,0.0,0.0,0.0,0.0,0.0,0.0,0.0,0.0,0.0,0.0,0.0,0.0,0.0,0.0,0.0,0.0,0.0,0.0,0.0,0.0,0.0,0.0,0.0,0.0,0.0,0.0,0.0,3.1,FOOD-DATA-GROUP2,0.0,0.0,100.0,0.0,82,0.0,0.0,0.0,0.0,0.0,0,0,1,0,Limit,42.6
254,254,wheat germ,112,3.0,0.5,0.4,1.9,16.1,0.0,7.2,4.1,0.0,0.037,3.4,0.0,0.6,0.087,0.0,0.2,2.1,0.7,0.4,0.0,0.0,0.0,0.0,12.1,0.2,1.9,74.1,4.1,261.0,276.5,0.056,3.8,44.4,FOOD-DATA-GROUP2,27.376425855513308,61.21673003802282,11.40684410646388,0.4210526315789473,112,6.371681415929204,3.628318584070796,0.0,8.2,0.0003274336283185,0,0,0,0,Healthy,61.2
255,255,microwave popcorn,465,26.3,12.7,9.2,3.6,49.8,0.3,7.3,8.7,0.0,0.6,0.8,0.7,0.072,0.073,0.034,0.0,0.073,1.4,0.2,0.3,0.0,0.0,2.5,0.052,20.0,0.2,1.8,95.7,0.7,239.3,341.9,0.004,93.352,FOOD-DATA-GROUP2,8.752997601918466,59.71223021582735,31.5347721822542,0.1437007874015748,465,1.5665236051502145,1.8669527896995703,0.5905511811023622,10.0,0.0012875536480686,0,0,1,0,Healthy,58.9
256,256,millet cooked,207,1.7,0.3,0.3,0.9,41.2,0.2,6.1,2.3,0.0,0.046,124.3,0.0,0.2,0.088,0.0,0.1,2.3,0.3,0.2,0.0,0.0,0.019,0.021,5.2,0.3,1.1,76.6,0.5,174.0,107.9,0.094,1.6,57.6,FOOD-DATA-GROUP2,12.448979591836732,84.08163265306122,3.46938775510204,0.1445497630331753,207,2.9326923076923075,1.1057692307692306,0.4739336492890995,4.6,0.0002211538461538,0,0,0,0,Healthy,57.7
257,257,kamut raw,627,4.1,0.4,0.4,1.1,130.9,15.2,27.3,16.9,0.0,0.012,20.4,0.035,0.0,1.1,0.0,0.0,0.3,11.8,1.7,0.5,0.0,0.0,1.1,0.043,44.6,1.0,8.2,249.2,5.3,718.0,829.6,0.1,180.788,FOOD-DATA-GROUP2,16.820702402957487,80.65311152187307,2.5261860751694387,0.2069749810462471,627,4.347133757961784,2.6910828025477707,11.52388172858226,10.0,1.910828025477707e-05,0,1,0,0,Healthy,73.6
258,258,wheat durum,651,4.7,0.9,0.7,1.9,136.6,0.0,26.3,0.0,0.0,0.032,21.0,0.0,0.8,0.054,0.0,0.2,12.9,1.8,0.8,0.0,0.0,0.0,0.0,65.3,1.1,6.8,276.5,5.8,975.4,827.5,0.2,8.0,239.7,FOOD-DATA-GROUP2,15.692124105011937,81.5035799522673,2.804295942720764,0.1911337209302325,651,4.033742331288344,0.0,0.0,0.0,4.907975460122699e-05,0,0,0,0,Healthy,64.3
259,259,sorghum,651,6.3,0.9,1.9,2.6,143.3,0.0,21.7,12.1,0.0,0.045,17.7,0.0,0.5,0.0,0.0,0.3,5.6,0.0,0.0,0.0,0.0,0.0,0.0,53.8,0.0,8.4,0.0,0.0,551.0,672.0,0.0,0.0,245.6,FOOD-DATA-GROUP2,12.667834208990076,83.65440747227088,3.6777583187390537,0.1503811503811503,651,3.3282208588957056,1.855828220858896,0.0,10.0,6.901840490797546e-05,0,0,0,0,Healthy,79.3
260,260,white wheat,657,3.3,0.5,0.4,1.4,145.7,0.8,21.7,23.4,0.0,0.094,18.4,0.0,0.7,0.058,0.0,0.2,8.4,1.8,0.7,0.0,0.0,1.9,0.089,61.4,0.7,8.8,178.6,7.3,681.6,829.4,0.0,6.4,264.3,FOOD-DATA-GROUP2,12.71236086701816,85.35442296426478,1.9332161687170475,0.1479209270620313,657,3.297872340425532,3.556231003039514,0.5453306066803001,10.0,0.0001428571428571,0,0,0,0,Healthy,79.3
261,261,rye,571,2.8,0.3,0.4,1.3,128.2,1.7,17.5,25.5,0.0,0.078,17.9,0.0,0.5,0.036,0.0,0.4,7.2,2.5,0.5,0.0,0.0,1.4,0.092,40.6,0.6,4.4,185.9,4.4,561.1,861.9,0.032,4.5,219.0,FOOD-DATA-GROUP2,11.784511784511784,86.32996632996633,1.8855218855218852,0.1354489164086687,571,3.05944055944056,4.458041958041958,1.3157894736842106,10.0,0.0001363636363636,0,0,0,0,Healthy,77.2
262,262,spelt raw,588,4.2,0.7,0.8,2.2,122.1,11.9,25.4,18.6,0.0,0.076,19.2,0.0,0.6,0.056,0.0,0.2,11.9,1.9,0.4,0.0,0.0,1.4,0.037,47.0,0.9,7.7,236.6,5.2,697.7,675.1,0.051,5.7,225.0,FOOD-DATA-GROUP2,16.743572841133815,80.48780487804879,2.7686222808174032,0.2063363119415109,588,4.31239388794567,3.1578947368421053,9.66693744922827,10.0,0.0001290322580645,0,0,0,0,Healthy,74.7
263,263,buckwheat raw,41,0.4,0.007,0.1,0.1,8.6,0.0,1.6,1.2,0.0,0.054,1.2,0.0,0.054,0.03,0.0,0.015,0.8,0.1,0.005,0.0,0.0,0.0,0.0,2.2,0.1,0.3,27.7,0.2,41.6,55.2,0.094,0.3,14.3,FOOD-DATA-GROUP2,15.094339622641511,81.13207547169812,3.773584905660378,0.1666666666666666,41,3.8095238095238098,2.857142857142857,0.0,2.4,0.0012857142857142,0,0,0,0,Healthy,53.0
264,264,honey cereali general mills,104,2.0,21.2,3.0,188.0,3.0,0.0,0.0,0.0,0.0,0.0,0.0,0.0,0.0,0.0,0.0,0.0,0.0,0.0,0.0,0.0,0.0,0.0,0.0,0.0,0.0,0.0,0.0,0.0,0.0,0.0,0.0,0.0,5.0,FOOD-DATA-GROUP2,0.0,60.0,40.0,0.0,104,0.0,0.0,0.0,0.0,0.0,0,0,1,0,Limit,35.0
265,265,barley cooked,193,0.7,0.1,0.039,0.3,44.3,0.4,3.5,6.0,0.0,0.064,108.0,0.0,0.1,0.008,0.0,0.037,3.2,0.2,0.2,0.0,0.0,0.098,0.057,17.3,0.2,2.1,34.5,0.4,84.8,146.0,0.073,1.3,73.9,FOOD-DATA-GROUP2,7.216494845360824,91.340206185567,1.443298969072165,0.0772626931567329,193,1.804123711340206,3.0927835051546397,0.8830022075055189,10.0,0.0003298969072164,0,0,0,0,Healthy,61.4
266,266,oats,39,0.7,0.1,0.2,0.3,6.6,0.0,1.7,1.1,0.0,0.074,0.8,0.0,0.01,0.085,0.0,0.026,0.016,0.1,0.032,0.0,0.0,0.0,0.0,5.4,0.006,0.5,17.7,0.5,52.3,42.9,0.0,0.4,16.0,FOOD-DATA-GROUP2,18.888888888888893,73.33333333333334,7.7777777777777795,0.2236842105263158,39,4.25,2.7500000000000004,0.0,2.2,0.0018499999999999,0,0,0,0,Healthy,52.8
267,267,amaranth raw,37,0.7,0.1,0.2,0.3,6.5,0.2,1.4,0.7,0.0,0.077,1.1,0.0,0.084,0.065,0.0,0.004,0.073,0.1,0.024,0.4,0.0,0.1,0.0,15.9,0.048,0.8,24.8,0.3,55.7,50.8,0.05,0.3,26.4,FOOD-DATA-GROUP2,16.279069767441857,75.5813953488372,8.139534883720929,0.1866666666666666,37,3.684210526315789,1.8421052631578945,2.666666666666667,1.4,0.0020263157894736,0,0,0,0,Healthy,51.9
268,268,semolina,601,1.8,0.3,0.2,0.7,121.6,0.0,21.2,6.5,0.0,0.097,21.2,0.0,1.4,0.3,0.0,1.0,10.0,1.0,0.2,0.0,0.0,0.4,0.0,28.4,0.3,7.3,78.5,1.0,227.1,310.6,0.1,1.8,186.8,FOOD-DATA-GROUP2,14.661134163208851,84.09405255878285,1.2448132780082988,0.1729200652528548,601,3.5215946843853816,1.0797342192691028,0.0,10.0,0.0001611295681063,0,0,0,0,Healthy,74.5
269,269,quinoa dry,221,3.6,0.4,1.0,2.0,38.5,0.0,8.5,4.2,0.0,0.026,8.0,0.0,0.2,0.1,0.0,0.2,0.9,0.5,0.3,0.0,0.0,1.5,0.0,28.2,0.4,2.7,118.2,1.2,274.2,337.8,0.056,1.9,85.7,FOOD-DATA-GROUP2,16.798418972332016,76.08695652173913,7.114624505928854,0.2151898734177215,221,3.828828828828829,1.891891891891892,0.0,8.4,0.0001171171171171,0,0,0,0,Healthy,62.4
270,270,wheat shredded,155,1.0,0.2,0.2,0.6,36.2,0.4,5.2,5.5,0.0,0.086,2.8,0.0,0.1,0.002,0.0,0.01,2.4,0.1,0.5,4.6,0.0,0.0,0.041,23.0,0.2,1.4,61.2,1.2,170.2,173.0,0.06,1.4,76.9,FOOD-DATA-GROUP2,12.264150943396226,85.37735849056604,2.3584905660377355,0.1397849462365591,155,3.333333333333333,3.525641025641025,1.075268817204301,10.0,0.000551282051282,0,0,0,0,Healthy,61.8
271,271,cattail,5,0.0,0.0,0.0,0.0,1.0,0.074,0.2,0.9,0.0,0.031,17.6,0.0,0.075,0.005,0.0,0.054,0.082,0.089,0.012,0.1,0.0,0.0,0.021,10.3,0.03,0.2,12.0,0.1,8.6,58.7,0.091,0.064,12.7,FOOD-DATA-GROUP2,16.666666666666668,83.33333333333334,0.0,0.1,5,3.333333333333333,15.0,3.7,1.8,0.0051666666666666,0,0,0,0,Healthy,51.5
272,272,peanut granola bar,116,5.7,0.8,1.7,2.9,15.0,8.2,2.4,0.7,0.0,0.006,0.6,0.062,0.006,0.01,0.0,0.008,0.5,0.1,0.023,0.012,0.0,1.3,0.095,9.8,0.02,0.6,13.2,0.3,33.4,69.8,0.061,0.3,34.218,FOOD-DATA-GROUP2,10.38961038961039,64.93506493506494,24.67532467532468,0.15,116,2.051282051282051,0.5982905982905983,51.24999999999999,1.4,5.1282051282051286e-05,0,0,0,0,Healthy,49.0
273,273,vanilla bluberry bar kind,49,1.4,8.4,2.5,0.7,0.9,0.096,0.0,0.0,0.0,0.0,0.0,0.0,0.0,0.0,0.0,0.0,0.0,0.0,0.0,0.0,0.0,0.0,0.0,0.0,0.0,0.0,0.0,0.0,0.0,0.0,0.0,0.0,2.3,FOOD-DATA-GROUP2,0.0,39.130434782608695,60.86956521739131,0.0,49,0.0,0.0,5.052631578947369,0.0,0.0,0,0,1,0,Limit,43.7
274,274,coconut granola bar,150,9.1,6.4,1.4,0.9,15.6,9.7,1.5,1.8,0.0,0.006,1.7,0.0,0.041,0.008,0.053,0.064,0.1,0.0,0.056,0.1,0.0,0.019,0.072,11.9,0.045,0.5,15.8,0.0,43.6,71.9,0.053,0.3,40.5,FOOD-DATA-GROUP2,5.725190839694656,59.54198473282442,34.732824427480914,0.0903614457831325,150,0.9933774834437088,1.1920529801324504,58.43373493975903,3.6,3.9735099337748346e-05,0,0,1,0,Limit,45.1
275,275,almond granola bar,119,6.1,3.0,1.9,0.9,14.9,0.0,1.8,1.2,0.0,0.067,0.7,0.0,0.031,0.009,0.0,0.0,0.1,0.1,0.077,0.0,0.0,0.0,0.0,7.7,0.017,0.6,19.4,0.3,54.7,65.5,0.06,0.4,32.3,FOOD-DATA-GROUP2,7.894736842105264,65.35087719298247,26.75438596491228,0.1132075471698113,119,1.5000000000000002,1.0,0.0,2.4,0.0005583333333333,0,0,0,0,Healthy,50.9
276,276,chocolate chip granola bar,105,3.9,2.7,0.6,0.3,17.3,0.0,1.8,1.1,0.0,0.062,0.6,0.0,0.076,0.014,0.0,0.071,0.1,0.1,0.057,0.1,0.0,0.0,0.0,18.5,0.008,0.7,17.3,0.4,49.0,60.2,0.018,0.5,43.38,FOOD-DATA-GROUP2,7.82608695652174,75.21739130434783,16.956521739130434,0.0983606557377049,105,1.69811320754717,1.037735849056604,0.0,2.2,0.0005849056603773,0,0,0,0,Healthy,51.0
277,277,fruit granola bar,82,0.2,0.034,0.032,0.093,18.6,13.3,1.4,1.8,0.0,0.028,3.3,0.0,0.006,0.007,0.002,0.009,0.034,0.0,0.4,0.4,0.0,0.071,0.099,0.7,0.003,1.0,12.0,0.0,29.3,52.8,0.052,0.3,24.1,FOOD-DATA-GROUP2,6.93069306930693,92.0792079207921,0.99009900990099,0.0714285714285714,82,1.686746987951807,2.1686746987951806,67.85714285714286,3.6,0.0003373493975903,0,0,0,0,Healthy,48.4
278,278,granola bar,99,4.2,0.5,0.9,2.5,13.5,6.0,2.1,1.1,0.0,0.084,0.8,0.0,0.059,0.011,0.0,0.061,0.3,0.2,0.003,0.2,0.0,0.4,0.022,12.8,0.081,0.6,20.4,0.4,58.2,70.6,0.027,0.4,34.5,FOOD-DATA-GROUP2,10.606060606060606,68.18181818181817,21.21212121212121,0.1448275862068965,99,2.1,1.1,41.37931034482759,2.2,0.00084,0,0,0,0,Healthy,50.4
279,279,peanut bar,209,13.5,1.9,6.7,4.3,19.0,16.9,6.2,1.6,0.0,0.059,0.6,0.0,0.051,0.042,0.0,0.093,3.2,0.3,0.089,0.0,0.0,1.6,0.0,31.2,0.3,0.4,44.0,0.5,123.2,162.8,0.043,1.6,71.9,FOOD-DATA-GROUP2,16.020671834625322,49.09560723514211,34.88372093023256,0.31,209,2.952380952380953,0.7619047619047619,84.5,3.2,0.0002809523809523,0,1,0,0,Limit,48.9
280,280,milk cereal bar,103,2.7,2.3,0.3,0.01,18.0,11.5,1.6,0.1,1.5,0.087,2.2,0.085,0.2,0.094,0.046,0.2,2.0,0.1,0.2,3.9,0.027,0.1,0.002,102.5,0.028,1.5,5.3,0.055,38.8,63.5,0.041,0.2,130.334,FOOD-DATA-GROUP2,7.174887892376682,80.71748878923766,12.10762331838565,0.0842105263157894,103,1.5384615384615383,0.0961538461538461,60.526315789473685,0.2,0.0008365384615384,0,0,0,0,Healthy,45.0
281,281,almond rice bar,128,5.7,1.1,2.1,2.2,18.1,0.0,2.0,1.0,0.0,0.0,1.9,0.0,0.4,0.0,0.0,0.4,4.9,0.2,0.5,3.2,0.0,0.0,0.0,20.7,0.057,1.8,19.9,0.4,46.8,64.1,0.0,1.5,52.5,FOOD-DATA-GROUP2,7.751937984496124,70.15503875968993,22.093023255813957,0.1047120418848167,128,1.550387596899225,0.7751937984496124,0.0,2.0,0.0,0,0,0,0,Healthy,52.2
282,282,fruit nut squares,55,1.3,0.1,0.2,1.0,10.3,6.4,0.3,0.3,0.0,0.086,1.9,0.0,0.033,0.021,0.0,0.014,0.008,0.099,0.049,0.065,0.0,0.004,0.068,2.4,0.054,0.1,3.5,0.052,7.6,11.5,0.068,0.034,14.762,FOOD-DATA-GROUP2,2.521008403361344,86.55462184873949,10.924369747899158,0.0265486725663716,55,0.5357142857142857,0.5357142857142857,56.63716814159292,0.6,0.0015357142857142,0,0,0,0,Healthy,48.0
283,283,rice wheat cereal bar,90,2.0,0.0,1.4,0.5,16.0,7.0,2.0,0.4,0.0,0.1,1.7,0.0,0.2,0.013,0.0,0.2,2.0,0.018,0.2,0.0,0.0,0.6,0.058,6.8,0.01,0.6,10.1,0.3,29.9,31.5,0.097,0.4,27.8,FOOD-DATA-GROUP2,10.0,80.0,10.0,0.1176470588235294,90,2.197802197802198,0.4395604395604395,41.17647058823529,0.8,0.001098901098901,0,0,0,0,Healthy,49.3
284,284,crisped rice bar,113,3.8,1.5,1.1,1.0,20.4,0.0,1.4,0.6,0.0,0.01,2.0,0.0,0.1,0.019,0.0,0.2,2.0,0.0,0.2,0.0,0.0,0.0,0.0,5.9,0.045,1.8,13.4,0.3,37.5,47.0,0.02,0.2,33.9,FOOD-DATA-GROUP2,5.46875,79.6875,14.84375,0.0654205607476635,113,1.2280701754385963,0.5263157894736842,0.0,1.2,8.771929824561404e-05,0,0,0,0,Healthy,50.8
285,285,brown rice raw,685,5.4,1.1,2.0,1.9,142.9,1.6,14.7,6.5,0.0,0.086,19.2,0.0,0.7,0.014,0.0,0.2,9.4,2.8,0.9,0.0,0.0,2.2,0.024,42.6,0.5,2.7,264.6,6.9,616.1,412.6,0.038,3.7,214.8,FOOD-DATA-GROUP2,9.01840490797546,87.66871165644173,3.3128834355828225,0.1021542738012508,685,2.142857142857143,0.9475218658892128,1.111883252258513,10.0,0.0001253644314868,0,0,0,0,Healthy,69.3
286,286,rice pilaf cooked,352,8.8,1.8,3.7,3.0,61.1,0.6,7.0,1.4,0.0,1.0,158.2,0.055,0.4,0.0,0.0,0.012,4.4,0.6,0.3,0.0,0.0,0.6,0.0,69.0,0.1,2.0,26.2,0.7,114.2,164.2,0.049,0.9,149.399,FOOD-DATA-GROUP2,9.102730819245776,79.45383615084526,11.443433029908975,0.1127214170692431,352,1.9830028328611895,0.3966005665722379,0.966183574879227,2.8,0.0028328611898017,0,0,0,0,Healthy,55.8
287,287,beef flavored rice raw,657,2.3,0.0,0.0,0.0,139.1,0.0,19.8,2.9,0.0,2.4,15.1,0.0,1.3,0.0,0.0,0.2,9.7,1.0,0.3,0.0,0.0,0.3,0.0,58.6,0.3,5.2,62.2,1.7,228.8,309.3,0.068,2.5,227.9,FOOD-DATA-GROUP2,12.28287841191067,86.29032258064515,1.4267990074441683,0.1413276231263383,657,3.009118541033435,0.4407294832826747,0.0,5.8,0.0036474164133738,0,0,0,0,Healthy,69.2
288,288,wild rice cooked,166,0.6,0.078,0.03,0.3,35.0,1.2,6.5,3.0,0.0,0.008,121.2,0.0,0.044,0.051,0.0,0.1,2.1,0.3,0.2,0.0,0.0,0.4,0.047,4.9,0.2,1.0,52.5,0.5,134.5,165.6,0.016,2.2,51.0,FOOD-DATA-GROUP2,15.439429928741092,83.1353919239905,1.4251781472684084,0.1805555555555555,166,3.892215568862276,1.7964071856287425,3.333333333333333,6.0,4.790419161676647e-05,0,0,0,0,Healthy,58.8
289,289,wild rice raw,571,1.7,0.2,0.3,1.1,119.8,4.0,23.6,9.9,0.0,0.051,12.4,0.0,0.2,0.2,0.0,0.4,10.8,1.7,0.6,0.0,0.0,1.3,0.004,33.6,0.8,3.1,283.2,2.1,692.8,683.2,0.025,9.5,191.7,FOOD-DATA-GROUP2,16.26464507236389,82.56374913852515,1.171605789110958,0.195364238410596,571,4.125874125874126,1.7307692307692308,3.3112582781456954,10.0,8.916083916083916e-05,0,0,0,0,Healthy,78.1
290,290,congee with pork shrimp and squid plus egg,178,0.3,39.3,2.8,0.0,0.0,0.0,0.0,0.0,0.0,0.0,0.0,0.0,0.0,0.0,0.0,0.0,0.0,0.0,0.0,0.0,0.0,0.0,0.0,0.0,0.0,0.0,0.0,0.0,0.0,0.0,0.0,0.0,0.3,FOOD-DATA-GROUP2,0.0,0.0,100.0,0.0,178,0.0,0.0,0.0,0.0,0.0,0,0,1,0,Limit,35.0
291,291,white rice pasta cooked,246,5.7,1.1,2.3,1.9,43.3,0.0,5.1,5.1,2.0,1.1,144.9,0.0,0.2,0.074,0.0,0.2,3.6,0.6,0.2,0.4,0.0,0.0,0.0,16.2,0.048,1.9,24.2,0.4,74.7,84.8,0.0,0.6,77.7,FOOD-DATA-GROUP2,9.426987060998153,80.03696857670978,10.536044362292053,0.1151241534988713,246,2.064777327935223,2.064777327935223,0.0,10.0,0.0044534412955465,0,0,0,0,Healthy,60.6
292,292,chicken flavored rice raw,601,2.2,0.7,0.6,0.8,127.3,4.0,17.9,2.0,0.0,2.1,13.8,0.0,1.0,0.0,0.0,0.2,8.6,0.9,0.3,0.0,0.0,0.3,0.0,30.2,0.3,4.7,52.1,1.7,211.7,257.0,0.011,2.3,184.3,FOOD-DATA-GROUP2,12.1438263229308,86.36363636363637,1.492537313432836,0.1395167575993764,601,2.973421926910299,0.3322259136212624,3.117692907248636,4.0,0.0034883720930232,0,0,0,0,Healthy,64.3
293,293,instant white rice raw,361,0.9,0.1,0.1,0.2,78.2,0.026,7.4,1.8,0.0,0.039,8.0,0.0,0.9,0.3,0.0,0.044,6.7,0.4,0.1,0.0,0.0,0.079,0.095,20.9,0.2,6.0,13.3,0.9,112.1,25.7,0.011,1.4,115.2,FOOD-DATA-GROUP2,8.554913294797686,90.40462427745663,1.0404624277456649,0.0934343434343434,361,2.0441988950276246,0.4972375690607735,0.0328282828282828,3.6,0.0001077348066298,0,0,0,0,Healthy,58.2
294,294,rice crisps,107,0.4,0.065,0.017,0.09,24.1,2.3,1.8,0.2,0.0,0.2,1.1,0.2,0.6,0.0,0.0,0.7,7.3,0.006,0.8,12.9,0.0,0.003,0.0,1.4,0.08,2.9,6.7,0.3,26.9,30.2,0.096,0.3,43.9,FOOD-DATA-GROUP2,6.844106463878327,91.63498098859316,1.520912547528517,0.0717131474103585,107,1.6666666666666667,0.1851851851851852,9.163346613545816,0.4,0.0018518518518518,0,0,0,0,Healthy,50.7
295,295,parboiled white rice raw,692,1.9,0.5,0.5,0.6,149.6,0.6,13.9,3.3,0.0,0.055,18.2,0.0,1.1,0.5,0.0,0.054,9.3,1.2,0.8,0.0,0.0,0.088,0.078,131.4,0.5,6.2,50.0,1.9,283.1,321.9,0.038,1.9,306.3,FOOD-DATA-GROUP2,8.403869407496977,90.44740024183795,1.1487303506650544,0.0922974767596281,692,2.005772005772006,0.4761904761904761,0.398406374501992,6.6,7.936507936507937e-05,0,0,0,0,Healthy,64.8
296,296,instant white rice cooked,193,0.8,0.088,0.1,0.032,41.4,0.0,3.6,1.0,0.0,0.001,118.8,0.0,0.1,0.1,0.0,0.059,2.9,0.075,0.059,0.0,0.0,0.008,0.0,13.2,0.088,2.9,8.3,0.6,61.1,14.9,0.006,0.8,62.9,FOOD-DATA-GROUP2,7.860262008733625,90.39301310043668,1.7467248908296946,0.0849056603773585,193,1.855670103092784,0.5154639175257731,0.0,2.0,5.154639175257732e-06,0,0,0,0,Healthy,54.1
297,297,rice pilaf raw,732,2.8,0.0,0.0,0.0,155.7,3.1,21.3,2.4,0.0,2.7,16.4,0.088,1.2,0.0,0.0,0.2,12.5,1.5,0.8,0.0,0.0,0.066,0.0,169.3,0.3,5.0,65.3,1.8,314.2,383.5,0.037,2.1,356.56,FOOD-DATA-GROUP2,11.846496106785317,86.59621802002223,1.5572858731924355,0.1359285258455647,732,2.9058663028649385,0.3274215552523874,1.9783024888321636,4.8,0.0036834924965893,0,0,0,0,Healthy,67.3
298,298,rice cracker cake,111,1.2,0.2,0.4,0.4,23.0,0.2,2.0,1.2,0.0,0.097,1.6,0.0,0.011,0.092,0.0,0.049,2.2,0.0,0.057,0.0,0.0,0.4,0.063,3.1,0.1,0.4,37.1,0.0,101.9,121.1,0.06,0.8,30.9,FOOD-DATA-GROUP2,7.633587786259542,87.78625954198473,4.580152671755725,0.0833333333333333,111,1.7857142857142856,1.0714285714285714,0.8333333333333334,2.4,0.0008660714285714,0,0,0,0,Healthy,53.1
299,299,parboiled white rice cooked,194,0.6,0.1,0.1,0.1,41.2,0.2,4.6,1.4,0.0,0.088,111.2,0.0,0.3,0.1,0.0,0.098,3.6,0.5,0.2,0.0,0.0,0.074,0.0,30.0,0.1,2.9,14.2,0.6,86.9,88.5,0.055,0.6,80.7,FOOD-DATA-GROUP2,9.913793103448274,88.79310344827586,1.293103448275862,0.1090047393364928,194,2.3589743589743586,0.7179487179487178,0.4739336492890995,2.8,0.000451282051282,0,0,0,0,Healthy,55.4
300,300,white rice steamed,199,0.4,0.0,0.0,0.0,44.7,0.0,4.2,1.2,0.0,0.009,82.5,0.0,0.031,0.01,0.0,0.012,0.7,0.0,0.006,0.0,0.0,0.0,0.0,6.6,0.027,0.5,6.6,0.6,43.6,26.4,0.0,0.9,57.6,FOOD-DATA-GROUP2,8.519269776876268,90.66937119675455,0.8113590263691683,0.0919037199124726,199,2.1,0.6,0.0,2.4,4.5e-05,0,0,0,0,Healthy,54.9
301,301,brown rice cake,35,0.3,0.062,0.083,0.005,7.3,0.047,0.7,0.4,0.0,0.024,0.5,0.0,0.013,0.025,0.0,0.079,0.7,0.012,0.071,0.0,0.0,0.1,0.096,1.0,0.08,0.1,11.8,0.3,32.4,26.1,0.099,0.3,9.8,FOOD-DATA-GROUP2,8.433734939759036,87.95180722891565,3.614457831325301,0.0843373493975903,35,1.9444444444444444,1.1111111111111112,0.5662650602409638,0.8,0.0006666666666666,0,0,0,0,Healthy,51.1
302,302,glutinous white rice raw,685,1.0,0.2,0.4,0.4,151.1,0.0,12.6,5.2,0.0,0.015,19.4,0.0,0.3,0.017,0.0,0.1,4.0,1.5,0.2,0.0,0.0,0.0,0.0,20.4,0.3,3.0,42.6,1.8,131.4,142.5,0.038,2.2,193.3,FOOD-DATA-GROUP2,7.650273224043716,91.74256223436552,0.6071645415907712,0.0828402366863905,685,1.8367346938775508,0.7580174927113703,0.0,10.0,2.186588921282799e-05,0,0,0,0,Healthy,67.1
303,303,white rice pasta raw,600,4.0,0.7,1.0,1.6,122.8,0.0,15.3,0.0,3.3,3.0,11.6,0.0,1.2,0.3,0.007,0.4,11.4,1.1,0.2,1.0,0.0,0.0,0.0,75.0,0.4,6.5,65.2,1.7,257.5,340.7,0.099,2.0,224.6,FOOD-DATA-GROUP2,10.767065446868404,86.41801548205488,2.814919071076707,0.1235864297253635,600,2.545757071547421,0.0,0.0,0.0,0.0049916805324459,0,0,0,0,Healthy,60.9
304,304,glutinous white rice cooked,169,0.3,0.056,0.1,0.1,36.7,0.078,3.5,1.7,0.0,0.027,133.3,0.0,0.01,0.012,0.0,0.025,0.5,0.4,0.033,0.0,0.0,0.031,0.0,3.5,0.017,0.2,8.7,0.5,13.9,17.4,0.072,0.7,45.9,FOOD-DATA-GROUP2,8.641975308641975,90.61728395061728,0.7407407407407407,0.0928381962864721,169,2.0588235294117645,1.0,0.2068965517241379,3.4,0.0001588235294117,0,0,0,0,Healthy,55.1
305,305,brown rice cooked,218,1.6,0.3,0.6,0.6,45.8,0.7,4.5,3.5,0.0,0.086,142.3,0.0,0.2,0.007,0.0,0.016,2.6,0.6,0.3,0.0,0.0,0.074,0.071,19.5,0.2,1.0,85.8,1.8,150.2,154.1,0.093,1.2,75.9,FOOD-DATA-GROUP2,8.670520231213873,88.24662813102118,3.082851637764933,0.0961538461538461,218,2.054794520547945,1.5981735159817352,1.4957264957264955,7.0,0.0003926940639269,0,0,0,0,Healthy,58.1
306,306,beef flavored rice cooked,319,7.9,2.1,3.5,2.9,54.4,0.0,7.0,1.5,0.0,0.9,175.2,0.0,0.4,0.0,0.0,0.04,3.3,0.4,0.022,0.0,0.0,0.7,0.0,24.7,0.1,2.2,24.7,0.6,81.5,118.6,0.063,1.0,97.7,FOOD-DATA-GROUP2,10.1010101010101,78.4992784992785,11.399711399711402,0.1263537906137184,319,2.1875,0.46875,0.0,3.0,0.0028125,0,0,0,0,Healthy,55.9
307,307,white rice cooked,205,0.4,0.1,0.1,0.1,44.5,0.015,4.3,0.6,0.0,0.077,108.1,0.0,0.3,0.073,0.0,0.009,2.3,0.6,0.1,0.0,0.0,0.031,0.0,15.8,0.1,1.9,19.0,0.7,67.9,55.3,0.059,0.8,67.5,FOOD-DATA-GROUP2,8.739837398373984,90.44715447154472,0.8130081300813009,0.0945054945054945,205,2.087378640776699,0.2912621359223301,0.0329670329670329,1.2,0.0003737864077669,0,0,0,0,Healthy,54.0
308,308,chicken flavored rice cooked,317,8.0,1.7,3.3,2.7,54.8,1.5,6.2,1.6,0.0,0.9,161.5,0.068,0.3,0.0,0.0,0.018,3.3,0.4,0.1,0.0,0.0,0.6,0.0,16.3,0.1,2.2,23.3,0.7,83.9,135.1,0.088,1.1,89.138,FOOD-DATA-GROUP2,8.985507246376812,79.42028985507245,11.594202898550725,0.1111111111111111,317,1.949685534591195,0.5031446540880504,2.6881720430107525,3.2,0.0028301886792452,0,0,0,0,Healthy,55.2
309,309,white rice raw,675,1.2,0.3,0.4,0.3,147.9,0.2,13.2,2.4,0.0,0.081,21.5,0.0,1.1,0.4,0.0,0.091,7.8,1.9,0.3,0.0,0.0,0.2,0.08,51.8,0.4,8.0,46.3,2.0,212.8,212.8,0.057,2.0,224.5,FOOD-DATA-GROUP2,8.133086876155268,91.1275415896488,0.7393715341959335,0.0886501007387508,675,1.9526627218934909,0.3550295857988165,0.1343183344526528,4.8,0.0001198224852071,0,0,0,0,Healthy,63.2
310,310,cheese imitation,441,36.2,6.6,16.0,12.0,1.1,1.1,28.3,0.0,17.0,0.8,42.9,0.1,0.053,0.098,0.034,0.4,0.093,0.0,0.034,0.0,0.0,0.3,0.037,796.7,0.05,0.8,33.9,0.0,598.9,62.2,0.063,3.4,863.2,FOOD-DATA-GROUP2,43.14024390243902,1.6768292682926826,55.18292682926828,13.476190476190476,441,6.402714932126698,0.0,52.38095238095239,0.0,0.0018099547511312,0,0,1,0,Limit,59.6
311,311,cheshire cheese,110,8.7,5.5,2.5,0.2,1.4,0.0,6.6,0.0,29.1,0.2,10.7,0.004,0.082,0.074,0.071,0.099,0.071,0.1,0.075,0.0,0.0,0.0,0.0,182.0,0.035,0.005,5.9,0.02,131.3,26.9,0.006,0.8,198.767,FOOD-DATA-GROUP2,39.52095808383233,8.383233532934131,52.09580838323353,2.75,110,5.945945945945946,0.0,0.0,0.0,0.0018018018018018,0,0,1,0,Limit,50.8
312,312,monterey cheese,421,34.2,21.5,9.9,1.0,0.8,0.6,27.7,0.0,100.6,0.7,46.3,0.2,0.068,0.002,0.022,0.4,0.1,0.2,0.072,0.0,0.089,0.3,0.036,843.0,0.019,0.8,30.5,0.061,501.7,91.5,0.021,3.4,906.7,FOOD-DATA-GROUP2,44.1786283891547,1.2759170653907497,54.54545454545456,15.388888888888888,421,6.563981042654028,0.0,33.33333333333333,0.0,0.0016587677725118,0,0,1,1,Limit,49.8
313,313,edam cheese,107,8.3,5.6,2.4,0.2,0.4,0.0,7.5,0.0,26.7,0.3,12.5,0.03,0.08,0.048,0.086,0.1,0.004,0.029,0.014,0.0,0.055,0.03,0.084,219.3,0.072,0.1,9.0,0.08,160.8,56.4,0.028,1.1,235.628,FOOD-DATA-GROUP2,46.29629629629628,2.469135802469136,51.23456790123456,5.357142857142858,107,6.944444444444445,0.0,0.0,0.0,0.0027777777777777,0,0,1,0,Limit,51.4
314,314,fontina cheese,420,33.6,20.7,9.4,1.8,1.7,1.7,27.6,0.0,125.3,0.9,41.0,0.3,0.018,0.1,0.044,0.2,0.2,0.5,0.072,0.0,0.044,0.3,0.021,594.0,0.087,0.2,15.1,0.03,373.7,69.1,0.052,3.8,657.4,FOOD-DATA-GROUP2,43.87917329093799,2.702702702702702,53.4181240063593,10.22222222222222,420,6.55581947743468,0.0,62.96296296296296,0.0,0.0021377672209026,0,0,1,1,Limit,49.3
315,315,monterey cheese low fat,350,24.4,15.9,6.4,0.9,0.8,0.6,31.9,0.0,73.5,0.6,52.0,0.2,0.04,0.049,0.007,0.4,0.1,0.0,0.077,0.0,0.002,0.2,0.074,796.7,0.089,0.8,30.5,0.0,501.7,91.5,0.03,3.4,854.8,FOOD-DATA-GROUP2,55.86690017513135,1.4010507880910683,42.73204903677759,17.72222222222222,350,9.08831908831909,0.0,33.33333333333333,0.0,0.0017094017094017,0,0,1,0,Limit,52.8
316,316,colby cheese,445,36.3,22.8,10.5,1.1,2.9,0.6,26.8,0.0,107.4,0.7,43.2,0.3,0.029,0.071,0.089,0.4,0.1,0.2,0.084,0.0,0.053,0.3,0.073,774.1,0.047,0.9,29.4,0.01,516.4,143.5,0.023,3.5,841.3,FOOD-DATA-GROUP2,40.60606060606061,4.393939393939394,54.99999999999999,6.871794871794872,445,6.008968609865471,0.0,15.384615384615383,0.0,0.0015695067264573,0,0,1,1,Limit,49.8
317,317,american cheese,93,7.9,4.5,2.1,0.3,0.9,0.6,4.5,0.0,25.0,0.4,9.9,0.036,0.064,0.069,0.012,0.068,0.023,0.1,0.06,0.0,0.007,0.2,0.093,261.3,0.034,0.2,6.5,0.086,160.3,33.0,0.014,0.6,274.886,FOOD-DATA-GROUP2,33.83458646616541,6.7669172932330826,59.3984962406015,2.368421052631579,93,4.787234042553192,0.0,31.57894736842105,0.0,0.0042553191489361,0,0,0,0,Healthy,49.8
318,318,blue cheese,106,8.6,5.6,2.3,0.2,0.7,0.2,6.4,0.0,22.5,0.3,12.7,0.018,0.008,0.03,0.011,0.1,0.3,0.5,0.015,0.0,0.087,0.09,0.047,158.4,0.004,0.063,6.9,0.054,116.1,76.8,0.035,0.8,174.154,FOOD-DATA-GROUP2,40.76433121019109,4.45859872611465,54.77707006369427,3.7647058823529416,106,5.981308411214954,0.0,11.764705882352942,0.0,0.002803738317757,0,0,1,0,Limit,50.5
0,0,nectarine,66,0.5,0.066,0.1,0.2,15.8,11.8,1.6,2.6,0.0,0.0,131.4,0.0,0.0,0.026,0.037,0.0,0.032,1.7,0.3,0.007,8.1,0.0,1.2,0.081,9.0,0.1,0.4,13.5,0.002,39.0,301.5,0.0,20.735,FOOD-DATA-GROUP3,8.938547486033519,88.26815642458101,2.793296089385475,0.0952380952380952,66,2.388059701492537,3.880597014925373,70.23809523809524,5.2,0.0,0,0,0,0,Healthy,50.3
1,1,kiwifruit gold,51,0.2,0.008,0.099,0.051,12.8,10.0,0.8,1.1,0.0,0.046,66.8,0.091,0.0,0.051,0.058,0.07,0.2,0.4,0.067,130.7,0.0,1.1,0.074,13.8,0.1,0.2,9.7,0.072,20.3,255.2,0.003,0.077,159.686,FOOD-DATA-GROUP3,5.797101449275362,92.7536231884058,1.4492753623188406,0.0579710144927536,51,1.5384615384615383,2.1153846153846154,72.46376811594203,2.2,0.0008846153846153,0,0,0,0,Healthy,48.2
2,2,prickly pear raw,8,0.072,0.0,0.0,0.0,1.9,0.2,0.001,1.0,0.0,0.065,17.0,0.0,0.058,0.0,0.0,0.038,0.04,0.0,0.078,2.1,0.0,0.0,0.018,34.2,0.051,0.021,13.1,0.1,2.1,24.7,0.023,0.073,39.263,FOOD-DATA-GROUP3,0.0506842372022301,96.3000506842372,3.649265078560568,0.0003448275862068,8,0.0111111111111111,11.11111111111111,6.896551724137931,2.0,0.0072222222222222,0,0,0,0,Healthy,51.4
3,3,pineapple,45,0.1,0.074,0.001,0.087,11.8,8.9,0.5,1.3,0.0,0.099,77.4,0.0,0.0,0.085,0.033,0.0,0.014,0.5,0.2,0.1,43.0,0.0,0.078,0.061,11.7,0.091,0.3,10.8,0.8,7.2,98.1,0.061,13.97,FOOD-DATA-GROUP3,4.032258064516129,95.16129032258064,0.8064516129032258,0.0390625,45,1.0869565217391304,2.8260869565217392,69.53125,2.6,0.0021521739130434,0,0,0,0,Healthy,48.7
4,4,rowan,253,4.6,0.6,0.0,0.0,54.5,32.1,5.2,14.1,0.0,0.083,162.8,0.0,0.0,0.0,0.0,0.0,0.0,0.0,0.0,58.8,0.0,0.0,0.0,34.2,2.4,5.0,73.0,0.4,118.6,298.7,0.0,1.0,176.4,FOOD-DATA-GROUP3,8.087091757387247,84.75894245723174,7.153965785381026,0.0936936936936937,253,2.047244094488189,5.551181102362205,57.83783783783784,10.0,0.0003267716535433,0,1,0,0,Healthy,55.6
5,5,muscadine grapes,3,0.056,0.0,0.0,0.0,0.8,0.0,0.014,0.2,0.0,0.024,5.1,0.0,0.0,0.046,0.0,0.0,0.0,0.0,0.0,0.0,0.0,0.0,0.0,2.2,0.023,0.014,0.8,0.1,1.4,12.2,0.0,0.027,3.38,FOOD-DATA-GROUP3,1.6091954022988506,91.95402298850574,6.436781609195402,0.0077777777777777,3,0.35,5.0,0.0,0.4,0.006,0,0,0,0,Healthy,50.3
6,6,heidelbeeren jutro,17,0.2,0.039,2.5,2.4,0.4,0.0,0.0,0.0,0.0,0.0,0.0,0.0,0.0,0.0,0.0,0.0,0.0,0.0,0.0,0.0,0.0,0.0,0.0,0.0,0.0,0.0,0.0,0.0,0.0,0.0,0.0,0.0,0.6,FOOD-DATA-GROUP3,0.0,66.66666666666666,33.33333333333333,0.0,17,0.0,0.0,0.0,0.0,0.0,0,0,0,0,Healthy,50.0
7,7,prunes stewed,316,0.7,0.085,0.5,0.1,83.2,0.0,3.4,0.0,0.0,0.039,190.4,0.0,0.1,0.0,0.0,0.011,2.8,0.3,0.5,0.0,0.0,0.0,0.0,67.2,0.6,3.3,58.8,0.3,103.6,988.4,0.0,0.7,157.8,FOOD-DATA-GROUP3,3.894616265750286,95.30355097365404,0.8018327605956471,0.0403800475059382,316,1.0725552050473186,0.0,0.0,0.0,0.0001230283911671,0,0,0,0,Healthy,52.5
8,8,tangerine,40,0.2,0.07,0.097,0.05,10.1,8.0,0.6,1.4,0.0,0.056,64.7,0.0,0.068,0.05,0.0,0.024,0.3,0.2,0.096,20.3,0.0,0.2,0.0,28.1,0.001,0.1,9.1,0.057,15.2,126.2,0.008,0.078,60.8,FOOD-DATA-GROUP3,5.504587155963304,92.6605504587156,1.8348623853211012,0.054054054054054,40,1.4634146341463414,3.414634146341463,72.07207207207207,2.8,0.0013658536585365,0,0,0,0,Healthy,49.3
9,9,prunes,237,0.5,0.057,0.3,0.1,62.3,0.0,2.6,0.0,0.0,0.076,2.8,0.0,0.093,0.042,0.0,0.1,2.1,0.3,0.5,0.0,0.0,0.0,0.0,50.4,0.4,2.5,44.8,0.2,78.4,740.6,0.0,0.5,118.3,FOOD-DATA-GROUP3,3.97553516819572,95.2599388379205,0.7645259938837922,0.0410742496050553,237,1.092436974789916,0.0,0.0,0.0,0.0003193277310924,0,0,0,0,Healthy,51.9
10,10,lemon peel,1,0.002,0.057,0.024,0.095,0.3,0.054,0.032,0.2,0.0,0.028,1.6,0.0,0.007,0.025,0.0,0.018,0.046,0.055,0.011,2.6,0.0,0.061,0.0,2.7,0.015,0.032,0.3,0.0,0.2,3.2,0.048,0.036,5.934,FOOD-DATA-GROUP3,9.580838323353294,89.82035928143713,0.5988023952095809,0.0246153846153846,1,1.6,10.0,4.153846153846154,0.4,0.014,0,0,0,0,Healthy,50.3
11,11,banana,134,0.5,0.2,0.096,0.1,34.3,18.3,1.6,3.9,0.0,0.055,112.4,0.0,0.0,0.085,0.045,0.0,0.1,1.0,0.5,0.6,13.1,0.0,0.2,0.035,7.5,0.1,0.4,40.5,0.4,33.0,537.0,0.049,41.084,FOOD-DATA-GROUP3,4.395604395604396,94.23076923076924,1.3736263736263736,0.0453257790368272,134,1.1851851851851851,2.888888888888889,51.84135977337111,7.8,0.0004074074074074,0,1,0,0,Limit,49.6
12,12,raspberries,5,0.034,0.005,0.063,0.098,1.2,0.4,0.1,0.7,0.0,0.054,8.6,0.0,0.0,0.067,0.064,0.0,0.074,0.097,0.087,0.068,2.6,0.0,0.025,0.031,2.5,0.034,0.015,2.2,0.017,2.9,15.1,0.028,2.207,FOOD-DATA-GROUP3,7.496251874062969,89.9550224887556,2.548725637181409,0.0454545454545454,5,1.6666666666666667,11.666666666666666,18.181818181818183,1.4,0.009,0,0,0,0,Healthy,51.0
13,13,apricot,17,0.1,0.03,0.099,0.028,3.9,3.2,0.5,0.7,0.0,0.02,30.2,0.0,0.0,0.017,0.038,0.0,0.012,0.2,0.09,0.026,3.5,0.0,0.3,0.039,4.6,0.012,0.1,3.5,0.056,8.1,90.7,0.031,5.334,FOOD-DATA-GROUP3,11.11111111111111,86.66666666666667,2.2222222222222223,0.1020408163265306,17,2.7777777777777777,3.888888888888889,65.3061224489796,1.4,0.0011111111111111,0,0,0,0,Healthy,50.1
14,14,strawberry guava,4,0.008,0.039,0.004,0.041,1.0,0.0,0.01,0.3,0.0,0.059,4.8,0.0,0.0,0.0,0.0,0.062,0.064,0.0,0.0,2.2,0.0,0.0,0.0,1.3,0.0,0.071,1.0,0.0,1.6,17.5,0.0,0.0,4.931,FOOD-DATA-GROUP3,0.9823182711198428,98.23182711198427,0.7858546168958742,0.005,4,0.2,6.0,0.0,0.6,0.0118,0,0,0,0,Healthy,50.4
15,15,kiwifruit green,42,0.4,0.095,0.084,0.2,10.1,6.2,0.8,2.1,0.0,0.096,57.3,0.0,0.0,0.067,0.089,0.0,0.066,0.2,0.1,0.086,64.0,0.0,1.0,0.091,23.5,0.002,0.2,11.7,0.064,23.5,215.3,0.034,13.588,FOOD-DATA-GROUP3,7.079646017699115,89.38053097345133,3.5398230088495577,0.072072072072072,42,1.8604651162790695,4.883720930232558,55.85585585585586,4.2,0.0022325581395348,0,0,0,0,Healthy,51.2
16,16,figs,37,0.2,0.068,0.008,0.078,9.6,8.1,0.4,1.5,0.0,0.049,39.6,0.0,0.043,0.046,0.0,0.03,0.2,0.2,0.083,1.0,0.0,0.001,0.027,17.5,0.079,0.2,8.5,0.024,7.0,116.0,0.083,0.06,30.4,FOOD-DATA-GROUP3,3.921568627450981,94.11764705882352,1.9607843137254903,0.0377358490566037,37,1.0526315789473684,3.947368421052632,76.41509433962264,3.0,0.0012894736842105,0,0,0,0,Healthy,49.3
17,17,clementine,35,0.1,0.0,0.0,0.0,8.9,6.8,0.6,1.3,0.0,0.044,64.1,0.0,0.0,0.052,0.063,0.0,0.06,0.5,0.1,0.018,36.1,0.0,0.1,0.0,22.2,0.093,0.1,7.4,0.035,15.5,131.0,0.0,10.954,FOOD-DATA-GROUP3,6.25,92.70833333333334,1.0416666666666667,0.0606060606060606,35,1.6666666666666667,3.611111111111112,68.68686868686868,2.6,0.0012222222222222,0,0,0,0,Healthy,49.7
18,18,orange,86,0.2,0.008,0.099,0.005,21.6,17.2,1.7,4.4,0.0,0.0,159.6,0.0,0.0,0.2,0.08,0.0,0.089,0.5,0.5,0.1,97.9,0.0,0.3,0.0,73.6,0.094,0.2,18.4,0.057,25.8,333.0,0.035,28.073,FOOD-DATA-GROUP3,7.234042553191489,91.91489361702128,0.851063829787234,0.075221238938053,86,1.9540229885057472,5.057471264367817,76.10619469026548,8.8,0.0,0,1,0,0,Limit,51.0
19,19,bartlett pear,112,0.3,0.0,0.0,0.0,26.6,17.2,0.7,5.5,0.0,0.047,148.9,0.0,0.051,0.023,0.0,0.018,0.3,0.04,0.01,7.8,0.0,0.2,0.028,15.9,0.1,0.3,10.6,0.091,19.5,178.8,0.044,0.1,57.1,FOOD-DATA-GROUP3,2.5362318840579707,96.37681159420288,1.0869565217391304,0.0253623188405797,112,0.6194690265486725,4.867256637168142,62.31884057971014,10.0,0.0004159292035398,0,1,0,0,Limit,51.9
20,20,red white currants,63,0.2,0.043,0.091,0.089,15.5,8.3,1.6,4.8,0.0,0.056,94.0,0.0,0.03,0.016,0.0,0.059,0.1,0.06,0.062,45.9,0.0,0.1,0.093,37.0,0.1,1.1,14.6,0.2,49.3,308.0,0.079,0.3,106.1,FOOD-DATA-GROUP3,9.248554913294797,89.59537572254335,1.1560693641618496,0.0969696969696969,63,2.5,7.5,50.30303030303031,9.6,0.000875,0,0,0,0,Healthy,55.0
21,21,blueberries,84,0.5,0.047,0.043,0.2,21.4,14.7,1.1,3.6,0.0,0.015,124.6,0.0,0.0,0.086,0.074,0.0,0.016,0.6,0.2,0.058,14.4,0.0,0.8,0.041,8.9,0.063,0.4,8.9,0.5,17.8,114.0,0.027,26.767,FOOD-DATA-GROUP3,4.782608695652174,93.04347826086956,2.1739130434782608,0.0491071428571428,84,1.2941176470588238,4.235294117647059,65.625,7.2,0.0001764705882352,0,0,0,0,Healthy,50.3
22,22,mulberries,6,0.049,0.004,0.016,0.065,1.5,1.2,0.2,0.3,0.0,0.021,13.2,0.0,0.0,0.005,0.092,0.0,0.075,0.013,0.0,0.025,5.5,0.0,0.1,0.074,5.9,0.041,0.3,2.7,0.0,5.7,29.1,0.083,2.163,FOOD-DATA-GROUP3,11.435105774728417,85.76329331046313,2.8016009148084624,0.08,6,2.857142857142857,4.285714285714286,48.0,0.6,0.003,0,0,0,0,Healthy,50.1
23,23,java plum,2,0.029,0.0,0.0,0.0,0.5,0.0,0.034,0.0,0.0,0.063,2.5,0.0,0.051,0.0,0.0,0.058,0.042,0.0,0.075,0.4,0.0,0.0,0.0,0.6,0.0,0.054,0.5,0.0,0.5,2.4,0.0,0.0,1.624,FOOD-DATA-GROUP3,6.039076376554174,88.80994671403197,5.150976909413854,0.0226666666666666,2,1.1333333333333333,0.0,0.0,0.0,0.021,0,0,0,0,Healthy,50.0
24,24,prune puree,46,0.02,0.038,0.0,0.0,11.7,7.0,0.4,0.6,0.0,0.036,5.4,0.0,0.0,0.053,0.0,0.0,0.0,0.5,0.057,0.0,0.8,0.0,0.0,0.0,5.6,0.0,0.5,0.0,0.0,13.0,153.4,0.0,12.709,FOOD-DATA-GROUP3,3.3003300330033007,96.53465346534654,0.165016501650165,0.0314960629921259,46,0.851063829787234,1.276595744680851,55.11811023622048,1.2,0.0007659574468085,0,0,0,0,Healthy,48.4
25,25,applesauce,102,0.2,0.028,0.036,0.09,27.5,22.9,0.4,2.7,0.0,0.031,215.3,0.0,0.0,0.07,0.029,0.0,0.085,0.2,0.1,0.08,2.4,0.0,0.4,0.043,9.8,0.014,0.6,7.3,0.074,12.2,180.6,0.007,30.923,FOOD-DATA-GROUP3,1.4234875444839858,97.86476868327402,0.7117437722419929,0.0140350877192982,102,0.3883495145631068,2.621359223300971,80.35087719298245,5.4,0.0003009708737864,0,1,0,0,Avoid,45.2
26,26,blackberries raw,62,0.7,0.076,0.03,0.4,13.8,7.0,2.0,7.6,0.0,0.05,126.9,0.0,0.03,0.045,0.0,0.054,0.9,0.4,0.037,30.2,0.0,1.7,0.082,41.8,0.2,0.9,28.8,0.9,31.7,233.3,0.008,0.8,97.0,FOOD-DATA-GROUP3,12.12121212121212,83.63636363636364,4.242424242424242,0.1351351351351351,62,3.1746031746031744,12.06349206349206,47.2972972972973,10.0,0.0007936507936507,0,0,0,0,Healthy,60.0
27,27,plum,30,0.2,0.062,0.003,0.022,7.5,6.5,0.5,0.9,0.0,0.0,57.6,0.0,0.0,0.077,0.036,0.0,0.021,0.3,0.033,0.038,6.3,0.0,0.2,0.047,4.0,0.056,0.1,4.6,0.016,10.6,103.6,0.0,9.21,FOOD-DATA-GROUP3,6.097560975609757,91.46341463414636,2.439024390243903,0.0588235294117647,30,1.6129032258064515,2.903225806451613,76.47058823529412,1.8,0.0,0,0,0,0,Healthy,49.1
28,28,american grapes,2,0.087,0.029,0.082,0.074,0.4,0.4,0.035,0.09,0.0,0.056,2.0,0.0,0.06,0.049,0.0,0.025,0.045,0.05,0.061,0.032,0.0,0.027,0.052,0.3,0.094,0.099,0.1,0.1,0.2,4.6,0.03,0.091,0.93,FOOD-DATA-GROUP3,6.704980842911878,76.62835249042146,16.666666666666664,0.025,2,1.1666666666666667,3.0,28.571428571428577,0.18,0.0186666666666666,0,0,0,0,Healthy,50.0
29,29,peach,59,0.4,0.034,0.1,0.1,14.3,12.6,1.4,2.3,0.0,0.0,133.3,0.0,0.0,0.035,0.004,0.0,0.06,1.2,0.2,0.075,9.9,0.0,1.1,0.042,9.0,0.1,0.4,13.5,0.03,30.0,285.0,0.069,18.643,FOOD-DATA-GROUP3,8.695652173913041,88.81987577639751,2.484472049689441,0.0915032679738562,59,2.333333333333333,3.833333333333333,82.35294117647058,4.6,0.0,0,0,0,0,Healthy,49.4
30,30,honeydew melon,64,0.2,0.055,0.049,0.1,16.1,14.4,1.0,1.4,0.0,0.062,159.0,0.0,0.092,0.052,0.0,0.066,0.7,0.3,0.2,31.9,0.0,0.043,0.083,10.6,0.007,0.3,17.7,0.003,19.5,403.6,0.099,0.2,61.5,FOOD-DATA-GROUP3,5.780346820809249,93.0635838150289,1.1560693641618496,0.0584795321637426,64,1.5384615384615383,2.1538461538461537,84.21052631578947,2.8,0.0009538461538461,0,0,0,0,Healthy,47.0
31,31,yellow plantain fried,399,12.7,3.1,3.9,3.8,68.9,36.8,2.4,5.4,0.0,0.079,82.9,0.0,0.1,0.0,0.0,0.061,1.4,1.0,0.5,0.0,0.0,1.9,0.05,10.1,0.2,1.0,76.1,0.5,72.7,856.8,0.077,0.4,100.5,FOOD-DATA-GROUP3,2.8571428571428568,82.02380952380952,15.119047619047617,0.0343347639484978,399,0.6,1.35,52.64663805436337,10.0,0.0001975,0,1,0,0,Limit,42.9
32,32,rose hips,206,0.4,0.0,0.0,0.0,48.5,3.3,2.0,30.6,0.0,0.035,74.5,0.0,0.048,0.085,0.0,0.2,1.7,1.0,0.078,541.0,0.0,7.4,0.05,214.6,0.1,1.3,87.6,1.3,77.5,544.8,0.0,0.3,838.4,FOOD-DATA-GROUP3,3.9292730844793713,95.28487229862476,0.7858546168958744,0.0404040404040404,206,0.966183574879227,14.782608695652174,6.666666666666667,10.0,0.0001690821256038,0,0,0,0,Healthy,65.2
33,33,lemons,17,0.2,0.063,0.046,0.031,5.4,1.5,0.6,1.6,0.0,0.045,51.6,0.0,0.085,0.023,0.0,0.066,0.056,0.1,0.085,30.7,0.0,0.075,0.0,15.1,0.09,0.3,4.6,0.036,9.3,80.0,0.044,0.065,53.9,FOOD-DATA-GROUP3,9.67741935483871,87.09677419354838,3.225806451612903,0.0937499999999999,17,3.333333333333333,8.88888888888889,23.4375,3.2,0.0025,0,0,0,0,Healthy,52.2
34,34,lime,20,0.1,0.087,0.002,0.095,7.1,1.1,0.5,1.9,0.0,0.082,59.1,0.0,0.067,0.07,0.0,0.034,0.1,0.1,0.055,19.5,0.0,0.1,0.085,22.1,0.052,0.4,4.0,0.013,12.1,68.3,0.076,0.011,51.6,FOOD-DATA-GROUP3,6.493506493506494,92.2077922077922,1.298701298701299,0.0617283950617284,20,2.380952380952381,9.047619047619047,13.580246913580249,3.8,0.0039047619047619,0,0,0,0,Healthy,52.7
35,35,pomegranate,117,1.6,0.2,0.1,0.1,26.4,19.3,2.4,5.6,0.0,0.042,109.9,0.0,0.0,0.008,0.059,0.0,0.004,0.4,0.5,0.1,14.4,0.0,0.8,0.066,14.1,0.2,0.4,16.9,0.2,50.8,332.8,0.09,36.33,FOOD-DATA-GROUP3,7.894736842105263,86.8421052631579,5.2631578947368425,0.0875912408759124,117,2.0338983050847457,4.745762711864407,70.43795620437957,10.0,0.0003559322033898,0,1,0,0,Limit,52.3
36,36,gooseberries,66,0.9,0.001,0.06,0.5,15.3,0.0,1.3,6.5,0.0,0.074,131.8,0.0,0.0,0.068,0.084,0.0,0.007,0.5,0.4,0.1,41.6,0.0,0.6,0.0,37.5,0.1,0.5,15.0,0.2,40.5,297.0,0.097,24.2,FOOD-DATA-GROUP3,7.428571428571429,87.42857142857143,5.142857142857142,0.0797546012269938,66,1.9402985074626864,9.701492537313433,0.0,10.0,0.0011044776119402,0,0,0,0,Healthy,60.7
37,37,asian pear,51,0.3,0.009,0.091,0.091,13.0,8.6,0.6,4.4,0.0,0.0,107.7,0.0,0.1,0.071,0.0,0.073,0.3,0.05,0.079,4.6,0.0,0.1,0.059,4.9,0.067,0.0,9.8,0.01,13.4,147.6,0.015,0.041,27.8,FOOD-DATA-GROUP3,4.316546762589928,93.5251798561151,2.158273381294964,0.0428571428571428,51,1.1538461538461535,8.461538461538462,61.42857142857142,8.8,0.0,0,0,0,0,Healthy,53.6
38,38,abiyuch,157,0.2,0.065,0.0,0.0,40.1,19.5,3.4,12.1,0.0,0.093,182.2,0.0,0.0,0.0,0.0,0.0,0.0,0.0,0.0,123.3,0.0,0.0,0.0,18.2,0.1,3.7,54.7,0.4,107.2,693.1,0.0,0.7,201.0,FOOD-DATA-GROUP3,7.780320366132723,91.76201372997711,0.4576659038901602,0.0827250608272506,157,2.151898734177215,7.658227848101265,47.44525547445255,10.0,0.0005886075949367,0,1,0,0,Limit,59.7
39,39,horned melon kiwano,92,2.6,0.0,0.0,0.0,15.8,0.0,3.7,0.0,0.0,0.095,185.9,0.0,0.042,0.04,0.0,0.016,1.2,0.4,0.1,11.1,0.0,0.0,0.0,27.2,0.043,2.4,83.6,0.043,77.3,257.1,0.0,1.0,62.8,FOOD-DATA-GROUP3,16.7420814479638,71.49321266968326,11.76470588235294,0.2202380952380952,92,3.978494623655914,0.0,0.0,0.0,0.001021505376344,0,0,0,0,Healthy,52.8
40,40,fruit walnut salad mcdonalds,312,13.3,1.8,2.1,8.5,43.8,32.9,4.8,0.0,5.3,0.017,200.5,0.0,0.1,0.061,0.041,0.1,0.3,0.4,0.3,383.6,0.0,0.0,0.0,171.6,0.3,0.9,34.3,0.0,129.4,0.0,0.0,0.7,618.0,FOOD-DATA-GROUP3,7.754442649434573,70.75928917609048,21.486268174474965,0.1071428571428571,312,1.5335463258785942,0.0,73.4375,0.0,5.431309904153355e-05,0,1,0,0,Avoid,39.1
41,41,grapefruit,53,0.2,0.092,0.048,0.006,13.3,8.6,1.0,2.0,0.0,0.0,110.1,0.0,0.0,0.051,0.01,0.0,0.032,0.3,0.3,0.027,39.0,0.0,0.2,0.0,27.5,0.087,0.1,11.3,0.067,22.5,168.8,0.032,16.592,FOOD-DATA-GROUP3,6.896551724137931,91.72413793103448,1.3793103448275863,0.0699300699300699,53,1.851851851851852,3.7037037037037033,60.13986013986013,4.0,0.0,0,0,0,0,Healthy,50.2
42,42,japanese persimmon,118,0.3,0.089,0.077,0.086,31.2,21.1,1.0,6.0,0.0,0.067,134.9,0.0,0.0,0.063,0.018,0.0,0.027,0.2,0.0,0.2,12.6,0.0,1.2,0.066,13.4,0.2,0.3,15.1,0.6,28.6,270.5,0.024,38.927,FOOD-DATA-GROUP3,3.076923076923077,96.0,0.923076923076923,0.031055900621118,118,0.8403361344537815,5.042016806722689,65.527950310559,10.0,0.000563025210084,0,1,0,0,Limit,51.2
43,43,wild raspberries,81,0.4,0.0,0.0,0.0,18.0,7.2,1.5,9.8,0.0,0.09,109.8,0.0,0.091,0.023,0.0,0.1,1.3,0.4,0.1,34.3,0.0,0.7,0.071,46.8,0.1,0.8,33.8,0.5,53.3,227.5,0.0,0.6,111.6,FOOD-DATA-GROUP3,7.537688442211056,90.45226130653266,2.0100502512562817,0.0789473684210526,81,1.829268292682927,11.951219512195124,37.89473684210527,10.0,0.0010975609756097,0,0,0,0,Healthy,62.9
44,44,pink lady apple,18,0.1,0.0,0.0,0.0,3.9,0.0,0.1,0.0,0.0,0.0,0.0,0.0,0.0,0.0,0.0,0.0,0.0,0.0,0.0,0.0,0.0,0.0,0.0,0.0,0.0,0.0,0.0,0.0,0.0,0.0,0.0,0.0,4.1,FOOD-DATA-GROUP3,2.439024390243903,95.1219512195122,2.439024390243903,0.0204081632653061,18,0.5263157894736842,0.0,0.0,0.0,0.0,0,0,0,0,Healthy,50.1
45,45,maraschino cherries,8,0.083,0.06,0.015,0.033,2.1,1.9,0.06,0.2,0.0,0.072,2.9,0.0,0.0,0.0,0.0,0.0,0.06,0.088,0.017,0.0,0.0,0.069,0.068,2.7,0.089,0.091,0.2,0.063,0.2,1.1,0.018,0.031,5.19,FOOD-DATA-GROUP3,2.674988854213107,93.62460989745875,3.700401248328131,0.0193548387096774,8,0.6666666666666666,2.2222222222222223,61.29032258064515,0.4,0.008,0,0,0,0,Healthy,49.5
46,46,black currants,71,0.5,0.019,0.081,0.2,17.2,0.0,1.6,0.0,0.0,0.075,91.8,0.0,0.01,0.0,0.0,0.096,0.3,0.4,0.016,202.7,0.0,1.1,0.0,61.6,0.015,1.7,26.9,0.3,66.1,360.6,0.0,0.3,285.3,FOOD-DATA-GROUP3,8.290155440414509,89.11917098445595,2.5906735751295336,0.0879120879120879,71,2.2222222222222223,0.0,0.0,0.0,0.0010416666666666,0,0,0,0,Healthy,51.2
47,47,plantain cooked,179,0.3,0.1,0.02,0.052,48.0,21.6,1.2,3.5,0.0,0.079,103.6,0.0,0.064,0.005,0.0,0.036,1.2,0.4,0.4,16.8,0.0,0.2,0.024,3.1,0.1,0.9,49.3,0.0,43.1,716.1,0.087,0.2,73.8,FOOD-DATA-GROUP3,2.4242424242424243,96.96969696969695,0.6060606060606061,0.0244897959183673,179,0.6666666666666666,1.9444444444444444,44.08163265306123,7.0,0.0004388888888888,0,1,0,0,Limit,47.4
48,48,crab apple,84,0.3,0.064,0.022,0.018,21.9,0.0,0.4,0.0,0.0,0.03,86.8,0.0,0.055,0.0,0.0,0.077,0.1,0.0,0.0,8.8,0.0,0.0,0.0,19.8,0.069,0.4,7.7,0.1,16.5,213.4,0.0,0.0,51.6,FOOD-DATA-GROUP3,1.769911504424779,96.90265486725664,1.327433628318584,0.0174672489082969,84,0.4705882352941177,0.0,0.0,0.0,0.0003529411764705,0,0,0,0,Healthy,50.3
49,49,pom potes materne,19,0.2,0.2,4.8,3.8,0.2,0.068,0.0,0.0,0.0,0.0,0.0,0.0,0.0,0.0,0.0,0.0,0.0,0.0,0.0,0.0,0.0,0.0,0.0,0.0,0.0,0.0,0.0,0.0,0.0,0.0,0.0,0.0,0.4,FOOD-DATA-GROUP3,0.0,50.0,50.0,0.0,19,0.0,0.0,5.666666666666667,0.0,0.0,0,0,0,0,Healthy,49.8
50,50,apple,95,0.3,0.043,0.002,0.094,25.1,18.9,0.5,4.4,0.0,0.062,155.7,0.0,0.0,0.094,0.03,0.0,0.084,0.2,0.1,0.03,8.4,0.0,0.3,0.044,10.9,0.086,0.2,9.1,0.01,20.0,194.7,0.0,30.438,FOOD-DATA-GROUP3,1.9305019305019304,96.91119691119692,1.1583011583011582,0.0191570881226053,95,0.5208333333333333,4.583333333333334,72.41379310344827,8.8,0.0006458333333333,0,1,0,0,Limit,49.4
51,51,cantaloupe melon,60,0.3,0.071,0.079,0.1,14.4,13.9,1.5,1.6,0.0,0.087,159.6,0.0,0.0,0.051,0.013,0.0,0.098,1.3,0.2,0.1,65.0,0.0,0.015,0.028,15.9,0.018,0.4,21.2,0.064,26.6,472.6,0.082,17.939,FOOD-DATA-GROUP3,9.25925925925926,88.8888888888889,1.851851851851852,0.0974025974025974,60,2.459016393442623,2.622950819672131,90.25974025974024,3.2,0.0014262295081967,0,0,0,0,Healthy,47.9
52,52,prickly pear cooked,7,0.043,0.0,0.0,0.0,1.6,0.0,0.091,0.0,0.0,0.0,5.7,0.0,0.035,0.0,0.0,0.027,0.095,0.0,0.093,0.5,0.0,0.0,0.0,0.0,0.0,0.0,0.0,0.0,0.0,0.0,0.0,0.0,2.226,FOOD-DATA-GROUP3,5.2479815455594,92.2722029988466,2.4798154555940024,0.0349999999999999,7,1.1375,0.0,0.0,0.0,0.0,0,0,0,0,Healthy,50.1
53,53,guava,37,0.5,0.1,0.054,0.2,7.9,4.9,1.4,3.0,0.0,0.056,44.4,0.0,0.0,0.052,0.007,0.0,0.049,0.6,0.2,0.069,125.6,0.0,0.4,0.019,9.9,0.1,0.1,12.1,0.02,22.0,229.4,0.078,12.956,FOOD-DATA-GROUP3,14.285714285714285,80.61224489795919,5.10204081632653,0.1573033707865168,37,3.684210526315789,7.894736842105263,55.0561797752809,6.0,0.0014736842105263,0,0,0,0,Healthy,53.5
54,54,strawberries,4,0.069,0.057,0.06,0.036,0.9,0.6,0.01,0.2,0.0,0.068,10.9,0.0,0.063,0.012,0.0,0.026,0.052,0.097,0.092,7.1,0.0,0.079,0.062,1.9,0.089,0.04,1.6,0.083,2.9,18.4,0.027,0.091,10.261,FOOD-DATA-GROUP3,1.0214504596527068,91.93054136874362,7.048008171603677,0.0052631578947368,4,0.2,4.0,31.57894736842105,0.4,0.0136,0,0,0,0,Healthy,50.0
55,55,japanese persimmon dried,93,0.2,0.0,0.0,0.0,25.0,0.0,0.5,4.9,0.0,0.002,7.8,0.0,0.0,0.0,0.0,0.053,0.019,0.0,0.0,0.0,0.0,0.0,0.0,8.5,0.2,0.3,10.5,0.5,27.5,272.7,0.0,0.1,39.4,FOOD-DATA-GROUP3,1.9455252918287935,97.27626459143968,0.7782101167315176,0.0192307692307692,93,0.5319148936170213,5.212765957446809,0.0,9.8,2.127659574468085e-05,0,0,0,0,Healthy,57.7
56,56,watermelon,86,0.4,0.026,0.1,0.1,21.6,17.7,1.7,1.1,0.0,0.043,261.5,0.0,0.0,0.089,0.07,0.0,0.037,0.5,0.6,0.1,23.2,0.0,0.1,0.016,20.0,0.1,0.7,28.6,0.1,31.5,320.3,0.089,25.025,FOOD-DATA-GROUP3,7.172995780590717,91.13924050632912,1.687763713080169,0.075221238938053,86,1.9540229885057472,1.2643678160919545,78.31858407079645,2.2,0.0004942528735632,0,1,0,0,Avoid,45.8
57,57,elderberries,106,0.7,0.005,0.1,0.4,26.7,0.0,1.0,10.2,0.0,0.042,115.7,0.0,0.1,0.041,0.0,0.061,0.7,0.2,0.3,52.2,0.0,0.0,0.0,55.1,0.047,2.3,7.3,0.0,56.6,406.0,0.097,0.2,148.2,FOOD-DATA-GROUP3,3.5211267605633805,94.01408450704226,2.464788732394366,0.0361010830324909,106,0.9345794392523364,9.53271028037383,0.0,10.0,0.0003925233644859,0,0,0,0,Healthy,65.7
58,58,kumquat,13,0.2,0.063,0.037,0.042,3.0,1.8,0.4,1.2,0.0,0.018,15.4,0.0,0.0,0.042,0.087,0.0,0.078,0.046,0.077,0.013,8.3,0.0,0.02,0.0,11.8,0.092,0.2,3.8,0.052,3.6,35.3,0.0,4.882,FOOD-DATA-GROUP3,11.111111111111112,83.33333333333333,5.555555555555556,0.1,13,2.857142857142857,8.571428571428571,45.0,2.4,0.0012857142857142,0,0,0,0,Healthy,51.3
59,59,orange peel,6,0.017,0.046,0.073,0.07,1.5,0.0,0.093,0.6,0.0,0.023,4.4,0.0,0.063,0.003,0.0,0.019,0.018,0.03,0.075,8.2,0.0,0.039,0.0,9.7,0.095,0.097,1.3,0.0,1.3,12.7,0.048,0.012,20.111,FOOD-DATA-GROUP3,5.77639751552795,93.16770186335404,1.0559006211180126,0.0372,6,1.3285714285714283,8.571428571428571,0.0,1.2,0.0032857142857142,0,0,0,0,Healthy,50.9
60,60,pokeberry shoots cooked,33,0.7,0.0,0.0,0.0,5.1,2.6,3.8,2.5,0.0,0.4,153.3,0.0,0.1,0.005,0.0,0.4,1.8,0.074,0.2,135.3,0.0,1.4,0.2,87.5,0.2,2.0,23.1,0.6,54.5,303.6,0.02,0.3,236.9,FOOD-DATA-GROUP3,39.58333333333334,53.125000000000014,7.291666666666669,0.6229508196721312,33,11.176470588235292,7.352941176470589,42.62295081967213,5.0,0.0117647058823529,0,0,0,0,Healthy,55.6
61,61,breadfruit,227,0.5,0.1,0.05,0.1,59.7,24.2,2.4,10.8,0.0,0.057,155.4,0.0,0.0,0.2,0.07,0.0,0.031,2.0,1.0,0.2,63.8,0.0,0.2,0.045,37.4,0.2,1.2,55.0,0.1,66.0,1078.0,0.008,73.872,FOOD-DATA-GROUP3,3.8338658146964857,95.36741214057508,0.7987220447284344,0.0395387149917627,227,1.0526315789473684,4.736842105263158,39.86820428336079,10.0,0.00025,0,1,0,0,Limit,57.0
62,62,pear,101,0.2,0.019,0.1,0.2,27.1,17.4,0.6,5.5,0.0,0.07,149.4,0.0,0.063,0.005,0.0,0.072,0.3,0.035,0.079,7.7,0.0,0.2,0.022,16.0,0.1,0.3,12.5,0.082,21.4,206.5,0.051,0.2,57.4,FOOD-DATA-GROUP3,2.150537634408602,97.1326164874552,0.7168458781362007,0.0213523131672597,101,0.5882352941176471,5.392156862745098,61.92170818505337,10.0,0.0006862745098039,0,1,0,0,Limit,51.7
63,63,sour cherries,52,0.3,0.069,0.023,0.09,12.5,8.7,1.0,1.6,0.0,0.071,88.7,0.0,0.0,0.025,0.026,0.0,0.079,0.4,0.1,0.053,10.3,0.0,0.012,0.02,16.5,0.1,0.3,9.3,0.1,15.5,178.2,0.0,15.607,FOOD-DATA-GROUP3,7.246376811594203,90.57971014492752,2.1739130434782608,0.074074074074074,52,1.8867924528301887,3.018867924528302,64.44444444444444,3.2,0.0013396226415094,0,0,0,0,Healthy,49.6
64,64,plantain raw,218,0.6,0.3,0.002,0.1,57.1,31.3,2.3,3.0,0.0,0.082,116.7,0.1,0.1,0.002,0.0,0.1,1.2,0.5,0.4,32.9,0.0,0.3,0.01,5.4,0.1,1.0,64.4,0.0,57.3,871.7,0.068,0.3,102.4,FOOD-DATA-GROUP3,3.833333333333333,95.16666666666669,1.0,0.0395869191049913,218,1.050228310502283,1.36986301369863,53.87263339070568,6.0,0.0003744292237442,0,1,0,0,Limit,43.5
65,65,blackberries frozen,97,0.6,0.017,0.006,0.4,23.7,16.1,1.8,7.6,0.0,0.007,124.1,0.0,0.07,0.001,0.0,0.068,1.8,0.2,0.0,4.7,0.0,1.8,0.1,43.8,0.2,1.2,33.2,1.8,45.3,211.4,0.027,0.4,83.4,FOOD-DATA-GROUP3,6.896551724137931,90.80459770114942,2.298850574712643,0.0728744939271255,97,1.8367346938775515,7.755102040816326,65.18218623481782,10.0,7.142857142857143e-05,0,1,0,0,Limit,56.3
66,66,cherries,5,0.056,0.053,0.093,0.047,1.3,1.0,0.068,0.2,0.0,0.0,6.6,0.0,0.0,0.071,0.063,0.0,0.011,0.052,0.083,0.079,0.6,0.0,0.005,0.053,1.0,0.026,0.015,0.9,0.004,1.7,17.8,0.0,1.715,FOOD-DATA-GROUP3,4.775280898876404,91.29213483146069,3.932584269662921,0.0295652173913043,5,1.1333333333333333,3.333333333333333,43.47826086956522,0.4,0.0,0,0,0,0,Healthy,49.9
67,67,plantain fried,16,0.6,0.2,0.2,0.1,2.6,0.2,0.023,0.2,0.0,0.065,1.9,0.0,0.084,0.059,0.0,0.099,0.025,0.081,0.023,0.2,0.0,0.0,0.0,0.2,0.028,0.039,3.1,0.096,2.3,25.5,0.0,0.044,3.85,FOOD-DATA-GROUP3,0.7136208501396214,80.67018305926156,18.61619609059882,0.0063888888888888,16,0.1352941176470588,1.1764705882352942,5.555555555555556,0.4,0.0038235294117647,0,0,0,0,Healthy,50.1
68,68,carambola starfruit,26,0.3,0.077,0.01,0.2,5.7,3.4,0.9,2.4,0.0,0.047,77.7,0.0,0.0,0.044,0.021,0.0,0.049,0.3,0.3,0.039,29.2,0.0,0.1,0.0,2.6,0.1,0.056,8.5,0.034,10.2,113.1,0.045,9.403,FOOD-DATA-GROUP3,13.043478260869565,82.6086956521739,4.3478260869565215,0.1343283582089552,26,3.333333333333333,8.88888888888889,50.74626865671642,4.8,0.0017407407407407,0,0,0,0,Healthy,52.9
69,69,chayote cooked,35,0.8,0.1,0.0,0.0,7.2,0.0,1.0,4.5,0.0,0.4,149.5,0.0,0.04,0.026,0.0,0.03,0.7,0.7,0.2,12.8,0.0,0.0,0.0,20.8,0.2,0.4,19.2,0.3,46.4,276.8,0.063,0.5,47.5,FOOD-DATA-GROUP3,11.11111111111111,80.0,8.88888888888889,0.1219512195121951,35,2.7777777777777777,12.5,0.0,9.0,0.0111111111111111,0,0,0,0,Healthy,57.4
70,70,apple dippers mcdonalds,33,0.0,0.0,0.0,0.0,8.2,6.3,0.0,0.0,0.0,0.0,59.5,0.088,0.0,0.0,0.0,0.0,0.0,0.0,0.0,188.4,0.0,0.001,0.0,42.2,0.0,0.021,0.0,0.0,0.0,0.0,0.0,0.0,238.864,FOOD-DATA-GROUP3,0.0,100.0,0.0,0.0,33,0.0,0.0,68.47826086956522,0.0,0.0,0,0,0,0,Healthy,47.5
71,71,white grapefruit,78,0.2,0.072,0.036,0.032,19.8,17.3,1.6,2.6,0.0,0.0,213.5,0.0,0.031,0.098,0.0,0.045,0.6,0.7,0.1,78.6,0.0,0.3,0.0,28.3,0.1,0.1,21.2,0.047,18.9,349.3,0.013,0.2,131.2,FOOD-DATA-GROUP3,7.4074074074074066,91.66666666666666,0.9259259259259258,0.0769230769230769,78,2.0253164556962027,3.2911392405063293,83.17307692307693,5.2,0.0,0,1,0,0,Avoid,48.1
72,72,cherimoya,176,1.6,0.5,0.1,0.4,41.6,30.2,3.7,7.1,0.0,0.061,186.6,0.0,0.0,0.2,0.034,0.0,0.3,1.5,0.8,0.6,29.6,0.0,0.6,0.0,23.5,0.2,0.6,40.0,0.2,61.1,674.5,0.0,54.8,FOOD-DATA-GROUP3,7.889125799573559,88.69936034115138,3.411513859275053,0.0868544600938967,176,2.0903954802259888,4.011299435028248,70.89201877934272,10.0,0.0003446327683615,0,1,0,0,Limit,51.0
73,73,melon balls,57,0.4,0.1,0.032,0.2,13.7,0.0,1.5,1.2,0.0,0.022,156.1,0.0,0.3,0.081,0.0,0.084,1.1,0.3,0.2,10.7,0.0,0.0,0.0,17.3,0.1,0.5,24.2,0.08,20.8,484.4,0.0,0.3,45.3,FOOD-DATA-GROUP3,9.615384615384617,87.82051282051282,2.5641025641025643,0.1020408163265306,57,2.586206896551724,2.0689655172413794,0.0,2.4,0.0003793103448275,0,0,0,0,Healthy,52.8
74,74,golden delicious apple,62,0.2,0.0,0.0,0.0,14.8,10.9,0.3,2.6,0.0,0.034,93.5,0.0,0.0,0.094,0.061,0.0,0.017,0.1,0.063,0.038,0.0,0.0,0.2,0.043,6.5,0.035,0.1,5.5,0.05,10.9,109.0,0.0,18.014,FOOD-DATA-GROUP3,1.96078431372549,96.73202614379085,1.30718954248366,0.0189873417721518,62,0.4761904761904761,4.126984126984127,68.9873417721519,5.2,0.0005396825396825,0,0,0,0,Healthy,49.8
75,75,pokeberry shoots raw,37,0.6,0.0,0.0,0.0,5.9,0.0,4.2,2.7,0.0,0.05,146.6,0.0,0.0,0.1,0.001,0.0,0.5,1.9,0.04,0.2,217.6,0.0,0.0,0.0,84.8,0.3,2.7,28.8,0.7,70.4,387.2,0.006,13.9,FOOD-DATA-GROUP3,39.25233644859813,55.140186915887845,5.6074766355140175,0.6086956521739131,37,11.05263157894737,7.105263157894736,0.0,5.4,0.0013157894736842,0,0,0,0,Healthy,57.2
76,76,cranberries,21,0.014,0.089,0.011,0.096,5.4,1.9,0.2,1.6,0.0,0.03,39.2,0.0,0.0,0.081,0.035,0.0,0.023,0.093,0.1,0.098,6.3,0.0,0.5,0.063,3.6,0.033,0.1,2.7,0.2,5.0,36.0,0.049,7.473,FOOD-DATA-GROUP3,3.5625222657641604,96.18810117563234,0.2493765586034912,0.03125,21,0.9090909090909092,7.272727272727273,29.687499999999996,3.2,0.0013636363636363,0,0,0,0,Healthy,51.7
77,77,quince,52,0.012,0.049,0.033,0.089,14.1,0.0,0.4,1.7,0.0,0.081,77.1,0.0,0.0,0.047,0.07,0.0,0.002,0.2,0.037,0.08,13.8,0.0,0.0,0.0,10.1,0.1,0.6,7.4,0.0,15.6,181.2,0.072,16.436,FOOD-DATA-GROUP3,2.7563395810363835,97.16097023153252,0.0826901874310915,0.0264900662251655,52,0.7547169811320755,3.207547169811321,0.0,3.4,0.0015283018867924,0,0,0,0,Healthy,52.8
78,78,chayote raw,25,0.2,0.027,0.053,0.021,6.0,2.2,1.1,2.2,0.0,0.094,124.4,0.0,0.0,0.065,0.1,0.0,0.041,0.6,0.3,0.1,10.2,0.0,0.2,0.046,22.4,0.2,0.4,15.8,0.2,23.8,165.0,0.047,9.855,FOOD-DATA-GROUP3,15.068493150684931,82.19178082191782,2.739726027397261,0.1571428571428571,25,4.230769230769231,8.461538461538462,31.428571428571438,4.4,0.0036153846153846,0,0,0,0,Healthy,53.2
79,79,orange with peel,100,0.5,0.036,0.003,0.048,24.6,0.0,2.1,7.2,0.0,0.028,130.9,0.0,0.2,0.019,0.0,0.042,0.8,0.5,0.1,112.9,0.0,0.0,0.0,111.3,0.016,1.3,22.3,0.0,35.0,311.6,0.039,0.2,259.9,FOOD-DATA-GROUP3,7.720588235294117,90.44117647058825,1.8382352941176467,0.08203125,100,2.0792079207920797,7.12871287128713,0.0,10.0,0.0002772277227722,0,0,0,0,Healthy,62.3
80,80,chokecherries,249,2.6,0.0,0.0,0.0,51.8,14.4,4.7,30.8,0.0,0.078,93.5,0.0,0.005,0.027,0.0,0.3,1.0,0.6,0.3,8.5,0.0,0.5,0.089,92.4,0.3,1.1,41.6,0.6,103.2,583.7,0.0,0.5,191.9,FOOD-DATA-GROUP3,7.952622673434856,87.64805414551606,4.39932318104907,0.0890151515151515,249,1.88,12.32,27.27272727272728,10.0,0.000312,0,0,0,0,Healthy,62.8
81,81,mango,202,1.3,0.3,0.5,0.2,50.3,45.9,2.8,5.4,0.0,0.027,280.4,0.0,0.0,0.034,0.1,0.0,0.1,2.2,0.7,0.4,122.3,0.0,3.0,0.019,37.0,0.4,0.5,33.6,0.2,47.0,564.5,0.08,60.641,FOOD-DATA-GROUP3,5.147058823529412,92.46323529411764,2.3897058823529416,0.0545808966861598,202,1.3793103448275863,2.6600985221674875,89.47368421052632,10.0,0.0001330049261083,0,1,0,0,Limit,41.6
82,82,wild plum,147,0.3,0.0,0.0,0.0,35.3,17.1,0.7,9.7,0.0,0.047,123.5,0.0,0.047,0.098,0.0,0.014,0.6,0.5,0.1,16.6,0.0,0.9,0.077,17.7,0.027,0.3,12.9,0.1,48.3,586.0,0.0,0.1,80.6,FOOD-DATA-GROUP3,1.9283746556473829,97.24517906336088,0.8264462809917356,0.0192837465564738,147,0.4729729729729729,6.5540540540540535,47.10743801652894,10.0,0.0003175675675675,0,1,0,0,Limit,58.2
83,83,jeijoa,148,1.0,0.3,0.1,0.3,37.0,19.9,1.7,15.6,0.0,0.041,202.4,0.0,0.001,0.071,0.0,0.015,0.7,0.6,0.2,79.9,0.0,0.4,0.041,41.3,0.006,0.3,21.9,0.2,46.2,418.0,0.0,0.1,176.8,FOOD-DATA-GROUP3,4.282115869017631,93.19899244332494,2.5188916876574305,0.0447368421052631,148,1.140939597315436,10.46979865771812,52.368421052631575,10.0,0.0002751677852348,0,1,0,0,Limit,58.1
84,84,groundcherries,74,1.0,0.0,0.0,0.0,15.7,0.0,2.7,0.0,0.0,0.0,119.6,0.0,0.2,0.0,0.0,0.043,3.9,0.0,0.0,15.4,0.0,0.0,0.0,12.6,0.0,1.4,0.0,0.0,56.0,0.0,0.0,0.0,48.8,FOOD-DATA-GROUP3,13.91752577319588,80.9278350515464,5.154639175257732,0.1616766467065868,74,3.6000000000000005,0.0,0.0,0.0,0.0,0,0,0,0,Healthy,52.0
85,85,pesca,30,0.1,6.1,0.8,0.0,0.0,0.0,0.0,0.0,0.0,0.0,0.0,0.0,0.0,0.0,0.0,0.0,0.0,0.0,0.0,0.0,0.0,0.0,0.0,0.0,0.0,0.0,0.0,0.0,0.0,0.0,0.0,0.0,0.1,FOOD-DATA-GROUP3,0.0,0.0,100.0,0.0,30,0.0,0.0,0.0,0.0,0.0,0,0,1,0,Limit,45.4
86,86,persimmon,32,0.1,0.0,0.0,0.0,8.4,0.0,0.2,0.0,0.0,0.024,16.1,0.0,0.0,0.0,0.0,0.0,0.0,0.0,0.0,16.5,0.0,0.0,0.0,6.8,0.0,0.6,0.0,0.0,6.5,77.5,0.0,0.0,32.6,FOOD-DATA-GROUP3,2.298850574712644,96.55172413793105,1.149425287356322,0.0212765957446808,32,0.6060606060606061,0.0,0.0,0.0,0.0007272727272727,0,0,0,0,Healthy,50.1
87,87,grapes,3,0.044,0.041,0.012,0.008,0.9,0.8,0.045,0.087,0.0,0.009,3.9,0.0,0.071,0.091,0.0,0.009,0.045,0.006,0.033,0.2,0.0,0.089,0.042,0.5,0.055,0.012,0.3,0.037,1.0,9.4,0.059,0.011,1.83,FOOD-DATA-GROUP3,4.55005055611729,91.0010111223458,4.448938321536905,0.0236842105263157,3,1.125,2.175,42.10526315789474,0.174,0.00225,0,0,0,0,Healthy,49.8
88,88,rambutan canned,175,0.4,0.0,0.0,0.0,44.7,0.0,1.4,1.9,0.0,0.051,167.0,0.0,0.088,0.019,0.0,0.077,2.9,0.094,0.039,10.5,0.0,0.0,0.0,47.1,0.1,0.7,15.0,0.7,19.3,89.9,0.0,0.2,106.7,FOOD-DATA-GROUP3,3.010752688172043,96.12903225806453,0.8602150537634409,0.0306345733041575,175,0.7954545454545454,1.0795454545454546,0.0,3.8,0.0002897727272727,0,0,0,0,Healthy,53.9
89,89,figs canned,14,0.039,0.066,0.066,0.045,3.8,3.2,0.1,0.6,0.0,0.049,23.0,0.0,0.008,0.036,0.0,0.093,0.1,0.044,0.094,0.3,0.0,0.092,0.041,7.6,0.003,0.069,2.7,0.095,2.7,27.8,0.093,0.014,12.491,FOOD-DATA-GROUP3,2.538715410002539,96.47118558009646,0.99009900990099,0.0208333333333333,14,0.6666666666666667,4.0,66.66666666666667,1.2,0.0032666666666666,0,0,0,0,Healthy,49.6
90,90,prunes canned,246,0.5,0.072,0.3,0.1,65.1,0.0,2.0,8.9,0.0,0.044,165.4,0.0,0.044,0.0,0.0,0.3,2.0,0.2,0.5,6.6,0.0,0.0,0.0,39.8,0.3,1.0,35.1,0.2,60.8,528.8,0.0,0.4,123.9,FOOD-DATA-GROUP3,2.9585798816568047,96.301775147929,0.7396449704142012,0.0302571860816944,246,0.8097165991902834,3.6032388663967616,0.0,10.0,0.0001781376518218,0,0,0,0,Healthy,64.8
91,91,pineapples canned,28,0.05,0.079,0.039,0.078,7.4,6.8,0.2,0.4,0.0,0.06,39.2,0.0,0.066,0.041,0.0,0.03,0.1,0.087,0.068,4.5,0.0,0.048,0.016,6.6,0.026,0.1,6.6,0.5,2.8,57.3,0.047,0.092,19.255,FOOD-DATA-GROUP3,2.6143790849673203,96.73202614379085,0.6535947712418301,0.0238095238095238,28,0.6896551724137931,1.3793103448275863,80.95238095238095,0.8,0.0020689655172413,0,0,0,0,Healthy,48.0
92,92,prune plums canned,27,0.075,0.006,0.035,0.096,7.0,6.5,0.2,0.4,0.0,0.055,38.6,0.0,0.082,0.034,0.0,0.068,0.2,0.01,0.056,1.3,0.0,0.065,0.093,4.6,0.06,0.2,3.7,0.025,6.9,70.8,0.0,0.06,13.728,FOOD-DATA-GROUP3,2.7491408934707904,96.21993127147763,1.0309278350515465,0.025,27,0.7142857142857143,1.4285714285714286,81.25,0.8,0.0019642857142857,0,0,0,0,Healthy,48.1
93,93,tangerines canned,92,0.1,0.087,0.086,0.04,23.8,22.1,1.5,1.7,0.0,0.022,222.9,0.0,0.2,0.053,0.0,0.038,1.1,0.3,0.1,85.2,0.0,0.2,0.0,27.4,0.085,0.7,27.4,0.044,24.9,331.2,0.058,1.3,140.389,FOOD-DATA-GROUP3,5.905511811023621,93.7007874015748,0.3937007874015747,0.0604838709677419,92,1.6129032258064515,1.827956989247312,89.11290322580645,3.4,0.0002365591397849,0,1,0,0,Avoid,44.8
94,94,fruit cocktail canned,109,0.053,0.03,0.04,0.042,28.1,25.7,1.1,2.4,0.0,0.059,207.2,0.0,0.023,0.003,0.0,0.056,1.0,0.1,0.1,6.4,0.0,0.9,0.021,19.0,0.1,0.5,16.6,0.3,33.2,225.2,0.075,0.2,57.508,FOOD-DATA-GROUP3,3.76029808908488,96.0585239120774,0.181177998837726,0.0378006872852233,109,1.0,2.1818181818181817,88.31615120274914,4.8,0.0005363636363636,0,1,0,0,Avoid,44.1
95,95,sour cherries canned,189,0.3,0.007,0.033,0.087,48.6,0.0,1.9,2.0,0.0,0.073,200.6,0.0,0.024,0.088,0.0,0.009,0.4,0.3,0.1,5.0,0.0,0.0,0.0,25.2,0.2,3.3,15.1,0.2,25.2,239.4,0.0,0.2,86.3,FOOD-DATA-GROUP3,3.740157480314961,95.66929133858268,0.5905511811023622,0.0383064516129032,189,1.0,1.0526315789473684,0.0,4.0,0.0003842105263157,0,0,0,0,Healthy,54.4
96,96,mangosteen canned,143,1.1,0.0,0.0,0.0,35.1,0.0,0.8,3.5,0.0,0.024,158.6,0.0,0.1,0.074,0.0,0.1,0.6,0.057,0.089,5.7,0.0,0.0,0.0,23.5,0.1,0.6,25.5,0.2,15.7,94.1,0.0,0.4,70.3,FOOD-DATA-GROUP3,2.1621621621621623,94.86486486486488,2.972972972972973,0.0221606648199446,143,0.5555555555555556,2.430555555555556,0.0,7.0,0.0001666666666666,0,0,0,0,Healthy,55.8
97,97,apricot juice,117,0.07,0.008,0.048,0.065,30.1,26.2,1.5,3.9,0.0,0.024,211.4,0.0,0.0,0.048,0.043,0.0,0.025,0.8,0.2,0.1,12.0,0.0,1.5,0.053,29.3,0.1,0.7,24.4,0.1,48.8,402.6,0.028,35.804,FOOD-DATA-GROUP3,4.73634354278497,95.04262709188508,0.2210293653299652,0.0482315112540192,117,1.2711864406779665,3.305084745762712,84.24437299035368,7.8,0.0002033898305084,0,1,0,0,Limit,46.5
98,98,strawberries canned,234,0.7,0.064,0.03,0.3,59.8,55.4,1.4,4.3,0.0,0.024,191.4,0.0,0.024,0.008,0.0,0.051,0.1,0.5,0.1,80.5,0.0,0.5,0.091,33.0,0.2,1.2,20.3,0.5,30.5,218.4,0.007,0.2,180.9,FOOD-DATA-GROUP3,2.2617124394184165,96.60743134087238,1.1308562197092082,0.0230263157894736,234,0.5957446808510638,1.8297872340425527,91.11842105263158,8.6,0.0001021276595744,0,1,0,0,Limit,37.5
99,99,peach canned,110,0.094,0.03,0.026,0.067,28.9,25.7,1.6,3.3,0.0,0.006,218.7,0.0,0.004,0.026,0.0,0.034,1.5,0.1,0.071,9.0,0.0,1.2,0.088,15.0,0.1,0.7,17.5,0.1,42.5,320.0,0.04,0.3,58.587,FOOD-DATA-GROUP3,5.229783617702818,94.46296659475712,0.3072497875400405,0.0535117056856187,110,1.4414414414414414,2.972972972972973,85.95317725752508,6.6,5.405405405405405e-05,0,1,0,0,Limit,45.8
100,100,fruit salad canned,125,0.008,0.08,0.005,0.006,32.5,0.0,1.3,2.5,0.0,0.069,214.5,0.0,0.016,0.02,0.0,0.027,0.9,0.1,0.059,8.2,0.0,0.0,0.0,27.4,0.1,0.6,19.9,0.4,34.9,288.8,0.0,0.3,72.531,FOOD-DATA-GROUP3,3.845243729294842,96.13109323237104,0.0236630383341221,0.0388059701492537,125,1.0317460317460316,1.984126984126984,0.0,5.0,0.000547619047619,0,0,0,0,Healthy,54.7
101,101,gooseberries canned,184,0.5,0.004,0.097,0.3,47.3,0.0,1.6,6.0,0.0,0.097,201.9,0.0,0.066,0.041,0.0,0.1,0.4,0.3,0.085,25.2,0.0,0.0,0.0,40.3,0.5,0.8,15.1,0.4,17.6,194.0,0.069,0.3,121.7,FOOD-DATA-GROUP3,3.238866396761133,95.748987854251,1.0121457489878545,0.0331262939958592,184,0.8648648648648649,3.2432432432432434,0.0,10.0,0.0005243243243243,0,0,0,0,Healthy,60.2
102,102,grapefruit canned,88,0.2,0.09,0.011,0.066,22.3,21.4,1.4,1.0,0.0,0.091,219.2,0.0,0.061,0.094,0.0,0.092,0.6,0.3,0.08,53.2,0.0,0.2,0.0,36.6,0.2,1.0,24.4,0.056,24.4,322.1,0.049,0.2,115.7,FOOD-DATA-GROUP3,5.857740585774058,93.30543933054392,0.8368200836820084,0.0600858369098712,88,1.5730337078651684,1.1235955056179776,91.84549356223177,2.0,0.0010224719101123,0,1,0,0,Avoid,43.9
103,103,pear canned,38,0.001,0.099,0.049,0.034,9.8,7.4,0.3,1.2,0.0,0.088,65.7,0.0,0.096,0.08,0.0,0.048,0.2,0.085,0.042,1.2,0.0,0.078,0.034,6.8,0.012,0.2,5.3,0.064,9.1,73.0,0.0,0.077,19.566,FOOD-DATA-GROUP3,2.970002970002969,97.020097020097,0.0099000099000099,0.0277777777777777,38,0.7692307692307692,3.0769230769230766,68.5185185185185,2.4,0.0022564102564102,0,0,0,0,Healthy,49.0
104,104,raspberries canned,233,0.3,0.081,0.012,0.2,59.8,51.4,2.1,8.4,0.0,0.013,192.8,0.0,0.094,0.074,0.0,0.07,1.1,0.6,0.1,22.3,0.0,1.5,0.074,28.2,0.1,1.1,30.7,0.6,23.0,240.6,0.092,0.4,122.2,FOOD-DATA-GROUP3,3.376205787781351,96.14147909967846,0.482315112540193,0.0345394736842105,233,0.8974358974358976,3.5897435897435903,84.53947368421053,10.0,5.555555555555555e-05,0,1,0,0,Limit,44.1
105,105,papaya canned,80,0.2,0.1,0.006,0.026,21.8,20.4,0.001,0.6,0.0,0.075,16.9,0.0,0.038,0.0,0.0,0.084,0.014,0.003,0.006,1.4,0.0,0.0,0.038,8.2,0.008,0.1,2.3,0.082,2.3,26.1,0.031,0.002,32.371,FOOD-DATA-GROUP3,0.0045452479432753,99.08640516340166,0.9090495886550612,4.385964912280701e-05,80,0.0012345679012345,0.7407407407407407,89.4736842105263,1.2,0.0009259259259259,0,1,0,0,Avoid,42.7
106,106,grapes canned,98,0.3,0.034,0.072,0.006,25.2,23.8,1.2,1.5,0.0,0.022,217.7,0.0,0.089,0.065,0.0,0.006,0.3,0.1,0.2,2.5,0.0,0.3,0.069,24.5,0.1,2.4,14.7,0.077,44.1,262.2,0.028,0.1,57.6,FOOD-DATA-GROUP3,4.49438202247191,94.3820224719101,1.1235955056179776,0.0458015267175572,98,1.2121212121212122,1.5151515151515151,90.83969465648856,3.0,0.0002222222222222,0,1,0,0,Avoid,43.6
107,107,apple dried,145,0.2,0.088,0.022,0.041,39.1,34.0,0.6,5.1,0.0,0.024,214.5,0.0,0.093,0.0,0.0,0.013,0.3,0.1,0.1,2.6,0.0,0.3,0.036,7.7,0.1,0.8,10.2,0.051,23.0,267.8,0.076,0.1,56.1,FOOD-DATA-GROUP3,1.5037593984962403,97.99498746867168,0.5012531328320802,0.0149625935162094,145,0.410958904109589,3.493150684931506,84.78802992518702,10.0,0.0001643835616438,0,1,0,0,Limit,44.4
108,108,peach dried,199,0.6,0.055,0.2,0.3,50.8,43.8,3.0,7.0,0.0,0.059,201.5,0.0,0.029,0.0,0.0,0.006,3.9,0.5,0.039,9.5,0.0,0.2,0.06,23.2,0.3,3.4,33.5,0.3,98.0,825.6,0.068,0.5,97.5,FOOD-DATA-GROUP3,5.514705882352941,93.38235294117648,1.1029411764705883,0.0579150579150579,199,1.5,3.5000000000000004,84.55598455598455,10.0,0.0002949999999999,0,1,0,0,Limit,45.2
109,109,plantain chips,150,8.4,2.4,1.6,3.3,18.1,0.3,0.6,1.0,0.0,0.039,0.6,0.0,0.087,0.045,0.0,0.024,0.2,0.3,0.1,9.1,0.0,1.4,0.098,2.5,0.049,0.3,20.1,0.094,22.1,222.4,0.028,0.1,40.0,FOOD-DATA-GROUP3,2.214022140221402,66.78966789667898,30.996309963099637,0.031413612565445,150,0.3973509933774834,0.6622516556291391,1.5706806282722512,2.0,0.0002582781456953,0,0,0,0,Healthy,50.0
110,110,golden raisins,498,0.8,0.2,0.016,0.2,131.2,97.7,5.6,6.6,0.0,0.001,24.7,0.0,0.031,0.067,0.0,0.3,1.9,0.2,0.5,5.3,0.0,0.2,0.066,87.5,0.6,3.0,57.8,0.5,189.8,1230.9,0.062,0.5,240.0,FOOD-DATA-GROUP3,4.069767441860464,95.34883720930232,0.5813953488372093,0.0423600605143721,498,1.122244488977956,1.3226452905811623,73.90317700453859,10.0,2.004008016032064e-06,0,1,0,0,Limit,43.9
111,111,raisins seeded,488,0.9,0.3,0.036,0.3,129.5,0.0,4.2,11.2,0.0,0.098,27.3,0.0,0.2,0.092,0.0,0.3,1.8,0.092,0.3,8.9,0.0,0.0,0.0,46.2,0.5,4.3,49.5,0.4,123.8,1361.3,0.058,0.3,205.2,FOOD-DATA-GROUP3,3.12035661218425,96.2109955423477,0.6686478454680536,0.032183908045977,488,0.8588957055214724,2.290388548057259,0.0,10.0,0.000200408997955,0,0,0,0,Healthy,67.9
112,112,zante currants dried,408,0.4,0.009,0.003,0.3,106.7,96.9,5.9,9.8,0.0,0.067,27.7,0.0,0.2,0.07,0.0,0.2,2.3,0.007,0.4,6.8,0.0,0.2,0.07,123.8,0.7,4.7,59.0,0.7,180.0,1284.5,0.098,1.0,258.1,FOOD-DATA-GROUP3,5.221238938053097,94.42477876106192,0.3539823008849557,0.0547818012999071,408,1.4425427872860637,2.3960880195599024,89.97214484679667,10.0,0.000163814180929,0,1,0,0,Limit,49.1
113,113,pear dried,94,0.2,0.003,0.01,0.065,25.1,22.4,0.7,2.7,0.0,0.074,9.6,0.0,0.006,0.0,0.0,0.067,0.5,0.054,0.074,2.5,0.0,0.036,0.002,12.2,0.1,0.8,11.9,0.1,21.2,191.9,0.005,0.1,44.2,FOOD-DATA-GROUP3,2.692307692307692,96.53846153846152,0.7692307692307693,0.0268199233716475,94,0.7368421052631579,2.8421052631578947,85.82375478927202,5.4,0.000778947368421,0,1,0,0,Avoid,45.6
114,114,raisins,90,0.056,0.005,0.063,0.004,23.8,19.6,1.0,1.4,0.0,0.025,4.6,0.049,0.0,0.015,0.006,0.0,0.02,0.2,0.006,0.081,0.7,0.0,0.003,0.068,18.6,0.018,0.5,10.8,0.018,29.4,223.2,0.042,26.474,FOOD-DATA-GROUP3,4.023173479240424,95.7515288059221,0.2252977148374637,0.0403225806451612,90,1.098901098901099,1.5384615384615383,79.03225806451614,2.8,0.0002747252747252,0,1,0,0,Avoid,45.0
115,115,prune plums dried,308,0.5,0.01,0.4,0.1,81.5,0.0,2.7,9.4,0.0,0.011,161.4,0.0,0.07,0.0,0.0,0.2,1.7,0.2,0.5,6.7,0.0,0.0,0.0,52.1,0.4,2.6,47.1,0.2,81.8,773.8,0.055,0.5,155.5,FOOD-DATA-GROUP3,3.187721369539551,96.22195985832349,0.5903187721369539,0.0327272727272727,308,0.8737864077669903,3.042071197411003,0.0,10.0,3.559870550161812e-05,0,0,0,0,Healthy,66.1
116,116,cranberries dried,370,1.6,0.1,0.2,0.8,98.8,78.0,0.053,6.8,0.0,0.037,19.2,0.0,0.05,0.0,0.0,0.029,1.2,0.3,0.004,0.2,0.0,1.3,0.066,12.0,0.003,0.6,6.0,0.3,9.6,48.0,0.09,0.1,120.036,FOOD-DATA-GROUP3,0.0527609927030551,98.35445432192172,1.5927846853752503,0.0005310621242484,370,0.0142857142857142,1.8328840970350404,78.15631262525051,10.0,9.973045822102426e-05,0,1,0,0,Limit,40.2
117,117,figs dried,21,0.008,0.014,0.003,0.037,5.4,4.0,0.3,0.8,0.0,0.091,2.5,0.0,0.021,0.002,0.0,0.054,0.023,0.046,0.031,0.1,0.0,0.062,0.046,13.6,0.052,0.2,5.7,0.073,5.6,57.1,0.067,0.079,20.461,FOOD-DATA-GROUP3,5.255781359495445,94.60406447091802,0.1401541695865452,0.0468749999999999,21,1.3636363636363635,3.6363636363636367,62.5,1.6,0.0041363636363636,0,0,0,0,Healthy,49.8
118,118,longans dried,5,0.091,0.0,0.0,0.0,1.3,0.0,0.027,0.0,0.0,0.018,0.3,0.0,0.008,0.0,0.0,0.055,0.001,0.0,0.0,0.5,0.0,0.0,0.0,0.8,0.072,0.009,0.8,0.078,3.3,11.2,0.0,0.001,2.804,FOOD-DATA-GROUP3,1.904090267983075,91.6784203102962,6.417489421720733,0.0117391304347826,5,0.4499999999999999,0.0,0.0,0.0,0.0029999999999999,0,0,0,0,Healthy,50.0
119,119,banana chips,147,9.5,8.2,0.6,0.2,16.5,10.0,0.7,2.2,0.0,0.099,1.2,0.0,0.003,0.041,0.0,0.03,0.2,0.2,0.032,1.8,0.0,0.042,0.057,5.1,0.031,0.4,21.5,0.4,15.8,151.7,0.06,0.2,36.2,FOOD-DATA-GROUP3,2.6217228464419478,61.79775280898877,35.58052434456929,0.04,147,0.4729729729729729,1.4864864864864866,57.14285714285714,4.4,0.0006689189189189,0,0,1,0,Limit,43.7
120,120,lychee dried,7,0.003,0.076,0.004,0.061,1.8,1.7,0.01,0.1,0.0,0.049,0.6,0.0,0.06,0.063,0.0,0.015,0.032,0.0,0.004,4.6,0.0,0.071,0.032,0.8,0.071,0.036,1.1,0.012,4.5,27.8,0.08,0.085,7.431,FOOD-DATA-GROUP3,0.5515719801434087,99.28295642581358,0.1654715940430226,0.0035714285714285,7,0.125,1.25,60.71428571428572,0.2,0.006125,0,0,0,0,Healthy,49.4
121,121,apricot dried,17,0.015,0.02,0.083,0.031,4.4,3.7,0.2,0.5,0.0,0.066,2.2,0.0,0.042,0.064,0.0,0.086,0.2,0.055,0.017,0.012,0.0,0.3,0.088,3.9,0.02,0.2,2.2,0.038,5.0,81.3,0.04,0.055,9.329,FOOD-DATA-GROUP3,4.333694474539545,95.34127843987,0.3250270855904658,0.037037037037037,17,1.1111111111111112,2.7777777777777777,68.5185185185185,1.0,0.0036666666666666,0,0,0,0,Healthy,49.4
122,122,longan,2,0.076,0.0,0.0,0.0,0.5,0.0,0.009,0.071,0.0,0.0,2.6,0.0,0.01,0.0,0.0,0.052,0.014,0.0,0.0,2.7,0.0,0.0,0.0,0.039,0.059,0.066,0.3,0.089,0.7,8.5,0.0,0.01,3.493,FOOD-DATA-GROUP3,1.5384615384615383,85.47008547008548,12.991452991452991,0.0059999999999999,2,0.3,2.3666666666666667,0.0,0.142,0.0,0,0,0,0,Healthy,50.1
123,123,mamey sapote,217,0.8,0.3,0.2,0.2,56.2,35.2,2.5,9.5,0.0,0.008,113.5,0.0,0.018,0.094,0.0,0.2,2.5,0.7,1.3,40.3,0.0,3.7,0.0,31.5,0.4,1.4,19.3,0.4,45.5,794.5,0.0,0.3,142.2,FOOD-DATA-GROUP3,4.201680672268908,94.45378151260503,1.3445378151260503,0.0437062937062937,217,1.146788990825688,4.357798165137615,61.53846153846154,10.0,3.669724770642202e-05,0,1,0,0,Limit,51.8
124,124,waxgourd cooked,19,0.4,0.026,0.076,0.2,4.3,2.1,0.7,1.8,0.0,0.6,168.1,0.0,0.059,0.087,0.0,0.052,0.7,0.2,0.096,18.4,0.0,0.1,0.028,31.5,0.036,0.7,17.5,0.015,29.8,8.8,0.012,1.0,57.8,FOOD-DATA-GROUP3,12.962962962962962,79.62962962962962,7.4074074074074066,0.1320754716981132,19,3.5,9.0,39.62264150943396,3.6,0.03,0,0,0,0,Healthy,52.4
125,125,jackfruit,33,0.2,0.071,0.004,0.002,8.1,6.7,0.6,0.5,0.0,0.094,25.7,0.0,0.0,0.09,0.019,0.0,0.031,0.3,0.073,0.1,4.8,0.0,0.1,0.0,8.4,0.071,0.005,10.2,0.081,7.4,156.8,0.0,9.574,FOOD-DATA-GROUP3,6.7415730337078665,91.0112359550562,2.247191011235956,0.0659340659340659,33,1.7647058823529411,1.4705882352941175,73.62637362637363,1.0,0.0027647058823529,0,0,0,0,Healthy,48.5
126,126,loquats,9,0.071,0.085,0.035,0.023,2.4,0.0,0.09,0.3,0.0,0.053,17.3,0.0,0.097,0.015,0.0,0.048,0.012,0.0,0.042,0.2,0.0,0.0,0.0,3.2,0.093,0.007,2.6,0.037,5.4,53.2,0.047,0.014,6.236,FOOD-DATA-GROUP3,3.514252245216712,93.713393205779,2.772354549004295,0.0264705882352941,9,0.8999999999999999,3.0,0.0,0.6,0.0053,0,0,0,0,Healthy,50.5
127,127,mammy apple mamey,431,4.2,1.2,1.7,0.7,105.8,0.0,4.2,25.4,0.0,0.1,729.3,0.0,0.2,0.1,0.0,0.3,3.4,0.9,0.8,118.4,0.0,0.0,0.0,93.1,0.7,5.9,135.4,0.0,93.1,397.6,0.064,0.8,357.0,FOOD-DATA-GROUP3,3.677758318739054,92.6444833625219,3.677758318739054,0.0393258426966292,431,0.9722222222222222,5.879629629629629,0.0,10.0,0.0002314814814814,0,0,0,0,Healthy,67.2
128,128,nance,82,1.3,0.0,0.0,0.0,19.0,9.3,0.7,8.4,0.0,0.039,90.3,0.0,0.0,0.086,0.032,0.0,0.022,0.3,0.2,0.098,103.6,0.0,1.4,0.078,51.5,0.037,0.4,22.4,0.3,11.2,273.3,0.017,29.436,FOOD-DATA-GROUP3,3.333333333333333,90.47619047619048,6.190476190476191,0.0349999999999999,82,0.8433734939759037,10.120481927710845,46.5,10.0,0.0004698795180722,0,0,0,0,Healthy,59.4
129,129,coconut whole coconut,3336,71.5,672.0,48.0,0.0,0.0,0.0,0.0,0.0,0.0,0.0,0.0,0.0,0.0,0.0,0.0,0.0,0.0,0.0,0.0,0.0,0.0,0.0,0.0,0.0,0.0,0.0,0.0,0.0,0.0,0.0,0.0,0.0,71.5,FOOD-DATA-GROUP3,0.0,0.0,100.0,0.0,3336,0.0,0.0,0.0,0.0,0.0,0,0,1,0,Avoid,35.0
130,130,prickly pear,42,0.5,0.014,0.038,0.2,9.9,0.0,0.8,3.7,0.0,0.044,90.2,0.0,0.0,0.066,0.097,0.0,0.062,0.5,0.0,0.097,14.4,0.0,0.0,0.0,57.7,0.051,0.3,87.6,0.0,24.7,226.6,0.012,14.977,FOOD-DATA-GROUP3,7.142857142857142,88.39285714285714,4.4642857142857135,0.073394495412844,42,1.8604651162790695,8.604651162790699,0.0,7.4,0.0010232558139534,0,0,0,0,Healthy,56.1
131,131,lychee,6,0.016,0.06,0.03,0.067,1.6,1.5,0.024,0.1,0.0,0.029,7.8,0.0,0.0,0.067,0.033,0.0,0.058,0.047,0.0,0.038,6.9,0.0,0.006,0.086,0.5,0.022,0.092,1.0,0.015,3.0,16.4,0.061,2.012,FOOD-DATA-GROUP3,1.4634146341463414,97.5609756097561,0.975609756097561,0.0092307692307692,6,0.3428571428571428,1.4285714285714286,57.692307692307686,0.2,0.0041428571428571,0,0,0,0,Healthy,49.5
132,132,naranjilla lulo pulp,30,0.3,0.0,0.0,0.0,7.1,4.5,0.5,1.3,0.0,0.044,111.7,0.0,0.039,0.032,0.0,0.0,1.7,0.3,0.1,3.8,0.0,0.9,0.011,9.6,0.069,0.4,13.2,0.074,14.4,240.0,0.082,0.1,23.0,FOOD-DATA-GROUP3,6.329113924050633,89.87341772151899,3.79746835443038,0.0617283950617284,30,1.6129032258064515,4.193548387096775,55.55555555555556,2.6,0.0014193548387096,0,0,0,0,Healthy,50.5
133,133,coconut meat dried,187,18.3,16.2,0.8,0.2,6.7,2.1,1.9,4.6,0.0,0.058,0.8,0.0,0.054,0.059,0.0,0.012,0.2,0.2,0.047,0.4,0.0,0.1,0.049,7.4,0.2,0.9,25.5,0.8,58.3,153.7,0.041,0.6,40.2,FOOD-DATA-GROUP3,7.063197026022305,24.907063197026027,68.02973977695169,0.2467532467532467,187,1.0106382978723405,2.4468085106382977,27.27272727272727,9.2,0.0003085106382978,0,0,1,0,Limit,45.3
134,134,waxgourd raw,17,0.3,0.036,0.024,0.1,4.0,0.0,0.5,3.8,0.0,0.1,126.9,0.0,0.07,0.089,0.0,0.1,0.5,0.2,0.082,17.2,0.0,0.0,0.0,25.1,0.088,0.5,13.2,0.067,25.1,7.9,0.052,0.8,51.4,FOOD-DATA-GROUP3,10.416666666666668,83.33333333333334,6.25,0.1,17,2.7777777777777777,21.11111111111111,0.0,7.6,0.0055555555555555,0,0,0,0,Healthy,56.0
135,135,surinam cherry pitanga,2,0.059,0.0,0.0,0.0,0.5,0.0,0.045,0.0,0.0,0.1,6.4,0.0,0.024,0.0,0.0,0.004,0.096,0.0,0.0,1.8,0.0,0.0,0.0,0.6,0.0,0.0,0.8,0.0,0.8,7.2,0.0,0.0,3.056,FOOD-DATA-GROUP3,7.450331125827814,82.78145695364238,9.7682119205298,0.03,2,1.5,0.0,0.0,0.0,0.0333333333333333,0,0,0,0,Healthy,50.0
136,136,passion fruit,17,0.1,0.098,0.051,0.053,4.2,2.0,0.4,1.9,0.0,0.072,13.1,0.0,0.0,0.0,0.068,0.0,0.09,0.3,0.0,0.074,5.4,0.0,0.078,0.03,2.2,0.015,0.3,5.2,0.0,12.2,62.6,0.053,6.667,FOOD-DATA-GROUP3,8.51063829787234,89.36170212765957,2.127659574468085,0.0769230769230769,17,2.2222222222222223,10.555555555555555,38.46153846153846,3.8,0.004,0,0,0,0,Healthy,52.3
137,137,sapodilla,141,1.9,0.3,0.9,0.05,33.9,0.0,0.7,9.0,0.0,0.08,132.6,0.0,0.0,0.08,0.0,0.001,0.3,0.4,0.086,25.0,0.0,0.0,0.0,35.7,0.1,1.4,20.4,0.0,20.4,328.1,0.099,0.2,107.6,FOOD-DATA-GROUP3,1.9178082191780816,92.87671232876713,5.205479452054794,0.0200573065902578,141,0.4929577464788732,6.338028169014084,0.0,10.0,0.0005633802816901,0,0,0,0,Healthy,63.8
138,138,pummelo,48,0.06,0.0,0.0,0.0,12.0,0.0,1.0,1.3,0.0,0.094,111.4,0.0,0.0,0.067,0.0,0.0,0.098,0.3,0.0,0.005,76.3,0.0,0.0,0.0,5.0,0.097,0.1,7.5,0.005,21.3,270.0,0.0,14.376,FOOD-DATA-GROUP3,7.656967840735068,91.88361408882082,0.4594180704441041,0.0769230769230769,48,2.0408163265306123,2.653061224489796,0.0,2.6,0.0019183673469387,0,0,0,0,Healthy,52.7
139,139,coconut meat,1405,133.0,117.9,5.7,1.5,60.5,24.7,13.2,35.7,0.0,0.022,186.6,0.0,0.3,0.1,0.0,0.054,2.1,1.2,0.2,13.1,0.0,1.0,0.019,55.6,1.7,9.6,127.0,6.0,448.6,1413.3,0.056,4.4,320.7,FOOD-DATA-GROUP3,6.386066763425253,29.26947266569908,64.34446057087567,0.2146341463414634,1405,0.9388335704125178,2.539118065433855,40.16260162601626,10.0,1.5647226173541963e-05,0,1,1,0,Limit,50.0
140,140,soursop,149,0.7,0.1,0.2,0.2,37.9,30.5,2.3,7.4,0.0,0.024,182.6,0.0,0.2,0.001,0.0,0.1,2.0,0.6,0.1,46.4,0.0,0.2,0.031,31.5,0.2,1.4,47.3,0.0,60.8,625.5,0.017,0.2,127.6,FOOD-DATA-GROUP3,5.623471882640587,92.66503667481662,1.7114914425427872,0.0591259640102827,149,1.5333333333333332,4.933333333333334,78.40616966580977,10.0,0.00016,0,1,0,0,Limit,50.5
141,141,papaya,62,0.4,0.1,0.1,0.051,15.7,11.3,0.7,2.5,0.0,0.004,127.7,0.0,0.0,0.097,0.061,0.0,0.07,0.5,0.3,0.014,88.3,0.0,0.4,0.06,29.0,0.017,0.4,30.5,0.026,14.5,263.9,0.086,19.422,FOOD-DATA-GROUP3,4.166666666666667,93.45238095238096,2.3809523809523814,0.0419161676646706,62,1.111111111111111,3.968253968253968,67.66467065868265,5.0,6.349206349206349e-05,0,0,0,0,Healthy,49.7
142,142,acerola cherry,2,0.052,0.074,0.086,0.036,0.4,0.0,0.079,0.077,0.0,0.088,4.4,0.0,0.0,0.039,0.038,0.0,0.093,0.026,0.072,0.076,80.5,0.0,0.0,0.0,0.6,0.007,0.021,0.9,0.0,0.5,7.0,0.045,0.707,FOOD-DATA-GROUP3,14.87758945386064,75.32956685499059,9.792843691148777,0.0564285714285714,2,2.6333333333333333,2.566666666666667,0.0,0.154,0.0293333333333333,0,0,0,0,Healthy,50.1
143,143,ohelo berries,39,0.3,0.0,0.0,0.0,9.6,0.0,0.5,0.0,0.0,0.068,129.2,0.0,0.066,0.0,0.0,0.082,0.4,0.0,0.0,8.4,0.0,0.0,0.0,9.8,0.0,0.1,8.4,0.0,14.0,53.2,0.0,0.0,28.7,FOOD-DATA-GROUP3,4.807692307692308,92.3076923076923,2.8846153846153846,0.0471698113207547,39,1.25,0.0,0.0,0.0,0.0017,0,0,0,0,Healthy,50.4
144,144,loganberries,81,0.5,0.053,0.023,0.3,19.1,11.3,2.2,7.8,0.0,0.06,124.4,0.0,0.008,0.029,0.0,0.05,1.2,0.4,0.083,22.5,0.0,1.3,0.065,38.2,0.2,0.9,30.9,1.8,38.2,213.2,0.065,0.5,91.2,FOOD-DATA-GROUP3,10.091743119266056,87.61467889908258,2.293577981651376,0.1094527363184079,81,2.682926829268293,9.51219512195122,56.21890547263681,10.0,0.0007317073170731,0,0,0,0,Healthy,58.8
145,145,casaba melon,48,0.2,0.012,0.046,0.012,11.2,9.7,1.9,1.5,0.0,0.057,156.1,0.0,0.083,0.003,0.0,0.042,0.4,0.1,0.3,37.1,0.0,0.053,0.034,18.7,0.1,0.6,18.7,0.026,8.5,309.4,0.07,0.1,71.2,FOOD-DATA-GROUP3,14.285714285714285,84.21052631578948,1.503759398496241,0.1557377049180328,48,3.877551020408163,3.061224489795918,79.50819672131148,3.0,0.0011632653061224,0,0,0,0,Healthy,49.8
146,146,durian,51,1.9,0.0,0.0,0.0,9.5,0.0,0.5,1.3,0.0,0.079,22.7,0.0,0.0,0.1,0.095,0.0,0.049,0.4,0.029,0.1,6.9,0.0,0.0,0.0,2.1,0.094,0.2,10.5,0.1,13.7,152.6,0.0,13.358,FOOD-DATA-GROUP3,4.201680672268907,79.83193277310924,15.966386554621849,0.0476190476190476,51,0.9615384615384616,2.5,0.0,2.6,0.0015192307692307,0,0,0,0,Healthy,52.3
147,147,coriander leaves raw,4,0.086,0.044,0.01,0.064,0.6,0.1,0.3,0.4,0.0,0.005,14.8,0.0,0.083,0.05,0.0,0.059,0.2,0.069,0.066,4.3,0.0,0.4,0.008,10.7,0.028,0.3,4.2,0.051,7.7,83.4,0.019,0.059,16.674,FOOD-DATA-GROUP3,30.425963488843816,60.85192697768763,8.72210953346856,0.1874999999999999,4,6.0,8.0,6.25,0.8,0.001,0,0,0,0,Healthy,50.8
148,148,garden cress raw,3,0.062,0.052,0.049,0.062,0.5,0.4,0.2,0.063,0.0,0.079,8.0,0.0,0.0,0.072,0.004,0.0,0.03,0.018,0.019,0.017,6.2,0.0,0.011,0.04,7.3,0.009,0.1,3.4,0.001,6.8,54.5,0.032,0.886,FOOD-DATA-GROUP3,26.246719160104988,65.61679790026247,8.136482939632545,0.1333333333333333,3,5.0,1.575,26.666666666666668,0.126,0.01975,0,0,0,0,Healthy,50.0
149,149,pasilla peppers dried,24,1.1,0.0,0.0,0.0,3.6,0.0,0.9,1.9,0.0,0.063,1.0,0.0,0.084,0.058,0.0,0.2,0.5,0.1,0.3,0.4,0.0,0.0,0.0,6.8,0.022,0.7,9.1,0.1,18.7,155.5,0.075,0.062,15.4,FOOD-DATA-GROUP3,16.071428571428573,64.28571428571429,19.642857142857142,0.1956521739130435,24,3.6000000000000005,7.6,0.0,3.8,0.00252,0,0,0,0,Healthy,53.5
150,150,parsley dried,1,0.096,0.064,0.086,0.093,0.3,0.073,0.1,0.1,0.0,0.058,0.09,0.0,0.062,0.072,0.0,0.014,0.031,0.089,0.03,0.6,0.0,0.008,0.063,5.7,0.092,0.1,2.0,0.061,2.2,13.4,0.029,0.076,6.95,FOOD-DATA-GROUP3,20.161290322580648,60.483870967741936,19.35483870967742,0.0769230769230769,1,5.0,5.0,5.615384615384615,0.2,0.029,0,0,0,0,Healthy,50.1
151,151,ancho pepper dried,48,1.4,0.1,0.08,0.8,8.7,0.0,2.0,3.7,0.0,0.068,3.8,0.0,0.055,0.082,0.0,0.4,1.1,0.3,0.6,0.3,0.0,0.0,0.0,10.4,0.079,1.9,19.2,0.2,34.2,409.9,0.046,0.2,28.4,FOOD-DATA-GROUP3,16.528925619834713,71.90082644628099,11.570247933884296,0.2061855670103093,48,4.081632653061225,7.551020408163265,0.0,7.4,0.0013877551020408,0,0,0,0,Healthy,57.0
152,152,coriander seeds,5,0.3,0.049,0.2,0.074,1.0,0.0,0.2,0.8,0.0,0.095,0.2,0.0,0.003,0.0,0.0,0.092,0.083,0.0,0.0,0.4,0.0,0.0,0.0,12.8,0.077,0.3,5.9,0.097,7.4,22.8,0.068,0.054,15.8,FOOD-DATA-GROUP3,13.333333333333334,66.66666666666666,20.0,0.1,5,3.333333333333333,13.333333333333334,0.0,1.6,0.0158333333333333,0,0,0,0,Healthy,51.3
153,153,dill weed dried,253,4.4,0.2,0.0,0.0,55.8,0.0,20.0,13.6,0.0,0.2,7.3,0.0,0.0,0.4,0.0,0.0,0.3,2.8,0.0,1.7,50.0,0.0,0.0,0.0,1784.0,0.5,48.8,451.0,4.0,543.0,3308.0,0.0,96.0,FOOD-DATA-GROUP3,24.937655860349125,69.57605985037407,5.486284289276808,0.352112676056338,253,7.874015748031496,5.354330708661418,0.0,10.0,0.0007874015748031,0,0,0,0,Healthy,79.8
154,154,borage,19,0.6,0.2,0.2,0.017,2.7,0.0,1.6,0.0,0.0,0.023,82.8,0.0,0.073,0.058,0.0,0.1,0.8,0.072,0.064,31.2,0.0,0.0,0.0,82.8,0.1,2.9,46.3,0.3,47.2,418.3,0.084,0.2,121.8,FOOD-DATA-GROUP3,32.6530612244898,55.10204081632652,12.244897959183673,0.4324324324324324,19,8.0,0.0,0.0,0.0,0.00115,0,0,0,0,Healthy,51.0
155,155,epazote,0,0.06,0.0,0.0,0.0,0.094,0.0,0.059,0.051,0.0,0.021,0.7,0.0,0.0,0.058,0.013,0.0,0.04,0.065,0.026,0.026,0.047,0.0,0.0,0.0,2.2,0.067,0.059,1.0,0.099,0.7,5.1,0.028,0.363,FOOD-DATA-GROUP3,27.699530516431924,44.13145539906103,28.169014084507044,0.0539305301645338,0,5.9,5.1,0.0,0.102,0.021,0,0,0,0,Healthy,50.1
156,156,chives dried,1,0.055,0.051,0.093,0.023,0.1,0.0,0.013,0.041,0.0,0.04,0.091,0.0,0.0,0.009,0.036,0.0,0.009,0.068,0.062,0.054,1.3,0.0,0.0,0.0,1.6,0.047,0.003,1.3,0.095,1.0,5.9,0.077,0.32,FOOD-DATA-GROUP3,7.738095238095237,59.523809523809526,32.73809523809524,0.0118181818181818,1,0.65,2.0500000000000003,0.0,0.082,0.02,0,0,0,0,Healthy,50.0
157,157,thyme fresh,1,0.068,0.07,0.056,0.085,0.2,0.0,0.091,0.1,0.0,0.017,0.5,0.0,0.0,0.074,0.08,0.0,0.039,0.019,0.048,0.057,1.3,0.0,0.0,0.0,3.2,0.018,0.1,1.3,0.045,0.8,4.9,0.0,0.545,FOOD-DATA-GROUP3,25.348189415041777,55.71030640668523,18.94150417827298,0.0758333333333333,1,4.55,5.0,0.0,0.2,0.0085,0,0,0,0,Healthy,50.2
158,158,butterbur,4,0.2,0.0,0.0,0.0,0.5,0.0,0.1,0.0,0.0,0.053,121.4,0.0,0.067,0.078,0.0,0.081,0.2,0.0,0.097,14.8,0.0,0.0,0.0,42.2,0.087,0.8,2.5,0.1,5.0,14.9,0.045,0.015,58.6,FOOD-DATA-GROUP3,12.5,62.5,25.0,0.0666666666666666,4,2.0,0.0,0.0,0.0,0.0106,0,0,0,0,Healthy,50.1
159,159,wasabi root,142,0.8,0.0,0.0,0.0,30.6,0.0,6.2,10.1,0.0,0.02,89.8,0.0,0.2,0.099,0.0,0.1,1.0,0.3,0.4,54.5,0.0,0.0,0.0,166.4,0.2,1.3,89.7,0.5,104.0,738.4,0.0,2.1,269.9,FOOD-DATA-GROUP3,16.48936170212766,81.38297872340425,2.127659574468085,0.1962025316455696,142,4.335664335664336,7.062937062937063,0.0,10.0,0.0001398601398601,0,0,0,0,Healthy,69.6
160,160,rosemary dried,4,0.2,0.083,0.029,0.085,0.8,0.0,0.081,0.5,0.0,0.048,0.1,0.0,0.002,0.043,0.0,0.016,0.054,0.0,0.074,0.7,0.0,0.0,0.0,15.4,0.084,0.4,2.6,0.011,0.8,11.5,0.084,0.078,18.079,FOOD-DATA-GROUP3,7.493061979648474,74.00555041628122,18.501387604070302,0.045,4,1.62,10.0,0.0,1.0,0.0096,0,0,0,0,Healthy,50.7
161,161,ginger root,2,0.028,0.048,0.067,0.046,0.4,0.019,0.068,0.058,0.0,0.0,1.6,0.0,0.073,0.079,0.0,0.055,0.088,0.064,0.051,0.1,0.0,0.03,0.02,0.3,0.092,0.061,0.9,0.026,0.7,8.3,0.08,0.049,1.028,FOOD-DATA-GROUP3,13.709677419354838,80.64516129032258,5.64516129032258,0.0485714285714285,2,2.2666666666666666,1.9333333333333331,1.3571428571428572,0.116,0.0,0,0,0,0,Healthy,50.1
162,162,white pepper,7,0.0,0.002,0.049,0.032,1.6,0.0,0.2,0.6,0.0,0.075,0.3,0.0,0.0,0.008,0.027,0.0,0.028,0.085,0.0,0.075,0.5,0.0,0.0,0.0,6.4,0.069,0.3,2.2,0.1,4.2,1.8,0.077,2.514,FOOD-DATA-GROUP3,11.111111111111112,88.8888888888889,0.0,0.0769230769230769,7,2.5,7.5,0.0,1.2,0.009375,0,0,0,0,Healthy,51.0
163,163,cloves ground,6,0.3,0.017,0.037,0.2,1.4,0.028,0.1,0.7,0.0,0.0,0.2,0.0,0.097,0.047,0.0,0.095,0.032,0.075,0.03,0.083,0.0,0.2,0.036,13.3,0.049,0.2,5.4,1.3,2.2,21.4,0.074,0.02,16.019,FOOD-DATA-GROUP3,5.555555555555556,77.77777777777777,16.666666666666664,0.0416666666666666,6,1.4285714285714286,10.0,1.1666666666666667,1.4,0.0,0,0,0,0,Healthy,51.1
164,164,paprika,19,0.9,0.1,0.1,0.5,3.7,0.7,1.0,2.4,0.0,0.061,0.8,0.0,0.0,0.077,0.045,0.0,0.05,0.7,0.2,0.1,0.022,0.0,2.0,0.061,15.6,0.061,1.4,12.1,0.1,21.4,155.0,0.024,8.206,FOOD-DATA-GROUP3,17.857142857142854,66.07142857142857,16.07142857142857,0.2127659574468085,19,5.0,12.0,14.893617021276595,4.8,0.0030499999999999,0,0,0,0,Healthy,54.0
165,165,mace ground,25,1.7,0.5,0.6,0.2,2.7,0.0,0.4,1.1,0.0,0.097,0.4,0.0,0.079,0.016,0.0,0.032,0.061,0.0,0.039,1.1,0.0,0.0,0.0,13.4,0.1,0.7,8.6,0.073,5.8,24.5,0.083,0.1,21.1,FOOD-DATA-GROUP3,8.333333333333334,56.250000000000014,35.41666666666667,0.1081081081081081,25,1.5384615384615383,4.230769230769231,0.0,2.2,0.0037307692307692,0,0,0,0,Healthy,51.6
166,166,bay leaf,2,0.042,0.08,0.095,0.076,0.4,0.0,0.086,0.2,0.0,0.084,0.07,0.0,0.021,0.015,0.0,0.054,0.061,0.0,0.094,0.3,0.0,0.0,0.0,5.0,0.031,0.3,0.7,0.058,0.7,3.2,0.077,0.081,6.316,FOOD-DATA-GROUP3,16.287878787878785,75.75757575757575,7.954545454545454,0.0614285714285714,2,2.8666666666666663,6.666666666666667,0.0,0.4,0.028,0,0,0,0,Healthy,50.3
167,167,eppaw,150,1.8,0.0,0.0,0.0,31.7,0.0,4.6,0.0,0.0,0.015,60.0,0.0,0.0,0.1,0.072,0.0,0.1,0.3,1.2,0.2,13.0,0.0,0.0,0.0,110.0,0.2,1.2,32.0,1.1,165.0,340.0,0.052,38.5,FOOD-DATA-GROUP3,12.073490813648297,83.20209973753282,4.724409448818898,0.1406727828746177,150,3.0463576158940397,0.0,0.0,0.0,9.933774834437086e-05,0,0,0,0,Healthy,53.4
168,168,tarragon dried,2,0.047,0.01,0.081,0.068,0.3,0.0,0.1,0.038,0.0,0.012,0.068,0.0,0.011,0.092,0.0,0.082,0.083,0.0,0.083,0.3,0.0,0.0,0.0,6.8,0.069,0.2,2.1,0.044,1.9,18.1,0.088,0.019,7.752,FOOD-DATA-GROUP3,22.371364653243848,67.11409395973153,10.514541387024607,0.0769230769230769,2,3.333333333333333,1.2666666666666666,0.0,0.076,0.004,0,0,0,0,Healthy,50.1
169,169,ginger ground,6,0.043,0.088,0.021,0.095,1.3,0.067,0.2,0.3,0.0,0.038,0.2,0.0,0.037,0.002,0.0,0.091,0.2,0.083,0.05,0.094,0.0,0.0,0.043,2.1,0.078,0.4,3.9,0.6,3.0,23.8,0.084,0.087,4.327,FOOD-DATA-GROUP3,12.961762799740766,84.25145819831498,2.786779001944264,0.0869565217391304,6,2.857142857142857,4.285714285714286,2.91304347826087,0.6,0.0054285714285714,0,0,0,0,Healthy,50.5
170,170,savory ground,4,0.029,0.085,0.0,0.0,1.0,0.0,0.074,0.6,0.0,0.055,0.1,0.0,0.0,0.03,0.0,0.0,0.0,0.053,0.0,0.0,0.7,0.0,0.0,0.0,29.8,0.043,0.5,5.3,0.044,2.0,14.7,0.057,1.895,FOOD-DATA-GROUP3,6.70897552130553,90.66183136899365,2.6291931097008163,0.037,4,1.48,12.0,0.0,1.2,0.011,0,0,0,0,Healthy,50.9
171,171,black pepper,6,0.006,0.034,0.04,0.065,1.5,0.08,0.2,0.6,0.0,0.036,0.3,0.0,0.0,0.047,0.04,0.0,0.029,0.067,0.09,0.073,0.0,0.0,0.084,0.045,10.2,0.001,0.2,3.9,0.3,3.6,30.6,0.009,2.505,FOOD-DATA-GROUP3,11.72332942555686,87.92497069167644,0.3516998827667058,0.08,6,2.857142857142857,8.571428571428571,3.2,1.2,0.0051428571428571,0,0,0,0,Healthy,51.0
172,172,spearmint fresh,3,0.089,0.049,0.068,0.022,0.5,0.0,0.2,0.4,0.0,0.092,4.9,0.0,0.0,0.079,0.061,0.0,0.098,0.007,0.086,0.033,0.8,0.0,0.0,0.0,11.3,0.008,0.7,3.6,0.064,3.4,26.1,0.0,1.261,FOOD-DATA-GROUP3,25.34854245880862,63.37135614702155,11.280101394169836,0.1333333333333333,3,5.0,10.0,0.0,0.8,0.023,0,0,0,0,Healthy,50.7
173,173,poultry seasoning,14,0.3,0.1,0.094,0.079,2.9,0.1,0.4,0.5,0.0,0.063,0.4,0.0,0.046,0.049,0.0,0.042,0.1,0.0,0.093,0.5,0.0,0.088,0.026,43.8,0.008,1.6,9.9,0.3,7.5,30.1,0.037,0.1,50.0,FOOD-DATA-GROUP3,11.111111111111112,80.55555555555556,8.333333333333334,0.1025641025641025,14,2.666666666666667,3.333333333333333,2.5641025641025643,1.0,0.0042,0,0,0,0,Healthy,50.9
174,174,nutmeg ground,12,0.8,0.6,0.056,0.088,1.1,0.6,0.1,0.5,0.0,0.095,0.1,0.0,0.065,0.008,0.0,0.055,0.088,0.0,0.072,0.001,0.0,0.0,0.0,4.0,0.052,0.018,4.0,0.008,4.7,7.7,0.086,0.036,6.656,FOOD-DATA-GROUP3,5.0,55.00000000000001,40.0,0.0476190476190476,12,0.7692307692307693,3.8461538461538463,28.57142857142857,1.0,0.0073076923076923,0,0,0,0,Healthy,50.1
175,175,curry powder,20,0.9,0.1,0.3,0.2,3.7,0.2,0.8,2.1,0.0,0.004,0.6,0.0,0.0,0.076,0.023,0.0,0.042,0.2,0.0,0.05,0.7,0.0,1.4,0.094,30.1,0.034,1.9,16.0,0.3,22.0,97.2,0.052,7.681,FOOD-DATA-GROUP3,14.814814814814811,68.5185185185185,16.666666666666664,0.1702127659574468,20,3.8095238095238098,10.0,4.25531914893617,4.2,0.0001904761904761,0,0,0,0,Healthy,53.6
176,176,peppermint,1,0.004,0.016,0.034,0.051,0.2,0.0,0.038,0.1,0.0,0.007,1.3,0.0,0.0,0.025,0.039,0.0,0.011,0.086,0.048,0.061,0.5,0.0,0.0,0.0,3.9,0.078,0.066,1.3,0.088,1.2,9.1,0.0,0.423,FOOD-DATA-GROUP3,15.702479338842974,82.64462809917356,1.6528925619834711,0.0316666666666666,1,1.9,5.0,0.0,0.2,0.0035,0,0,0,0,Healthy,50.2
177,177,salt,0,0.0,0.0,0.0,0.0,0.0,0.0,0.0,0.0,0.0,7.0,0.022,0.0,0.0,0.0,0.0,0.0,0.0,0.0,0.0,0.0,0.0,0.0,0.0,4.3,0.099,0.006,0.2,0.052,0.0,1.4,0.039,0.098,4.329,FOOD-DATA-GROUP3,0.0,0.0,0.0,0.0,0,0.0,0.0,0.0,0.0,7.0,0,0,0,0,Healthy,49.9
178,178,coriander leaves dried,2,0.098,0.099,0.09,0.081,0.3,0.045,0.1,0.095,0.0,0.018,0.009,0.0,0.0,0.019,0.089,0.0,0.02,0.046,0.0,0.014,3.4,0.0,0.08,0.094,7.5,0.017,0.3,4.2,0.087,2.9,26.8,0.04,0.633,FOOD-DATA-GROUP3,20.080321285140563,60.24096385542168,19.67871485943775,0.0769230769230769,2,3.333333333333333,3.166666666666667,3.461538461538461,0.19,0.0059999999999999,0,0,0,0,Healthy,50.1
179,179,sage ground,2,0.046,0.07,0.069,0.013,0.4,0.052,0.058,0.3,0.0,0.083,0.051,0.0,0.018,0.025,0.0,0.1,0.055,0.0,0.044,0.2,0.0,0.08,0.099,11.6,0.06,0.2,3.0,0.032,0.6,7.5,0.039,0.02,12.796,FOOD-DATA-GROUP3,11.507936507936508,79.36507936507937,9.126984126984128,0.0414285714285714,2,1.9333333333333331,10.0,3.7142857142857135,0.6,0.0276666666666666,0,0,0,0,Healthy,50.4
180,180,garlic powder,10,0.029,0.003,0.045,0.016,2.3,0.068,0.5,0.3,0.0,0.082,0.2,0.0,0.0,0.011,0.056,0.0,0.031,0.059,0.008,0.093,0.091,0.0,0.039,0.008,2.4,0.003,0.2,2.4,0.035,12.8,37.0,0.077,3.269,FOOD-DATA-GROUP3,17.674089784376108,81.30081300813008,1.025097207493814,0.1515151515151515,10,4.545454545454546,2.727272727272727,2.060606060606061,0.6,0.0074545454545454,0,0,0,0,Healthy,50.8
181,181,dill weed fresh,4,0.063,0.064,0.022,0.052,0.6,0.0,0.3,0.2,0.0,0.017,7.6,0.0,0.0,0.097,0.063,0.0,0.012,0.1,0.026,0.003,7.6,0.0,0.0,0.0,18.5,0.09,0.6,4.9,0.1,5.9,65.7,0.0,1.201,FOOD-DATA-GROUP3,31.152647975077883,62.30529595015577,6.542056074766355,0.1874999999999999,4,6.0,4.0,0.0,0.4,0.0034,0,0,0,0,Healthy,50.5
182,182,cardamom,6,0.1,0.065,0.038,0.071,1.4,0.0,0.2,0.6,0.0,0.013,0.2,0.0,0.072,0.0,0.0,0.056,0.029,0.0,0.005,0.4,0.0,0.0,0.0,7.7,0.039,0.3,4.6,0.6,3.6,22.4,0.0,0.1,10.7,FOOD-DATA-GROUP3,11.764705882352942,82.35294117647058,5.882352941176471,0.0833333333333333,6,2.857142857142857,8.571428571428571,0.0,1.2,0.0018571428571428,0,0,0,0,Healthy,51.0
183,183,saffron,2,0.092,0.047,0.1,0.05,0.5,0.0,0.071,0.002,0.0,0.063,0.086,0.0,0.0,0.097,0.082,0.0,0.066,0.061,0.0,0.023,0.6,0.0,0.0,0.0,0.8,0.037,0.035,1.8,0.2,1.8,12.1,0.082,0.682,FOOD-DATA-GROUP3,10.708898944193065,75.41478129713425,13.8763197586727,0.0473333333333333,2,2.3666666666666667,0.0666666666666666,0.0,0.004,0.021,0,0,0,0,Healthy,50.0
184,184,allspice ground,5,0.2,0.034,0.084,0.063,1.4,0.0,0.1,0.4,0.0,0.001,0.2,0.0,0.026,0.079,0.0,0.08,0.088,0.0,0.03,0.7,0.0,0.0,0.0,12.6,0.011,0.1,2.6,0.036,2.1,19.8,0.02,0.015,15.5,FOOD-DATA-GROUP3,5.882352941176471,82.35294117647058,11.764705882352942,0.0416666666666666,5,1.6666666666666667,6.666666666666667,0.0,0.8,0.0001666666666666,0,0,0,0,Healthy,50.6
185,185,parsley fresh,1,0.078,0.016,0.037,0.01,0.2,0.001,0.1,0.1,0.0,0.056,3.3,0.0,0.0,0.047,0.07,0.0,0.092,0.02,0.002,0.081,5.1,0.0,0.029,0.013,5.2,0.085,0.2,1.9,0.046,2.2,21.1,0.094,0.509,FOOD-DATA-GROUP3,26.45502645502645,52.9100529100529,20.634920634920636,0.0833333333333333,1,5.0,5.0,0.0833333333333333,0.2,0.028,0,0,0,0,Healthy,50.2
186,186,oregano dried,265,4.3,1.6,0.7,1.4,68.9,4.1,9.0,42.5,0.0,0.009,9.9,0.0,0.0,0.2,0.2,0.0,0.5,4.6,0.9,1.0,2.3,0.0,18.3,0.6,1597.0,0.6,36.8,270.0,5.0,148.0,1260.0,0.01,126.9,FOOD-DATA-GROUP3,10.94890510948905,83.81995133819952,5.231143552311435,0.1287553648068669,265,3.3834586466165413,15.977443609022558,5.865522174535049,10.0,3.3834586466165414e-05,0,0,0,0,Healthy,68.9
187,187,marjoram dried,5,0.1,0.056,0.076,0.093,1.0,0.077,0.2,0.7,0.0,0.004,0.1,0.0,0.0,0.057,0.073,0.0,0.036,0.097,0.0,0.055,0.9,0.0,0.029,0.047,33.8,0.029,1.4,5.9,0.053,5.2,25.9,0.078,2.032,FOOD-DATA-GROUP3,15.384615384615383,76.92307692307692,7.6923076923076925,0.1,5,3.333333333333333,11.666666666666666,3.85,1.4,0.0006666666666666,0,0,0,0,Healthy,51.1
188,188,chives raw,1,0.088,0.083,0.09,0.002,0.1,0.02,0.03,0.044,0.0,0.099,2.7,0.0,0.0,0.007,0.054,0.0,0.052,0.08,0.072,0.097,1.7,0.0,0.079,0.08,2.8,0.059,0.004,1.3,0.063,1.7,8.9,0.048,0.417,FOOD-DATA-GROUP3,13.761467889908255,45.87155963302752,40.366972477064216,0.0272727272727272,1,1.5,2.2,1.818181818181818,0.088,0.0495,0,0,0,0,Healthy,50.0
189,189,fireweed leaves,24,0.6,0.0,0.0,0.0,4.4,0.0,1.1,2.4,0.0,0.035,16.3,0.0,0.044,0.007,0.0,0.079,1.1,0.3,0.1,0.5,0.0,0.0,0.0,98.7,0.016,0.6,35.9,1.5,24.8,113.6,0.068,0.6,108.3,FOOD-DATA-GROUP3,18.032786885245905,72.13114754098362,9.836065573770492,0.2037037037037037,24,4.4,9.6,0.0,4.8,0.0014,0,0,0,0,Healthy,54.4
190,190,rosemary fresh,1,0.1,0.016,0.0,0.072,0.1,0.0,0.005,0.012,0.0,0.039,0.5,0.0,0.0,0.066,0.028,0.0,0.042,0.028,0.032,0.043,0.2,0.0,0.0,0.0,2.2,0.092,0.099,0.6,0.054,0.5,4.7,0.0,0.369,FOOD-DATA-GROUP3,2.4390243902439024,48.78048780487805,48.78048780487805,0.0045454545454545,1,0.25,0.6,0.0,0.024,0.0195,0,0,0,0,Healthy,50.0
191,191,garlic,4,0.026,0.033,0.078,0.089,0.9,0.043,0.2,0.064,0.0,0.018,1.6,0.0,0.0,0.058,0.024,0.0,0.068,0.09,0.005,0.061,0.9,0.0,0.056,0.003,5.1,0.069,0.046,0.7,0.01,4.3,11.2,0.014,1.253,FOOD-DATA-GROUP3,17.761989342806395,79.92895204262877,2.309058614564831,0.1052631578947368,4,4.0,1.28,2.263157894736842,0.128,0.0036,0,0,0,0,Healthy,50.2
192,192,cinnamon ground,6,0.044,0.074,0.08,0.044,2.1,0.066,0.1,1.4,0.0,0.022,0.3,0.0,0.087,0.05,0.0,0.006,0.083,0.018,0.004,0.071,0.0,0.052,0.027,26.1,0.099,0.2,1.6,0.5,1.7,11.2,0.018,0.088,30.0,FOOD-DATA-GROUP3,4.45632798573975,93.58288770053476,1.96078431372549,0.032258064516129,6,1.4285714285714286,20.0,2.129032258064516,2.8,0.0031428571428571,0,0,0,0,Healthy,52.1
193,193,chervil dried,5,0.002,0.066,0.033,0.031,0.9,0.0,0.4,0.2,0.0,0.076,0.1,0.0,0.055,0.037,0.0,0.09,0.1,0.0,0.096,1.0,0.0,0.0,0.0,25.6,0.044,0.6,2.5,0.043,8.6,90.1,0.031,0.2,28.777,FOOD-DATA-GROUP3,30.721966205837177,69.12442396313364,0.1536098310291858,0.2105263157894737,5,6.666666666666667,3.333333333333333,0.0,0.4,0.0126666666666666,0,0,0,0,Healthy,50.5
194,194,cayenne pepper,1,0.094,0.043,0.082,0.023,0.2,0.089,0.039,0.052,0.0,0.059,0.011,0.0,0.034,0.019,0.0,0.046,0.041,0.0,0.066,0.2,0.0,0.019,0.004,0.4,0.049,0.003,0.5,0.049,0.9,6.0,0.062,0.071,0.988,FOOD-DATA-GROUP3,11.711711711711713,60.06006006006006,28.228228228228225,0.0325,1,1.95,2.6,7.416666666666667,0.104,0.0295,0,0,0,0,Healthy,50.0
195,195,turmeric ground,8,0.2,0.093,0.014,0.019,1.4,0.062,0.2,0.5,0.0,0.064,0.2,0.0,0.085,0.1,0.0,0.097,0.1,0.0,0.04,0.6,0.0,0.033,0.075,4.0,0.083,0.9,4.2,0.2,5.9,55.6,0.02,0.009,7.8,FOOD-DATA-GROUP3,11.111111111111112,77.77777777777779,11.111111111111112,0.0833333333333333,8,2.2222222222222223,5.555555555555555,2.583333333333333,1.0,0.0071111111111111,0,0,0,0,Healthy,50.8
196,196,mustard,3,0.2,0.021,0.1,0.086,0.3,0.048,0.2,0.2,0.0,0.015,4.2,0.096,0.026,0.006,0.097,0.0,0.011,0.04,0.013,0.015,0.03,0.0,0.086,0.012,3.2,0.086,0.096,2.4,0.075,5.4,7.6,0.064,1.046,FOOD-DATA-GROUP3,28.571428571428577,42.85714285714286,28.571428571428577,0.1538461538461538,3,5.0,5.0,3.692307692307692,0.4,0.00375,0,0,0,0,Healthy,50.4
197,197,chili powder,8,0.4,0.061,0.029,0.2,1.3,0.2,0.4,0.9,0.0,0.014,0.3,0.0,0.0,0.066,0.062,0.0,0.097,0.3,0.013,0.031,0.008,0.0,1.0,0.047,8.9,0.032,0.5,4.0,0.036,8.1,52.7,0.018,3.182,FOOD-DATA-GROUP3,19.047619047619047,61.90476190476191,19.047619047619047,0.1739130434782609,8,4.444444444444445,10.0,8.695652173913045,1.8,0.0015555555555555,0,0,0,0,Healthy,51.5
198,198,thyme dried,276,7.4,2.7,0.5,1.2,63.9,1.7,9.1,37.0,0.0,0.016,7.8,0.0,0.0,0.5,0.3,0.0,0.4,4.9,0.0,0.6,50.0,0.0,7.5,1.7,1890.0,0.9,123.6,220.0,7.9,201.0,814.0,0.068,120.6,FOOD-DATA-GROUP3,11.318407960199004,79.4776119402985,9.203980099502488,0.1402157164869029,276,3.2851985559566788,13.357400722021662,2.619414483821263,10.0,5.776173285198556e-05,0,0,0,0,Healthy,69.1
199,199,spearmint dried,1,0.018,0.09,0.018,0.057,0.3,0.0,0.094,0.1,0.0,0.012,0.029,0.0,0.0,0.007,0.087,0.0,0.009,0.04,0.044,0.092,0.0,0.0,0.0,0.0,7.4,0.021,0.4,3.0,0.008,1.4,9.6,0.0,0.649,FOOD-DATA-GROUP3,22.81553398058252,72.81553398058252,4.368932038834951,0.0723076923076923,1,4.7,5.0,0.0,0.2,0.006,0,0,0,0,Healthy,50.2
200,200,basil dried,2,0.027,0.02,0.038,0.076,0.3,0.054,0.2,0.3,0.0,0.089,0.076,0.0,0.0,0.099,0.043,0.0,0.012,0.07,0.011,0.047,0.033,0.0,0.034,0.078,15.7,0.082,0.6,5.0,0.051,1.9,18.4,0.054,1.0,FOOD-DATA-GROUP3,37.95066413662239,56.92599620493358,5.123339658444023,0.1538461538461538,2,6.666666666666667,10.0,4.153846153846154,0.6,0.0296666666666666,0,0,0,0,Healthy,50.6
201,201,dandelion greens cooked,35,0.6,0.0,0.0,0.0,6.7,1.7,2.1,3.0,0.0,0.3,94.3,0.0,0.1,0.063,0.0,0.2,0.5,0.058,0.2,18.9,0.0,0.6,0.4,147.0,0.1,1.9,25.2,0.2,44.1,243.6,0.004,0.3,180.2,FOOD-DATA-GROUP3,22.34042553191489,71.27659574468085,6.382978723404255,0.2727272727272727,35,5.833333333333333,8.333333333333332,22.07792207792208,6.0,0.0083333333333333,0,0,0,0,Healthy,55.4
202,202,basil fresh,2,0.089,0.069,0.019,0.03,0.2,0.064,0.2,0.1,0.0,0.058,6.4,0.0,0.0,0.06,0.064,0.0,0.075,0.094,0.02,0.074,1.3,0.0,0.014,0.047,12.4,0.075,0.2,4.5,0.069,3.9,20.7,0.085,0.752,FOOD-DATA-GROUP3,40.899795501022496,40.899795501022496,18.20040899795501,0.1666666666666666,2,6.666666666666667,3.333333333333333,5.333333333333334,0.2,0.0193333333333333,0,0,0,0,Healthy,50.2
203,203,dock,29,0.9,0.0,0.0,0.0,4.3,0.0,2.7,3.9,0.0,0.025,123.7,0.0,0.0,0.0,0.091,0.0,0.1,0.7,0.029,0.2,63.8,0.0,0.0,0.0,58.5,0.2,3.2,137.0,0.5,83.8,518.7,0.067,12.2,FOOD-DATA-GROUP3,34.177215189873415,54.43037974683544,11.39240506329114,0.5094339622641509,29,9.000000000000002,13.0,0.0,7.8,0.0008333333333333,0,0,0,0,Healthy,57.9
204,204,garden cress cooked,31,0.8,0.001,0.3,0.3,5.1,4.2,2.6,0.9,0.0,0.3,124.9,0.0,0.029,0.035,0.0,0.2,1.1,0.2,0.2,31.1,0.0,0.7,0.5,82.4,0.2,1.1,35.1,0.5,64.8,476.6,0.039,0.2,124.0,FOOD-DATA-GROUP3,30.58823529411765,60.0,9.411764705882351,0.4262295081967213,31,8.125,2.8125,68.85245901639345,1.8,0.009375,0,0,0,0,Healthy,51.6
205,205,onion powder,8,0.024,0.068,0.036,0.077,1.9,0.2,0.2,0.4,0.0,0.048,0.1,0.0,0.079,0.045,0.0,0.061,0.039,0.012,0.098,0.6,0.0,0.068,0.021,9.2,0.092,0.052,2.7,0.008,7.7,23.6,0.011,0.076,12.389,FOOD-DATA-GROUP3,9.416195856873824,89.45386064030131,1.1299435028248588,0.0689655172413793,8,2.2222222222222223,4.444444444444445,6.896551724137931,0.8,0.0053333333333333,0,0,0,0,Healthy,50.6
206,206,dandelion greens raw,25,0.4,0.012,0.041,0.2,5.1,0.4,1.5,1.9,0.0,0.043,47.1,0.0,0.1,0.059,0.0,0.1,0.4,0.095,0.1,19.3,0.0,1.9,0.4,102.9,0.007,1.7,19.8,0.2,36.3,218.4,0.086,0.2,132.8,FOOD-DATA-GROUP3,21.428571428571427,72.85714285714285,5.714285714285714,0.2459016393442623,25,5.769230769230769,7.307692307692307,6.557377049180328,3.8,0.0016538461538461,0,0,0,0,Healthy,53.8
207,207,yokan,36,0.022,0.064,0.072,0.003,8.5,0.0,0.5,0.0,0.0,0.05,5.0,0.0,0.0,0.069,0.03,0.0,0.096,0.048,0.066,0.025,0.0,0.0,0.0,0.0,3.8,0.048,0.2,2.5,0.089,5.6,6.3,0.025,9.059,FOOD-DATA-GROUP3,5.542008423852804,94.21414320549766,0.2438483706495234,0.0526315789473684,36,1.351351351351351,0.0,0.0,0.0,0.0013513513513513,0,0,0,0,Healthy,50.3
208,208,fava beans cooked,187,0.7,0.1,0.1,0.3,33.4,3.1,12.9,9.2,0.0,0.081,121.6,0.0,0.0,0.2,0.2,0.0,0.2,1.2,0.3,0.1,0.5,0.0,0.046,0.067,61.2,0.4,2.6,73.1,0.7,212.5,455.6,0.058,56.778,FOOD-DATA-GROUP3,27.4468085106383,71.06382978723403,1.4893617021276595,0.375,187,6.861702127659575,4.893617021276596,9.011627906976743,10.0,0.0004308510638297,0,0,0,0,Healthy,72.2
209,209,french beans raw,631,3.7,0.4,0.3,2.2,118.0,0.0,34.6,46.4,0.0,0.069,19.8,0.0,1.0,0.7,0.0,0.4,3.8,1.5,0.7,8.5,0.0,0.0,0.0,342.2,0.8,6.3,345.9,2.2,559.4,2421.4,0.049,3.5,559.7,FOOD-DATA-GROUP3,22.136916186820223,75.49584133077416,2.3672424824056306,0.2907563025210084,631,5.474683544303797,7.341772151898734,0.0,10.0,0.0001091772151898,0,0,0,0,Healthy,79.7
210,210,chickpeas canned,352,7.0,0.5,1.2,2.4,57.0,0.0,17.8,0.0,0.0,0.6,168.8,0.0,0.006,0.1,0.0,0.0,0.4,0.0,0.0,0.3,0.0,0.0,0.0,113.9,0.6,2.7,65.8,2.1,215.1,318.8,0.0,1.6,198.7,FOOD-DATA-GROUP3,21.76039119804401,69.68215158924205,8.557457212713937,0.3068965517241379,352,5.042492917847026,0.0,0.0,0.0,0.001699716713881,0,0,0,0,Healthy,63.0
211,211,yellow beans cooked,255,1.9,0.5,0.2,0.8,44.7,0.0,16.2,18.4,0.0,0.086,111.5,0.0,0.0,0.3,0.1,0.0,0.2,1.3,0.4,0.2,3.2,0.0,0.0,0.0,109.7,0.3,4.4,131.0,0.8,323.9,575.3,0.068,81.7,FOOD-DATA-GROUP3,25.796178343949045,71.17834394904459,3.025477707006369,0.3544857768052516,255,6.328125,7.187499999999999,0.0,10.0,0.0003359375,0,0,0,0,Healthy,76.8
212,212,mung beans cooked,212,0.8,0.2,0.1,0.3,38.7,4.0,14.2,15.4,0.0,0.083,146.8,0.0,0.0,0.3,0.3,0.0,0.1,1.2,0.8,0.1,2.0,0.0,0.3,0.005,54.5,0.3,2.8,97.0,0.6,200.0,537.3,0.099,69.586,FOOD-DATA-GROUP3,26.443202979515828,72.06703910614524,1.48975791433892,0.3576826196473551,212,6.666666666666667,7.230046948356808,10.075566750629722,10.0,0.0003896713615023,0,0,0,0,Healthy,73.9
213,213,white beans canned,299,0.8,0.2,0.073,0.3,55.5,0.8,19.0,12.6,0.0,0.079,183.7,0.0,0.3,0.2,0.0,0.026,0.3,0.5,0.2,0.0,0.0,2.1,0.052,191.3,0.6,7.8,133.6,1.3,238.4,1189.5,0.022,2.9,287.0,FOOD-DATA-GROUP3,25.23240371845949,73.70517928286853,1.062416998671979,0.336283185840708,299,6.333333333333334,4.199999999999999,1.4159292035398232,10.0,0.0002633333333333,0,0,0,0,Healthy,78.8
214,214,pink beans cooked,252,0.8,0.2,0.045,0.4,47.2,0.6,15.3,9.0,0.0,0.075,103.4,0.0,0.0,0.4,0.3,0.0,0.1,1.0,0.5,0.3,0.0,0.0,1.7,0.083,87.9,0.5,3.9,109.9,0.9,278.9,858.5,0.03,73.103,FOOD-DATA-GROUP3,24.17061611374408,74.565560821485,1.2638230647709323,0.3174273858921161,252,6.047430830039526,3.557312252964427,1.2448132780082988,10.0,0.000296442687747,0,0,0,0,Healthy,74.6
215,215,pink beans raw,720,2.4,0.6,0.2,1.0,134.8,4.5,44.0,26.7,0.0,0.057,21.1,0.0,1.6,1.0,0.0,0.4,4.0,2.1,1.1,0.0,0.0,0.4,0.007,273.0,1.7,14.2,382.2,2.9,871.5,3074.4,0.077,5.4,495.1,FOOD-DATA-GROUP3,24.282560706401764,74.39293598233996,1.324503311258278,0.3240058910162002,720,6.102635228848821,3.7031900138696257,3.313696612665685,10.0,7.905686546463245e-05,0,0,0,0,Healthy,77.7
216,216,navy beans raw,701,3.1,0.4,0.5,2.9,126.4,8.1,46.4,50.8,0.0,0.059,25.2,0.0,1.6,0.8,0.0,0.3,4.6,1.5,0.9,0.0,0.0,0.08,0.018,305.8,1.7,11.4,364.0,2.9,846.6,2464.8,0.028,7.6,543.9,FOOD-DATA-GROUP3,26.37862421830585,71.85901080159182,1.762364980102331,0.3642072213500785,701,6.609686609686609,7.236467236467236,6.357927786499215,10.0,8.404558404558404e-05,0,0,0,0,Healthy,76.5
217,217,snap beans cooked,44,0.4,0.005,0.02,0.2,9.9,1.9,2.4,4.0,0.0,0.086,111.5,0.0,0.0,0.053,0.076,0.0,0.1,0.8,0.021,0.061,12.1,0.0,0.6,0.053,55.0,0.015,0.8,22.5,0.4,36.3,182.5,0.02,16.848,FOOD-DATA-GROUP3,18.89763779527559,77.95275590551181,3.149606299212598,0.2201834862385321,44,5.333333333333333,8.88888888888889,17.431192660550458,8.0,0.0019111111111111,0,0,0,0,Healthy,57.0
218,218,black eyed cowpeas raw,131,0.5,0.1,0.003,0.2,27.3,4.4,4.3,7.3,0.0,0.048,111.9,0.0,0.2,0.2,0.0,0.2,2.1,0.2,0.086,3.6,0.0,0.0,0.0,182.7,0.2,1.6,74.0,0.8,76.9,625.0,0.099,1.5,227.3,FOOD-DATA-GROUP3,13.395638629283487,85.04672897196261,1.557632398753894,0.1519434628975265,131,3.257575757575758,5.530303030303029,15.547703180212016,10.0,0.0003636363636363,0,0,0,0,Healthy,62.3
219,219,edamame cooked,189,8.1,1.0,2.0,3.3,13.8,3.4,18.5,8.1,0.0,0.034,112.8,0.053,0.0,0.3,0.5,0.0,0.2,1.4,0.6,0.2,9.5,0.0,1.1,0.041,97.7,0.5,3.5,99.2,1.6,262.0,675.8,0.0,49.248,FOOD-DATA-GROUP3,45.79207920792079,34.15841584158416,20.04950495049505,1.25,189,9.736842105263158,4.263157894736842,22.97297297297297,10.0,0.000178947368421,0,0,0,0,Healthy,73.9
220,220,black eyed cowpeas cooked,160,0.6,0.2,0.1,0.3,33.5,5.3,5.2,8.3,0.0,0.036,124.5,0.0,0.0,0.2,0.2,0.0,0.2,2.3,0.3,0.1,3.6,0.0,0.4,0.0,211.2,0.2,1.8,85.8,0.9,84.2,689.7,0.033,47.9,FOOD-DATA-GROUP3,13.231552162849871,85.2417302798982,1.5267175572519085,0.1507246376811594,160,3.229813664596273,5.15527950310559,15.362318840579707,10.0,0.000223602484472,0,0,0,0,Healthy,64.1
221,221,hyacinth beans cooked,227,1.1,0.2,0.076,0.5,40.2,0.0,15.8,0.0,0.0,0.0,0.003,134.1,0.0,0.5,0.023,0.0,0.001,0.8,0.6,0.014,0.0,0.0,0.0,0.0,77.6,0.7,8.9,159.1,0.9,232.8,653.8,0.021,191.981,FOOD-DATA-GROUP3,27.6707530647986,70.40280210157619,1.926444833625219,0.3834951456310679,227,6.929824561403509,0.0,0.0,0.0,0.0,0,0,0,0,Healthy,61.7
222,222,cowpeas canned,185,1.3,0.3,0.1,0.6,32.7,0.0,11.4,7.9,0.0,0.7,191.1,0.0,0.2,0.1,0.0,0.2,0.8,0.5,0.1,6.5,0.0,0.0,0.0,48.0,0.3,2.3,67.2,0.7,168.0,412.8,0.061,1.7,110.1,FOOD-DATA-GROUP3,25.11013215859031,72.02643171806167,2.8634361233480177,0.3382789317507418,185,6.129032258064517,4.247311827956989,0.0,10.0,0.003763440860215,0,0,0,0,Healthy,70.2
223,223,pinto beans cooked,245,1.1,0.2,0.2,0.3,44.8,0.6,15.4,15.4,0.0,0.085,107.6,0.0,0.0,0.3,0.3,0.0,0.1,0.5,0.4,0.4,1.4,0.0,1.6,0.097,78.7,0.4,3.6,85.5,0.8,251.4,745.6,0.064,77.502,FOOD-DATA-GROUP3,25.12234910277325,73.0831973898858,1.7944535073409464,0.3362445414847161,245,6.260162601626017,6.260162601626017,1.310043668122271,10.0,0.0003455284552845,0,0,0,0,Healthy,76.2
224,224,winged beans cooked,253,10.0,1.4,3.7,2.7,25.7,0.0,18.3,0.0,0.0,0.4,115.6,0.0,0.5,0.004,0.0,0.2,1.4,0.3,0.07,0.0,0.0,0.0,0.0,244.2,1.3,7.4,92.9,2.1,263.2,481.6,0.019,2.5,305.6,FOOD-DATA-GROUP3,33.88888888888889,47.5925925925926,18.51851851851852,0.6853932584269663,253,7.204724409448819,0.0,0.0,0.0,0.0015748031496062,0,0,0,0,Healthy,62.7
225,225,pinto beans raw,670,2.4,0.5,0.4,0.8,120.7,4.1,41.3,29.9,0.0,0.036,21.9,0.0,1.4,1.0,0.0,0.4,2.3,1.5,0.9,12.2,0.0,0.4,0.062,218.1,1.7,9.8,339.7,2.2,793.2,2688.5,0.036,4.4,434.4,FOOD-DATA-GROUP3,25.121654501216543,73.41849148418491,1.45985401459854,0.3393590797041906,670,6.154992548435171,4.456035767511177,3.3689400164338537,10.0,5.365126676602086e-05,0,0,0,0,Healthy,78.0
226,226,black turtle beans raw,624,1.7,0.4,0.1,0.7,116.4,3.9,39.1,28.5,0.0,0.041,20.2,0.0,1.7,0.8,0.0,0.4,3.6,1.7,0.5,0.0,0.0,0.4,0.032,294.4,1.8,16.0,294.4,1.8,809.6,2760.0,0.005,4.0,496.1,FOOD-DATA-GROUP3,24.872773536895675,74.04580152671757,1.0814249363867685,0.3330494037478705,624,6.256,4.5600000000000005,3.321976149914821,10.0,6.560000000000001e-05,0,0,0,0,Healthy,78.1
227,227,fava beans raw,512,2.3,0.4,0.5,0.9,87.4,8.6,39.2,37.5,0.0,0.1,16.5,0.0,0.8,0.6,0.0,0.5,4.2,1.5,0.5,2.1,0.0,0.057,0.073,154.5,1.2,10.1,288.0,2.4,631.5,1593.0,0.016,4.7,333.1,FOOD-DATA-GROUP3,30.411171450737008,67.8044996121024,1.7843289371605893,0.4434389140271493,512,7.6413255360623795,7.309941520467836,9.728506787330316,10.0,0.0001949317738791,0,0,0,0,Healthy,76.3
228,228,lima beans canned,190,0.4,0.095,0.087,0.2,35.9,0.0,11.9,11.6,0.0,0.8,185.8,0.0,0.1,0.1,0.0,0.028,0.6,0.6,0.2,0.0,0.0,0.0,0.0,50.6,0.4,4.4,94.0,0.9,178.3,530.2,0.025,1.6,114.8,FOOD-DATA-GROUP3,24.68879668049793,74.48132780082987,0.8298755186721993,0.3224932249322493,190,6.230366492146596,6.073298429319372,0.0,10.0,0.0041884816753926,0,0,0,0,Healthy,73.8
229,229,hyacinth beans raw,722,3.5,0.6,0.2,1.5,127.6,0.0,50.2,53.8,0.0,0.073,19.7,0.0,2.4,0.008,0.0,0.3,3.4,2.6,0.3,0.0,0.0,0.0,0.0,273.0,2.8,10.7,594.3,3.3,781.2,2593.5,0.062,19.5,518.8,FOOD-DATA-GROUP3,27.68891340319912,70.38058466629894,1.9305019305019304,0.3903576982892691,722,6.9432918395574,7.441217150760719,0.0,10.0,0.0001009681881051,0,0,0,0,Healthy,79.5
230,230,white beans raw,673,1.7,0.4,0.1,0.7,121.7,4.3,47.2,30.7,0.0,0.051,22.9,0.0,0.9,0.8,0.0,0.3,1.0,1.5,0.6,0.0,0.0,0.4,0.03,484.8,2.0,21.1,383.8,3.6,608.0,3625.9,0.097,7.4,707.2,FOOD-DATA-GROUP3,27.667057444314185,71.33645955451348,0.996483001172333,0.3846780766096169,673,7.002967359050445,4.554896142433234,3.504482477587612,10.0,7.566765578635014e-05,0,0,0,0,Healthy,78.0
231,231,snap beans canned,66,0.4,0.1,0.027,0.2,15.4,0.0,3.5,6.6,0.0,0.09,415.6,0.0,0.1,0.036,0.0,0.2,0.9,0.5,0.1,14.9,0.0,0.6,0.0,105.4,0.3,4.0,57.1,1.5,83.4,403.9,0.057,0.9,150.2,FOOD-DATA-GROUP3,18.13471502590674,79.79274611398965,2.072538860103627,0.2134146341463415,66,5.223880597014925,9.850746268656716,0.0,10.0,0.0013432835820895,0,0,0,0,Healthy,62.4
232,232,navy beans canned,296,1.1,0.3,0.073,0.5,53.6,0.7,19.7,13.4,0.0,1.2,184.6,0.0,0.4,0.2,0.0,0.1,1.3,0.5,0.3,1.8,0.0,2.0,0.022,123.1,0.5,4.8,123.1,1.0,351.1,754.6,0.003,2.0,217.5,FOOD-DATA-GROUP3,26.47849462365592,72.04301075268819,1.4784946236559142,0.3608058608058608,296,6.632996632996632,4.511784511784512,1.282051282051282,10.0,0.004040404040404,0,0,0,0,Healthy,79.3
233,233,mung beans raw,718,2.4,0.7,0.3,0.8,129.6,13.7,49.4,33.7,0.0,0.085,18.7,0.0,1.3,1.3,0.0,0.5,4.7,4.0,0.8,9.9,0.0,1.1,0.009,273.2,1.9,14.0,391.2,2.1,759.7,2579.2,0.001,5.5,512.2,FOOD-DATA-GROUP3,27.23263506063947,71.44432194046306,1.323042998897464,0.3782542113323124,718,6.870653685674548,4.687065368567455,10.490045941807043,10.0,0.0001182197496522,0,0,0,0,Healthy,74.0
234,234,adzuki beans raw,648,1.0,0.4,0.034,0.2,123.9,0.0,39.1,25.0,0.0,0.06,26.5,0.0,0.9,1.2,0.0,0.4,5.2,2.9,0.7,0.0,0.0,0.0,0.0,130.0,2.2,9.8,250.2,3.4,750.6,2470.4,0.055,9.9,328.8,FOOD-DATA-GROUP3,23.84146341463415,75.54878048780488,0.6097560975609756,0.3130504403522818,648,6.024653312788907,3.852080123266564,0.0,10.0,9.244992295839752e-05,0,0,0,0,Healthy,79.7
235,235,black turtle beans cooked,241,0.6,0.2,0.002,0.3,45.0,0.6,15.1,15.4,0.0,0.06,121.6,0.0,0.0,0.4,0.2,0.0,0.1,1.0,0.5,0.1,0.0,0.0,1.6,0.004,101.8,0.5,5.3,90.7,0.6,281.2,801.1,0.058,76.721,FOOD-DATA-GROUP3,24.87644151565074,74.13509060955519,0.9884678747940692,0.3282608695652174,241,6.239669421487603,6.363636363636364,1.3043478260869563,10.0,0.0002479338842975,0,0,0,0,Healthy,75.9
236,236,pink lentils raw,662,4.2,0.7,1.0,2.2,113.6,0.0,47.9,20.7,0.0,0.092,22.6,0.0,1.0,0.4,0.0,0.2,2.9,0.7,0.8,3.3,0.0,0.0,0.0,78.7,2.5,14.5,138.2,2.7,564.5,1109.8,0.03,7.5,282.9,FOOD-DATA-GROUP3,28.907664453832226,68.55763427881713,2.534701267350634,0.4179755671902269,662,7.224736048265459,3.122171945701357,0.0,10.0,0.0001387631975867,0,0,0,0,Healthy,79.5
237,237,yellow beans raw,676,5.1,1.3,0.4,2.2,119.0,0.0,43.1,49.2,0.0,0.046,21.8,0.0,1.4,0.8,0.0,0.6,4.8,1.4,0.9,0.0,0.0,0.0,0.0,325.4,1.3,13.7,435.1,2.5,956.5,2042.3,0.074,5.5,555.5,FOOD-DATA-GROUP3,25.77751196172249,71.17224880382776,3.050239234449761,0.3591666666666667,676,6.366322008862629,7.267355982274743,0.0,10.0,6.794682422451994e-05,0,0,0,0,Healthy,79.0
238,238,white beans cooked,249,0.6,0.2,0.044,0.3,44.9,0.6,17.4,11.3,0.0,0.045,112.9,0.0,0.0,0.2,0.1,0.0,0.05,0.3,0.4,0.2,0.0,0.0,1.7,0.029,161.1,0.5,6.6,112.8,1.1,202.3,1004.2,0.045,74.959,FOOD-DATA-GROUP3,27.662957074721778,71.38314785373609,0.9538950715421304,0.3790849673202614,249,6.959999999999999,4.5200000000000005,1.30718954248366,10.0,0.0001799999999999,0,0,0,0,Healthy,77.7
239,239,lentils raw,678,2.0,0.3,0.4,1.0,115.4,3.9,49.5,58.6,0.0,0.039,20.0,0.0,1.7,0.9,0.0,0.4,5.0,4.1,1.0,8.4,0.0,0.9,0.083,107.5,1.0,14.5,234.2,2.6,865.9,1833.6,0.048,9.2,355.9,FOOD-DATA-GROUP3,29.658478130617134,69.14319952067106,1.1983223487118035,0.4252577319587629,678,7.290132547864507,8.630338733431516,3.350515463917526,10.0,5.743740795287187e-05,0,0,0,0,Healthy,78.2
240,240,cranberry beans cooked,241,0.8,0.2,0.088,0.4,43.3,0.0,16.5,17.7,0.0,0.4,114.4,0.0,0.0,0.4,0.4,0.0,0.1,0.9,0.4,0.1,0.0,0.0,0.0,0.0,88.5,0.4,3.7,88.5,0.7,239.0,685.0,0.09,78.8,FOOD-DATA-GROUP3,27.22772277227723,71.45214521452145,1.3201320132013203,0.3724604966139955,241,6.8181818181818175,7.314049586776859,0.0,10.0,0.0016528925619834,0,0,0,0,Healthy,77.2
241,241,chickpeas raw,728,12.1,1.3,2.7,5.4,121.3,21.4,38.6,34.8,0.0,0.005,23.1,0.0,1.0,1.1,0.0,0.4,3.1,3.2,1.1,8.0,0.0,1.6,0.004,210.0,1.7,12.5,230.0,4.4,732.0,1750.0,0.095,6.9,437.3,FOOD-DATA-GROUP3,22.44186046511628,70.52325581395348,7.034883720930233,0.3156173344235486,728,5.2949245541838135,4.773662551440329,17.497955846279638,10.0,6.858710562414266e-06,0,1,0,0,Healthy,70.5
242,242,lentils cooked,230,0.8,0.1,0.1,0.3,39.9,3.6,17.9,15.6,0.0,0.016,137.9,0.0,0.0,0.3,0.4,0.0,0.1,2.1,1.3,0.4,3.0,0.0,0.2,0.077,37.6,0.5,6.6,71.3,1.0,356.4,730.6,0.01,75.118,FOOD-DATA-GROUP3,30.546075085324237,68.08873720136519,1.3651877133105803,0.4376528117359413,230,7.748917748917748,6.753246753246753,8.80195599022005,10.0,6.926406926406927e-05,0,0,0,0,Healthy,76.9
243,243,baked beans canned,239,0.9,0.2,0.2,0.3,53.7,20.2,12.1,10.4,0.0,0.9,182.9,0.0,0.2,0.036,0.0,0.078,1.1,0.5,0.2,0.0,0.0,0.4,0.019,86.4,0.4,3.0,68.6,0.3,188.0,569.0,0.082,5.8,166.5,FOOD-DATA-GROUP3,18.140929535232384,80.50974512743629,1.3493253373313343,0.2212065813528336,239,5.041666666666666,4.333333333333334,36.92870201096892,10.0,0.00375,0,1,0,0,Healthy,65.8
244,244,cranberry beans canned,216,0.7,0.2,0.083,0.3,39.3,0.0,14.4,16.4,0.0,0.9,201.7,0.0,0.1,0.2,0.0,0.1,1.3,0.4,0.1,2.1,0.0,0.0,0.0,88.4,0.4,4.0,83.2,0.5,223.6,676.0,0.079,2.2,165.3,FOOD-DATA-GROUP3,26.47058823529412,72.24264705882352,1.2867647058823528,0.3573200992555831,216,6.63594470046083,7.557603686635944,0.0,10.0,0.004147465437788,0,0,0,0,Healthy,75.6
245,245,black beans cooked,227,0.9,0.2,0.02,0.4,40.8,0.0,15.2,15.0,0.0,0.008,113.1,0.0,0.4,0.3,0.0,0.1,0.9,0.4,0.1,0.0,0.0,1.5,0.081,46.4,0.4,3.6,120.4,0.8,240.8,610.6,0.004,1.9,121.9,FOOD-DATA-GROUP3,26.713532513181026,71.70474516695957,1.5817223198594026,0.3636363636363636,227,6.666666666666667,6.578947368421052,0.0,10.0,3.508771929824561e-05,0,0,0,0,Healthy,76.2
246,246,lima beans cooked,216,0.7,0.2,0.022,0.3,39.3,5.5,14.7,13.2,0.0,0.012,131.2,0.0,0.0,0.3,0.2,0.0,0.1,0.8,0.8,0.3,0.0,0.0,0.3,0.052,32.0,0.4,4.5,80.8,1.0,208.7,955.0,0.027,68.6,FOOD-DATA-GROUP3,26.873857404021933,71.84643510054843,1.279707495429616,0.3647642679900744,216,6.774193548387096,6.08294930875576,13.647642679900745,10.0,5.5299539170506914e-05,0,0,0,0,Healthy,73.7
247,247,mungo beans raw,706,3.4,0.2,0.2,2.2,122.1,0.0,52.2,37.9,0.0,0.004,22.4,0.0,0.6,0.4,0.0,0.5,3.0,1.9,0.6,0.0,0.0,0.0,0.0,285.7,2.0,15.7,552.7,3.2,784.5,2034.8,0.015,6.9,517.0,FOOD-DATA-GROUP3,29.375351716375917,68.7113111986494,1.913337084974676,0.4240454914703493,706,7.383309759547384,5.36067892503536,0.0,10.0,5.657708628005658e-06,0,0,0,0,Healthy,79.8
248,248,pigeon peas raw,703,3.1,0.7,0.065,1.7,128.7,0.0,44.5,30.8,0.0,0.04,21.7,0.0,1.3,0.9,0.0,0.4,6.1,2.6,0.6,0.0,0.0,0.0,0.0,266.5,2.2,10.7,375.2,3.7,752.4,2853.6,0.022,5.7,484.3,FOOD-DATA-GROUP3,25.24106636415201,73.00056721497448,1.7583664208735112,0.3430994602929838,703,6.321022727272728,4.375,0.0,10.0,5.681818181818182e-05,0,0,0,0,Healthy,79.5
249,249,fava beans canned,182,0.6,0.092,0.1,0.2,31.8,0.0,14.0,9.5,0.0,1.2,205.6,0.0,0.016,0.05,0.0,0.1,2.5,0.3,0.1,4.6,0.0,0.0,0.0,66.6,0.3,2.6,81.9,0.7,202.2,619.5,0.029,1.6,129.7,FOOD-DATA-GROUP3,30.17241379310345,68.5344827586207,1.293103448275862,0.426829268292683,182,7.650273224043716,5.191256830601093,0.0,10.0,0.0065573770491803,0,0,0,0,Healthy,74.7
250,250,yellow snap beans raw,31,0.1,0.097,0.094,0.013,7.1,0.0,1.8,3.4,0.0,0.085,90.3,0.0,0.005,0.002,0.0,0.1,0.8,0.074,0.05,16.3,0.0,0.0,0.0,37.0,0.077,1.0,25.0,0.2,38.0,209.0,0.067,0.2,66.7,FOOD-DATA-GROUP3,20.0,78.88888888888889,1.1111111111111112,0.2222222222222222,31,5.625,10.625,0.0,6.8,0.00265625,0,0,0,0,Healthy,56.4
251,251,snap beans raw,31,0.2,0.051,0.016,0.1,7.0,3.3,1.8,2.7,0.0,0.025,90.3,0.0,0.02,0.061,0.0,0.1,0.7,0.2,0.1,12.2,0.0,0.4,0.066,37.0,0.093,1.0,25.0,0.2,38.0,211.0,0.003,0.2,61.9,FOOD-DATA-GROUP3,20.0,77.77777777777779,2.2222222222222223,0.225,31,5.625,8.4375,41.25,5.4,0.00078125,0,0,0,0,Healthy,54.0
252,252,yellow snap beans canned,36,0.2,0.076,0.064,0.1,8.4,0.0,1.9,3.6,0.0,0.6,227.2,0.0,0.097,0.071,0.0,0.1,0.5,0.3,0.087,8.2,0.0,0.0,0.0,57.6,0.2,2.2,31.2,0.8,45.6,235.2,0.056,0.5,82.1,FOOD-DATA-GROUP3,18.09523809523809,80.0,1.9047619047619049,0.202127659574468,36,5.135135135135135,9.72972972972973,0.0,7.2,0.0162162162162162,0,0,0,0,Healthy,56.8
253,253,pigeon peas cooked,203,0.6,0.1,0.05,0.3,39.1,0.0,11.4,11.3,0.0,0.036,115.2,0.0,0.2,0.2,0.0,0.02,1.3,0.5,0.081,0.0,0.0,0.0,0.0,72.2,0.5,1.9,77.3,0.8,199.9,645.1,0.01,1.5,136.5,FOOD-DATA-GROUP3,22.309197651663403,76.51663405088063,1.1741682974559686,0.28428927680798,203,5.588235294117648,5.539215686274511,0.0,10.0,0.0001764705882352,0,0,0,0,Healthy,73.5
254,254,catjang cowpeas raw,573,3.5,0.9,0.3,1.5,99.6,0.0,39.8,17.9,0.0,0.07,18.5,0.0,1.1,1.1,0.0,0.3,4.7,2.5,0.6,2.5,0.0,0.0,0.0,142.0,1.8,16.6,556.1,2.6,731.5,2296.3,0.002,10.2,321.9,FOOD-DATA-GROUP3,27.85164450664801,69.69909027291813,2.4492652204338703,0.3956262425447316,573,6.933797909407664,3.118466898954704,0.0,10.0,0.0001219512195121,0,0,0,0,Healthy,79.3
255,255,navy beans cooked,255,1.1,0.2,0.3,0.9,47.4,0.7,15.0,19.1,0.0,0.4,116.1,0.0,0.4,0.3,0.0,0.1,1.2,0.5,0.3,0.0,0.0,0.08,0.002,125.6,0.4,4.3,96.5,1.0,262.1,708.0,0.012,1.9,212.5,FOOD-DATA-GROUP3,23.62204724409449,74.64566929133858,1.7322834645669292,0.3099173553719008,255,5.859375,7.460937500000001,1.446280991735537,10.0,0.0015625,0,0,0,0,Healthy,75.8
256,256,mothbeans raw,672,3.2,0.7,0.3,1.5,120.6,0.0,45.0,0.0,0.0,0.001,19.0,0.0,1.1,1.3,0.0,0.2,5.5,3.0,0.7,7.8,0.0,0.0,0.0,294.0,1.3,21.3,746.8,3.6,958.4,2334.4,0.095,3.8,491.9,FOOD-DATA-GROUP3,26.658767772511847,71.44549763033176,1.895734597156398,0.3700657894736842,672,6.686478454680535,0.0,0.0,0.0,1.485884101040119e-06,0,0,0,0,Healthy,64.5
257,257,cowpeas cooked,81,0.4,0.037,0.039,0.2,14.5,2.3,5.4,4.6,0.0,0.037,49.0,0.0,0.0,0.1,0.1,0.0,0.015,0.3,0.3,0.025,0.3,0.0,0.2,0.033,16.8,0.2,1.8,37.1,0.3,109.2,194.6,0.012,25.166,FOOD-DATA-GROUP3,26.600985221674883,71.42857142857144,1.9704433497536948,0.3483870967741935,81,6.585365853658537,5.609756097560975,14.838709677419354,9.2,0.0004512195121951,0,0,0,0,Healthy,60.0
258,258,mothbeans cooked,207,1.0,0.2,0.062,0.5,37.1,0.0,13.8,0.0,0.0,0.086,122.5,0.0,0.2,0.3,0.0,0.088,1.2,0.7,0.2,1.8,0.0,0.0,0.0,5.3,0.3,5.6,184.1,0.9,265.5,538.1,0.034,1.0,64.6,FOOD-DATA-GROUP3,26.589595375722546,71.48362235067437,1.9267822736030824,0.3622047244094488,207,6.634615384615385,0.0,0.0,0.0,0.0004134615384615,0,0,0,0,Healthy,60.2
259,259,french beans cooked,228,1.3,0.1,0.046,0.8,42.5,0.0,12.5,16.6,0.0,0.003,117.8,0.0,0.0,0.2,0.1,0.0,0.1,1.0,0.4,0.2,2.1,0.0,0.0,0.0,111.5,0.2,1.9,99.1,0.7,180.5,654.9,0.041,73.3,FOOD-DATA-GROUP3,22.202486678507995,75.48845470692717,2.309058614564832,0.2873563218390804,228,5.458515283842795,7.248908296943232,0.0,10.0,1.3100436681222708e-05,0,0,0,0,Healthy,74.3
260,260,lima beans raw,602,1.2,0.3,0.1,0.6,112.8,15.1,38.2,33.8,0.0,0.078,18.1,0.0,0.9,0.7,0.0,0.4,2.7,2.4,0.9,0.0,0.0,1.3,0.058,144.2,1.3,13.4,398.7,3.0,685.3,3068.7,0.087,5.0,343.6,FOOD-DATA-GROUP3,25.098554533508544,74.11300919842313,0.7884362680683312,0.335676625659051,602,6.3349917081260365,5.60530679933665,13.2688927943761,10.0,0.0001293532338308,0,1,0,0,Healthy,73.7
261,261,winged beans raw,744,29.7,4.2,10.9,7.9,75.9,0.0,54.0,47.1,0.0,0.09,15.2,0.0,1.9,0.084,0.0,0.8,5.6,1.4,0.3,0.0,0.0,0.0,0.0,800.8,5.2,24.5,325.8,6.8,820.8,1778.1,0.058,8.2,1032.0,FOOD-DATA-GROUP3,33.83458646616542,47.55639097744361,18.60902255639098,0.7022106631989596,744,7.248322147651007,6.322147651006711,0.0,10.0,0.0001208053691275,0,0,0,0,Healthy,76.8
262,262,adzuki beans cooked,294,0.2,0.067,0.021,0.024,57.0,0.0,17.3,16.8,0.0,0.079,152.5,0.0,0.0,0.3,0.3,0.0,0.1,1.6,1.0,0.2,0.0,0.0,0.0,0.0,64.4,0.7,4.6,119.6,1.3,386.4,1223.6,0.022,92.2,FOOD-DATA-GROUP3,23.22147651006712,76.51006711409396,0.2684563758389262,0.2982758620689655,294,5.864406779661017,5.694915254237289,0.0,10.0,0.0002677966101694,0,0,0,0,Healthy,77.9
263,263,black beans raw,662,2.8,0.7,0.2,1.2,121.0,4.1,41.9,30.1,0.0,0.065,21.4,0.0,1.7,0.9,0.0,0.4,3.8,1.7,0.6,0.0,0.0,0.4,0.026,238.6,1.6,9.7,331.7,2.1,682.9,2877.0,0.057,7.1,444.1,FOOD-DATA-GROUP3,25.28666264333132,73.02353651176826,1.6898008449004225,0.3434426229508197,662,6.319758672699849,4.539969834087482,3.360655737704918,10.0,9.803921568627452e-05,0,0,0,0,Healthy,77.8
264,264,catjang cowpeas cooked,200,1.2,0.3,0.1,0.5,34.7,0.0,13.9,6.2,0.0,0.021,119.2,0.0,0.0,0.3,0.2,0.0,0.055,1.2,0.7,0.2,0.7,0.0,0.0,0.0,44.5,0.5,5.2,164.2,0.8,242.8,641.3,0.045,56.7,FOOD-DATA-GROUP3,27.91164658634538,69.67871485943775,2.4096385542168672,0.3893557422969187,200,6.91542288557214,3.084577114427861,0.0,10.0,0.0001044776119402,0,0,0,0,Healthy,69.5
265,265,baby lima beans cooked,189,0.5,0.1,0.06,0.3,35.0,2.5,12.0,10.8,0.0,0.064,130.2,0.0,0.0,0.1,0.003,0.0,0.097,1.4,0.3,0.2,10.4,0.0,1.2,0.06,50.4,0.4,3.5,100.8,1.5,201.6,739.8,0.079,58.952,FOOD-DATA-GROUP3,25.26315789473684,73.68421052631578,1.0526315789473684,0.3333333333333333,189,6.315789473684211,5.684210526315789,6.944444444444445,10.0,0.0003368421052631,0,0,0,0,Healthy,72.9
266,266,cowpeas raw,41,0.3,0.082,0.074,0.1,8.9,4.7,3.1,3.1,0.0,0.026,80.8,0.0,0.1,0.087,0.0,0.1,1.1,0.9,0.2,31.0,0.0,0.5,0.025,61.1,0.038,0.9,54.5,0.3,61.1,202.1,0.066,0.3,108.4,FOOD-DATA-GROUP3,25.203252032520325,72.35772357723576,2.4390243902439024,0.3131313131313131,41,7.380952380952381,7.380952380952381,47.474747474747474,6.2,0.0006190476190476,0,0,0,0,Healthy,55.0
267,267,shellie beans canned,74,0.5,0.034,0.07,0.3,15.2,1.5,4.3,8.3,0.0,0.8,222.2,0.0,0.0,0.06,0.008,0.0,0.1,0.5,0.3,0.1,7.6,0.0,0.048,0.051,71.1,0.2,2.4,36.8,0.9,73.5,267.1,0.094,28.668,FOOD-DATA-GROUP3,21.5,76.0,2.5,0.2654320987654321,74,5.733333333333333,11.066666666666668,9.25925925925926,10.0,0.0106666666666666,0,0,0,0,Healthy,65.0
268,268,yardlong beans raw,579,2.2,0.6,0.2,0.9,103.4,0.0,40.6,18.4,0.0,0.057,14.1,0.0,1.5,1.1,0.0,0.4,3.6,2.6,0.6,2.7,0.0,0.0,0.0,230.5,1.5,14.4,564.5,2.7,933.5,1932.2,0.054,5.8,412.2,FOOD-DATA-GROUP3,27.770177838577293,70.72503419972641,1.504787961696307,0.3888888888888889,579,7.000000000000001,3.172413793103448,0.0,10.0,9.827586206896552e-05,0,0,0,0,Healthy,79.5
269,269,pinto beans canned,197,1.3,0.3,0.3,0.5,36.4,2.4,11.0,11.0,0.0,0.6,187.7,0.0,0.1,0.03,0.0,0.063,0.6,0.3,0.2,1.7,0.0,1.4,0.09,112.8,0.4,3.5,79.2,0.8,220.8,662.4,0.0,1.3,177.7,FOOD-DATA-GROUP3,22.58726899383984,74.74332648870637,2.669404517453799,0.2941176470588235,197,5.555555555555555,5.555555555555555,6.417112299465241,10.0,0.003030303030303,0,0,0,0,Healthy,72.1
270,270,chickpeas cooked,269,4.2,0.4,1.0,1.9,45.0,7.9,14.5,12.5,0.0,0.08,98.7,0.0,0.2,0.3,0.0,0.1,0.9,0.5,0.2,2.1,0.0,0.6,0.024,80.4,0.6,4.7,78.7,1.7,275.5,477.2,0.031,2.5,163.4,FOOD-DATA-GROUP3,22.762951334379903,70.6436420722135,6.593406593406594,0.3152173913043478,269,5.37037037037037,4.62962962962963,17.17391304347826,10.0,0.0002962962962962,0,0,0,0,Healthy,72.4
271,271,cranberry beans raw,653,2.4,0.6,0.2,1.0,117.1,0.0,44.9,48.2,0.0,0.014,24.2,0.0,1.5,1.2,0.0,0.4,2.8,1.5,0.6,0.0,0.0,0.0,0.0,247.7,1.5,9.8,304.2,1.8,725.4,2597.4,0.041,7.1,470.1,FOOD-DATA-GROUP3,27.31143552311435,71.2287104622871,1.45985401459854,0.380186282811177,653,6.865443425076452,7.370030581039757,0.0,10.0,2.1406727828746177e-05,0,0,0,0,Healthy,79.5
272,272,mungo beans cooked,189,1.0,0.065,0.001,0.6,33.0,3.6,13.6,11.5,0.0,0.083,130.5,0.0,0.3,0.2,0.0,0.1,2.7,0.8,0.1,1.8,0.0,0.3,0.092,95.4,0.3,3.2,113.4,0.7,280.8,415.8,0.042,1.5,159.5,FOOD-DATA-GROUP3,28.57142857142857,69.32773109243698,2.100840336134453,0.3999999999999999,189,7.157894736842104,6.052631578947368,10.588235294117649,10.0,0.0004368421052631,0,0,0,0,Healthy,73.7
273,273,tamarinds,5,0.013,0.023,0.038,0.036,1.3,0.8,0.057,0.1,0.0,0.007,0.6,0.0,0.0,0.084,0.062,0.0,0.012,0.04,0.078,0.058,0.09,0.0,0.053,0.03,1.5,0.032,0.005,1.8,0.0,2.3,12.6,0.009,1.708,FOOD-DATA-GROUP3,4.16058394160584,94.89051094890512,0.948905109489051,0.0247826086956521,5,0.95,1.6666666666666667,34.78260869565218,0.2,0.0011666666666666,0,0,0,0,Healthy,49.9
274,274,yellow snap beans cooked,44,0.4,0.037,0.065,0.2,9.9,4.5,2.4,4.1,0.0,0.096,111.5,0.0,0.0,0.094,0.063,0.0,0.1,0.8,0.083,0.062,12.1,0.0,0.6,0.025,57.5,0.1,1.6,31.3,0.4,48.8,373.8,0.037,17.003,FOOD-DATA-GROUP3,18.89763779527559,77.95275590551181,3.149606299212598,0.2201834862385321,44,5.333333333333333,9.11111111111111,41.28440366972477,8.2,0.0021333333333333,0,0,0,0,Healthy,56.1
275,275,yardlong beans cooked,202,0.8,0.2,0.027,0.3,36.1,0.0,14.2,6.5,0.0,0.059,117.6,0.0,0.0,0.4,0.2,0.0,0.1,0.9,0.7,0.2,0.7,0.0,0.0,0.0,71.8,0.4,4.5,167.6,0.8,309.5,538.7,0.012,58.2,FOOD-DATA-GROUP3,27.788649706457928,70.64579256360079,1.565557729941292,0.3827493261455525,202,6.995073891625616,3.201970443349754,0.0,10.0,0.0002906403940886,0,0,0,0,Healthy,70.2
276,276,bacon beef steak,146,12.5,4.5,6.2,1.2,0.2,0.2,8.2,0.0,28.9,0.4,6.1,0.0,0.2,0.077,0.054,0.09,1.4,0.3,0.1,0.0,0.0,0.0,0.091,4.0,0.039,0.5,4.8,0.064,40.2,109.0,0.02,0.9,25.4,FOOD-DATA-GROUP3,39.23444976076555,0.9569377990430624,59.80861244019139,6.833333333333333,146,5.578231292517007,0.0,16.666666666666668,0.0,0.0027210884353741,0,0,0,0,Healthy,52.7
277,277,lamb foreshank raw,912,60.7,26.4,24.9,4.8,0.0,0.0,85.8,0.0,326.6,0.3,304.0,0.0,0.5,0.014,0.013,0.9,24.8,3.1,0.7,0.0,0.0,1.1,0.0,49.9,0.5,7.6,99.8,0.072,771.1,970.7,0.095,23.7,204.0,FOOD-DATA-GROUP3,58.5665529010239,0.0,41.43344709897611,85.8,912,9.397590361445785,0.0,0.0,0.0,0.000328587075575,0,0,1,1,Limit,50.0
278,278,bacon,106,10.2,0.0,0.0,0.0,0.2,0.2,3.3,0.0,0.0,0.1,11.7,0.0,0.0,0.0,0.069,0.0,0.0,0.0,0.0,0.0,0.0,0.1,0.0,1.0,0.08,0.1,3.1,0.077,46.8,131.6,0.0,0.3,14.8,FOOD-DATA-GROUP3,24.087591240875916,1.4598540145985404,74.45255474452554,2.75,106,3.08411214953271,0.0,16.666666666666668,0.0,0.0009345794392523,0,0,0,0,Healthy,52.4
279,279,lamb rib cooked,915,76.0,32.6,31.9,5.5,0.0,0.0,53.9,0.0,247.4,0.2,122.1,0.0,0.2,0.084,0.082,0.5,17.2,1.6,0.3,0.0,0.0,0.3,0.0,56.1,0.3,4.1,51.0,0.001,423.3,691.1,0.065,8.9,190.1,FOOD-DATA-GROUP3,41.49345650500385,0.0,58.506543494996144,53.9,915,5.884279475982533,0.0,0.0,0.0,0.0002183406113537,0,0,1,1,Limit,50.0
280,280,lamb shank raw,912,61.2,26.3,25.1,4.9,0.0,0.0,84.3,0.0,303.9,0.3,304.7,0.0,0.6,0.033,0.002,1.0,28.2,3.1,0.7,0.0,0.0,1.0,0.0,36.3,0.5,7.8,108.9,0.056,807.4,1183.9,0.068,15.9,189.6,FOOD-DATA-GROUP3,57.9381443298969,0.0,42.06185567010309,84.3,912,9.233296823658268,0.0,0.0,0.0,0.000328587075575,0,0,1,1,Limit,50.0
281,281,scrapple,60,3.9,1.3,1.7,0.5,4.0,0.063,2.3,0.052,13.9,0.1,17.7,0.2,0.091,0.032,0.011,0.049,0.6,0.0,0.03,0.7,0.075,0.039,0.057,2.0,0.024,0.5,3.7,0.0,21.5,44.7,0.017,0.3,13.63,FOOD-DATA-GROUP3,22.54901960784314,39.21568627450981,38.235294117647065,0.4599999999999999,60,3.770491803278688,0.0852459016393442,1.26,0.104,0.001639344262295,0,0,0,0,Healthy,50.8
282,282,chicken nuggets,61,4.1,0.7,1.5,1.3,3.0,0.039,3.2,0.2,8.6,0.1,9.3,0.015,0.011,0.041,0.064,0.049,0.054,1.2,0.2,0.095,0.1,0.01,0.2,0.058,2.2,0.091,0.2,4.8,0.023,54.4,50.2,0.009,10.792,FOOD-DATA-GROUP3,31.06796116504854,29.126213592233007,39.80582524271844,0.8,61,5.161290322580645,0.3225806451612903,0.975,0.4,0.0016129032258064,0,0,0,0,Healthy,52.2
283,283,ground lamb cooked,886,61.5,25.4,26.0,4.4,0.0,0.0,77.5,0.0,303.6,0.3,172.4,0.0,0.3,0.062,0.064,0.8,21.0,2.1,0.4,0.0,0.079,0.4,0.003,68.9,0.4,5.6,75.1,0.071,629.1,1061.1,0.024,14.6,213.5,FOOD-DATA-GROUP3,55.75539568345324,0.0,44.24460431654676,77.5,886,8.737316798196167,0.0,0.0,0.0,0.0003382187147688,0,0,1,1,Limit,50.0
284,284,lamb meat cooked,678,45.0,18.6,19.1,3.2,0.0,0.0,63.8,0.0,240.0,0.2,139.6,0.0,0.3,0.013,0.068,0.7,16.4,1.7,0.4,0.0,0.0,0.0,0.0,40.0,0.3,4.8,60.0,0.07,482.5,795.0,0.026,11.9,153.6,FOOD-DATA-GROUP3,58.63970588235294,0.0,41.360294117647065,63.8,678,9.396170839469807,0.0,0.0,0.0,0.0002945508100147,0,0,1,1,Limit,51.0
285,285,meat extender,275,2.6,0.4,0.6,1.5,33.7,0.0,33.5,15.4,0.0,0.041,6.6,0.0,0.6,0.2,0.065,0.8,19.4,1.3,1.2,0.0,0.0,0.0,0.0,179.5,0.3,10.6,190.1,0.2,562.3,1673.8,0.038,1.9,275.3,FOOD-DATA-GROUP3,47.99426934097421,48.280802292263616,3.7249283667621778,0.9654178674351584,275,12.13768115942029,5.579710144927536,0.0,10.0,0.0001485507246376,0,0,0,0,Healthy,79.7
286,286,lamb leg raw,1043,77.4,33.7,31.8,6.1,0.0,0.0,81.2,0.0,313.0,0.3,291.8,0.0,0.6,0.055,0.042,1.0,28.4,3.1,0.7,0.0,0.0,1.0,0.0,40.8,0.5,7.5,104.3,0.09,771.1,1129.5,0.025,15.1,206.9,FOOD-DATA-GROUP3,51.19798234552332,0.0,48.80201765447666,81.2,1043,7.777777777777778,0.0,0.0,0.0,0.000287356321839,0,0,1,1,Limit,50.0
287,287,lamb loin cooked,202,14.8,6.3,6.2,1.1,0.0,0.0,16.1,0.0,64.0,0.089,33.0,0.0,0.034,0.003,0.014,0.2,4.5,0.4,0.013,0.0,0.024,0.087,0.062,12.8,0.068,1.2,15.4,0.09,125.4,209.3,0.039,2.2,44.9,FOOD-DATA-GROUP3,52.10355987055016,0.0,47.89644012944984,16.1,202,7.931034482758621,0.0,0.0,0.0,0.0004384236453201,0,0,1,0,Limit,57.3
288,288,chicken patty,172,11.7,2.2,5.0,2.9,7.7,0.0,8.9,0.2,25.8,0.3,30.5,0.0,0.067,0.063,0.072,0.042,2.9,0.7,0.1,0.0,0.0,0.8,0.082,11.4,0.056,0.6,14.4,0.2,124.8,156.6,0.014,0.6,40.5,FOOD-DATA-GROUP3,31.448763250883395,27.208480565371023,41.34275618374558,1.0229885057471266,172,5.144508670520231,0.1156069364161849,0.0,0.4,0.0017341040462427,0,0,0,0,Healthy,55.3
289,289,lamb shank roasted,605,33.5,13.7,14.2,2.4,0.0,0.0,71.0,0.0,242.1,0.2,163.2,0.0,0.3,0.085,0.051,0.7,17.6,1.9,0.4,0.0,0.0,0.4,0.0,26.9,0.3,5.3,67.3,0.089,532.6,876.9,0.057,12.5,136.7,FOOD-DATA-GROUP3,67.94258373205741,0.0,32.057416267942585,71.0,605,11.716171617161717,0.0,0.0,0.0,0.0003300330033003,0,0,1,1,Limit,54.7
290,290,barbecue loaf,40,2.0,0.7,1.0,0.2,1.5,0.0,3.6,0.0,8.5,0.3,14.9,0.0,0.042,0.038,0.039,0.086,0.5,0.4,0.07,0.0,0.099,0.0,0.0,12.7,0.029,0.3,3.9,0.089,30.4,75.7,0.009,0.6,20.1,FOOD-DATA-GROUP3,50.70422535211267,21.126760563380284,28.169014084507044,1.44,40,8.78048780487805,0.0,0.0,0.0,0.0073170731707317,0,0,0,0,Healthy,52.2
291,291,lamb sirloin cooked,765,54.2,22.9,22.8,3.9,0.0,0.0,64.5,0.0,254.1,0.2,141.8,0.0,0.3,0.086,0.086,0.7,17.3,1.8,0.4,0.0,0.0,0.3,0.0,28.8,0.3,5.2,57.6,0.028,479.5,788.6,0.089,10.8,152.7,FOOD-DATA-GROUP3,54.33866891322662,0.0,45.66133108677338,64.5,765,8.420365535248042,0.0,0.0,0.0,0.0002610966057441,0,0,1,1,Limit,50.0
292,292,poultry salad,26,1.8,0.4,0.4,0.8,1.0,0.0,1.5,0.0,3.9,0.079,8.6,0.084,0.066,0.093,0.037,0.081,0.2,0.011,0.009,0.1,0.063,0.3,0.0,1.3,0.072,0.097,1.3,0.049,4.3,23.8,0.024,0.1,5.781,FOOD-DATA-GROUP3,34.88372093023256,23.25581395348837,41.86046511627907,0.75,26,5.555555555555555,0.0,0.0,0.0,0.0029259259259259,0,0,0,0,Healthy,50.8
293,293,ground lamb raw,80,6.6,2.9,2.7,0.5,0.0,0.0,4.7,0.0,20.7,0.05,16.8,0.0,0.021,0.012,0.01,0.055,1.7,0.2,0.022,0.0,0.028,0.044,0.06,4.5,0.099,0.4,5.9,0.017,44.4,62.8,0.07,1.0,16.2,FOOD-DATA-GROUP3,41.5929203539823,0.0,58.40707964601769,4.7,80,5.80246913580247,0.0,0.0,0.0,0.0006172839506172,0,0,0,0,Healthy,51.3
294,294,lamb loin raw,88,7.5,3.3,3.1,0.6,0.0,0.0,4.6,0.0,20.9,0.003,16.0,0.0,0.088,0.003,0.065,0.061,1.8,0.2,0.074,0.0,0.0,0.042,0.0,4.2,0.049,0.5,5.9,0.027,43.0,60.6,0.023,0.7,16.8,FOOD-DATA-GROUP3,38.01652892561983,0.0,61.98347107438017,4.6,88,5.168539325842696,0.0,0.0,0.0,3.370786516853933e-05,0,0,0,0,Healthy,51.0
295,295,lamb sirloin raw,1234,100.3,44.1,41.2,7.8,0.0,0.0,76.8,0.0,326.6,0.3,273.5,0.0,0.5,0.027,0.072,1.0,28.8,3.2,0.6,0.0,0.0,1.0,0.0,45.4,0.5,7.3,99.8,0.024,721.2,1047.8,0.056,14.0,229.8,FOOD-DATA-GROUP3,43.365330321852056,0.0,56.63466967814794,76.8,1234,6.218623481781376,0.0,0.0,0.0,0.000242914979757,0,0,1,1,Limit,50.0
296,296,sausage patty mcdonalds,115,11.2,3.6,4.7,1.4,0.4,0.1,4.3,0.0,20.9,0.2,11.7,0.0,0.008,0.0,0.025,0.01,1.3,0.2,0.077,0.0,0.0,0.0,0.0,6.5,0.017,0.3,4.5,0.038,39.6,75.8,0.0,0.4,22.7,FOOD-DATA-GROUP3,27.044025157232703,2.515723270440252,70.44025157232706,3.071428571428572,115,3.706896551724138,0.0,7.142857142857144,0.0,0.0017241379310344,0,0,0,0,Healthy,50.5
297,297,lamb foreshank cooked,360,19.9,8.3,8.4,1.4,0.0,0.0,42.0,0.0,156.9,0.1,84.1,0.0,0.087,0.026,0.008,0.3,8.1,0.9,0.1,0.0,0.002,0.3,0.091,29.6,0.2,3.2,32.6,0.024,245.7,380.4,0.087,11.4,94.7,FOOD-DATA-GROUP3,67.8513731825525,0.0,32.14862681744749,42.0,360,11.634349030470917,0.0,0.0,0.0,0.0002770083102493,0,0,1,1,Limit,58.8
298,298,ham salad,97,7.0,2.3,3.2,1.2,4.8,0.0,3.9,0.0,16.7,0.5,28.2,0.0,0.2,0.084,0.039,0.006,0.9,0.1,0.047,0.0,0.012,0.8,0.0,3.6,0.065,0.3,4.5,0.083,54.0,67.5,0.059,0.5,19.6,FOOD-DATA-GROUP3,24.840764331210192,30.573248407643312,44.5859872611465,0.6724137931034483,97,3.9795918367346936,0.0,0.0,0.0,0.0051020408163265,0,0,0,0,Healthy,51.2
299,299,lamb rib raw,1687,156.0,68.8,64.1,12.2,0.0,0.0,65.9,0.0,344.7,0.3,230.4,0.0,0.5,0.044,0.009,0.9,27.6,2.8,0.5,0.0,0.0,0.8,0.0,68.0,0.4,6.3,81.6,0.015,621.4,861.8,0.019,12.3,296.2,FOOD-DATA-GROUP3,29.698062190175754,0.0,70.30193780982424,65.9,1687,3.904028436018957,0.0,0.0,0.0,0.0001777251184834,0,0,1,1,Limit,50.0
300,300,lamb shoulder raw,1198,97.3,42.1,39.9,7.8,0.0,0.0,75.2,0.0,326.6,0.3,278.5,0.0,0.5,0.035,0.07,1.0,25.7,3.1,0.6,0.0,0.015,1.0,0.041,72.6,0.4,6.8,95.3,0.023,716.7,1043.3,0.02,17.9,251.9,FOOD-DATA-GROUP3,43.594202898550726,0.0,56.40579710144928,75.2,1198,6.271893244370309,0.0,0.0,0.0,0.0002502085070892,0,0,1,1,Limit,50.0
301,301,lamb meat raw,1102,84.6,36.6,34.7,6.7,0.0,0.0,79.6,0.0,317.5,0.3,286.5,0.0,0.5,0.016,0.021,1.0,27.5,3.1,0.6,0.0,0.0,0.0,0.0,54.4,0.5,7.3,99.8,0.01,753.0,1084.1,0.078,16.0,225.9,FOOD-DATA-GROUP3,48.47746650426309,0.0,51.52253349573691,79.6,1102,7.216681776971895,0.0,0.0,0.0,0.0002719854941069,0,0,1,1,Limit,50.0
302,302,lamb shoulder cooked,750,53.5,22.5,21.9,4.4,0.0,0.0,62.5,0.0,252.9,0.2,98.5,0.0,0.2,0.041,0.024,0.5,13.8,1.3,0.2,0.0,0.0,0.3,0.0,54.5,0.3,5.2,52.3,0.04,405.5,540.6,0.094,13.9,175.7,FOOD-DATA-GROUP3,53.8793103448276,0.0,46.12068965517241,62.5,750,8.322237017310254,0.0,0.0,0.0,0.0002663115845539,0,0,1,1,Limit,50.0
303,303,mutton cooked,66,3.1,1.5,1.3,0.2,0.027,0.0,9.5,0.0,30.8,0.07,15.3,0.0,0.036,0.0,0.066,0.027,1.8,0.3,0.1,0.0,0.0,0.2,0.0,2.8,0.068,1.3,8.8,0.0,77.0,115.7,0.094,1.7,16.744,FOOD-DATA-GROUP3,75.23560624059556,0.2138275124732715,24.550566246931183,9.25024342745862,66,14.17910447761194,0.0,0.0,0.0,0.0010447761194029,0,0,0,0,Healthy,56.0
304,304,lamb leg cooked,684,43.7,18.3,18.4,3.1,0.0,0.0,67.7,0.0,246.5,0.2,152.3,0.0,0.3,0.058,0.065,0.7,17.5,1.8,0.4,0.0,0.099,0.4,0.025,29.2,0.3,5.2,63.6,0.071,506.2,829.5,0.064,11.7,145.8,FOOD-DATA-GROUP3,60.77199281867145,0.0,39.22800718132854,67.7,684,9.883211678832115,0.0,0.0,0.0,0.0002919708029197,0,0,1,1,Limit,51.3
305,305,beef stick,110,9.9,4.2,4.1,0.9,1.1,0.0,4.3,0.0,26.6,0.3,3.8,0.0,0.071,0.0,0.002,0.063,0.9,0.016,0.024,1.4,0.0,0.0,0.0,13.6,0.097,0.7,4.2,0.007,36.0,51.4,0.0,0.5,31.0,FOOD-DATA-GROUP3,28.10457516339869,7.189542483660132,64.70588235294117,2.0476190476190474,110,3.873873873873874,0.0,0.0,0.0,0.0027027027027027,0,0,0,0,Healthy,50.1
306,306,veal sirloin cooked,517,26.9,10.6,10.6,1.8,0.0,0.0,64.1,0.0,221.4,0.2,111.7,0.0,0.1,0.032,0.048,0.7,13.5,2.1,0.7,0.0,0.0,0.8,0.0,34.9,0.3,2.5,55.4,0.072,498.2,658.1,0.058,8.9,128.4,FOOD-DATA-GROUP3,70.43956043956044,0.0,29.56043956043956,64.1,517,12.374517374517373,0.0,0.0,0.0,0.0003861003861003,0,0,1,1,Limit,57.0
307,307,veal rib cooked,444,22.2,8.8,8.2,1.7,0.0,0.0,57.4,0.0,246.0,0.2,94.4,0.0,0.033,0.058,0.057,0.5,13.3,1.9,0.6,0.0,0.0,0.6,0.092,38.9,0.2,2.5,44.3,0.076,371.7,541.6,0.046,9.9,121.0,FOOD-DATA-GROUP3,72.1105527638191,0.0,27.889447236180903,57.4,444,12.89887640449438,0.0,0.0,0.0,0.0004494382022471,0,0,1,1,Limit,58.4
308,308,veal meat cooked,483,23.8,8.9,9.2,1.7,0.0,0.0,62.9,0.0,238.3,0.2,119.3,0.0,0.1,0.064,0.057,0.7,16.7,2.6,0.6,0.0,0.0,0.8,0.069,46.0,0.2,2.4,54.3,0.084,499.5,679.3,0.061,9.9,135.1,FOOD-DATA-GROUP3,72.54901960784314,0.0,27.450980392156865,62.9,483,12.99586776859504,0.0,0.0,0.0,0.0004132231404958,0,0,1,1,Limit,58.3
309,309,beef rib roasted,238,19.1,7.7,8.2,0.7,0.0,0.0,15.4,0.0,57.0,0.01,32.0,0.0,0.049,0.075,0.031,0.1,2.5,0.2,0.2,0.0,0.037,0.2,0.015,6.7,0.086,1.6,13.4,0.062,115.9,196.3,0.01,3.9,42.8,FOOD-DATA-GROUP3,44.63768115942029,0.0,55.36231884057972,15.4,238,6.443514644351464,0.0,0.0,0.0,4.184100418410042e-05,0,0,1,0,Limit,55.8
310,310,veal sirloin raw,689,35.4,15.2,13.8,2.3,0.0,0.0,86.5,0.0,353.8,0.3,325.9,0.0,0.4,0.016,0.004,1.4,38.3,6.2,2.2,0.0,0.0,1.1,0.093,49.9,0.5,3.5,108.9,0.1,948.0,1492.3,0.004,11.6,175.3,FOOD-DATA-GROUP3,70.95980311730926,0.0,29.04019688269073,86.5,689,12.536231884057973,0.0,0.0,0.0,0.0004347826086956,0,0,1,1,Limit,53.6
311,311,beef top loin filet grilled,323,19.0,6.5,8.6,0.6,0.8,0.0,37.0,0.0,116.1,0.1,76.7,0.9,0.063,0.1,0.018,0.016,0.4,5.6,0.0,0.6,0.0,0.03,0.0,0.019,9.5,0.2,4.5,36.5,0.0,318.6,507.6,0.077,58.507,FOOD-DATA-GROUP3,65.14084507042254,1.4084507042253522,33.45070422535211,20.555555555555557,323,11.419753086419751,0.0,0.0,0.0,0.0003086419753086,0,0,1,1,Limit,60.1
312,312,beef under blade steak cooked,983,46.7,17.9,22.6,2.3,0.0,0.0,140.8,0.0,480.4,0.3,260.9,1.9,0.002,0.3,0.03,0.068,1.1,17.9,3.5,1.5,0.0,0.022,0.4,0.044,62.9,0.5,14.4,98.8,0.085,929.4,1382.9,0.2,191.483,FOOD-DATA-GROUP3,75.09333333333333,0.0,24.90666666666667,140.8,983,14.308943089430896,0.0,0.0,0.0,0.0003048780487804,0,0,1,1,Limit,51.6
313,313,mock tender steak raw,244,8.3,3.6,4.3,0.7,0.0,0.0,42.2,0.0,132.7,0.2,145.9,0.069,0.2,0.085,0.011,0.4,7.1,1.7,0.8,0.0,0.055,0.4,0.099,21.8,0.2,4.8,49.5,0.087,445.5,685.1,0.032,15.8,77.128,FOOD-DATA-GROUP3,83.56435643564357,0.0,16.435643564356436,42.2,244,17.22448979591837,0.0,0.0,0.0,0.0008163265306122,0,0,0,1,Healthy,62.3
314,314,ground beef cooked,375,24.8,10.0,12.0,0.7,0.0,0.0,35.5,0.0,122.3,0.1,77.5,1.6,0.0,0.007,0.098,0.06,0.3,6.8,1.1,0.6,0.0,0.0,0.7,0.052,57.0,0.1,3.4,27.8,0.044,280.8,455.9,0.081,62.697,FOOD-DATA-GROUP3,58.872305140961856,0.0,41.127694859038144,35.5,375,9.441489361702128,0.0,0.0,0.0,0.0002659574468085,0,0,1,1,Limit,57.5
315,315,ground beef raw,1506,136.1,51.2,59.7,3.2,0.0,0.0,65.1,0.0,353.8,0.3,246.7,0.0,0.2,0.071,0.004,0.6,15.3,1.9,1.3,0.0,0.0,2.2,0.004,108.9,0.2,7.4,63.5,0.045,598.8,988.8,0.001,16.2,317.5,FOOD-DATA-GROUP3,32.3558648111332,0.0,67.64413518886681,65.1,1506,4.319840743198407,0.0,0.0,0.0,0.0001990710019907,0,0,1,1,Limit,50.0
316,316,beef diced asda,48,0.7,0.3,0.0,0.0,10.5,0.054,0.0,0.0,0.0,0.0,0.0,0.0,0.0,0.0,0.0,0.0,0.0,0.0,0.0,0.0,0.0,0.0,0.0,0.0,0.0,0.0,0.0,0.0,0.0,0.0,0.0,0.0,11.2,FOOD-DATA-GROUP3,0.0,93.75,6.25,0.0,48,0.0,0.0,0.4695652173913043,0.0,0.0,0,0,0,0,Healthy,49.8
317,317,veal rib raw,735,40.9,16.8,15.6,2.9,0.0,0.0,85.5,0.0,372.0,0.4,322.7,0.0,0.3,0.082,0.085,1.0,30.3,5.1,1.9,0.0,0.0,1.0,0.0,59.0,0.5,3.9,99.8,0.1,834.6,1315.4,0.045,14.7,189.3,FOOD-DATA-GROUP3,67.64240506329114,0.0,32.35759493670886,85.5,735,11.616847826086955,0.0,0.0,0.0,0.0005434782608695,0,0,1,1,Limit,52.4
318,318,ground veal raw,41,1.9,0.8,0.7,0.1,0.0,0.0,5.5,0.0,23.2,0.029,20.6,0.0,0.093,0.005,0.045,0.095,2.1,0.4,0.1,0.0,0.0,0.086,0.0,4.2,0.048,0.2,6.8,0.026,57.4,89.1,0.076,0.9,11.8,FOOD-DATA-GROUP3,74.32432432432432,0.0,25.675675675675677,5.5,41,13.095238095238097,0.0,0.0,0.0,0.0006904761904761,0,0,0,0,Healthy,53.5
319,319,t bone steak cooked,1049,74.1,30.3,33.3,3.3,0.0,0.0,89.3,0.0,301.3,0.2,197.8,4.6,0.0,0.2,0.042,0.046,0.8,19.9,1.1,2.4,0.0,0.095,0.0,0.0,69.0,0.2,11.8,65.3,0.001,729.6,900.2,0.041,170.6,FOOD-DATA-GROUP3,54.65116279069768,0.0,45.34883720930233,89.3,1049,8.504761904761903,0.0,0.0,0.0,0.0001904761904761,0,0,1,1,Limit,50.0
320,320,veal leg round raw,531,14.0,5.4,5.1,1.1,0.0,0.0,95.2,0.0,353.8,0.3,339.3,0.0,0.4,0.064,0.019,1.2,42.7,4.9,2.1,0.0,0.0,1.4,0.03,22.7,0.5,3.6,117.9,0.1,997.9,1664.7,0.005,10.4,135.5,FOOD-DATA-GROUP3,87.17948717948718,0.0,12.82051282051282,95.2,531,17.894736842105264,0.0,0.0,0.0,0.000563909774436,0,0,1,1,Limit,60.9
321,321,beef top sirloin steak raw,1222,77.3,31.2,33.1,2.9,0.0,0.0,123.4,0.0,456.0,0.3,401.8,0.0,0.4,0.016,0.001,0.6,36.4,3.6,3.4,0.0,0.0,2.2,0.066,145.9,0.4,9.0,127.7,0.074,1137.0,1915.2,0.1,21.6,355.6,FOOD-DATA-GROUP3,61.48480318883907,0.0,38.51519681116094,123.4,1222,10.08994276369583,0.0,0.0,0.0,0.0002452984464431,0,0,1,1,Limit,50.0
322,322,beef plate steak grilled,508,35.6,12.9,14.3,2.0,0.0,0.0,47.1,0.0,177.5,0.1,89.5,1.7,0.021,0.2,0.017,0.054,1.4,8.9,2.3,0.8,0.0,0.011,0.2,0.047,13.9,0.4,8.9,41.8,0.4,321.9,487.2,0.088,85.652,FOOD-DATA-GROUP3,56.95284159613059,0.0,43.0471584038694,47.1,508,9.25343811394892,0.0,0.0,0.0,0.0001964636542239,0,0,1,1,Limit,55.3
323,323,ground veal cooked,514,22.6,9.1,8.5,1.6,0.0,0.0,72.9,0.0,308.0,0.2,199.6,0.0,0.2,0.03,0.032,0.8,24.0,3.5,1.2,0.0,0.0,0.4,0.006,50.8,0.3,3.0,71.8,0.1,648.8,1007.6,0.011,11.6,149.3,FOOD-DATA-GROUP3,76.33507853403142,0.0,23.66492146596859,72.9,514,14.155339805825244,0.0,0.0,0.0,0.0003883495145631,0,0,1,1,Limit,58.2
324,324,veal leg round cooked,574,17.2,6.9,6.4,1.3,0.0,0.0,98.4,0.0,364.5,0.2,150.9,0.0,0.2,0.067,0.072,1.0,28.7,2.8,1.0,0.0,0.0,1.3,0.096,21.8,0.4,3.6,78.9,0.1,677.3,1041.8,0.089,10.8,141.0,FOOD-DATA-GROUP3,85.12110726643598,0.0,14.878892733564012,98.4,574,17.11304347826087,0.0,0.0,0.0,0.0003478260869565,0,0,1,1,Limit,59.8
325,325,porterhouse steak raw,1170,91.1,36.4,40.6,3.4,0.0,0.0,81.6,0.0,308.4,0.2,273.1,0.0,0.5,0.095,0.02,0.8,15.9,1.4,1.7,0.0,0.0,0.0,0.0,27.2,0.3,8.8,86.2,0.011,762.0,1338.1,0.013,14.3,208.7,FOOD-DATA-GROUP3,47.249565720903306,0.0,52.7504342790967,81.6,1170,6.968403074295473,0.0,0.0,0.0,0.0001707941929974,0,0,1,1,Limit,50.0
326,326,veal shank raw,513,15.8,4.8,5.7,1.6,0.0,0.0,86.9,0.0,340.2,0.4,348.9,0.0,0.4,0.075,0.035,1.2,33.8,5.9,2.0,0.0,0.0,0.0,0.0,90.7,0.3,3.4,95.3,0.009,866.4,1424.3,0.068,18.1,196.8,FOOD-DATA-GROUP3,84.61538461538461,0.0,15.384615384615383,86.9,513,16.90661478599222,0.0,0.0,0.0,0.0007782101167315,0,0,0,1,Healthy,61.4
327,327,veal breast cooked,753,47.5,18.5,22.7,3.2,0.0,0.0,76.3,0.0,319.8,0.2,158.3,0.0,0.2,0.089,0.081,0.8,22.6,2.9,0.7,0.0,0.0,0.0,0.0,25.5,0.2,2.2,56.6,0.027,540.5,769.8,0.057,10.3,151.5,FOOD-DATA-GROUP3,61.63166397415186,0.0,38.368336025848144,76.3,753,10.119363395225465,0.0,0.0,0.0,0.0002652519893899,0,0,1,1,Limit,51.1
328,328,corned beef canned,53,3.1,1.3,1.3,0.1,0.0,0.0,5.7,0.0,18.1,0.2,12.1,0.0,0.076,0.057,0.018,0.049,0.5,0.1,0.032,0.0,0.016,0.02,0.041,2.5,0.012,0.4,2.9,0.092,23.3,28.6,0.054,0.7,11.7,FOOD-DATA-GROUP3,64.77272727272727,0.0,35.22727272727273,5.7,53,10.555555555555555,0.0,0.0,0.0,0.0037037037037037,0,0,0,0,Healthy,53.3
329,329,rib eye steak grilled,680,47.7,21.2,23.0,2.2,0.0,0.0,62.4,0.0,195.8,0.1,139.5,0.047,0.2,0.036,0.002,0.8,12.9,0.0,1.3,0.0,0.032,0.0,0.065,30.1,0.2,6.0,57.7,0.0,409.1,700.3,0.085,15.9,146.262,FOOD-DATA-GROUP3,56.675749318801095,0.0,43.32425068119892,62.4,680,9.162995594713657,0.0,0.0,0.0,0.0001468428781204,0,0,1,1,Limit,50.0
330,330,veal shoulder raw,0,0.0,0.0,0.0,0.0,0.0,0.0,0.0,0.0,0.0,0.0,0.0,0.0,0.0,0.0,0.0,0.0,0.0,0.0,0.0,0.0,0.0,0.0,0.0,0.0,0.0,0.0,0.0,0.0,0.0,0.0,0.0,0.0,0.0,FOOD-DATA-GROUP3,0.0,0.0,0.0,0.0,0,0.0,0.0,0.0,0.0,0.0,0,0,0,0,Healthy,50.0
331,331,t bone steak raw,1052,76.3,30.4,33.9,2.8,0.0,0.0,85.7,0.0,281.2,0.2,282.5,0.0,0.5,0.007,0.038,0.8,16.4,1.4,1.7,0.0,0.0,0.0,0.0,27.2,0.4,9.5,90.7,0.034,784.7,1397.1,0.044,14.7,198.7,FOOD-DATA-GROUP3,52.901234567901234,0.0,47.098765432098766,85.7,1052,8.138651471984804,0.0,0.0,0.0,0.0001899335232668,0,0,1,1,Limit,50.0
332,332,sirloin steak,324,14.1,5.2,6.1,1.1,0.0,0.0,49.5,0.0,144.4,0.6,99.9,0.6,0.0,0.1,0.0,0.051,0.6,9.4,1.5,1.1,0.0,0.0,0.9,0.0,16.6,0.2,4.3,44.8,0.082,381.8,629.1,0.083,65.5,FOOD-DATA-GROUP3,77.83018867924528,0.0,22.169811320754715,49.5,324,15.230769230769232,0.0,0.0,0.0,0.0018461538461538,0,0,1,1,Limit,61.1
333,333,mock tender steak cooked,137,4.9,1.5,2.3,0.3,0.0,0.0,21.9,0.0,55.3,0.028,55.7,0.0,0.09,0.025,0.063,0.2,3.1,0.0,0.3,0.0,0.0,0.1,0.0,6.8,0.1,2.6,19.6,0.0,198.9,249.1,0.073,6.7,36.2,FOOD-DATA-GROUP3,81.71641791044777,0.0,18.28358208955224,21.9,137,15.869565217391305,0.0,0.0,0.0,0.0002028985507246,0,0,0,0,Healthy,63.9
334,334,beef round steak cooked,385,12.1,4.3,5.1,0.5,0.0,0.0,64.8,0.0,174.3,0.011,126.8,0.0,0.1,0.032,0.042,0.3,11.3,1.3,0.9,0.0,0.0,0.8,0.064,14.4,0.2,5.2,41.0,0.033,395.7,516.6,0.091,10.7,96.5,FOOD-DATA-GROUP3,84.26527958387517,0.0,15.73472041612484,64.8,385,16.787564766839377,0.0,0.0,0.0,2.849740932642487e-05,0,0,0,1,Healthy,61.8
335,335,chuck blade roast raw,1125,88.0,35.5,38.6,3.2,0.0,0.0,77.8,0.0,322.1,0.3,277.7,0.0,0.5,0.04,0.028,0.8,9.9,1.3,1.6,0.0,0.0,0.0,0.0,45.4,0.3,9.3,77.1,0.056,734.8,1229.3,0.049,22.6,220.5,FOOD-DATA-GROUP3,46.924004825090464,0.0,53.07599517490953,77.8,1125,6.909413854351687,0.0,0.0,0.0,0.000266429840142,0,0,1,1,Limit,50.0
336,336,beef shoulder steak raw,349,17.3,7.5,9.0,1.8,0.0,0.0,48.2,0.0,164.9,0.2,171.8,0.014,0.2,0.082,0.021,0.6,9.2,2.2,1.0,0.0,0.017,0.4,0.06,28.7,0.2,6.0,45.4,0.02,480.4,800.7,0.09,18.0,100.218,FOOD-DATA-GROUP3,73.58778625954199,0.0,26.412213740458014,48.2,349,13.771428571428574,0.0,0.0,0.0,0.0005714285714285,0,0,1,1,Limit,59.4
337,337,beef top blade cooked,184,10.0,3.3,4.6,0.4,0.0,0.0,21.9,0.0,51.9,0.002,52.3,0.0,0.1,0.016,0.095,0.2,3.2,0.8,0.3,0.0,0.0,0.1,0.0,6.0,0.057,2.3,20.4,0.0,181.9,254.2,0.098,7.4,40.2,FOOD-DATA-GROUP3,68.65203761755487,0.0,31.347962382445143,21.9,184,11.837837837837837,0.0,0.0,0.0,1.081081081081081e-05,0,0,0,0,Healthy,62.5
338,338,corned beef cooked,53,4.0,1.3,1.9,0.1,0.006,0.0,3.8,0.0,20.6,0.2,12.6,0.0,0.048,0.094,0.066,0.027,0.6,0.082,0.034,0.0,0.015,0.022,0.096,1.7,0.009,0.4,2.5,0.025,26.3,30.5,0.034,1.0,9.905,FOOD-DATA-GROUP3,48.68050217781194,0.0768639508070715,51.242633871381,3.7773359840954273,53,7.037037037037036,0.0,0.0,0.0,0.0037037037037037,0,0,0,0,Healthy,51.9
339,339,beef round steak raw,753,36.0,14.2,15.5,1.4,0.0,0.0,100.1,0.0,313.0,0.3,313.2,0.0,0.4,0.079,0.067,0.6,29.9,2.9,3.0,0.0,0.0,1.5,0.079,95.3,0.4,8.4,108.9,0.035,961.6,1583.1,0.1,18.5,239.8,FOOD-DATA-GROUP3,73.54886113152094,0.0,26.451138868479063,100.1,753,13.275862068965516,0.0,0.0,0.0,0.0003978779840848,0,0,1,1,Limit,54.3
340,340,beef shoulder steak grilled,155,5.8,2.5,3.0,0.6,0.0,0.0,24.0,0.0,68.9,0.014,54.4,0.063,0.083,0.043,0.055,0.2,4.7,0.7,0.6,0.0,0.012,0.072,0.067,10.2,0.056,2.5,21.3,0.03,208.3,311.1,0.084,6.8,42.589,FOOD-DATA-GROUP3,80.53691275167785,0.0,19.463087248322147,24.0,155,15.384615384615383,0.0,0.0,0.0,8.974358974358975e-05,0,0,0,0,Healthy,63.1
341,341,chuck eye steak raw,856,62.8,26.7,29.7,4.5,0.0,0.0,72.4,0.0,261.1,0.3,247.6,0.095,0.3,0.017,0.03,0.6,16.7,2.5,1.4,0.0,0.047,0.6,0.077,53.8,0.2,8.1,73.0,0.007,687.4,1263.4,0.097,27.9,197.159,FOOD-DATA-GROUP3,53.550295857988175,0.0,46.44970414201184,72.4,856,8.448074679113187,0.0,0.0,0.0,0.0003500583430571,0,0,1,1,Limit,50.0
342,342,beef bottom round steak cooked,980,35.1,12.1,14.7,1.5,0.0,0.0,155.8,0.0,426.4,0.2,261.0,0.0,0.4,0.045,0.014,0.9,28.0,3.1,2.1,0.0,0.075,2.0,0.091,31.8,0.4,13.0,104.3,0.038,984.3,1279.2,0.2,26.8,235.7,FOOD-DATA-GROUP3,81.61341016238869,0.0,18.386589837611314,155.8,980,15.881753312945976,0.0,0.0,0.0,0.000203873598369,0,0,1,1,Limit,55.9
343,343,porterhouse steak cooked,235,16.4,6.2,7.4,0.6,0.0,0.0,20.4,0.0,57.0,0.085,46.5,0.0,0.099,0.069,0.024,0.2,3.6,0.3,0.3,0.0,0.0,0.2,0.0,6.0,0.1,2.5,18.7,0.095,164.1,254.2,0.087,3.9,45.3,FOOD-DATA-GROUP3,55.434782608695656,0.0,44.56521739130434,20.4,235,8.64406779661017,0.0,0.0,0.0,0.0003601694915254,0,0,1,0,Limit,60.3
344,344,beef under blade steak raw,1235,80.8,32.6,37.4,5.9,0.0,0.0,126.8,0.0,431.0,0.3,241.6,0.057,0.3,0.061,0.091,1.0,16.9,3.3,1.4,0.0,0.093,0.4,0.076,62.9,0.4,12.6,89.8,0.036,812.7,1225.8,0.1,42.9,283.198,FOOD-DATA-GROUP3,61.078998073217726,0.0,38.921001926782274,126.8,1235,10.258899676375403,0.0,0.0,0.0,0.0002427184466019,0,0,1,1,Limit,50.0
345,345,beef plate steak raw,617,46.8,19.0,20.6,2.3,0.9,0.0,47.8,0.0,188.9,0.2,168.0,0.071,0.3,0.089,0.058,1.5,10.9,3.0,1.0,0.0,0.008,0.4,0.016,16.0,0.5,9.1,50.5,0.5,377.7,643.7,0.048,12.6,120.656,FOOD-DATA-GROUP3,50.0523560209424,0.9424083769633508,49.00523560209424,25.157894736842103,617,7.73462783171521,0.0,0.0,0.0,0.0003236245954692,0,0,1,1,Limit,50.7
346,346,beef meat canned,111,7.9,3.9,3.6,0.4,0.0,0.0,9.2,0.0,34.7,0.095,27.5,0.0,0.037,0.013,0.037,0.082,1.9,0.041,0.041,0.0,0.0,0.9,0.018,4.5,0.079,1.0,7.2,0.088,63.0,102.2,0.055,2.2,22.6,FOOD-DATA-GROUP3,53.80116959064326,0.0,46.19883040935672,9.2,111,8.214285714285714,0.0,0.0,0.0,0.0008482142857142,0,0,0,0,Healthy,54.0
347,347,beef breakfast strips raw,92,8.8,3.6,4.2,0.5,0.2,0.0,2.8,0.0,18.5,0.2,10.2,0.0,0.068,0.067,0.027,0.074,0.7,0.078,0.078,5.4,0.0,0.0,0.0,0.9,0.013,0.3,2.5,0.031,22.6,34.6,0.033,0.5,18.4,FOOD-DATA-GROUP3,23.72881355932203,1.694915254237288,74.57627118644068,2.333333333333333,92,3.010752688172043,0.0,0.0,0.0,0.0021505376344086,0,0,0,0,Healthy,49.4
348,348,beef brisket cooked,589,43.6,16.8,19.4,1.5,0.0,0.0,46.0,0.0,165.5,0.1,88.3,0.0,0.1,0.026,0.021,0.4,5.8,0.6,0.5,0.0,0.041,0.3,0.082,12.5,0.2,4.4,35.6,0.076,368.5,446.8,0.063,10.3,106.5,FOOD-DATA-GROUP3,51.33928571428572,0.0,48.66071428571429,46.0,589,7.796610169491526,0.0,0.0,0.0,0.0001694915254237,0,0,1,1,Limit,52.4
349,349,corned beef raw,898,67.6,21.5,32.6,2.4,0.6,0.0,66.6,0.0,244.9,5.5,301.9,0.0,0.2,0.007,0.006,0.7,16.6,2.6,1.3,122.5,0.0,0.0,0.0,31.8,0.5,7.7,63.5,0.012,530.7,1347.2,0.07,12.9,296.8,FOOD-DATA-GROUP3,49.40652818991098,0.4451038575667655,50.14836795252226,41.62499999999999,898,7.408231368186874,0.0,0.0,0.0,0.0061179087875417,0,0,1,1,Limit,49.9
350,350,beef mince meat asda,55,3.1,1.3,0.0,0.0,6.8,0.054,0.0,0.0,0.0,0.0,0.0,0.0,0.0,0.0,0.0,0.0,0.0,0.0,0.0,0.0,0.0,0.0,0.0,0.0,0.0,0.0,0.0,0.0,0.0,0.0,0.0,0.0,9.9,FOOD-DATA-GROUP3,0.0,68.68686868686868,31.313131313131315,0.0,55,0.0,0.0,0.6923076923076923,0.0,0.0,0,0,0,0,Healthy,49.0
351,351,pastrami beef fat free,9,0.1,0.0,0.036,0.099,0.1,0.0,1.9,0.0,4.5,0.005,7.1,0.0,0.04,0.076,0.051,0.043,0.5,0.073,0.079,3.3,0.0,0.0,0.0,0.9,0.078,0.3,1.7,0.047,14.3,21.7,0.044,0.4,6.6,FOOD-DATA-GROUP3,90.47619047619048,4.761904761904762,4.761904761904762,1.727272727272727,9,19.0,0.0,0.0,0.0,0.0005,0,0,0,0,Healthy,51.4
352,352,rib eye steak raw,743,54.5,24.0,25.7,2.6,0.4,0.0,62.8,0.0,221.7,0.2,205.4,0.087,0.3,0.025,0.039,0.8,15.6,0.0,1.3,0.0,0.088,0.0,0.076,26.1,0.2,5.9,65.2,0.0,446.6,802.0,0.01,16.2,149.722,FOOD-DATA-GROUP3,53.355989804587935,0.3398470688190315,46.30416312659304,44.85714285714286,743,8.440860215053764,0.0,0.0,0.0,0.000268817204301,0,0,1,1,Limit,50.0
353,353,beef tenderloin steak cooked,374,24.0,9.4,10.0,0.9,0.0,0.0,37.0,0.0,135.8,0.061,78.5,0.0,0.1,0.016,0.067,0.2,9.9,0.7,0.8,0.0,0.028,0.7,0.028,26.6,0.1,2.4,30.8,0.076,287.0,460.6,0.018,6.7,90.0,FOOD-DATA-GROUP3,60.65573770491803,0.0,39.34426229508197,37.0,374,9.866666666666667,0.0,0.0,0.0,0.0001626666666666,0,0,1,1,Limit,57.9
354,354,chuck blade roast cooked,842,62.0,24.7,26.8,2.2,0.0,0.0,66.1,0.0,256.9,0.2,117.7,0.0,0.2,0.005,0.024,0.6,6.0,0.8,0.6,0.0,0.003,0.5,0.006,32.1,0.3,7.7,46.9,0.089,498.9,575.5,0.061,20.8,167.9,FOOD-DATA-GROUP3,51.60031225604996,0.0,48.39968774395004,66.1,842,7.841043890865955,0.0,0.0,0.0,0.0002372479240806,0,0,1,1,Limit,50.0
355,355,cured beef dried,4,0.019,0.086,0.088,0.007,0.06,0.006,0.9,0.0,2.2,0.049,1.5,0.0,0.017,0.058,0.025,0.002,0.1,0.065,0.032,0.0,0.0,0.026,0.087,0.2,0.091,0.004,0.5,0.018,5.1,6.6,0.01,0.1,1.333,FOOD-DATA-GROUP3,91.93054136874362,6.1287027579162405,1.9407558733401429,0.8490566037735849,4,18.0,0.0,0.5660377358490566,0.0,0.0098,0,0,0,0,Healthy,50.6
356,356,beef flank steak cooked,380,17.5,7.2,7.1,0.7,0.0,0.0,51.8,0.0,152.3,0.068,119.1,0.0,0.1,0.021,0.003,0.2,14.0,1.0,1.0,0.0,0.0,0.7,0.069,33.8,0.2,3.4,41.4,0.095,377.9,612.9,0.073,9.0,106.5,FOOD-DATA-GROUP3,74.74747474747475,0.0,25.252525252525253,51.8,380,13.59580052493438,0.0,0.0,0.0,0.0001784776902887,0,0,1,1,Limit,59.6
357,357,chuck eye steak grilled,853,60.5,26.7,29.1,4.4,0.0,0.0,76.9,0.0,268.0,0.2,170.1,4.0,0.012,0.2,0.083,0.085,0.6,14.4,2.3,1.1,0.0,0.093,0.3,0.02,49.3,0.2,7.5,67.8,0.045,594.4,1001.0,0.012,142.79,FOOD-DATA-GROUP3,55.96797671033479,0.0,44.03202328966521,76.9,853,9.004683840749415,0.0,0.0,0.0,0.0002341920374707,0,0,1,1,Limit,50.0
358,358,veal meat raw,653,30.7,12.7,11.7,2.2,0.0,0.0,87.8,0.0,372.0,0.4,330.4,0.0,0.4,0.097,0.061,1.2,34.0,5.9,1.9,0.0,0.0,1.2,0.0,68.0,0.5,3.8,108.9,0.1,920.8,1428.8,0.095,13.9,190.3,FOOD-DATA-GROUP3,74.0928270042194,0.0,25.90717299578059,87.8,653,13.425076452599388,0.0,0.0,0.0,0.000611620795107,0,0,1,1,Limit,55.5
359,359,veal loin cooked,80,4.9,1.9,1.9,0.3,0.0,0.0,8.5,0.0,33.4,0.001,14.7,0.0,0.011,0.096,0.069,0.053,2.6,0.2,0.039,0.0,0.0,0.1,0.049,7.9,0.074,0.3,6.8,0.047,62.3,79.2,0.082,1.0,21.6,FOOD-DATA-GROUP3,63.43283582089552,0.0,36.56716417910448,8.5,80,10.493827160493826,0.0,0.0,0.0,1.234567901234568e-05,0,0,0,0,Healthy,54.9
360,360,veal loin raw,46,2.6,1.1,1.0,0.2,0.0,0.0,5.3,0.0,22.4,0.079,19.9,0.0,0.025,0.033,0.072,0.091,2.4,0.4,0.1,0.0,0.0,0.02,0.094,4.5,0.027,0.2,6.5,0.07,56.3,86.0,0.089,0.7,12.6,FOOD-DATA-GROUP3,67.0886075949367,0.0,32.91139240506329,5.3,46,11.27659574468085,0.0,0.0,0.0,0.0016808510638297,0,0,0,0,Healthy,53.1
361,361,veal shoulder cooked,435,19.4,7.2,7.4,1.4,0.0,0.0,61.2,0.0,240.7,0.2,107.7,0.0,0.1,0.049,0.005,0.6,12.3,2.9,0.5,0.0,0.0,0.8,0.06,66.9,0.3,2.7,51.6,0.037,477.5,590.2,0.091,12.6,150.2,FOOD-DATA-GROUP3,75.93052109181141,0.0,24.069478908188582,61.2,435,14.036697247706424,0.0,0.0,0.0,0.0004587155963302,0,0,1,1,Limit,59.6
362,362,beef tenderloin steak raw,405,29.8,12.0,12.7,1.1,0.0,0.0,32.2,0.0,139.4,0.032,100.9,0.0,0.1,0.087,0.098,0.2,9.5,0.9,0.9,0.0,0.0,0.7,0.056,37.7,0.1,2.3,32.8,0.094,295.2,495.3,0.049,5.6,102.0,FOOD-DATA-GROUP3,51.935483870967744,0.0,48.064516129032256,32.2,405,7.931034482758621,0.0,0.0,0.0,7.881773399014778e-05,0,0,1,1,Limit,56.0
363,363,veal shank cooked,371,12.0,4.0,4.5,1.0,0.0,0.0,61.2,0.0,240.6,0.2,119.8,0.0,0.062,0.018,0.016,0.6,18.3,2.4,0.5,0.0,0.0,0.0,0.0,64.0,0.2,2.4,48.5,0.017,436.5,591.7,0.099,12.9,139.6,FOOD-DATA-GROUP3,83.60655737704919,0.0,16.39344262295082,61.2,371,16.451612903225808,0.0,0.0,0.0,0.0005376344086021,0,0,0,1,Healthy,62.0
364,364,beef brisket raw,1139,86.5,34.2,38.6,3.0,0.0,0.0,83.6,0.0,308.4,0.3,277.1,0.0,0.4,0.036,0.016,0.7,15.8,1.4,1.7,0.0,0.0,0.0,0.0,27.2,0.3,7.7,86.2,0.034,802.9,1279.2,0.033,16.8,205.0,FOOD-DATA-GROUP3,49.14756025867137,0.0,50.85243974132864,83.6,1139,7.333333333333333,0.0,0.0,0.0,0.0002631578947368,0,0,1,1,Limit,50.0
365,365,pastrami beef,104,4.1,1.9,1.5,0.1,0.3,0.08,15.5,0.0,48.3,0.8,49.4,0.0,0.084,0.031,0.072,0.1,3.0,0.2,0.2,0.2,0.09,0.085,0.038,7.1,0.024,1.6,12.1,0.048,124.3,149.1,0.075,3.5,28.8,FOOD-DATA-GROUP3,77.88944723618091,1.5075376884422111,20.603015075376884,11.923076923076923,104,14.761904761904765,0.0,6.153846153846153,0.0,0.0076190476190476,0,0,0,0,Healthy,60.2
366,366,beef flank steak raw,47,2.3,1.0,1.0,0.038,0.0,0.0,6.0,0.0,19.2,0.054,19.7,0.0,0.082,0.05,0.046,0.07,1.9,0.2,0.2,0.0,0.097,0.034,0.072,7.6,0.095,0.4,6.2,0.061,54.6,93.4,0.076,1.1,16.3,FOOD-DATA-GROUP3,72.28915662650601,0.0,27.71084337349397,6.0,47,12.5,0.0,0.0,0.0,0.001125,0,0,0,0,Healthy,53.7
367,367,beef top sirloin steak cooked,430,25.2,9.9,10.5,1.0,0.0,0.0,47.7,0.0,162.8,0.055,103.3,0.0,0.1,0.075,0.072,0.2,12.7,0.9,1.0,0.0,0.009,0.8,0.069,35.4,0.1,3.1,38.9,0.063,369.9,594.7,0.026,8.6,111.4,FOOD-DATA-GROUP3,65.4320987654321,0.0,34.5679012345679,47.7,430,11.067285382830628,0.0,0.0,0.0,0.0001276102088167,0,0,1,1,Limit,57.6
368,368,veal breast raw,943,66.9,26.7,32.5,4.3,0.0,0.0,79.2,0.0,322.1,0.3,307.0,0.0,0.0,0.0,0.0,0.0,0.0,0.0,0.0,0.0,0.0,0.0,0.0,31.8,0.4,2.4,81.6,0.046,780.2,1297.3,0.007,10.6,180.3,FOOD-DATA-GROUP3,54.2094455852156,0.0,45.79055441478439,79.2,943,8.389830508474578,0.0,0.0,0.0,0.0003177966101694,0,0,1,1,Limit,50.0
369,369,beef rib raw,1433,123.8,51.2,53.0,4.5,0.0,0.0,73.8,0.0,322.1,0.2,247.3,0.0,0.4,0.017,0.061,0.6,11.8,1.5,1.3,0.0,0.0,0.0,0.0,36.3,0.3,7.8,72.6,0.045,694.0,1179.4,0.067,17.0,241.7,FOOD-DATA-GROUP3,37.34817813765182,0.0,62.65182186234818,73.8,1433,5.146443514644352,0.0,0.0,0.0,0.000139470013947,0,0,1,1,Limit,50.0
370,370,beef jerky,82,5.1,2.2,2.3,0.2,2.2,1.8,6.6,0.4,9.6,0.4,4.7,0.0,0.059,0.093,0.061,0.084,0.3,0.045,0.048,0.0,0.022,0.018,0.081,4.0,0.029,1.1,10.2,0.072,81.4,119.4,0.046,1.6,19.4,FOOD-DATA-GROUP3,47.482014388489205,15.827338129496404,36.690647482014384,2.0625,82,7.951807228915662,0.4819277108433735,56.25,0.8,0.0048192771084337,0,0,0,0,Healthy,53.2
371,371,beef breakfast strips cooked,51,3.9,1.6,1.9,0.2,0.2,0.0,3.5,0.0,13.4,0.3,3.0,0.0,0.077,0.02,0.001,0.034,0.7,0.085,0.013,0.0,0.025,0.05,0.016,1.0,0.06,0.4,3.1,0.097,26.7,46.6,0.023,0.7,9.0,FOOD-DATA-GROUP3,46.05263157894737,2.631578947368421,51.31578947368421,2.916666666666667,51,6.730769230769231,0.0,0.0,0.0,0.0057692307692307,0,0,0,0,Healthy,51.4
372,372,pork olive loaf,66,4.6,1.6,2.2,0.5,2.6,0.0,3.3,0.0,10.6,0.3,16.3,0.019,0.097,0.069,0.03,0.071,0.5,0.2,0.073,0.0,0.024,0.031,0.065,30.5,0.023,0.2,5.3,0.015,35.6,83.2,0.087,0.4,41.265,FOOD-DATA-GROUP3,31.428571428571427,24.761904761904763,43.8095238095238,0.9166666666666666,66,4.925373134328358,0.0,0.0,0.0,0.0044776119402985,0,0,0,0,Healthy,51.3
373,373,beef luncheon meat jellied,31,0.9,0.4,0.4,0.034,0.0,0.0,5.3,0.0,9.5,0.4,20.9,0.0,0.01,0.027,0.068,0.094,1.4,0.2,0.078,0.0,0.0,0.0,0.0,2.8,0.1,1.0,5.0,0.058,38.9,112.6,0.032,1.0,10.0,FOOD-DATA-GROUP3,85.48387096774192,0.0,14.516129032258066,5.3,31,16.5625,0.0,0.0,0.0,0.0125,0,0,0,0,Healthy,53.7
374,374,turkey pastrami,38,1.8,0.5,0.6,0.5,0.5,1.0,4.6,0.062,19.4,0.3,20.4,0.057,0.044,0.035,0.043,0.071,1.0,0.2,0.021,2.3,0.003,0.058,0.0,3.1,0.023,1.2,4.0,0.055,57.0,98.3,0.014,0.6,13.579,FOOD-DATA-GROUP3,66.66666666666666,7.246376811594203,26.086956521739136,3.0666666666666664,38,11.794871794871794,0.1589743589743589,66.66666666666666,0.124,0.0076923076923076,0,0,0,0,Healthy,52.8
375,375,pork salami,41,3.4,1.2,1.6,0.4,0.2,0.0,2.3,0.0,7.9,0.2,3.6,0.0,0.056,0.094,0.035,0.072,0.6,0.1,0.072,0.0,0.0,0.0,0.0,1.3,0.077,0.1,2.2,0.042,22.9,37.8,0.041,0.4,7.3,FOOD-DATA-GROUP3,38.983050847457626,3.389830508474576,57.627118644067785,1.9166666666666663,41,5.476190476190475,0.0,0.0,0.0,0.0047619047619047,0,0,0,0,Healthy,50.8
376,376,canadian style bacon raw,45,2.0,0.6,0.9,0.2,0.5,0.0,5.9,0.0,14.3,0.3,19.1,0.0,0.2,0.04,0.017,0.093,1.8,0.1,0.1,0.0,0.004,0.035,0.0,2.3,0.069,0.2,4.8,0.006,69.3,98.0,0.082,0.4,10.9,FOOD-DATA-GROUP3,70.23809523809524,5.952380952380952,23.809523809523807,3.9333333333333336,45,12.82608695652174,0.0,0.0,0.0,0.0065217391304347,0,0,0,0,Healthy,54.0
377,377,honey loaf,85,3.6,1.3,1.7,0.3,2.6,2.6,9.9,0.0,26.2,0.4,38.4,0.0,0.2,0.046,0.028,0.2,1.8,0.4,0.2,0.0,0.021,0.1,0.048,30.8,0.085,0.6,11.4,0.002,96.9,224.6,0.038,1.8,47.5,FOOD-DATA-GROUP3,61.490683229813655,16.149068322981368,22.360248447204967,2.75,85,11.511627906976743,0.0,72.22222222222221,0.0,0.0046511627906976,0,0,0,0,Healthy,55.4
378,378,pork beef salami,37,3.1,1.1,1.4,0.5,0.076,0.008,2.1,0.0,10.6,0.2,4.0,0.093,0.086,0.042,0.0,0.042,0.096,0.6,0.1,0.032,0.0,0.059,0.088,0.0,2.4,0.042,0.1,2.0,0.06,18.8,35.6,0.06,5.334,FOOD-DATA-GROUP3,39.80288097043215,1.4404852160727823,58.75663381349507,1.951672862453532,37,5.526315789473685,0.0,0.7434944237918215,0.0,0.0052631578947368,0,0,0,0,Healthy,50.7
379,379,beef pork bologna,92,7.4,2.8,3.2,0.3,1.6,1.3,4.6,0.0,18.0,0.3,15.6,0.078,0.058,0.072,0.06,0.031,0.8,0.1,0.099,0.2,0.045,0.0,0.002,25.5,0.081,0.4,5.1,0.027,48.9,94.5,0.093,0.7,39.702,FOOD-DATA-GROUP3,33.8235294117647,11.764705882352942,54.41176470588236,1.769230769230769,92,4.946236559139785,0.0,50.0,0.0,0.0032258064516129,0,0,0,0,Healthy,50.8
380,380,pork beef salami cooked,41,3.2,1.1,1.4,0.3,0.3,0.1,2.7,0.0,10.9,0.2,5.6,0.0,0.079,0.039,0.014,0.007,0.7,0.1,0.001,0.0,0.09,0.075,0.048,1.8,0.071,0.2,2.3,0.1,23.5,38.9,0.022,0.4,8.2,FOOD-DATA-GROUP3,43.54838709677419,4.838709677419355,51.61290322580645,2.076923076923077,41,6.42857142857143,0.0,7.6923076923076925,0.0,0.0047619047619047,0,0,0,0,Healthy,51.2
381,381,pork breakfast strips raw,88,8.4,2.9,3.8,1.3,0.2,0.0,2.7,0.0,15.6,0.2,10.7,0.0,0.1,0.047,0.066,0.049,0.8,0.1,0.084,6.1,0.0,0.0,0.0,1.8,0.057,0.2,2.7,0.034,31.0,46.1,0.037,0.4,19.4,FOOD-DATA-GROUP3,23.893805309734518,1.7699115044247788,74.3362831858407,2.2500000000000004,88,3.03370786516854,0.0,0.0,0.0,0.0022471910112359,0,0,0,0,Healthy,49.8
382,382,pickle pimiento loaf,86,6.1,2.0,2.7,1.1,3.2,3.2,4.3,0.6,22.0,0.4,22.9,0.007,0.1,0.093,0.063,0.065,0.9,0.2,0.2,3.0,0.079,0.2,0.036,41.4,0.005,0.5,12.9,0.024,58.1,141.0,0.047,0.6,59.105,FOOD-DATA-GROUP3,31.61764705882353,23.529411764705884,44.85294117647059,1.0238095238095235,86,4.942528735632184,0.6896551724137931,76.19047619047619,1.2,0.0045977011494252,0,0,0,0,Healthy,51.3
383,383,luxury loaf,39,1.3,0.4,0.7,0.1,1.4,0.0,5.2,0.0,10.1,0.3,19.1,0.0,0.2,0.055,0.055,0.033,1.0,0.1,0.011,0.0,0.08,0.0,0.0,10.1,0.015,0.3,5.6,0.004,51.8,105.6,0.009,0.9,18.3,FOOD-DATA-GROUP3,65.82278481012659,17.72151898734177,16.455696202531648,2.166666666666667,39,13.0,0.0,0.0,0.0,0.0075,0,0,0,0,Healthy,53.6
384,384,mortadella,47,3.8,1.4,1.7,0.5,0.5,0.0,2.5,0.0,8.4,0.2,7.8,0.0,0.07,0.015,0.011,0.089,0.4,0.084,0.094,0.0,0.021,0.067,0.018,2.7,0.032,0.2,1.7,0.098,14.6,24.5,0.036,0.3,9.7,FOOD-DATA-GROUP3,36.76470588235294,7.352941176470589,55.88235294117647,1.6666666666666667,47,5.208333333333334,0.0,0.0,0.0,0.0041666666666666,0,0,0,0,Healthy,50.8
385,385,pork bologna,69,5.6,1.9,2.7,0.6,0.2,0.0,4.3,0.0,16.5,0.3,17.0,0.0,0.1,0.077,0.087,0.077,1.1,0.2,0.096,0.0,0.032,0.035,0.04,3.1,0.099,0.2,3.9,0.092,38.9,78.7,0.023,0.6,13.4,FOOD-DATA-GROUP3,42.57425742574257,1.98019801980198,55.44554455445544,3.583333333333333,69,6.142857142857142,0.0,0.0,0.0,0.0042857142857142,0,0,0,0,Healthy,51.8
386,386,turkey salami cooked,9,0.5,0.1,0.2,0.1,0.081,0.063,1.0,0.054,3.8,0.023,3.4,0.085,0.068,0.036,0.048,0.075,0.2,0.061,0.001,0.0,0.057,0.017,0.094,2.0,0.026,0.026,1.1,0.025,13.3,10.8,0.072,0.1,3.796,FOOD-DATA-GROUP3,63.25110689437066,5.123339658444023,31.62555344718533,0.9250693802035151,9,10.0,0.54,5.827937095282146,0.108,0.0023,0,0,0,0,Healthy,50.7
387,387,pepperoni beef,10,0.9,0.3,0.3,0.053,0.0,0.0,0.5,0.0,2.1,0.09,0.6,0.0,0.088,0.07,0.032,0.014,0.026,0.07,0.006,0.097,0.04,0.0,0.043,0.4,0.009,0.035,0.4,0.014,3.5,5.6,0.035,0.027,1.902,FOOD-DATA-GROUP3,35.714285714285715,0.0,64.28571428571429,0.5,10,4.545454545454546,0.0,0.0,0.0,0.0081818181818181,0,0,0,0,Healthy,50.1
388,388,peppered loaf,42,1.8,0.6,0.9,0.1,1.3,1.3,4.9,0.0,13.1,0.2,19.2,0.0,0.1,0.064,0.012,0.005,0.9,0.2,0.081,0.0,0.079,0.084,0.032,15.4,0.047,0.3,5.7,0.046,48.5,112.3,0.059,0.9,23.7,FOOD-DATA-GROUP3,61.25000000000001,16.25,22.5,2.130434782608696,42,11.395348837209305,0.0,56.52173913043479,0.0,0.0046511627906976,0,0,0,0,Healthy,52.7
389,389,luncheon meat beef,10,0.3,0.1,0.1,0.013,0.0,0.0,1.8,0.0,3.2,0.1,6.9,0.0,0.057,0.095,0.5,0.067,0.4,0.007,0.054,0.0,0.026,0.059,0.076,0.9,0.011,0.3,1.7,0.054,12.9,37.4,0.055,0.3,3.3,FOOD-DATA-GROUP3,85.71428571428571,0.0,14.285714285714285,1.8,10,16.363636363636363,0.0,0.0,0.0,0.009090909090909,0,0,0,0,Healthy,51.3
390,390,lebanon bologna,98,6.0,1.6,2.5,0.1,0.3,0.0,10.8,0.0,31.4,0.8,37.5,0.052,0.066,0.024,0.093,0.051,1.8,0.2,0.2,0.5,0.065,0.3,0.073,11.4,0.093,1.2,11.4,0.002,109.4,188.1,0.059,2.2,30.243,FOOD-DATA-GROUP3,63.1578947368421,1.7543859649122806,35.08771929824561,8.307692307692308,98,10.90909090909091,0.0,0.0,0.0,0.008080808080808,0,0,0,0,Healthy,56.9
391,391,chicken pork bologna,94,8.6,2.8,3.7,1.2,1.2,0.0,2.9,0.0,24.4,0.3,14.2,0.01,0.094,0.081,0.001,0.041,1.0,0.2,0.081,3.7,0.0,0.2,0.048,54.9,0.056,0.3,4.5,0.042,62.4,45.4,0.0,0.3,71.678,FOOD-DATA-GROUP3,22.83464566929134,9.448818897637794,67.71653543307087,1.318181818181818,94,3.052631578947368,0.0,0.0,0.0,0.0031578947368421,0,0,0,0,Healthy,50.1
392,392,turkey roll,40,1.9,0.6,0.6,0.5,0.6,0.0,4.9,0.0,14.9,0.1,18.9,0.0,0.038,0.072,0.075,0.013,1.3,0.2,0.089,0.0,0.075,0.009,0.0,8.6,0.088,0.4,4.9,0.085,45.4,72.9,0.049,0.5,16.4,FOOD-DATA-GROUP3,66.21621621621621,8.108108108108107,25.675675675675677,3.0625,40,11.951219512195124,0.0,0.0,0.0,0.0024390243902439,0,0,0,0,Healthy,53.2
393,393,beef salami cooked,68,5.8,2.6,2.8,0.3,0.5,0.4,3.3,0.0,18.5,0.3,15.6,0.0,0.046,0.036,0.012,0.099,0.8,0.2,0.051,0.0,0.044,0.093,0.082,1.6,0.014,0.6,3.4,0.083,53.3,48.9,0.088,0.5,11.8,FOOD-DATA-GROUP3,34.375,5.208333333333334,60.41666666666666,2.2,68,4.782608695652173,0.0,26.666666666666668,0.0,0.0043478260869565,0,0,0,0,Healthy,50.4
394,394,yachtwurst cooked,150,12.7,4.4,0.0,0.0,0.8,0.0,8.3,0.0,35.8,0.5,32.6,0.0,0.0,0.0,0.0,0.0,0.0,0.0,0.0,0.0,0.0,0.0,0.0,10.6,0.0,0.6,0.0,0.0,0.0,0.0,0.0,0.0,33.0,FOOD-DATA-GROUP3,38.07339449541284,3.669724770642202,58.25688073394495,4.611111111111112,150,5.496688741721855,0.0,0.0,0.0,0.0033112582781456,0,0,0,0,Healthy,52.9
395,395,italian salami,43,3.7,1.3,1.8,0.4,0.1,0.1,2.2,0.0,8.0,0.2,3.5,0.0,0.025,0.024,0.071,0.009,0.6,0.1,0.015,0.0,0.0,0.0,0.0,1.0,0.057,0.2,2.2,0.052,22.9,34.0,0.035,0.4,7.2,FOOD-DATA-GROUP3,36.66666666666667,1.6666666666666667,61.66666666666667,2.0,43,5.0,0.0,9.090909090909092,0.0,0.0045454545454545,0,0,0,0,Healthy,50.6
396,396,turkey ham,38,1.6,0.1,0.2,0.3,0.3,0.1,5.5,0.0,18.8,0.3,20.2,0.0,0.094,0.096,0.044,0.011,1.0,0.2,0.024,0.0,0.0,0.1,0.0,1.4,0.047,0.4,5.6,0.074,85.1,83.7,0.043,0.7,9.2,FOOD-DATA-GROUP3,74.32432432432432,4.0540540540540535,21.62162162162162,4.230769230769231,38,14.102564102564102,0.0,7.6923076923076925,0.0,0.0076923076923076,0,0,0,0,Healthy,54.0
397,397,turkey bologna,59,4.5,1.2,1.9,1.1,1.3,0.8,3.2,0.1,21.0,0.3,18.1,0.025,0.046,0.098,0.0,0.085,0.7,0.1,0.004,3.7,0.032,0.1,0.037,34.4,0.04,0.8,4.5,0.086,31.9,37.8,0.059,0.4,48.096,FOOD-DATA-GROUP3,35.55555555555556,14.444444444444446,50.0,1.3913043478260871,59,5.333333333333334,0.1666666666666666,34.78260869565218,0.2,0.005,0,0,0,0,Healthy,51.3
398,398,sliced turkey breast,17,0.6,0.1,0.2,0.2,0.4,0.1,2.4,0.0,7.8,0.1,12.2,0.038,0.0,0.084,0.021,0.076,0.087,1.1,0.089,0.006,0.0,0.049,0.007,0.0,2.2,0.023,0.051,3.0,0.025,39.8,59.4,0.097,3.572,FOOD-DATA-GROUP3,70.58823529411765,11.764705882352942,17.647058823529413,1.7142857142857144,17,13.333333333333334,0.0,7.142857142857144,0.0,0.0055555555555555,0,0,0,0,Healthy,51.7
399,399,luncheon meat pork beef,99,9.0,3.2,4.2,1.0,0.7,0.0,3.5,0.0,15.4,0.4,13.8,0.0,0.072,0.011,0.028,0.074,0.8,0.2,0.025,0.0,0.094,0.038,0.058,2.5,0.041,0.2,3.9,0.092,24.1,56.6,0.058,0.5,15.9,FOOD-DATA-GROUP3,26.51515151515152,5.303030303030303,68.18181818181819,2.058823529411765,99,3.5000000000000004,0.0,0.0,0.0,0.004,0,0,0,0,Healthy,50.2
400,400,beef bologna,90,7.8,3.1,3.7,0.4,1.3,0.6,3.3,0.0,17.1,0.3,16.6,0.4,0.043,0.019,0.052,0.031,0.014,0.7,0.1,0.085,4.6,0.083,0.2,0.053,6.3,0.01,0.4,3.9,0.055,46.2,105.3,0.018,12.962,FOOD-DATA-GROUP3,26.612903225806456,10.483870967741938,62.90322580645162,1.434782608695652,90,3.626373626373626,0.0,26.08695652173913,0.0,0.0032967032967032,0,0,0,0,Healthy,49.9
401,401,turkey bacon cooked,313,22.9,6.8,8.9,5.6,2.5,0.0,24.3,0.0,80.4,1.9,26.7,0.0,0.04,0.021,0.045,0.2,2.9,0.0,0.3,0.0,0.076,0.8,0.028,7.4,0.1,1.7,23.8,0.0,377.2,323.9,0.092,2.5,58.8,FOOD-DATA-GROUP3,48.89336016096579,5.030181086519114,46.07645875251509,6.942857142857143,313,7.738853503184713,0.0,0.0,0.0,0.0060509554140127,0,0,1,0,Limit,59.9
402,402,ground emu cooked,178,5.1,1.4,2.1,0.7,0.0,0.0,31.0,0.0,94.8,0.025,71.8,0.2,0.0,0.3,0.038,0.014,0.6,9.7,3.4,0.9,0.0,0.0,0.3,0.044,8.7,0.3,5.5,31.6,0.085,293.2,408.8,0.044,37.595,FOOD-DATA-GROUP3,85.87257617728532,0.0,14.12742382271468,31.0,178,17.318435754189945,0.0,0.0,0.0,0.0001396648044692,0,0,0,0,Healthy,63.9
403,403,ostrich leg raw,94,1.5,0.5,0.5,0.3,0.0,0.0,19.0,0.0,56.1,0.067,64.6,0.0,0.2,0.034,0.097,0.3,4.1,1.0,0.4,0.0,0.0,0.2,0.0,4.3,0.1,2.0,18.7,0.06,187.0,272.0,0.026,3.3,26.8,FOOD-DATA-GROUP3,92.6829268292683,0.0,7.317073170731707,19.0,94,20.0,0.0,0.0,0.0,0.0007052631578947,0,0,0,0,Healthy,63.9
404,404,ostrich strip raw,108,2.4,0.8,1.0,0.5,0.0,0.0,20.1,0.0,62.1,0.086,63.0,0.0,0.2,0.011,0.03,0.3,4.4,1.1,0.5,0.0,0.0,0.2,0.0,4.3,0.1,3.6,19.6,0.088,192.1,280.5,0.005,3.4,30.4,FOOD-DATA-GROUP3,89.33333333333334,0.0,10.666666666666666,20.1,108,18.440366972477065,0.0,0.0,0.0,0.000788990825688,0,0,0,0,Healthy,64.4
405,405,emu fillet cooked,607,9.1,2.3,3.6,1.3,0.0,0.0,123.2,0.0,323.1,0.2,261.7,0.0,1.4,0.05,0.062,2.4,38.7,13.3,3.6,0.0,0.0,0.9,0.0,23.6,0.9,18.0,118.2,0.1,1071.7,1564.2,0.2,12.6,173.9,FOOD-DATA-GROUP3,93.12169312169311,0.0,6.878306878306878,123.2,607,20.26315789473684,0.0,0.0,0.0,0.000328947368421,0,0,0,1,Healthy,63.3
406,406,ostrich tenderloin raw,105,2.7,1.0,1.0,0.6,0.0,0.0,18.8,0.0,68.0,0.005,63.3,0.0,0.2,0.1,0.049,0.2,4.1,1.0,0.4,0.0,0.0,0.2,0.0,5.1,0.1,4.1,18.7,0.019,187.0,272.0,0.087,3.3,30.7,FOOD-DATA-GROUP3,87.44186046511628,0.0,12.558139534883722,18.8,105,17.735849056603776,0.0,0.0,0.0,4.716981132075472e-05,0,0,0,0,Healthy,63.3
407,407,emu drums cooked,649,8.4,2.7,3.6,1.7,0.0,0.0,134.7,0.0,378.6,0.5,267.5,0.084,1.7,0.042,0.084,2.6,42.3,14.6,3.9,0.0,0.0,1.0,0.0,25.0,1.1,30.2,137.3,0.1,1277.1,1297.9,0.2,21.2,198.375,FOOD-DATA-GROUP3,94.1299790356394,0.0,5.870020964360587,134.7,649,20.72307692307692,0.0,0.0,0.0,0.0007692307692307,0,0,0,1,Healthy,63.0
408,408,green turtle raw,25,0.1,0.015,0.093,0.074,0.0,0.0,5.6,0.0,14.2,0.099,22.2,0.089,0.024,0.087,0.019,0.084,0.3,0.0,0.088,0.0,0.0,0.1,0.081,33.4,0.08,0.4,5.7,0.0,50.9,65.1,0.035,0.3,39.567,FOOD-DATA-GROUP3,98.24561403508773,0.0,1.754385964912281,5.6,25,21.538461538461537,0.0,0.0,0.0,0.0038076923076923,0,0,0,0,Healthy,54.2
409,409,ground bison cooked,448,21.6,8.7,8.2,1.0,0.0,0.0,63.6,0.0,177.5,0.2,162.7,0.0,0.3,0.015,0.006,0.7,14.9,0.0,1.0,0.0,0.0,0.5,0.011,35.0,0.4,8.0,57.5,0.0,532.5,882.5,0.006,13.4,128.2,FOOD-DATA-GROUP3,74.64788732394366,0.0,25.352112676056336,63.6,448,14.164810690423163,0.0,0.0,0.0,0.0004454342984409,0,0,1,1,Limit,58.5
410,410,goat meat raw,494,10.5,3.2,4.7,0.8,0.0,0.0,93.4,0.0,258.6,0.4,344.0,0.0,0.5,0.084,0.03,2.2,17.0,0.0,0.0,0.0,0.0,0.0,0.0,59.0,1.2,12.8,0.0,0.2,816.5,1746.4,0.01,18.1,175.7,FOOD-DATA-GROUP3,89.89412897016362,0.0,10.10587102983638,93.4,494,18.868686868686872,0.0,0.0,0.0,0.0008080808080808,0,0,0,1,Healthy,62.6
411,411,ground emu raw,157,4.7,1.2,1.9,0.7,0.0,0.0,26.6,0.0,80.7,0.062,85.3,0.0,0.3,0.073,0.051,0.5,8.8,3.2,0.8,0.0,0.0,0.3,0.0,8.2,0.2,4.7,28.1,0.02,259.7,374.4,0.061,4.1,44.2,FOOD-DATA-GROUP3,84.98402555910543,0.0,15.015974440894569,26.6,157,16.835443037974684,0.0,0.0,0.0,0.0003924050632911,0,0,0,0,Healthy,64.1
412,412,ground ostrich raw,180,9.5,2.4,2.9,1.0,0.0,0.0,22.0,0.0,77.4,0.021,77.5,0.0,0.2,0.071,0.032,0.3,4.8,1.2,0.5,0.0,0.0,0.3,0.0,7.6,0.1,3.2,21.8,0.025,216.9,317.2,0.067,3.8,42.3,FOOD-DATA-GROUP3,69.84126984126983,0.0,30.15873015873016,22.0,180,12.154696132596683,0.0,0.0,0.0,0.0001160220994475,0,0,0,0,Healthy,63.2
413,413,ostrich tip cooked,123,2.2,0.9,0.8,0.4,0.0,0.0,24.2,0.0,72.3,0.086,58.2,0.0,0.2,0.02,0.077,0.2,6.1,1.1,0.5,0.0,0.0,0.2,0.0,5.1,0.1,2.4,21.3,0.013,213.4,307.7,0.019,4.1,33.9,FOOD-DATA-GROUP3,91.66666666666669,0.0,8.333333333333334,24.2,123,19.516129032258064,0.0,0.0,0.0,0.0006935483870967,0,0,0,0,Healthy,64.3
414,414,caribou cooked,210,6.4,2.5,2.0,1.0,0.0,0.0,38.0,0.0,141.2,0.004,86.4,0.1,0.4,0.055,0.032,1.1,7.8,2.0,0.5,0.0,0.0,1.2,0.009,6.6,0.4,6.3,31.7,0.049,283.8,323.4,0.073,5.7,57.4,FOOD-DATA-GROUP3,85.58558558558559,0.0,14.414414414414416,38.0,210,18.009478672985782,0.0,0.0,0.0,1.895734597156398e-05,0,0,0,1,Healthy,63.1
415,415,ground ostrich cooked,163,6.6,1.7,2.0,0.7,0.0,0.0,24.3,0.0,77.2,0.099,62.4,0.2,0.0,0.2,0.045,0.044,0.2,6.1,1.1,0.5,0.0,0.033,0.2,0.0,7.4,0.1,3.2,21.4,0.076,208.3,300.4,0.033,31.712,FOOD-DATA-GROUP3,78.64077669902913,0.0,21.35922330097087,24.3,163,14.817073170731708,0.0,0.0,0.0,0.0006036585365853,0,0,0,0,Healthy,63.7
416,416,ostrich leg cooked,120,1.6,0.6,0.6,0.3,0.0,0.0,24.7,0.0,62.1,0.016,59.5,0.0,0.2,0.074,0.023,0.3,6.2,1.1,0.5,0.0,0.0,0.2,0.0,5.1,0.1,2.7,21.3,0.035,207.4,299.2,0.05,4.0,34.1,FOOD-DATA-GROUP3,93.91634980988592,0.0,6.083650190114068,24.7,120,20.413223140495862,0.0,0.0,0.0,0.0001322314049586,0,0,0,0,Healthy,64.5
417,417,ostrich top loin cooked,132,3.3,1.1,1.1,0.3,0.0,0.0,23.9,0.0,79.1,0.029,57.8,0.1,0.0,0.2,0.082,0.062,0.2,6.0,1.1,0.5,0.0,0.0,0.2,0.046,5.1,0.1,2.8,21.3,0.075,208.3,300.1,0.017,27.982,FOOD-DATA-GROUP3,87.86764705882352,0.0,12.132352941176473,23.9,132,17.969924812030076,0.0,0.0,0.0,0.0002180451127819,0,0,0,0,Healthy,64.2
418,418,ostrich strip cooked,139,3.6,1.5,1.5,0.6,0.0,0.0,25.0,0.0,82.5,0.034,56.6,0.0,0.2,0.012,0.081,0.3,6.3,1.2,0.5,0.0,0.0,0.2,0.0,4.3,0.1,4.1,22.1,0.013,215.1,311.1,0.018,4.2,37.0,FOOD-DATA-GROUP3,87.4125874125874,0.0,12.587412587412588,25.0,139,17.857142857142858,0.0,0.0,0.0,0.0002428571428571,0,0,0,0,Healthy,63.9
419,419,ostrich tip raw,97,2.0,0.7,0.7,0.4,0.0,0.0,18.6,0.0,61.2,0.041,64.7,0.0,0.2,0.099,0.017,0.2,4.0,1.0,0.4,0.0,0.0,0.2,0.0,4.3,0.1,2.4,18.7,0.034,181.1,263.5,0.033,3.2,27.3,FOOD-DATA-GROUP3,90.29126213592234,0.0,9.70873786407767,18.6,97,18.97959183673469,0.0,0.0,0.0,0.0004183673469387,0,0,0,0,Healthy,63.4
420,420,ostrich round raw,99,2.0,0.7,0.7,0.4,0.0,0.0,18.7,0.0,60.4,0.074,64.3,0.0,0.2,0.087,0.012,0.2,4.0,1.0,0.4,0.0,0.0,0.2,0.0,4.3,0.1,3.0,18.7,0.018,183.6,267.8,0.073,3.2,28.0,FOOD-DATA-GROUP3,90.33816425120771,0.0,9.66183574879227,18.7,99,18.7,0.0,0.0,0.0,0.00074,0,0,0,0,Healthy,63.5
421,421,ground bison raw,124,6.1,2.5,2.3,0.3,0.099,0.0,17.2,0.0,46.8,0.042,60.9,0.0,0.1,0.02,0.008,0.2,4.5,0.0,0.3,0.0,0.0,0.2,0.023,9.4,0.1,2.4,17.9,0.0,164.9,278.8,0.014,3.9,35.102,FOOD-DATA-GROUP3,73.50741484678832,0.4230950040600025,26.06949014915167,15.65059144676979,124,13.76,0.0,0.0,0.0,0.000336,0,0,0,0,Healthy,61.0
422,422,ostrich fan raw,99,2.3,0.8,0.8,0.4,0.0,0.0,18.5,0.0,62.1,0.04,64.5,0.0,0.2,0.045,0.09,0.2,4.0,1.0,0.4,0.0,0.0,0.2,0.0,5.1,0.1,3.7,18.7,0.018,179.4,261.8,0.003,3.2,29.6,FOOD-DATA-GROUP3,88.9423076923077,0.0,11.057692307692308,18.5,99,18.5,0.0,0.0,0.0,0.0004,0,0,0,0,Healthy,63.3
423,423,ostrich top loin raw,101,2.5,1.0,0.9,0.5,0.0,0.0,18.4,0.0,63.8,0.073,64.0,0.0,0.2,0.042,0.032,0.2,4.0,1.0,0.4,0.0,0.0,0.2,0.0,5.1,0.1,2.7,18.7,0.082,181.9,265.2,0.099,3.2,28.7,FOOD-DATA-GROUP3,88.03827751196172,0.0,11.961722488038278,18.4,101,18.03921568627451,0.0,0.0,0.0,0.0007156862745098,0,0,0,0,Healthy,63.0
424,424,veal brain cooked,461,32.6,7.4,5.9,5.1,0.0,0.0,38.9,0.0,10509.0,0.5,260.7,0.0,0.3,0.024,0.084,0.7,8.2,3.4,0.6,44.1,0.0,0.0,0.0,54.2,0.9,5.7,54.2,0.1,1305.2,725.5,0.055,5.5,175.5,FOOD-DATA-GROUP3,54.40559440559441,0.0,45.59440559440559,38.9,461,8.419913419913419,0.0,0.0,0.0,0.001082251082251,0,0,1,1,Limit,59.4
425,425,veal tongue cooked,515,25.8,11.1,11.8,1.0,0.0,0.0,65.9,0.0,606.9,0.2,163.4,0.0,0.2,0.098,0.016,0.9,3.7,1.9,0.4,15.3,0.0,0.0,0.0,23.0,0.5,5.3,45.9,0.1,423.3,413.1,0.016,11.5,135.3,FOOD-DATA-GROUP3,71.86477644492912,0.0,28.135223555070883,65.9,515,12.771317829457365,0.0,0.0,0.0,0.0003875968992248,0,0,1,1,Limit,56.7
426,426,beef heart cooked,47,1.3,0.4,0.3,0.3,0.057,0.0,8.1,0.0,60.0,0.024,18.6,0.016,0.0,0.062,0.047,0.05,0.3,1.9,0.5,0.048,0.0,0.022,0.089,0.038,1.4,0.2,1.8,5.9,0.03,71.9,62.0,0.015,9.714,FOOD-DATA-GROUP3,85.65084064713967,0.6027281378872792,13.746431214973034,7.663197729422895,47,16.875,0.0,0.0,0.0,0.0005,0,0,0,0,Healthy,55.8
427,427,turkey liver cooked,100,4.3,1.2,0.6,1.1,0.0,0.0,14.3,0.0,343.4,0.083,33.9,5.7,0.1,0.4,0.096,1.4,5.9,2.3,0.5,12.0,0.0,0.083,0.068,10.1,0.6,0.9,13.8,0.2,165.4,81.1,0.022,2.4,47.3,FOOD-DATA-GROUP3,76.88172043010752,0.0,23.11827956989247,14.3,100,14.15841584158416,0.0,0.0,0.0,0.0008217821782178,0,0,0,1,Healthy,59.8
428,428,veal thymus cooked,35,0.9,0.3,0.3,0.066,0.0,0.0,6.4,0.0,99.1,0.036,20.8,0.0,0.055,0.052,0.095,0.084,1.0,0.3,0.005,11.2,0.0,0.079,0.0,1.1,0.029,0.4,6.8,0.063,177.4,123.1,0.059,0.6,20.0,FOOD-DATA-GROUP3,87.67123287671232,0.0,12.32876712328767,6.4,35,17.77777777777778,0.0,0.0,0.0,0.001,0,0,0,0,Healthy,54.6
429,429,beef brain cooked,688,55.6,13.1,14.0,8.1,0.0,0.0,44.1,0.0,7002.5,0.6,248.3,0.0,0.5,0.097,0.057,0.9,13.3,2.0,1.4,11.6,0.0,0.0,0.0,31.6,0.8,7.8,52.7,0.1,1354.9,1242.5,0.09,4.7,150.7,FOOD-DATA-GROUP3,44.232698094282846,0.0,55.76730190571715,44.1,688,6.400580551523947,0.0,0.0,0.0,0.0008708272859216,0,0,1,1,Limit,55.2
430,430,beef pancreas cooked,602,38.2,13.1,13.2,7.1,0.0,0.0,60.2,0.0,581.6,0.1,123.4,0.0,0.4,0.093,0.052,1.1,8.8,9.4,0.4,45.1,0.0,0.0,0.0,35.5,0.2,5.8,46.6,0.5,1005.7,546.1,0.1,10.2,184.8,FOOD-DATA-GROUP3,61.17886178861789,0.0,38.82113821138212,60.2,602,9.983416252072969,0.0,0.0,0.0,0.0001658374792703,0,0,1,1,Limit,55.2
431,431,beef tripe cooked,80,3.4,1.2,1.4,0.2,1.7,0.0,10.0,0.0,133.5,0.045,69.4,0.0,0.0,0.038,0.053,0.0,0.4,0.089,0.0,0.0,0.0,0.1,0.0,68.9,0.0,0.6,12.8,0.041,56.1,35.7,0.01,1.5,84.6,FOOD-DATA-GROUP3,66.22516556291392,11.258278145695364,22.516556291390728,3.7037037037037033,80,12.34567901234568,0.0,0.0,0.0,0.0005555555555555,0,0,0,1,Healthy,56.6
432,432,chicken gizzard cooked,223,3.9,1.0,0.8,0.5,0.0,0.0,44.1,0.0,536.5,0.069,98.5,0.0,0.094,0.074,0.095,0.3,4.5,0.7,0.1,0.0,0.0,0.3,0.0,24.7,0.2,4.6,4.4,0.1,274.1,259.6,0.047,6.4,77.3,FOOD-DATA-GROUP3,91.875,0.0,8.125,44.1,223,19.6875,0.0,0.0,0.0,0.0003080357142857,0,0,0,1,Healthy,64.2
433,433,pork pancreas cooked,537,26.5,9.1,9.2,5.0,0.0,0.0,69.8,0.0,771.8,0.1,147.7,0.0,0.2,0.086,0.058,1.6,7.9,11.6,1.1,14.0,0.0,0.0,0.0,39.2,0.3,6.6,56.4,0.5,713.0,411.6,0.2,10.5,156.1,FOOD-DATA-GROUP3,72.48182762201453,0.0,27.51817237798546,69.8,537,12.973977695167283,0.0,0.0,0.0,0.0001858736059479,0,0,1,1,Limit,58.2
434,434,beef tongue cooked,80,6.3,2.3,2.9,0.2,0.0,0.0,5.5,0.0,37.4,0.029,16.4,0.0,0.042,0.007,0.072,0.025,1.0,0.2,0.067,0.4,0.067,0.074,0.049,1.4,0.048,0.7,4.2,0.03,41.0,52.1,0.065,1.2,14.3,FOOD-DATA-GROUP3,46.61016949152542,0.0,53.38983050847457,5.5,80,6.790123456790123,0.0,0.0,0.0,0.000358024691358,0,0,0,0,Healthy,52.4
435,435,lamb heart cooked,353,15.1,6.0,4.2,1.5,3.7,0.0,47.7,0.0,475.6,0.1,122.6,0.0,0.3,0.006,0.051,2.3,8.3,2.6,0.6,13.4,0.0,0.0,0.0,26.7,1.2,10.5,45.8,0.1,485.1,359.1,0.04,7.0,117.1,FOOD-DATA-GROUP3,71.72932330827068,5.56390977443609,22.706766917293237,10.148936170212766,353,13.47457627118644,0.0,0.0,0.0,0.0002824858757062,0,0,1,1,Limit,60.5
436,436,beef spleen cooked,447,12.9,4.3,3.4,1.0,0.0,0.0,77.3,0.0,1068.8,0.2,215.5,0.0,0.1,0.035,0.06,0.9,17.1,2.7,0.1,154.9,0.0,0.0,0.0,37.0,2.8,121.2,58.5,0.2,939.4,874.7,0.3,8.6,403.3,FOOD-DATA-GROUP3,85.69844789356983,0.0,14.301552106430156,77.3,447,17.254464285714285,0.0,0.0,0.0,0.0004464285714285,0,0,0,1,Healthy,61.8
437,437,veal kidneys cooked,300,10.4,3.2,2.3,2.1,0.0,0.0,48.4,0.0,1455.4,0.2,124.5,0.4,0.3,0.056,0.002,3.7,8.5,1.6,0.3,14.7,0.0,0.0,0.0,53.4,0.7,5.6,44.2,0.2,684.5,292.6,0.2,7.8,132.9,FOOD-DATA-GROUP3,82.31292517006803,0.0,17.687074829931973,48.4,300,16.079734219269103,0.0,0.0,0.0,0.0006644518272425,0,0,0,1,Healthy,62.6
438,438,chicken heart cooked,268,11.5,3.3,2.9,3.3,0.1,0.0,38.3,0.0,350.9,0.081,94.0,0.033,0.1,0.1,0.034,1.1,4.1,3.8,0.5,2.6,0.0,0.0,0.0,27.6,0.7,13.1,29.0,0.2,288.6,191.4,0.027,10.6,93.286,FOOD-DATA-GROUP3,76.75350701402806,0.2004008016032064,23.04609218436874,34.81818181818181,268,14.237918215613382,0.0,0.0,0.0,0.0003011152416356,0,0,0,1,Healthy,62.5
439,439,lamb tongue cooked,701,51.7,20.0,25.5,3.2,0.0,0.0,55.0,0.0,482.0,0.2,147.5,0.0,0.2,0.082,0.027,1.1,9.4,0.9,0.4,17.9,0.0,0.0,0.0,25.5,0.5,6.7,40.8,0.076,341.7,402.9,0.072,7.6,156.8,FOOD-DATA-GROUP3,51.546391752577314,0.0,48.45360824742268,55.0,701,7.834757834757834,0.0,0.0,0.0,0.0002849002849002,0,0,1,1,Limit,50.0
440,440,veal heart cooked,368,13.4,3.6,2.8,3.5,0.3,0.0,57.7,0.0,348.5,0.1,123.1,0.0,0.7,0.029,0.048,1.8,9.7,3.3,0.4,19.8,0.0,0.0,0.0,15.8,0.9,8.6,35.6,0.1,495.0,394.0,0.1,4.4,115.6,FOOD-DATA-GROUP3,80.812324929972,0.4201680672268907,18.76750700280112,44.38461538461539,368,15.636856368563686,0.0,0.0,0.0,0.0002710027100271,0,0,0,1,Healthy,62.3
441,441,chicken liver cooked,76,2.8,0.9,0.6,0.6,0.5,0.0,11.3,0.0,248.2,0.079,28.7,0.006,1.9,0.1,0.2,0.015,1.0,6.1,3.7,0.4,1.2,0.0,0.3,0.0,4.4,0.2,5.7,11.9,0.2,194.5,138.6,0.052,15.238,FOOD-DATA-GROUP3,77.3972602739726,3.4246575342465757,19.178082191780817,7.533333333333334,76,14.675324675324678,0.0,0.0,0.0,0.001025974025974,0,0,0,1,Healthy,57.8
442,442,lamb pancreas cooked,541,34.9,15.8,12.6,1.7,0.0,0.0,52.7,0.0,924.0,0.1,137.8,0.0,0.022,0.089,0.026,0.5,5.9,2.0,0.1,46.2,0.0,0.0,0.0,27.7,0.2,4.9,43.9,0.049,995.6,672.2,0.1,6.2,166.4,FOOD-DATA-GROUP3,60.15981735159818,0.0,39.84018264840183,52.7,541,9.723247232472325,0.0,0.0,0.0,0.0001845018450184,0,0,1,1,Limit,53.1
443,443,veal spleen cooked,445,10.0,3.3,2.7,0.7,0.0,0.0,83.1,0.0,1542.2,0.2,245.8,0.0,0.2,0.022,0.051,1.0,18.4,0.0,0.2,138.0,0.0,0.0,0.0,24.2,3.2,25.4,48.3,0.3,1076.4,741.8,0.3,6.6,280.7,FOOD-DATA-GROUP3,89.25886143931257,0.0,10.741138560687434,83.1,445,18.63228699551569,0.0,0.0,0.0,0.0004484304932735,0,0,0,1,Healthy,62.5
444,444,lamb liver cooked,739,29.6,11.5,6.2,4.4,8.5,0.0,102.7,0.0,1683.4,0.2,190.4,25.2,0.8,0.2,0.3,13.5,40.8,13.3,1.6,13.4,0.0,0.0,0.0,26.9,23.8,27.8,73.9,1.7,1411.2,742.6,0.4,26.5,234.1,FOOD-DATA-GROUP3,72.9403409090909,6.0369318181818175,21.02272727272727,10.810526315789474,739,13.87837837837838,0.0,0.0,0.0,0.0002702702702702,0,0,1,1,Limit,56.4
445,445,turkey gizzard cooked,70,2.1,0.5,0.4,0.3,0.0,0.0,11.9,0.0,203.4,0.031,31.1,0.091,0.03,0.045,0.067,0.2,2.9,0.2,0.027,2.8,0.0,0.025,0.0,7.7,0.1,1.7,9.5,0.063,84.2,86.9,0.033,1.8,26.231,FOOD-DATA-GROUP3,85.0,0.0,15.0,11.9,70,16.76056338028169,0.0,0.0,0.0,0.0004366197183098,0,0,0,1,Healthy,58.5
446,446,lamp spleen cooked,460,14.1,4.7,3.7,1.0,0.0,0.0,78.1,0.0,1135.8,0.2,195.8,0.0,0.2,0.062,0.028,0.9,17.3,0.0,0.2,76.7,0.0,0.0,0.0,38.4,0.4,114.1,62.0,0.2,1006.0,731.6,0.1,11.6,321.4,FOOD-DATA-GROUP3,84.70715835140999,0.0,15.292841648590022,78.1,460,16.941431670281997,0.0,0.0,0.0,0.0004338394793926,0,0,0,1,Healthy,61.5
447,447,turkey heart cooked,35,1.5,0.4,0.3,0.4,0.0,0.0,5.0,0.0,71.8,0.046,13.4,0.085,0.07,0.091,0.089,0.3,1.6,0.3,0.1,0.6,0.0,0.013,0.0,4.2,0.2,1.4,5.6,0.017,48.2,40.6,0.001,0.9,12.759,FOOD-DATA-GROUP3,76.92307692307693,0.0,23.07692307692308,5.0,35,13.88888888888889,0.0,0.0,0.0,0.0012777777777777,0,0,0,0,Healthy,53.4
448,448,beef liver cooked,130,3.6,1.2,0.4,0.4,3.5,0.0,19.8,0.0,269.3,0.068,40.0,0.2,6.4,0.1,0.2,0.01,2.3,11.9,4.8,0.7,1.3,0.034,0.3,0.07,4.1,9.7,4.4,14.3,0.2,338.0,239.4,0.023,37.539,FOOD-DATA-GROUP3,73.60594795539032,13.011152416356875,13.382899628252789,4.4,130,15.114503816793896,0.0,0.0,0.0,0.0005190839694656,0,0,0,1,Healthy,63.9
449,449,lamb lungs cooked,431,11.8,4.0,3.0,1.6,0.0,0.0,75.7,0.0,1082.0,0.3,288.9,0.1,0.1,0.012,0.1,0.5,9.3,0.0,0.2,106.7,0.0,0.0,0.0,45.7,0.9,17.4,41.9,0.064,716.3,483.9,0.095,7.4,257.4,FOOD-DATA-GROUP3,86.51428571428572,0.0,13.485714285714288,75.7,431,17.52314814814815,0.0,0.0,0.0,0.0006944444444444,0,0,0,1,Healthy,62.0
450,450,pork brain cooked,527,36.3,8.2,6.6,5.6,0.0,0.0,46.4,0.0,9748.6,0.3,289.9,0.0,0.3,0.063,0.031,0.9,12.7,7.0,0.5,53.5,0.0,0.0,0.0,34.4,1.0,7.0,45.8,0.3,840.4,744.9,0.003,5.7,177.6,FOOD-DATA-GROUP3,56.10640870616688,0.0,43.89359129383313,46.4,527,8.787878787878787,0.0,0.0,0.0,0.0005681818181818,0,0,1,1,Limit,58.8
451,451,goose liver,125,4.0,1.5,0.8,0.2,5.9,0.0,15.4,0.0,484.1,0.1,67.5,8.8,0.5,0.7,0.022,0.8,6.1,5.8,0.7,4.2,0.0,0.0,0.0,40.4,7.1,28.7,22.6,0.0,245.3,216.2,0.067,2.9,107.4,FOOD-DATA-GROUP3,60.86956521739131,23.3201581027668,15.810276679841898,2.231884057971014,125,12.22222222222222,0.0,0.0,0.0,0.0007936507936507,0,0,0,1,Healthy,60.4
452,452,pork kidneys cooked,211,6.6,2.1,2.2,0.5,0.0,0.0,35.6,0.0,672.0,0.1,96.2,0.1,0.6,0.098,0.028,2.2,8.1,4.0,0.6,14.8,0.0,0.0,0.0,18.2,1.0,7.4,25.2,0.2,336.0,200.2,0.4,5.8,82.7,FOOD-DATA-GROUP3,84.3601895734597,0.0,15.639810426540285,35.6,211,16.79245283018868,0.0,0.0,0.0,0.0004716981132075,0,0,0,1,Healthy,63.4
453,453,lamb brain cooked,503,35.3,9.0,6.4,3.6,0.0,0.0,43.5,0.0,7089.2,0.5,262.8,0.0,0.4,0.007,0.088,0.8,8.6,3.4,0.4,41.6,0.0,0.0,0.0,41.6,0.7,5.8,48.6,0.2,1169.4,711.4,0.066,4.7,167.8,FOOD-DATA-GROUP3,55.20304568527919,0.0,44.79695431472081,43.5,503,8.630952380952381,0.0,0.0,0.0,0.0009920634920634,0,0,1,1,Limit,58.2
454,454,pork heart cooked,215,7.3,1.9,1.7,1.9,0.6,0.0,34.2,0.0,320.5,0.053,98.7,0.017,0.8,0.023,0.0,2.5,8.8,3.6,0.6,2.9,0.0,0.0,0.0,10.2,0.7,8.5,34.8,0.1,258.1,298.7,0.082,4.5,63.745,FOOD-DATA-GROUP3,81.23515439429929,1.4251781472684084,17.339667458432302,21.375,215,15.833333333333336,0.0,0.0,0.0,0.0002453703703703,0,0,0,1,Healthy,63.6
455,455,lamb kidneys cooked,349,9.2,3.1,2.0,1.7,2.5,0.0,60.3,0.0,1440.8,0.4,179.6,0.3,0.9,0.2,0.2,5.3,15.3,5.2,0.3,30.6,0.0,0.0,0.0,45.9,0.9,31.6,51.0,0.4,739.5,453.9,0.6,9.7,180.4,FOOD-DATA-GROUP3,83.74999999999999,3.4722222222222223,12.777777777777777,17.228571428571428,349,17.228571428571428,0.0,0.0,0.0,0.0011428571428571,0,0,0,1,Healthy,62.7
456,456,beef lungs cooked,364,11.2,3.8,2.9,1.5,0.0,0.0,61.8,0.0,839.3,0.3,231.5,0.095,0.1,0.062,0.09,0.4,7.6,1.9,0.066,99.1,0.0,0.0,0.0,33.3,0.7,16.4,30.3,0.015,539.3,524.2,0.2,5.0,221.858,FOOD-DATA-GROUP3,84.65753424657534,0.0,15.342465753424657,61.8,364,16.931506849315067,0.0,0.0,0.0,0.0008219178082191,0,0,0,1,Healthy,62.1
457,457,veal pancreas cooked,614,35.0,12.0,12.1,6.5,0.0,0.0,69.8,0.0,0.0,0.2,133.7,0.0,0.4,0.068,0.082,1.2,10.0,0.0,0.5,14.4,0.0,0.0,0.0,43.2,0.2,5.7,57.6,0.6,1228.8,667.2,0.098,12.5,168.1,FOOD-DATA-GROUP3,66.6030534351145,0.0,33.396946564885496,69.8,614,11.34959349593496,0.0,0.0,0.0,0.0003252032520325,0,0,1,0,Limit,56.0
458,458,pork liver cooked,584,15.6,5.0,2.2,3.7,13.3,0.0,92.1,0.0,1256.7,0.2,227.7,19.1,0.9,0.6,0.071,7.8,29.9,16.9,2.0,83.5,0.0,0.0,0.0,35.4,2.2,63.4,49.6,1.1,853.1,531.0,0.2,23.8,322.4,FOOD-DATA-GROUP3,76.11570247933884,10.991735537190085,12.892561983471076,6.44055944055944,584,15.743589743589745,0.0,0.0,0.0,0.0003418803418803,0,0,0,1,Healthy,61.2
459,459,beef kidneys cooked,45,1.3,0.3,0.2,0.2,0.0,0.0,7.7,0.0,202.6,0.029,18.9,0.0,0.001,0.073,0.013,0.8,1.1,0.4,0.1,0.0,0.095,0.099,0.0,5.4,0.2,1.6,3.4,0.007,86.0,38.2,0.049,0.8,16.0,FOOD-DATA-GROUP3,85.55555555555556,0.0,14.444444444444446,7.7,45,16.73913043478261,0.0,0.0,0.0,0.0006304347826086,0,0,0,1,Healthy,55.5
460,460,turkey giblets cooked,164,6.3,1.6,1.0,1.5,0.0,0.0,25.1,0.0,495.0,0.1,63.3,0.095,4.4,0.2,0.3,0.063,1.5,8.2,2.2,0.5,0.0,0.0,0.1,0.014,17.1,0.7,3.2,23.8,0.2,236.6,168.2,0.072,32.643,FOOD-DATA-GROUP3,79.93630573248409,0.0,20.06369426751592,25.1,164,15.212121212121213,0.0,0.0,0.0,0.0006060606060606,0,0,0,1,Healthy,63.8
461,461,duck liver raw,60,2.0,0.6,0.3,0.3,1.6,0.0,8.2,0.0,226.6,0.089,31.6,5.3,0.2,0.3,0.046,0.4,2.9,2.7,0.3,2.0,0.0,0.0,0.0,4.8,2.6,13.4,10.6,0.1,118.4,101.2,0.069,1.4,37.3,FOOD-DATA-GROUP3,69.49152542372882,13.559322033898308,16.949152542372882,3.1538461538461533,60,13.442622950819672,0.0,0.0,0.0,0.0014590163934426,0,0,0,1,Healthy,55.7
462,462,veal liver cooked,154,5.0,1.6,0.9,0.9,3.0,0.0,22.7,0.0,408.8,0.046,47.9,0.2,16.9,0.1,0.3,0.09,2.3,10.5,5.2,0.7,0.9,0.0,0.5,0.043,4.8,12.0,4.1,16.0,0.2,368.0,263.2,0.043,43.638,FOOD-DATA-GROUP3,73.9413680781759,9.77198697068404,16.286644951140065,5.675,154,14.64516129032258,0.0,0.0,0.0,0.0002967741935483,0,0,0,1,Healthy,63.8
463,463,pork lungs cooked,297,9.3,3.3,2.1,1.1,0.0,0.0,49.8,0.0,1161.0,0.2,240.0,0.0,0.2,0.069,0.049,1.0,4.1,2.0,0.2,23.7,0.0,0.0,0.0,24.0,0.2,49.2,36.0,0.029,558.0,453.0,0.085,7.4,156.0,FOOD-DATA-GROUP3,84.26395939086295,0.0,15.736040609137058,49.8,297,16.711409395973153,0.0,0.0,0.0,0.0006711409395973,0,0,0,1,Healthy,62.5
464,464,veal lungs cooked,312,7.9,2.7,2.0,1.1,0.0,0.0,56.2,0.0,789.0,0.2,232.8,0.0,0.072,0.032,0.016,0.4,6.9,0.0,0.2,102.0,0.0,0.0,0.0,21.0,0.7,10.8,24.0,0.082,696.0,426.0,0.067,3.6,197.9,FOOD-DATA-GROUP3,87.6755070202808,0.0,12.324492979719189,56.2,312,17.95527156549521,0.0,0.0,0.0,0.0006389776357827,0,0,0,1,Healthy,63.0
465,465,beef thymus cooked,1215,95.2,32.8,32.9,17.8,0.0,0.0,83.2,0.0,1120.1,0.4,201.3,0.0,0.3,0.058,0.092,0.9,7.0,7.5,0.3,115.1,0.0,0.0,0.0,38.1,0.2,5.7,38.1,0.4,1386.8,1649.7,0.029,8.4,337.3,FOOD-DATA-GROUP3,46.63677130044843,0.0,53.36322869955157,83.2,1215,6.842105263157896,0.0,0.0,0.0,0.000328947368421,0,0,1,1,Limit,50.0
466,466,ham,46,2.5,0.1,1.2,0.2,1.0,0.3,4.6,0.4,16.0,0.2,18.8,0.0,0.2,0.079,0.074,0.094,0.8,0.1,0.041,1.1,0.08,0.076,0.0,6.7,0.002,0.3,6.2,0.2,42.8,80.4,0.063,0.4,16.6,FOOD-DATA-GROUP3,56.79012345679012,12.34567901234568,30.864197530864203,2.3,46,9.787234042553193,0.851063829787234,15.0,0.8,0.0042553191489361,0,0,0,0,Healthy,53.9
467,467,pork meat cooked,283,14.1,4.4,6.8,2.1,0.0,0.0,14.1,0.0,112.6,0.7,79.2,0.02,0.8,0.0,0.044,0.3,11.0,0.7,0.7,0.0,0.095,0.0,0.0,10.7,0.082,0.7,41.5,0.077,369.8,615.1,0.048,2.6,39.657,FOOD-DATA-GROUP3,50.0,0.0,50.0,14.1,283,4.964788732394366,0.0,0.0,0.0,0.0024647887323943,0,0,0,1,Healthy,57.3
468,468,bacon roasted,43,3.3,1.1,1.5,0.4,0.1,0.0,3.0,0.0,8.8,0.034,1.0,0.0,0.037,0.05,0.007,0.081,0.015,0.9,0.051,0.09,0.0,0.002,0.039,0.097,0.9,0.096,0.1,2.6,0.003,42.6,45.2,0.09,6.516,FOOD-DATA-GROUP3,46.875,1.5625,51.56249999999999,2.727272727272727,43,6.8181818181818175,0.0,0.0,0.0,0.0007727272727272,0,0,0,0,Healthy,51.4
469,469,pork top loin roasts raw,3644,182.8,35.1,40.8,14.3,0.0,0.0,468.4,0.0,1404.8,1.0,1539.6,0.09,9.4,0.0,0.075,4.0,122.2,15.8,15.8,0.0,0.042,2.6,0.0,153.7,1.2,11.6,526.8,0.2,4741.2,7858.1,0.6,38.0,816.574,FOOD-DATA-GROUP3,71.92874692874692,0.0,28.07125307125307,468.4,3644,12.850480109739369,0.0,0.0,0.0,0.0002743484224965,0,0,1,1,Limit,50.0
470,470,pork blade roll raw,76,6.2,2.2,2.8,0.7,0.0,0.0,4.7,0.0,15.0,0.4,16.7,0.0,0.2,0.076,0.08,0.089,0.8,0.2,0.097,0.014,0.0,0.0,0.0,2.0,0.084,0.2,3.7,0.042,56.3,83.5,0.078,0.7,13.143,FOOD-DATA-GROUP3,43.11926605504588,0.0,56.88073394495413,4.7,76,6.103896103896104,0.0,0.0,0.0,0.0051948051948051,0,0,0,0,Healthy,51.9
471,471,pork backribs raw,2399,174.9,61.9,73.5,28.7,0.0,0.0,204.2,0.0,739.0,0.9,679.8,0.035,4.9,0.0,0.028,3.3,72.6,8.8,4.5,0.0,0.025,2.6,0.0,332.0,1.0,8.1,171.4,0.085,1649.3,2645.4,0.3,27.2,719.224,FOOD-DATA-GROUP3,53.864415721445525,0.0,46.13558427855447,204.2,2399,8.508333333333333,0.0,0.0,0.0,0.000375,0,0,1,1,Limit,50.0
472,472,pork spareribs cooked,703,53.6,19.7,23.9,4.8,0.0,0.0,51.4,0.0,214.2,0.2,71.5,0.065,0.7,0.022,0.016,0.7,9.7,1.3,0.6,0.0,0.043,0.6,0.0,83.2,0.3,3.3,42.5,0.083,462.0,566.4,0.092,8.1,191.598,FOOD-DATA-GROUP3,48.95238095238096,0.0,51.04761904761905,51.4,703,7.301136363636364,0.0,0.0,0.0,0.0002840909090909,0,0,1,1,Limit,50.2
473,473,pork stomach cooked,44,2.1,0.8,0.6,0.2,0.029,0.0,6.1,0.0,89.4,0.035,20.0,0.0,0.08,0.09,0.067,0.05,0.4,0.2,0.038,0.0,0.0,0.087,0.0,4.2,0.048,0.3,4.2,0.015,36.5,24.1,0.077,0.8,12.779,FOOD-DATA-GROUP3,74.1280836067566,0.352412200753433,25.51950419248998,5.928085519922255,44,13.555555555555554,0.0,0.0,0.0,0.0007777777777777,0,0,0,0,Healthy,54.0
474,474,honey smoked ham cooked,67,1.3,0.6,0.9,0.2,4.0,0.0,9.9,0.0,12.1,0.5,38.5,0.0,0.2,0.013,0.091,0.097,1.3,0.1,0.1,0.3,0.0,0.0,0.0,3.3,0.039,0.2,4.4,0.096,211.2,90.8,0.099,0.5,19.0,FOOD-DATA-GROUP3,65.13157894736842,26.31578947368421,8.552631578947368,1.98,67,14.558823529411766,0.0,0.0,0.0,0.0073529411764705,0,0,0,0,Healthy,57.0
475,475,boston butt steak raw,844,56.1,19.7,23.6,7.2,0.0,0.0,79.0,0.0,281.2,0.3,313.8,0.051,2.4,0.0,0.088,1.6,19.2,6.6,2.2,0.0,0.028,1.0,0.0,72.6,0.4,5.1,90.7,0.098,861.8,1442.4,0.1,14.0,212.848,FOOD-DATA-GROUP3,58.47520355292376,0.0,41.52479644707624,79.0,844,9.349112426035502,0.0,0.0,0.0,0.0003550295857988,0,0,1,1,Limit,50.2
476,476,pork sirloin chops cooked,140,4.5,1.5,1.8,0.8,0.0,0.0,23.3,0.0,65.6,0.001,53.9,0.075,0.075,0.5,0.0,0.07,0.2,6.4,0.8,0.4,0.0,0.01,0.1,0.0,9.0,0.012,0.6,20.5,0.073,238.6,337.0,0.043,28.239,FOOD-DATA-GROUP3,83.81294964028777,0.0,16.18705035971223,23.3,140,16.524822695035464,0.0,0.0,0.0,7.092198581560284e-06,0,0,0,0,Healthy,63.9
477,477,pork country style ribs raw,242,15.1,3.0,3.5,1.2,0.0,0.0,24.8,0.0,94.7,0.061,87.3,0.009,0.5,0.0,0.055,0.3,3.9,2.1,0.7,0.0,0.028,0.3,0.0,28.2,0.023,1.1,26.9,0.072,247.0,407.0,0.048,3.6,69.223,FOOD-DATA-GROUP3,62.15538847117795,0.0,37.84461152882205,24.8,242,10.205761316872428,0.0,0.0,0.0,0.0002510288065843,0,0,0,0,Healthy,62.7
478,478,ham patties,205,18.3,6.6,8.6,2.0,1.1,0.0,8.3,0.0,45.5,0.7,35.4,0.0,0.3,0.061,0.084,0.1,2.0,0.2,0.1,0.0,0.0,0.0,0.0,5.2,0.039,0.7,6.5,0.064,96.9,155.4,0.075,1.0,33.6,FOOD-DATA-GROUP3,29.96389891696751,3.9711191335740073,66.06498194945848,3.952380952380953,205,4.029126213592233,0.0,0.0,0.0,0.0033980582524271,0,0,1,0,Limit,51.3
479,479,pork feet cooked,67,4.5,1.2,2.3,0.4,0.0,0.0,6.2,0.0,30.3,0.046,17.8,0.0,0.08,0.014,0.048,0.029,0.2,0.047,0.081,0.0,0.0,0.054,0.0,0.0,0.014,0.3,1.4,0.017,23.2,9.3,0.04,0.3,11.0,FOOD-DATA-GROUP3,57.94392523364487,0.0,42.056074766355145,6.2,67,9.11764705882353,0.0,0.0,0.0,0.0006764705882352,0,0,0,0,Healthy,53.7
480,480,ground pork cooked,930,65.0,24.2,29.0,5.9,0.0,0.0,80.4,0.0,294.2,0.2,165.1,0.01,2.2,0.005,0.058,0.7,13.2,1.6,1.2,2.2,0.066,0.7,0.0,68.9,0.1,4.0,75.1,0.081,707.4,1133.1,0.1,10.0,220.513,FOOD-DATA-GROUP3,55.29573590096286,0.0,44.70426409903714,80.4,930,8.635875402792696,0.0,0.0,0.0,0.0002148227712137,0,0,1,1,Limit,50.0
481,481,pork centre loin chops cooked,328,17.4,5.5,6.6,2.1,0.0,0.0,40.2,0.0,131.9,0.065,97.8,0.2,0.021,0.9,0.0,0.059,0.4,12.8,1.0,1.1,0.0,0.089,0.2,0.0,37.7,0.1,1.2,39.3,0.005,345.4,540.1,0.07,59.0,FOOD-DATA-GROUP3,69.79166666666667,0.0,30.20833333333333,40.2,328,12.218844984802432,0.0,0.0,0.0,0.0001975683890577,0,0,1,1,Limit,60.9
482,482,pork leg cap steak cooked,307,8.6,2.6,3.7,1.1,0.0,0.0,53.5,0.0,157.1,0.1,133.3,0.0,0.9,0.071,0.068,0.8,15.9,1.5,0.8,0.0,0.0,0.2,0.0,13.6,0.1,1.9,44.6,0.061,428.7,710.0,0.035,8.0,77.6,FOOD-DATA-GROUP3,86.1513687600644,0.0,13.848631239935589,53.5,307,17.37012987012987,0.0,0.0,0.0,0.0003246753246753,0,0,0,1,Healthy,63.0
483,483,pork blade chops raw,376,15.4,5.2,6.1,2.1,0.0,0.0,55.8,0.0,155.2,0.2,191.6,0.039,1.4,0.0,0.055,0.9,18.7,2.9,1.2,0.0,0.067,0.5,0.0,78.9,0.2,1.9,47.3,0.059,594.4,823.2,0.038,7.2,152.089,FOOD-DATA-GROUP3,78.37078651685393,0.0,21.629213483146067,55.8,376,14.80106100795756,0.0,0.0,0.0,0.0005305039787798,0,0,1,1,Limit,61.1
484,484,pork tenderloin raw,606,17.8,6.0,6.8,2.8,0.0,0.0,104.3,0.0,328.3,0.3,378.6,0.0,5.0,0.0,0.023,1.7,33.4,4.2,3.9,0.0,0.075,1.1,0.0,30.3,0.4,4.9,136.4,0.098,1227.2,1984.7,0.2,9.4,157.3,FOOD-DATA-GROUP3,85.42178542178543,0.0,14.57821457821458,104.3,606,17.182866556836903,0.0,0.0,0.0,0.000494233937397,0,0,1,1,Limit,60.5
485,485,pork sirloin chops raw,1090,23.3,8.2,9.9,3.7,0.0,0.0,205.5,0.0,567.6,0.6,669.4,0.023,5.5,0.0,0.083,2.3,66.2,6.6,5.5,0.0,0.005,1.5,0.0,81.1,0.6,5.0,207.2,0.094,2261.5,3189.5,0.3,15.5,314.931,FOOD-DATA-GROUP3,89.81643356643356,0.0,10.183566433566432,205.5,1090,18.835930339138404,0.0,0.0,0.0,0.0005499541704857,0,0,1,1,Limit,58.8
486,486,pork leg cap steak raw,284,7.8,2.7,3.9,1.2,0.0,0.0,50.0,0.0,145.5,0.2,173.7,0.0,1.2,0.004,0.072,1.0,16.4,1.9,1.3,0.0,0.0,0.2,0.0,16.2,0.1,1.9,50.8,0.069,478.2,843.2,0.009,7.3,75.9,FOOD-DATA-GROUP3,86.50519031141869,0.0,13.494809688581316,50.0,284,17.543859649122805,0.0,0.0,0.0,0.0007017543859649,0,0,0,1,Healthy,63.0
487,487,pork carcass raw,1706,159.1,56.4,72.3,17.2,0.0,0.0,63.1,0.0,335.7,0.2,226.0,0.007,2.7,0.002,0.096,0.9,17.4,2.4,1.3,1.8,0.0,1.3,0.0,86.2,0.2,3.1,59.0,0.081,703.1,1147.6,0.1,7.2,313.327,FOOD-DATA-GROUP3,28.3978397839784,0.0,71.6021602160216,63.1,1706,3.696543643819567,0.0,0.0,0.0,0.0001171646162858,0,0,1,1,Limit,50.0
488,488,pork splean cooked,446,9.6,3.2,2.6,0.7,0.0,0.0,84.3,0.0,1507.0,0.3,199.4,0.0,0.4,0.002,0.071,0.8,17.8,2.7,0.2,34.7,0.0,0.0,0.0,38.9,0.4,66.5,44.9,0.1,846.2,678.7,0.1,10.6,234.0,FOOD-DATA-GROUP3,89.77635782747603,0.0,10.223642172523965,84.3,446,18.859060402684563,0.0,0.0,0.0,0.0006711409395973,0,0,0,1,Healthy,62.6
489,489,chopped ham,50,2.9,1.0,1.4,0.4,1.2,0.0,4.6,0.0,16.5,0.3,18.3,0.0,0.2,0.008,0.006,0.035,1.1,0.0,0.01,0.0,0.025,0.087,0.0,2.0,0.049,0.2,4.5,0.0,43.4,89.3,0.098,0.5,10.9,FOOD-DATA-GROUP3,52.87356321839081,13.79310344827586,33.333333333333336,2.0909090909090904,50,9.019607843137257,0.0,0.0,0.0,0.0058823529411764,0,0,0,0,Healthy,52.7
490,490,pork centre loin chops raw,338,18.0,6.0,7.1,2.4,0.0,0.0,41.2,0.0,137.3,0.1,138.7,0.048,1.0,0.0,0.02,0.4,13.2,1.4,1.4,0.0,0.062,0.2,0.0,37.8,0.1,1.3,49.8,0.096,415.9,682.6,0.052,3.5,98.301,FOOD-DATA-GROUP3,69.5945945945946,0.0,30.405405405405407,41.2,338,12.153392330383484,0.0,0.0,0.0,0.0002949852507374,0,0,1,1,Limit,60.5
491,491,pork blade chops cooked,265,14.6,4.3,5.1,1.9,1.1,0.0,32.4,0.0,100.9,0.072,81.4,0.069,0.8,0.0,0.068,0.3,10.1,1.5,0.7,0.0,0.028,0.3,0.0,10.5,0.1,1.2,31.4,0.076,355.0,533.2,0.085,3.0,59.882,FOOD-DATA-GROUP3,67.35966735966736,2.2869022869022877,30.35343035343035,15.428571428571429,265,12.180451127819548,0.0,0.0,0.0,0.0002706766917293,0,0,0,1,Healthy,61.8
492,492,boston butt steak cooked,494,32.7,12.2,14.8,3.8,0.0,0.0,46.4,0.0,181.3,0.1,101.7,0.066,0.9,0.0,0.064,0.7,7.2,2.4,0.8,0.0,0.051,0.2,0.0,48.1,0.2,3.2,42.6,0.063,384.8,564.3,0.04,9.0,130.498,FOOD-DATA-GROUP3,58.65992414664981,0.0,41.34007585335019,46.4,494,9.373737373737374,0.0,0.0,0.0,0.0002020202020202,0,0,1,1,Limit,55.8
493,493,pork meat raw,179,18.6,6.2,7.9,3.7,0.0,0.0,2.6,0.0,20.4,0.021,7.0,0.094,0.05,0.0,0.086,0.059,0.7,0.1,0.07,0.0,0.055,0.1,0.0,4.0,0.076,0.07,1.7,0.0,23.8,94.2,0.046,0.2,25.261,FOOD-DATA-GROUP3,12.264150943396226,0.0,87.73584905660377,2.6,179,1.4444444444444446,0.0,0.0,0.0,0.0001166666666666,0,0,1,0,Limit,47.3
494,494,pork top loin chops raw,287,12.8,4.5,5.5,1.6,0.0,0.0,39.9,0.0,124.0,0.099,130.2,0.074,1.2,0.0,0.087,0.3,14.8,1.3,1.3,0.0,0.089,0.2,0.0,13.0,0.1,0.9,48.1,0.02,418.1,690.1,0.096,2.9,66.684,FOOD-DATA-GROUP3,75.71157495256166,0.0,24.28842504743833,39.9,287,13.854166666666668,0.0,0.0,0.0,0.00034375,0,0,0,1,Healthy,61.6
495,495,pork blade steak braised,694,44.7,16.6,20.1,5.3,0.087,0.0,68.2,0.0,256.1,0.4,148.2,0.4,0.0,1.1,0.0,0.1,0.9,9.5,3.5,1.2,0.0,0.032,0.3,0.0,71.3,0.5,4.5,52.8,0.06,599.3,976.8,0.1,115.063,FOOD-DATA-GROUP3,60.36092647826741,0.0770000088505757,39.56207351288201,62.74149034038639,694,9.81294964028777,0.0,0.0,0.0,0.0005755395683453,0,0,1,1,Limit,52.5
496,496,pork boston steaks cooked,438,28.1,10.1,12.5,2.5,0.0,0.0,43.2,0.0,160.6,0.1,96.8,0.06,1.2,0.096,0.046,0.7,6.9,1.2,0.5,0.5,0.091,0.5,0.0,60.8,0.003,2.4,35.5,0.037,354.9,550.9,0.06,7.6,135.049,FOOD-DATA-GROUP3,60.5890603085554,0.0,39.4109396914446,43.2,438,9.840546697038723,0.0,0.0,0.0,0.0002277904328018,0,0,1,1,Limit,57.4
497,497,bacon cooked,43,3.1,1.1,1.4,0.5,0.068,0.0,3.5,0.0,10.1,0.2,1.9,0.053,0.0,0.031,0.0,0.037,0.066,1.0,0.1,0.047,0.0,0.0,0.009,0.0,1.2,0.047,0.1,3.1,0.071,35.4,47.8,0.064,6.747,FOOD-DATA-GROUP3,52.489502099580086,1.0197960407918416,46.49070185962808,3.2771535580524342,43,7.954545454545454,0.0,0.0,0.0,0.0045454545454545,0,0,0,0,Healthy,51.8
498,498,pickled pork hocks,48,3.0,0.9,1.5,0.3,0.0,0.0,5.4,0.0,25.2,0.3,19.2,0.055,0.056,0.058,0.061,0.066,0.3,0.02,0.047,0.0,0.0,0.047,0.0,5.4,0.063,0.3,1.7,0.018,17.0,13.3,0.089,0.7,14.146,FOOD-DATA-GROUP3,64.28571428571429,0.0,35.714285714285715,5.4,48,11.020408163265309,0.0,0.0,0.0,0.0061224489795918,0,0,0,0,Healthy,53.4
499,499,pork boston roast cooked,705,49.4,18.3,21.7,4.6,0.0,0.0,60.5,0.0,225.3,0.2,150.6,0.061,1.7,0.084,0.041,0.9,10.6,1.7,0.6,1.8,0.029,0.5,0.0,73.4,0.3,3.8,47.2,0.052,516.1,869.8,0.022,10.4,188.948,FOOD-DATA-GROUP3,55.050045495905366,0.0,44.94995450409463,60.5,705,8.569405099150142,0.0,0.0,0.0,0.0002832861189801,0,0,1,1,Limit,51.3
500,500,canadian style bacon grilled,43,2.0,0.7,0.9,0.2,0.3,0.0,5.7,0.0,13.6,0.4,14.5,0.0,0.2,0.07,0.03,0.054,1.6,0.1,0.1,0.0,0.048,0.061,0.0,2.4,0.043,0.2,4.9,0.023,69.6,91.7,0.058,0.4,10.6,FOOD-DATA-GROUP3,71.25,3.75,25.0,4.384615384615385,43,12.954545454545457,0.0,0.0,0.0,0.009090909090909,0,0,0,0,Healthy,53.7
501,501,ham steak,70,2.4,0.8,1.1,0.3,0.0,0.0,11.1,0.0,25.7,0.7,41.2,0.0,0.5,0.064,0.08,0.1,2.9,0.4,0.2,18.4,0.0,0.0,0.0,2.3,0.05,0.6,10.8,0.011,148.2,185.3,0.068,1.2,34.8,FOOD-DATA-GROUP3,82.22222222222221,0.0,17.77777777777778,11.1,70,15.633802816901406,0.0,0.0,0.0,0.0098591549295774,0,0,0,0,Healthy,57.7
502,502,pork backfat,3683,402.3,146.1,190.3,46.9,0.0,0.0,13.2,0.0,258.6,0.064,34.9,0.032,0.4,0.072,0.035,0.2,4.5,0.5,0.2,0.5,0.003,0.0,0.0,9.1,0.094,0.8,9.1,0.082,172.4,294.8,0.063,1.7,425.932,FOOD-DATA-GROUP3,3.1768953068592056,0.0,96.8231046931408,13.2,3683,0.3583061889250814,0.0,0.0,0.0,1.737242128121607e-05,0,0,1,1,Limit,44.9
503,503,bacon baked,44,3.5,1.1,1.5,0.4,0.1,0.0,2.9,0.0,8.7,0.2,1.0,0.0,0.052,0.09,0.095,0.053,0.058,0.9,0.077,0.084,0.0,0.0,0.038,0.047,0.8,0.054,0.1,2.4,0.078,41.0,43.7,0.003,6.673,FOOD-DATA-GROUP3,44.61538461538461,1.5384615384615383,53.84615384615385,2.636363636363636,44,6.444444444444445,0.0,0.0,0.0,0.0044444444444444,0,0,0,0,Healthy,51.3
504,504,pork arm picnic raw,5298,343.4,113.6,147.3,67.9,0.0,0.0,513.6,0.0,1729.4,2.3,1875.9,0.1,16.1,0.0,0.04,6.8,124.0,27.9,12.1,0.0,0.064,5.8,0.0,329.4,2.0,15.6,494.1,0.3,5490.0,11336.9,0.6,59.0,1202.1,FOOD-DATA-GROUP3,59.92998833138857,0.0,40.07001166861144,513.6,5298,9.69239479147009,0.0,0.0,0.0,0.0004340441592753,0,0,1,1,Limit,50.0
505,505,salt pork raw,212,22.8,8.3,10.7,2.7,0.0,0.0,1.4,0.0,24.3,0.8,3.1,0.0,0.054,0.011,0.049,0.01,0.5,0.078,0.048,0.0,0.035,0.0,0.0,1.7,0.053,0.1,2.0,0.073,14.7,18.7,0.056,0.3,26.0,FOOD-DATA-GROUP3,5.785123966942148,0.0,94.21487603305786,1.4,212,0.6572769953051643,0.0,0.0,0.0,0.0037558685446009,0,0,1,0,Limit,44.8
506,506,pork arm picnic cooked,5292,322.7,109.3,139.0,62.7,0.0,0.0,560.3,0.0,1936.7,2.2,1351.9,0.007,9.9,0.1,0.086,7.3,119.5,27.0,7.8,0.0,0.062,5.9,0.0,360.3,2.4,20.7,495.4,0.5,5404.8,8039.6,0.7,69.8,1264.074,FOOD-DATA-GROUP3,63.45413363533409,0.0,36.54586636466591,560.3,5292,10.585679198941998,0.0,0.0,0.0,0.0004156433024749,0,0,1,1,Limit,50.0
507,507,pork top loin chops cooked,270,11.2,4.3,4.9,1.7,0.0,0.0,39.4,0.0,97.2,0.064,84.3,0.062,0.02,0.7,0.0,0.067,0.3,13.4,1.4,0.7,0.0,0.043,0.3,0.0,16.2,0.1,1.2,31.1,0.052,298.4,352.4,0.079,51.481,FOOD-DATA-GROUP3,77.86561264822134,0.0,22.134387351778656,39.4,270,14.538745387453874,0.0,0.0,0.0,0.0002361623616236,0,0,0,0,Healthy,61.8
508,508,ground pork raw,329,26.5,9.8,11.8,2.4,0.0,0.0,21.1,0.0,90.0,0.033,76.3,0.034,0.9,0.055,0.005,0.3,5.4,0.8,0.5,0.9,0.0,0.0,0.0,17.5,0.08,1.1,23.8,0.083,218.8,358.8,0.039,2.8,67.15,FOOD-DATA-GROUP3,44.32773109243698,0.0,55.67226890756303,21.1,329,6.3939393939393945,0.0,0.0,0.0,0.0001,0,0,1,0,Limit,57.6
509,509,pork shoulder raw,1070,81.6,28.3,36.3,8.7,0.0,0.0,77.9,0.0,322.1,0.3,290.4,0.087,3.5,0.077,0.034,1.2,17.4,3.3,1.6,3.2,0.025,0.9,0.0,68.0,0.4,4.8,81.6,0.083,825.6,1369.9,0.1,12.2,235.572,FOOD-DATA-GROUP3,48.84012539184953,0.0,51.15987460815047,77.9,1070,7.27357609710551,0.0,0.0,0.0,0.0002801120448179,0,0,1,1,Limit,50.0
510,510,pork chitterlings cooked,66,5.8,2.7,2.0,0.3,0.0,0.0,3.5,0.0,78.4,0.078,19.2,0.0,0.0,0.099,0.024,0.056,0.093,0.065,0.059,0.0,0.0,0.0,0.083,0.0,7.1,0.056,0.4,2.5,0.033,18.7,4.0,0.07,9.329,FOOD-DATA-GROUP3,37.634408602150536,0.0,62.36559139784945,3.5,66,5.223880597014925,0.0,0.0,0.0,0.0011641791044776,0,0,0,0,Healthy,50.6
511,511,pork breakfast strips cooked,52,4.1,1.4,1.9,0.6,0.1,0.0,3.3,0.0,11.9,0.2,3.0,0.0,0.039,0.02,0.02,0.073,0.9,0.1,0.068,0.0,0.066,0.057,0.0,1.6,0.054,0.2,2.9,0.085,29.9,52.7,0.061,0.4,9.3,FOOD-DATA-GROUP3,44.0,1.3333333333333337,54.66666666666666,3.0,52,6.226415094339623,0.0,0.0,0.0,0.0037735849056603,0,0,0,0,Healthy,51.4
512,512,pork blade roll roasted,1079,88.3,31.5,41.5,9.4,1.4,0.0,65.0,0.0,251.9,3.7,211.2,0.0,1.7,0.032,0.007,1.1,8.9,2.9,0.8,12.0,0.0,0.0,0.0,26.3,0.3,3.3,48.9,0.098,586.6,729.4,0.1,9.2,196.3,FOOD-DATA-GROUP3,42.01680672268908,0.904977375565611,57.07821590174531,27.083333333333336,1079,6.018518518518518,0.0,0.0,0.0,0.0034259259259259,0,0,1,1,Limit,50.0
513,513,pork tail cooked,1089,98.5,34.2,46.4,10.8,0.0,0.0,46.8,0.0,354.8,0.093,128.4,0.0,0.2,0.002,0.061,0.2,3.1,1.2,0.7,0.0,0.0,0.0,0.0,38.5,0.2,2.2,19.3,0.087,129.3,431.8,0.087,4.5,186.0,FOOD-DATA-GROUP3,32.20922229869236,0.0,67.79077770130763,46.8,1089,4.293577981651376,0.0,0.0,0.0,8.53211009174312e-05,0,0,1,1,Limit,50.0
514,514,pork centre rib roasts raw,275,9.7,3.3,4.0,1.1,0.0,0.0,44.0,0.0,113.1,0.1,146.2,0.0,1.0,0.0,0.094,0.4,13.5,1.5,1.5,0.0,0.072,0.3,0.0,48.5,0.1,1.2,50.5,0.053,436.3,725.2,0.05,4.0,103.4,FOOD-DATA-GROUP3,81.93668528864059,0.0,18.063314711359403,44.0,275,15.942028985507244,0.0,0.0,0.0,0.0003623188405797,0,0,0,1,Healthy,62.5
515,515,pork centre rib roasts roasted,1942,114.9,42.6,48.4,19.4,0.0,0.0,211.3,0.0,610.7,0.7,452.3,0.8,0.041,4.1,0.0,0.018,2.3,74.3,11.6,3.8,0.0,0.094,1.6,0.0,148.8,0.7,7.5,164.4,0.063,1800.9,2129.8,0.3,331.5,FOOD-DATA-GROUP3,64.77621091354996,0.0,35.22378908645003,211.3,1942,10.874935666495112,0.0,0.0,0.0,0.0003602676273803,0,0,1,1,Limit,50.0
516,516,minced ham,55,4.3,1.5,2.0,0.5,0.4,0.0,3.4,0.0,14.7,0.3,12.0,0.0,0.1,0.094,0.059,0.073,0.9,0.094,0.081,0.0,0.058,0.012,0.0,2.1,0.029,0.2,3.4,0.074,33.0,65.3,0.048,0.4,10.4,FOOD-DATA-GROUP3,41.97530864197531,4.938271604938272,53.086419753086425,2.428571428571429,55,6.071428571428571,0.0,0.0,0.0,0.0053571428571428,0,0,0,0,Healthy,51.4
517,517,ham roasted,316,21.3,7.1,9.9,2.5,0.6,0.0,28.7,0.0,86.8,1.3,85.3,0.0,1.1,0.033,0.054,0.4,7.4,1.0,0.4,19.6,0.0,0.0,0.0,11.2,0.2,1.9,23.8,0.084,340.2,499.8,0.053,3.5,83.3,FOOD-DATA-GROUP3,56.7193675889328,1.185770750988142,42.094861660079054,17.9375,316,9.053627760252365,0.0,0.0,0.0,0.0041009463722397,0,0,1,0,Limit,59.7
518,518,pork loin raw,232,14.7,5.1,6.6,1.6,0.0,0.0,23.1,0.0,73.7,0.003,78.3,0.049,1.1,0.013,0.019,0.3,5.4,0.8,0.6,0.7,0.044,0.2,0.0,21.1,0.037,0.9,24.6,0.066,230.5,416.5,0.013,2.0,60.563,FOOD-DATA-GROUP3,61.11111111111112,0.0,38.88888888888889,23.1,232,9.914163090128756,0.0,0.0,0.0,1.2875536480686696e-05,0,0,1,0,Limit,61.2
519,519,pork backribs roasted,2564,188.9,68.5,81.6,31.0,0.0,0.0,202.0,0.0,737.5,0.8,481.3,1.7,0.023,4.0,0.0,0.08,2.9,67.0,11.1,3.6,0.0,0.068,2.2,0.0,403.9,0.9,8.1,149.3,0.065,1448.7,2107.2,0.3,397.1,FOOD-DATA-GROUP3,51.675620363264265,0.0,48.32437963673574,202.0,2564,7.875243664717349,0.0,0.0,0.0,0.0003118908382066,0,0,1,1,Limit,50.0
520,520,pork belly raw,2350,240.5,87.7,112.0,25.6,0.0,0.0,42.4,0.0,326.6,0.1,166.7,0.095,1.8,0.088,0.075,1.1,21.1,1.2,0.6,1.4,0.0,1.8,0.0,22.7,0.2,2.4,18.1,0.01,489.9,839.2,0.085,4.6,309.486,FOOD-DATA-GROUP3,14.98762813715094,0.0,85.01237186284906,42.4,2350,1.8034878774989365,0.0,0.0,0.0,4.253509145044662e-05,0,0,1,1,Limit,50.0
521,521,ham raw,266,18.2,6.0,8.7,2.1,0.046,0.0,23.8,0.0,54.6,1.5,93.2,0.0,1.3,0.021,0.034,0.3,4.5,0.6,0.7,0.0,0.054,0.3,0.0,8.4,0.075,1.2,19.6,0.063,245.0,442.4,0.065,2.3,51.697,FOOD-DATA-GROUP3,56.60467107453741,0.1094039861104504,43.285924939352135,22.753346080305928,266,8.913857677902621,0.0,0.0,0.0,0.0056179775280898,0,0,1,0,Limit,60.5
522,522,ham extra lean,45,2.3,0.8,1.1,0.3,0.6,0.0,5.1,0.0,14.8,0.4,18.7,0.0,0.2,0.022,0.097,0.028,1.4,0.1,0.1,0.0,0.094,0.04,0.0,2.0,0.075,0.3,5.0,0.049,66.1,83.2,0.041,0.6,10.3,FOOD-DATA-GROUP3,63.75000000000001,7.500000000000001,28.750000000000004,3.1875,45,11.08695652173913,0.0,0.0,0.0,0.008695652173913,0,0,0,0,Healthy,53.2
523,523,pork feet pickled,635,45.5,13.4,25.8,3.6,0.029,0.0,52.8,0.0,376.5,4.3,340.2,0.098,0.031,0.061,0.003,0.085,1.0,1.2,0.058,0.0,0.01,1.0,0.0,145.2,0.2,1.4,49.9,0.049,394.6,59.0,0.003,0.9,245.019,FOOD-DATA-GROUP3,53.69728157512025,0.0294928251075471,46.27322559977219,51.31195335276968,635,8.30188679245283,0.0,0.0,0.0,0.0067610062893081,0,0,1,1,Limit,54.9
524,524,pork shoulder cooked,394,28.9,10.6,12.8,2.8,0.0,0.0,31.4,0.0,121.5,0.001,74.0,0.004,0.8,0.065,0.007,0.4,5.4,0.8,0.4,0.7,0.007,0.3,0.0,32.4,0.2,1.8,24.3,0.084,286.2,444.2,0.026,5.0,95.226,FOOD-DATA-GROUP3,52.072968490878935,0.0,47.92703150912106,31.4,394,7.949367088607595,0.0,0.0,0.0,2.531645569620253e-06,0,0,1,1,Limit,57.0
525,525,pork top loin roasts roasted,1628,74.8,24.1,29.8,8.5,0.0,0.0,224.3,0.0,678.4,0.4,540.7,0.7,0.011,4.6,0.0,0.051,2.0,60.2,5.7,5.9,0.0,0.017,0.9,0.0,59.4,0.7,5.4,212.0,0.052,1891.0,2959.5,0.3,306.4,FOOD-DATA-GROUP3,74.99164159144098,0.0,25.008358408559005,224.3,1628,13.769183548189073,0.0,0.0,0.0,0.0002455494168201,0,0,1,1,Limit,50.0
526,526,pork skin,154,8.9,3.2,4.2,1.0,0.0,0.0,17.3,0.0,26.9,0.5,0.5,0.037,0.009,0.0,0.036,0.034,0.4,0.1,0.096,0.1,0.0,0.1,0.0,8.5,0.033,0.2,3.1,0.066,24.1,35.9,0.062,0.2,35.03,FOOD-DATA-GROUP3,66.03053435114504,0.0,33.96946564885496,17.3,154,11.161290322580646,0.0,0.0,0.0,0.0032258064516129,0,0,0,0,Healthy,60.6
527,527,pork country style ribs cooked,235,15.2,5.4,6.6,1.8,0.0,0.0,22.8,0.0,88.6,0.049,46.4,0.098,0.4,0.0,0.016,0.2,4.8,1.2,0.4,0.0,0.09,0.1,0.0,29.2,0.072,1.2,19.8,0.025,173.7,247.7,0.026,3.6,68.402,FOOD-DATA-GROUP3,60.0,0.0,40.0,22.8,235,9.661016949152543,0.0,0.0,0.0,0.000207627118644,0,0,1,0,Limit,60.9
528,528,pork blade steak raw,664,43.7,15.4,18.4,5.6,0.6,0.0,67.6,0.0,243.7,0.6,276.5,0.0,1.9,0.0,0.01,1.3,14.8,5.6,1.9,0.0,0.083,0.8,0.0,59.0,0.5,3.8,70.7,0.0,829.2,1536.6,0.1,11.1,174.7,FOOD-DATA-GROUP3,60.41108132260947,0.5361930294906166,39.05272564789992,42.24999999999999,664,10.165413533834586,0.0,0.0,0.0,0.0009022556390977,0,0,1,1,Limit,53.4
529,529,pork tenderloin cooked,153,6.2,2.2,2.5,0.6,0.0,0.0,22.7,0.0,71.4,0.091,46.4,0.017,0.7,0.051,0.014,0.3,3.8,0.7,0.4,0.8,0.0,0.0,0.0,3.8,0.045,1.1,26.6,0.072,220.4,337.4,0.082,2.2,34.679,FOOD-DATA-GROUP3,78.54671280276817,0.0,21.453287197231838,22.7,153,14.74025974025974,0.0,0.0,0.0,0.000590909090909,0,0,0,0,Healthy,63.3
530,530,pork loin cooked,213,12.1,4.5,5.4,1.0,0.0,0.0,24.2,0.0,71.2,0.077,51.9,0.008,0.6,0.066,0.024,0.2,3.9,0.6,0.3,0.5,0.007,0.2,0.0,18.7,0.006,1.0,16.9,0.033,161.1,332.9,0.02,2.1,56.575,FOOD-DATA-GROUP3,66.66666666666667,0.0,33.333333333333336,24.2,213,11.30841121495327,0.0,0.0,0.0,0.0003598130841121,0,0,0,0,Healthy,61.6
531,531,pork ears cooked,184,12.0,4.3,5.5,1.3,0.2,0.0,17.7,0.0,99.9,0.2,80.6,0.0,0.004,0.0,0.0,0.07,0.6,0.051,0.066,0.0,0.0,0.0,0.0,20.0,0.086,1.7,7.8,0.086,26.6,44.4,0.044,0.2,51.6,FOOD-DATA-GROUP3,59.19732441471572,0.6688963210702342,40.13377926421405,14.75,184,9.567567567567568,0.0,0.0,0.0,0.001081081081081,0,0,0,0,Healthy,60.0
532,532,pork tongue cooked,626,43.0,14.9,20.2,4.5,0.0,0.0,55.7,0.0,337.3,0.3,131.4,0.0,0.7,0.019,0.077,1.2,12.3,1.2,0.5,3.9,0.0,0.0,0.0,43.9,0.3,11.5,46.2,0.054,401.9,547.5,0.04,10.5,158.0,FOOD-DATA-GROUP3,56.43363728470111,0.0,43.56636271529889,55.7,626,8.883572567783094,0.0,0.0,0.0,0.0004784688995215,0,0,1,1,Limit,53.8
533,533,pork spareribs raw,3593,303.5,97.7,110.8,51.3,0.0,0.0,200.6,0.0,1037.6,1.1,775.0,0.0,4.1,0.0,0.055,3.3,60.5,8.1,7.4,0.0,0.084,4.8,0.0,194.6,1.0,11.8,207.5,0.1,1828.8,3138.7,0.3,32.4,710.5,FOOD-DATA-GROUP3,39.79369172783178,0.0,60.206308272168215,200.6,3593,5.581524763494714,0.0,0.0,0.0,0.0003060656649972,0,0,1,1,Limit,50.0
534,534,ham patties grilled,205,18.5,6.7,8.8,2.0,1.0,0.0,8.0,0.0,43.2,0.6,30.8,0.0,0.2,0.034,0.046,0.1,1.9,0.2,0.085,0.0,0.056,0.3,0.0,5.4,0.043,1.0,6.0,0.045,60.6,146.4,0.028,1.1,33.9,FOOD-DATA-GROUP3,29.09090909090909,3.636363636363636,67.27272727272727,4.0,205,3.883495145631068,0.0,0.0,0.0,0.0029126213592233,0,0,1,0,Limit,51.0
535,535,chicken skin roasted,508,45.6,12.8,19.1,9.6,0.0,0.0,22.8,0.0,93.0,0.028,45.1,0.083,0.021,0.08,0.099,0.1,6.3,0.8,0.1,0.0,0.026,0.4,0.032,15.7,0.034,1.7,16.8,0.083,140.0,152.3,0.2,1.4,85.844,FOOD-DATA-GROUP3,33.33333333333333,0.0,66.66666666666666,22.8,508,4.479371316306483,0.0,0.0,0.0,5.50098231827112e-05,0,0,1,0,Limit,55.4
536,536,turkey breast raw,3554,158.9,43.2,60.2,37.6,0.0,0.0,495.6,0.0,1471.6,1.3,1585.9,0.015,1.3,0.2,0.004,2.6,117.7,14.1,10.9,0.0,0.0,0.0,0.0,294.3,1.7,27.2,543.4,0.4,4211.0,6226.0,0.5,35.5,976.092,FOOD-DATA-GROUP3,75.72192513368984,0.0,24.278074866310163,495.6,3554,13.940928270042194,0.0,0.0,0.0,0.000365682137834,0,0,1,1,Limit,50.0
537,537,ground turkey raw,169,8.7,2.3,3.0,2.5,0.0,0.0,22.4,0.0,78.7,0.047,82.5,0.041,0.037,0.073,0.08,0.2,7.7,1.1,0.6,0.0,0.086,0.1,0.0,21.7,0.1,1.2,26.2,0.096,228.0,270.2,0.025,2.7,54.095,FOOD-DATA-GROUP3,72.02572347266882,0.0,27.974276527331188,22.4,169,13.176470588235292,0.0,0.0,0.0,0.0002764705882352,0,0,0,0,Healthy,63.3
538,538,chicken wing cooked,52,3.5,1.0,1.4,0.8,0.0,0.0,4.8,0.0,14.7,0.086,13.1,0.041,0.036,0.071,0.092,0.097,1.0,0.1,0.086,0.0,0.022,0.052,0.092,2.5,0.095,0.2,3.4,0.041,25.4,29.2,0.092,0.3,11.058,FOOD-DATA-GROUP3,57.831325301204814,0.0,42.16867469879518,4.8,52,9.056603773584904,0.0,0.0,0.0,0.0016226415094339,0,0,0,0,Healthy,52.8
539,539,turkey roast roasted,209,7.8,2.6,1.6,2.2,4.1,0.0,28.8,0.0,71.6,0.9,91.6,0.0,0.058,0.054,0.079,0.2,8.5,1.1,0.4,0.0,0.084,0.5,0.09,6.8,0.037,2.2,29.7,0.066,329.4,402.3,0.081,3.4,49.7,FOOD-DATA-GROUP3,70.76167076167077,10.073710073710076,19.164619164619165,5.647058823529412,209,13.714285714285715,0.0,0.0,0.0,0.0042857142857142,0,0,0,0,Healthy,63.0
540,540,pheasant meat raw,1448,74.3,21.6,34.6,9.4,0.0,0.0,181.6,0.0,568.0,0.3,542.2,0.4,0.6,0.064,0.015,1.1,51.4,7.4,5.3,42.4,0.0,0.0,0.0,96.0,0.5,9.2,160.0,0.1,1712.0,1944.0,0.1,7.7,403.9,FOOD-DATA-GROUP3,70.96522078937085,0.0,29.034779210629157,181.6,1448,12.532781228433402,0.0,0.0,0.0,0.0002070393374741,0,0,1,1,Limit,50.0
541,541,chicken back raw,188,17.0,4.9,7.2,3.6,0.0,0.0,8.3,0.0,46.6,0.043,34.3,0.087,0.022,0.084,0.026,0.063,2.9,0.5,0.1,0.9,0.0,0.2,0.03,7.7,0.066,0.6,8.9,0.024,66.7,85.0,0.009,0.7,34.564,FOOD-DATA-GROUP3,32.80632411067194,0.0,67.19367588932806,8.3,188,4.3915343915343925,0.0,0.0,0.0,0.0002275132275132,0,0,0,0,Healthy,52.5
542,542,chicken back cooked,93,6.5,1.8,2.6,1.4,0.0,0.0,8.0,0.0,28.1,0.091,21.9,0.005,0.026,0.035,0.052,0.035,1.6,0.3,0.048,0.0,0.084,0.074,0.051,6.5,0.052,0.4,5.8,0.016,43.2,52.2,0.055,0.7,21.425,FOOD-DATA-GROUP3,55.172413793103445,0.0,44.82758620689656,8.0,93,8.51063829787234,0.0,0.0,0.0,0.0009680851063829,0,0,0,0,Healthy,54.6
543,543,chicken leg fried,431,25.5,6.8,10.4,6.1,13.8,0.0,34.4,0.5,142.2,0.4,82.3,0.07,0.2,0.089,0.056,0.3,8.6,1.6,0.4,0.0,0.0,0.0,0.0,28.4,0.1,2.2,31.6,0.043,240.2,298.6,0.041,3.4,104.858,FOOD-DATA-GROUP3,46.675712347354136,18.724559023066487,34.599728629579374,2.324324324324324,431,7.962962962962962,0.1157407407407407,0.0,1.0,0.0009259259259259,0,0,1,1,Limit,60.6
544,544,chicken feet cooked,975,66.2,17.8,24.9,13.5,0.9,0.0,88.0,0.0,381.0,0.3,298.5,0.1,0.3,0.4,0.011,0.9,1.8,0.0,0.052,0.0,0.068,1.2,0.036,399.2,0.5,4.1,22.7,0.0,376.5,140.6,0.033,3.1,558.5,FOOD-DATA-GROUP3,56.73758865248226,0.5802707930367504,42.68214055448097,46.31578947368421,975,9.01639344262295,0.0,0.0,0.0,0.0003073770491803,0,0,1,1,Limit,51.6
545,545,turkey steak fried,179,10.8,2.8,4.4,2.8,10.9,0.0,9.1,0.0,41.0,0.5,31.6,0.092,0.075,0.071,0.088,0.1,1.3,0.3,0.1,0.0,0.0,0.0,0.0,9.0,0.01,1.4,9.6,0.028,149.8,166.4,0.013,0.9,41.229,FOOD-DATA-GROUP3,29.54545454545454,35.38961038961039,35.064935064935064,0.7647058823529411,179,5.055555555555555,0.0,0.0,0.0,0.0027777777777777,0,0,0,0,Healthy,54.7
546,546,turkey taco meat cooked,271,13.9,3.2,4.7,3.9,5.5,0.0,30.7,0.0,129.9,1.2,128.1,0.0,0.1,0.051,0.062,0.6,5.5,1.1,0.5,0.0,0.0,0.5,0.089,126.3,0.072,3.3,49.4,0.3,329.4,543.5,0.067,4.6,179.7,FOOD-DATA-GROUP3,61.27744510978044,10.978043912175648,27.744510978043916,4.723076923076923,271,11.286764705882351,0.0,0.0,0.0,0.0044117647058823,0,0,0,1,Healthy,62.6
547,547,chicken leg raw,736,54.9,15.0,22.8,11.5,0.6,0.0,56.3,0.0,319.9,0.3,231.5,0.018,0.3,0.053,0.096,0.5,16.3,3.4,1.1,0.7,0.033,0.8,0.096,31.0,0.2,2.4,65.4,0.088,533.2,698.3,0.091,5.1,145.973,FOOD-DATA-GROUP3,50.3577817531306,0.5366726296958855,49.105545617173526,35.18749999999999,736,7.639077340569877,0.0,0.0,0.0,0.0004070556309362,0,0,1,1,Limit,53.7
548,548,chicken meat raw,1978,138.6,39.7,57.4,29.7,0.0,0.0,171.1,0.0,690.0,0.6,607.1,0.4,0.6,0.039,0.069,1.1,62.6,8.4,3.2,14.7,0.054,2.8,0.054,101.2,0.4,8.3,184.0,0.2,1352.4,1738.8,0.1,12.1,434.3,FOOD-DATA-GROUP3,55.24701323861802,0.0,44.75298676138198,171.1,1978,8.645780697321879,0.0,0.0,0.0,0.0003031834259727,0,0,1,1,Limit,50.0
549,549,chicken neck cooked,94,6.9,1.9,2.7,1.5,0.0,0.0,7.5,0.0,26.6,0.085,23.5,0.065,0.05,0.078,0.079,0.035,1.3,0.2,0.033,0.0,0.087,0.1,0.032,10.3,0.065,0.9,4.9,0.095,46.4,41.0,0.054,1.0,25.616,FOOD-DATA-GROUP3,52.083333333333336,0.0,47.91666666666667,7.5,94,7.894736842105263,0.0,0.0,0.0,0.0008947368421052,0,0,0,0,Healthy,54.2
550,550,chicken drumstick fried,193,11.3,3.0,4.6,2.7,6.0,0.0,15.8,0.2,61.9,0.2,38.0,0.028,0.049,0.065,0.061,0.2,3.7,1.2,0.2,0.0,0.0,0.0,0.0,12.2,0.063,1.0,14.4,0.004,105.8,133.9,0.018,1.7,46.519,FOOD-DATA-GROUP3,47.73413897280967,18.12688821752266,34.13897280966767,2.257142857142857,193,8.144329896907216,0.1030927835051546,0.0,0.4,0.0010309278350515,0,0,0,0,Healthy,59.9
551,551,quail egg,14,1.0,0.3,0.4,0.1,0.08,0.048,1.2,0.0,76.0,0.042,6.7,0.083,0.014,0.089,0.039,0.001,0.076,0.2,0.016,0.0,0.047,0.03,0.01,5.8,0.078,0.3,1.2,0.061,20.3,11.9,0.091,0.1,8.343,FOOD-DATA-GROUP3,52.63157894736842,3.508771929824561,43.85964912280701,1.111111111111111,14,8.0,0.0,4.444444444444444,0.0,0.0028,0,0,0,0,Healthy,50.7
552,552,duck meat cooked,472,39.7,13.5,18.1,5.1,0.0,0.0,26.6,0.0,117.6,0.041,72.6,0.008,0.2,0.073,0.098,0.4,6.8,1.5,0.3,0.0,0.067,1.0,0.047,15.4,0.3,3.8,22.4,0.071,218.4,285.6,0.092,2.6,85.544,FOOD-DATA-GROUP3,40.12066365007541,0.0,59.879336349924586,26.6,472,5.623678646934461,0.0,0.0,0.0,8.668076109936576e-05,0,0,1,1,Limit,54.9
553,553,chicken wing roasted,216,14.3,4.2,6.6,3.1,0.0,0.0,20.2,0.0,119.9,0.039,50.5,0.073,0.017,0.005,0.069,0.08,0.1,5.4,0.8,0.5,0.0,0.094,0.6,0.024,15.3,0.092,0.7,16.2,0.095,125.0,180.2,0.032,35.155,FOOD-DATA-GROUP3,58.55072463768117,0.0,41.44927536231884,20.2,216,9.308755760368664,0.0,0.0,0.0,0.0001797235023041,0,0,0,1,Healthy,61.8
554,554,quail meat cooked,1028,63.9,17.9,22.2,15.8,0.0,0.0,113.7,0.0,389.6,0.2,271.8,0.3,1.0,0.098,0.02,1.4,35.9,0.0,2.8,10.4,0.003,3.2,0.074,68.0,2.7,20.1,99.7,0.0,1263.9,978.5,0.063,14.0,276.4,FOOD-DATA-GROUP3,64.02027027027027,0.0,35.97972972972973,113.7,1028,11.049562682215743,0.0,0.0,0.0,0.0001943634596695,0,0,1,1,Limit,51.6
555,555,goose meat cooked,427,30.7,9.6,14.4,3.5,0.0,0.0,35.2,0.0,127.4,0.089,72.7,0.081,0.1,0.039,0.076,0.5,5.8,2.1,0.5,0.0,0.002,2.4,0.026,18.2,0.4,4.0,30.8,0.082,378.0,460.6,0.047,3.7,88.168,FOOD-DATA-GROUP3,53.414264036418814,0.0,46.58573596358118,35.2,427,8.224299065420562,0.0,0.0,0.0,0.0002079439252336,0,0,1,1,Limit,57.8
556,556,chicken breast cooked,114,4.5,1.3,1.8,1.0,0.0,0.0,17.3,0.0,48.7,0.058,36.2,0.08,0.018,0.092,0.074,0.056,7.4,0.5,0.3,0.0,0.019,0.2,0.004,8.1,0.012,0.6,15.7,0.024,124.1,142.1,0.046,0.6,30.552,FOOD-DATA-GROUP3,79.35779816513761,0.0,20.642201834862384,17.3,114,15.043478260869566,0.0,0.0,0.0,0.0005043478260869,0,0,0,0,Healthy,62.0
557,557,chicken neck raw,149,13.1,3.6,5.3,2.8,0.0,0.0,7.0,0.0,49.5,0.027,30.0,0.066,0.079,0.05,0.028,0.021,1.8,0.4,0.005,0.0,0.0,0.2,0.0,9.0,0.075,1.0,6.5,0.093,56.0,68.5,0.073,0.9,30.146,FOOD-DATA-GROUP3,34.82587064676616,0.0,65.17412935323382,7.0,149,4.666666666666667,0.0,0.0,0.0,0.00018,0,0,0,0,Healthy,52.5
558,558,duck egg,130,9.6,2.6,4.6,0.9,1.0,0.7,9.0,0.0,618.8,0.1,49.6,0.1,0.1,0.09,0.02,0.3,0.1,1.3,0.2,0.0,0.026,0.9,0.098,44.8,0.035,2.7,11.9,0.058,154.0,155.4,0.058,1.0,67.2,FOOD-DATA-GROUP3,45.91836734693877,5.10204081632653,48.97959183673469,4.5,130,6.870229007633588,0.0,35.0,0.0,0.0007633587786259,0,0,0,1,Healthy,54.5
559,559,pheasant breast raw,484,11.8,4.0,3.8,2.0,0.0,0.0,88.7,0.0,211.1,0.1,263.5,0.2,0.3,0.088,0.009,0.4,31.1,3.5,2.7,21.8,0.0,0.0,0.0,10.9,0.2,2.9,76.4,0.051,728.0,880.9,0.06,2.3,136.3,FOOD-DATA-GROUP3,88.2587064676617,0.0,11.74129353233831,88.7,484,18.288659793814432,0.0,0.0,0.0,0.0002061855670103,0,0,0,1,Healthy,62.0
560,560,duck meat raw,5123,498.8,167.6,237.0,64.4,0.0,0.0,145.7,0.0,963.7,0.8,615.0,0.6,2.5,0.2,0.048,2.7,49.9,12.1,2.4,35.5,0.088,8.9,0.025,139.5,3.0,30.4,190.2,0.2,1762.5,2650.1,0.2,17.2,850.5,FOOD-DATA-GROUP3,22.6066718386346,0.0,77.3933281613654,145.7,5123,2.8434816549570643,0.0,0.0,0.0,0.0001561280249804,0,0,1,1,Limit,50.0
561,561,squab meat raw,585,47.4,16.8,19.3,6.1,0.0,0.0,36.8,0.0,189.1,0.1,112.6,0.1,0.4,0.054,0.012,0.4,12.0,1.5,0.8,10.3,0.0,0.0,0.0,23.9,0.9,7.0,43.8,0.021,493.5,396.0,0.087,4.4,125.5,FOOD-DATA-GROUP3,43.705463182897866,0.0,56.29453681710215,36.8,585,6.279863481228669,0.0,0.0,0.0,0.0001706484641638,0,0,1,1,Limit,52.4
562,562,chicken drumstick raw,211,12.4,3.3,4.9,2.6,0.1,0.0,23.4,0.0,122.4,0.1,96.4,0.067,0.1,0.039,0.042,0.2,6.4,1.4,0.4,0.0,0.044,0.3,0.007,13.3,0.039,0.8,26.6,0.064,220.8,296.6,0.063,2.6,50.075,FOOD-DATA-GROUP3,65.18105849582173,0.2785515320334262,34.540389972144844,21.27272727272727,211,11.037735849056602,0.0,0.0,0.0,0.0004716981132075,0,0,0,1,Healthy,62.5
563,563,turkey meat roasted,284,11.1,3.2,4.0,3.2,0.031,0.0,42.8,0.0,163.5,0.2,95.3,0.004,0.073,0.083,0.019,0.4,14.4,1.4,0.9,0.0,0.091,0.1,0.0,21.0,0.1,1.6,45.0,0.053,334.5,358.5,0.022,3.7,76.629,FOOD-DATA-GROUP3,79.36066455285457,0.0574808551667872,20.58185459197864,41.51309408341416,284,15.017543859649122,0.0,0.0,0.0,0.0007017543859649,0,0,0,1,Healthy,62.6
564,564,chicken breast raw,299,16.1,4.6,6.6,3.4,0.0,0.0,36.3,0.0,111.4,0.1,120.9,0.026,0.1,0.082,0.057,0.1,17.2,1.4,0.9,0.0,0.053,0.5,0.0,19.1,0.003,1.3,43.5,0.017,302.8,382.8,0.029,1.4,72.834,FOOD-DATA-GROUP3,69.27480916030534,0.0,30.725190839694665,36.3,299,12.1,0.0,0.0,0.0,0.0003333333333333,0,0,0,1,Healthy,61.5
565,565,ground chicken cooked,474,27.4,7.8,12.2,5.2,0.0,0.0,58.4,0.0,268.6,0.2,162.9,0.2,0.0,0.3,0.093,0.079,0.8,17.8,3.3,1.4,0.0,0.0,1.0,0.044,20.1,0.2,2.3,70.3,0.038,587.3,1699.3,0.047,87.678,FOOD-DATA-GROUP3,68.06526806526807,0.0,31.934731934731936,58.4,474,12.294736842105262,0.0,0.0,0.0,0.0004210526315789,0,0,1,1,Limit,59.1
566,566,turkey wing cooked,426,23.1,6.3,8.7,5.5,0.0,0.0,50.9,0.0,150.7,0.1,110.7,0.0,0.092,0.095,0.051,0.2,10.7,1.1,0.8,0.0,0.03,0.3,0.0,44.6,0.1,2.7,46.5,0.05,366.4,494.8,0.026,3.9,121.3,FOOD-DATA-GROUP3,68.78378378378378,0.0,31.216216216216218,50.9,426,11.920374707259953,0.0,0.0,0.0,0.0002341920374707,0,0,1,1,Limit,60.3
567,567,goose meat raw,6077,550.7,160.2,291.1,61.6,0.0,0.0,259.8,0.0,1310.4,1.2,813.4,0.3,1.4,0.094,0.049,4.0,59.1,21.2,6.4,68.8,0.0,0.0,0.0,196.6,4.4,41.0,294.8,0.3,3832.9,5045.0,0.2,28.2,1117.2,FOOD-DATA-GROUP3,32.054287476866136,0.0,67.94571252313388,259.8,6077,4.274432379072064,0.0,0.0,0.0,0.0001974333662388,0,0,1,1,Limit,50.0
568,568,turkey breast roasted,3266,128.0,36.3,42.3,31.1,0.0,0.0,496.1,0.0,1278.7,1.1,1092.4,0.0,1.0,0.1,0.004,2.3,110.0,11.0,8.3,0.0,0.0,0.0,0.0,362.9,0.8,24.2,466.6,0.3,3628.8,4976.6,0.5,35.1,1011.2,FOOD-DATA-GROUP3,79.49046627143086,0.0,20.50953372856914,496.1,3266,15.185185185185183,0.0,0.0,0.0,0.0003367003367003,0,0,1,1,Limit,50.0
569,569,chicken fajita strips,13,0.5,0.2,0.2,0.1,0.2,0.0,1.7,0.0,8.3,0.044,6.6,0.041,0.028,0.062,0.011,0.021,0.4,0.005,0.049,0.0,0.0,0.031,0.015,1.2,0.034,0.097,2.1,0.099,26.0,26.7,0.018,0.1,3.66,FOOD-DATA-GROUP3,70.83333333333334,8.333333333333334,20.833333333333336,1.4166666666666667,13,12.142857142857142,0.0,0.0,0.0,0.0031428571428571,0,0,0,0,Healthy,51.1
570,570,crispy chicken strips tyson,145,6.0,7.7,14.5,1.0,0.0,0.0,0.0,0.0,0.0,0.0,0.0,0.0,0.0,0.0,0.0,0.0,0.0,0.0,0.0,0.0,0.0,0.0,0.0,0.0,0.0,0.0,0.0,0.0,0.0,0.0,0.0,0.0,6.0,FOOD-DATA-GROUP3,0.0,0.0,100.0,0.0,145,0.0,0.0,0.0,0.0,0.0,0,0,1,0,Limit,44.2
0,0,chocolate pudding fat free,105,0.3,0.0,0.0,0.0,23.6,17.8,2.2,0.3,1.1,0.1,86.1,0.0,0.021,0.06,0.069,0.046,0.022,0.2,0.084,0.0,0.0,0.0,0.098,44.1,0.035,1.9,17.0,0.04,61.0,235.0,0.052,0.3,72.4,FOOD-DATA-GROUP4,8.42911877394636,90.42145593869732,1.1494252873563215,0.089430894308943,105,2.075471698113208,0.2830188679245283,72.35772357723576,0.6,0.000943396226415,0,1,0,0,Avoid,45.0
1,1,tapioca pudding,143,4.3,1.1,2.8,0.088,23.9,16.4,2.1,0.0,1.1,0.2,79.0,0.0,0.025,0.003,0.021,0.1,0.031,0.3,0.052,0.3,0.0,0.2,0.01,78.1,0.026,0.1,6.6,0.096,66.0,101.2,0.0,0.2,108.8,FOOD-DATA-GROUP4,6.930693069306932,78.87788778877886,14.19141914191419,0.0843373493975903,143,1.4583333333333333,0.0,65.86345381526104,0.0,0.0013888888888888,0,1,0,0,Avoid,44.2
2,2,tapioca pudding fat free,105,0.4,0.1,0.08,0.067,23.9,15.9,1.6,0.0,1.1,0.2,85.4,0.0,0.044,0.096,0.012,0.043,0.1,0.056,0.039,0.3,0.0,0.072,0.0,58.2,0.004,0.1,5.6,0.023,73.9,78.4,0.0,0.2,84.5,FOOD-DATA-GROUP4,6.177606177606179,92.27799227799228,1.5444015444015446,0.0642570281124498,105,1.509433962264151,0.0,63.85542168674699,0.0,0.0018867924528301,0,1,0,0,Avoid,44.8
3,3,rice pudding,122,2.4,1.4,0.6,0.1,20.8,13.1,3.6,0.3,13.6,0.1,84.9,0.043,0.002,0.098,0.089,0.098,0.2,0.2,0.4,0.074,1.5,0.0,0.011,0.063,107.4,0.014,0.1,9.0,0.1,92.7,141.3,0.083,27.329,FOOD-DATA-GROUP4,13.432835820895525,77.61194029850746,8.955223880597014,0.1651376146788991,122,2.9268292682926838,0.2439024390243902,60.09174311926605,0.6,0.0008130081300813,0,0,0,0,Healthy,46.9
4,4,corn pudding,328,12.6,6.3,3.9,1.4,42.4,16.5,11.1,3.0,180.0,0.7,180.8,0.2,0.1,0.2,0.074,0.026,0.4,2.6,1.3,0.3,9.3,0.048,0.7,0.066,97.5,0.1,1.3,37.5,0.2,225.0,440.0,0.069,69.795,FOOD-DATA-GROUP4,16.792738275340394,64.14523449319213,19.062027231467475,0.2557603686635945,328,3.3738601823708207,0.911854103343465,38.0184331797235,6.0,0.002127659574468,0,1,1,1,Limit,51.5
5,5,chocolate pudding,213,6.9,1.9,4.1,0.2,34.5,25.8,3.1,0.0,1.5,0.2,104.2,0.045,0.003,0.061,0.044,0.1,0.2,0.4,0.062,0.5,0.0,0.5,0.066,76.5,0.1,1.9,27.0,0.2,84.0,276.0,0.0,0.5,123.424,FOOD-DATA-GROUP4,6.96629213483146,77.52808988764045,15.505617977528091,0.0873239436619718,213,1.4485981308411215,0.0,72.67605633802818,0.0,0.0009345794392523,0,1,0,0,Avoid,40.6
6,6,lemon pudding,173,4.4,2.6,1.3,0.2,30.2,0.0,4.1,0.0,16.5,0.4,109.8,0.026,0.092,0.071,0.028,0.2,0.1,0.4,0.083,1.2,0.0,0.0,0.0,148.5,0.07,0.058,16.5,0.007,307.5,190.5,0.041,0.5,188.516,FOOD-DATA-GROUP4,10.594315245478036,78.03617571059432,11.36950904392765,0.1314102564102564,173,2.35632183908046,0.0,0.0,0.0,0.0022988505747126,0,0,0,0,Healthy,51.1
7,7,vanilla pudding,195,5.7,1.5,3.4,0.1,33.9,25.5,2.2,0.0,1.5,0.3,107.5,0.018,0.012,0.084,0.092,0.1,0.047,0.2,0.048,0.3,0.0,0.5,0.034,73.5,0.08,0.1,6.0,0.031,61.5,97.5,0.0,0.2,115.796,FOOD-DATA-GROUP4,5.263157894736842,81.10047846889951,13.636363636363637,0.0630372492836676,195,1.1224489795918369,0.0,73.06590257879655,0.0,0.0015306122448979,0,1,0,0,Avoid,40.3
8,8,profeel proteiinirahka valio,140,0.4,0.2,16.8,16.8,19.3,0.2,175.0,0.0,0.0,0.0,0.0,0.0,0.0,0.0,0.0,0.0,0.0,0.0,0.0,0.0,0.0,0.0,0.0,0.0,0.0,0.0,0.0,0.0,0.0,0.0,0.0,0.0,194.7,FOOD-DATA-GROUP4,89.88186954288648,9.912686183872625,0.2054442732408834,8.620689655172413,140,124.11347517730496,0.0,0.9852216748768472,0.0,0.0,0,0,0,0,Healthy,64.8
9,9,cottage cheese creamed,20,0.9,0.3,0.2,0.084,0.7,0.5,2.2,0.0,3.4,0.095,16.0,0.022,0.089,0.039,0.06,0.06,0.059,0.1,0.036,0.0,0.085,0.082,0.0,16.6,0.019,0.071,1.6,0.009,31.8,20.8,0.045,0.018,20.576,FOOD-DATA-GROUP4,57.89473684210527,18.421052631578945,23.684210526315788,1.2941176470588236,20,10.476190476190476,0.0,29.411764705882355,0.0,0.0045238095238095,0,0,0,0,Healthy,51.2
10,10,zaziki milfina,51,4.4,1.6,1.2,0.0,0.0,0.0,0.0,0.0,0.0,0.0,0.0,0.0,0.0,0.0,0.0,0.0,0.0,0.0,0.0,0.0,0.0,0.0,0.0,0.0,0.0,0.0,0.0,0.0,0.0,0.0,0.0,0.0,4.4,FOOD-DATA-GROUP4,0.0,0.0,100.0,0.0,51,0.0,0.0,0.0,0.0,0.0,0,0,0,0,Healthy,48.8
11,11,cottage cheese low fat,163,2.3,1.5,0.7,0.041,6.1,6.1,28.0,0.0,9.0,0.9,186.4,0.021,0.081,0.005,0.072,0.4,0.3,0.5,0.2,0.0,0.0,0.035,0.024,137.9,0.005,0.3,11.3,0.041,302.8,194.4,0.055,0.9,174.683,FOOD-DATA-GROUP4,76.92307692307693,16.758241758241756,6.318681318681318,3.943661971830986,163,17.073170731707318,0.0,85.91549295774648,0.0,0.0054878048780487,0,0,0,0,Healthy,61.4
12,12,cottage cheese nonfat,104,0.4,0.2,0.1,0.066,9.7,2.7,15.0,0.0,10.2,0.5,117.5,0.093,0.063,0.013,0.006,0.3,0.2,0.6,0.039,0.0,0.0,0.096,0.0,124.7,0.071,0.2,16.0,0.063,275.5,198.7,0.063,0.7,150.072,FOOD-DATA-GROUP4,59.76095617529881,38.645418326693225,1.5936254980079685,1.4018691588785048,104,14.285714285714285,0.0,25.233644859813086,0.0,0.0047619047619047,0,0,0,0,Healthy,60.0
13,13,vanilla yogurt low fat,208,3.1,2.0,0.8,0.036,33.8,33.8,12.1,0.0,12.3,0.2,193.6,0.051,0.1,0.054,0.01,0.5,0.3,1.4,0.1,2.0,0.0,0.029,0.024,419.0,0.012,0.2,39.2,0.023,330.8,536.6,0.049,2.0,470.265,FOOD-DATA-GROUP4,24.693877551020407,68.97959183673468,6.326530612244897,0.3477011494252873,208,5.789473684210527,0.0,97.1264367816092,0.0,0.000956937799043,0,1,0,0,Limit,44.1
14,14,classique yogurt plain 2 liberte,30,1.2,0.7,0.7,0.0,1.7,1.7,3.3,0.0,0.017,0.0,0.0,0.0,0.0,0.0,0.0,0.0,0.0,0.0,0.0,0.0,0.0,0.0,0.0,0.0,0.0,0.0,0.0,0.0,0.0,0.0,0.0,0.0,6.2,FOOD-DATA-GROUP4,53.2258064516129,27.41935483870968,19.35483870967742,1.222222222222222,30,10.64516129032258,0.0,62.96296296296296,0.0,0.0,0,0,0,0,Healthy,51.3
15,15,yoplait light strawberry yogurt yoplait,79,0.0,14.1,8.8,4.4,0.074,0.0,0.0,0.0,0.0,0.0,0.0,0.0,0.0,0.0,0.0,0.0,0.0,0.0,0.0,0.0,0.0,0.0,0.0,0.0,0.0,0.0,0.0,0.0,0.0,0.0,0.0,0.0,0.061,FOOD-DATA-GROUP4,0.0,100.0,0.0,0.0,79,0.0,0.0,0.0,0.0,0.0,0,0,1,0,Limit,39.4
16,16,vanilla yogurt,145,2.1,1.3,0.5,0.069,23.5,23.5,8.4,0.0,8.5,0.1,134.3,0.005,0.091,0.068,0.026,0.3,0.2,0.9,0.094,1.4,0.0,0.003,0.037,290.7,0.089,0.1,27.2,0.087,229.5,372.3,0.08,1.4,326.243,FOOD-DATA-GROUP4,24.705882352941178,69.11764705882352,6.176470588235294,0.3428571428571428,145,5.753424657534247,0.0,95.91836734693877,0.0,0.0006849315068493,0,1,0,0,Limit,45.9
17,17,chocolate yogurt,168,0.0,0.0,0.0,0.0,35.3,22.5,5.3,1.8,1.5,0.2,107.4,0.0,0.083,0.019,0.042,0.3,0.3,0.0,0.05,0.0,0.0,0.0,0.0,132.0,0.3,0.6,60.0,0.0,249.0,508.5,0.069,1.7,175.0,FOOD-DATA-GROUP4,13.054187192118228,86.94581280788178,0.0,0.1460055096418732,168,3.1360946745562126,1.0650887573964496,61.98347107438017,3.6,0.0011834319526627,0,1,0,0,Limit,47.7
18,18,yogurt parfait,125,1.5,0.8,0.5,0.2,23.6,17.4,5.0,1.6,4.5,0.048,117.7,0.073,0.1,0.018,0.1,0.3,1.1,0.0,0.3,21.3,0.042,0.4,0.085,156.5,0.025,0.7,25.3,0.0,138.6,281.6,0.088,1.3,210.272,FOOD-DATA-GROUP4,16.611295681063122,78.40531561461795,4.983388704318937,0.2032520325203252,125,3.968253968253968,1.2698412698412698,70.73170731707316,3.2,0.0003809523809523,0,1,0,0,Limit,48.6
19,19,yogurt,92,4.9,3.1,1.3,0.1,7.0,7.0,5.2,0.0,19.5,0.005,131.9,0.026,0.017,0.06,0.081,0.2,0.1,0.6,0.026,0.8,0.076,0.035,0.02,181.5,0.049,0.001,18.0,0.084,142.5,232.5,0.075,0.9,199.51,FOOD-DATA-GROUP4,30.4093567251462,40.93567251461988,28.654970760233915,0.65,92,5.591397849462366,0.0,87.5,0.0,5.3763440860215054e-05,0,0,0,0,Healthy,48.8
20,20,chocolate frozen yogurt,221,6.3,4.0,1.7,0.2,37.6,33.5,5.2,4.0,22.6,0.1,123.9,0.036,0.08,0.008,0.088,0.3,0.2,0.0,0.021,0.0,0.057,0.2,0.071,174.0,0.028,0.8,43.5,0.0,154.9,407.2,0.059,0.5,227.929,FOOD-DATA-GROUP4,10.590631364562118,76.57841140529533,12.830957230142564,0.1347150259067357,221,2.3423423423423424,1.8018018018018016,86.78756476683938,8.0,0.0004504504504504,0,1,0,0,Limit,43.5
21,21,frozen yogurt,221,6.3,4.0,1.7,0.2,37.6,34.7,5.2,0.0,22.6,0.1,123.9,0.013,0.062,0.095,0.05,0.3,0.1,0.0,0.072,1.2,0.01,0.2,0.054,174.0,0.074,0.8,17.4,0.0,154.9,271.4,0.005,0.5,225.163,FOOD-DATA-GROUP4,10.590631364562118,76.57841140529533,12.830957230142564,0.1347150259067357,221,2.3423423423423424,0.0,89.89637305699483,0.0,0.0004504504504504,0,1,0,0,Limit,37.0
22,22,yogurt low fat,154,3.8,2.5,1.0,0.1,17.2,17.2,12.9,0.0,14.7,0.2,208.4,0.021,0.1,0.045,0.034,0.5,0.3,1.4,0.1,2.0,0.0,0.007,0.007,448.4,0.005,0.2,41.7,0.039,352.8,573.3,0.071,2.2,484.517,FOOD-DATA-GROUP4,38.05309734513275,50.737463126843664,11.209439528023598,0.7087912087912088,154,8.32258064516129,0.0,94.5054945054945,0.0,0.0012903225806451,0,1,0,0,Limit,50.9
23,23,vanilla yoghurt oikos,120,1.8,24.0,4.9,0.0,0.0,0.0,0.0,0.0,0.0,0.0,0.0,0.0,0.0,0.0,0.0,0.0,0.0,0.0,0.0,0.0,0.0,0.0,0.0,0.0,0.0,0.0,0.0,0.0,0.0,0.0,0.0,0.0,1.8,FOOD-DATA-GROUP4,0.0,0.0,100.0,0.0,120,0.0,0.0,0.0,0.0,0.0,0,0,1,0,Limit,35.0
24,24,fruit yogurt,149,1.7,1.1,0.5,0.024,28.0,28.0,6.0,0.0,7.5,0.013,113.0,0.006,0.081,0.032,0.087,0.2,0.1,0.7,0.099,0.9,0.0,0.079,0.031,207.0,0.1,0.066,19.5,0.029,163.5,265.5,0.026,1.0,243.671,FOOD-DATA-GROUP4,16.806722689075627,78.43137254901961,4.761904761904762,0.2068965517241379,149,4.0,0.0,96.55172413793105,0.0,8.666666666666667e-05,0,1,0,0,Limit,42.5
25,25,danone low fat alsafi,88,1.7,1.0,11.1,7.1,0.089,255.0,0.0,0.0,0.0,0.0,0.0,0.0,0.0,0.0,0.0,0.0,0.0,0.0,0.0,0.0,0.0,0.0,0.0,0.0,0.0,0.0,0.0,0.0,0.0,0.0,0.0,0.0,1.743,FOOD-DATA-GROUP4,0.0,4.974846282839575,95.02515371716042,0.0,88,0.0,0.0,23415.97796143251,0.0,0.0,0,1,0,0,Avoid,29.2
26,26,fruit n yogurt parfait mcdonalds,156,1.9,0.044,0.2,0.1,30.9,19.1,4.1,1.5,7.5,0.065,111.2,0.0,0.004,0.029,0.099,0.2,0.4,0.6,0.0,20.7,0.0,0.0,0.0,128.1,0.092,0.7,20.9,0.3,125.2,248.8,0.0,0.5,187.9,FOOD-DATA-GROUP4,11.11111111111111,83.73983739837398,5.149051490514905,0.128526645768025,156,2.611464968152866,0.9554140127388536,59.87460815047023,3.0,0.0004140127388535,0,1,0,0,Avoid,47.7
27,27,triple zero greek yogurt dannon oikos,120,0.0,0.0,15.0,7.0,22.5,6.0,0.038,0.0,0.0,0.0,0.0,0.0,0.0,0.0,0.0,0.0,0.0,0.0,0.0,0.0,0.0,0.0,0.0,0.0,0.0,0.0,0.0,0.0,0.0,0.0,0.0,0.0,22.598,FOOD-DATA-GROUP4,0.1686041352382642,99.83139586476172,0.0,0.0016170212765957,120,0.0314049586776859,0.0,25.53191489361702,0.0,0.0,0,0,0,0,Healthy,47.6
28,28,greek yogurt,100,0.7,0.2,0.018,0.01,6.1,5.5,17.3,0.0,8.5,0.081,144.7,0.035,0.009,0.045,0.036,0.5,0.4,0.6,0.1,0.0,0.0,0.089,0.01,187.0,0.021,0.1,18.7,0.004,229.5,239.7,0.032,0.9,211.251,FOOD-DATA-GROUP4,71.78423236514524,25.311203319502077,2.904564315352697,2.4366197183098595,100,17.12871287128713,0.0,77.46478873239437,0.0,0.0008019801980198,0,0,0,0,Healthy,60.6
29,29,chocolate rasberry protein mini proteinfx,102,2.9,1.8,9.1,0.0,0.0,0.0,0.0,0.0,0.0,0.0,0.0,0.0,0.0,0.0,0.0,0.0,0.0,0.0,0.0,0.0,0.0,0.0,0.0,0.0,0.0,0.0,0.0,0.0,0.0,0.0,0.0,0.0,2.9,FOOD-DATA-GROUP4,0.0,0.0,100.0,0.0,102,0.0,0.0,0.0,0.0,0.0,0,0,0,0,Healthy,48.6
30,30,gushers fruit gushers,360,6.0,80.0,40.0,0.0,0.2,0.0,0.0,0.0,0.0,0.0,0.0,0.0,0.0,0.0,0.0,0.0,0.0,0.0,0.0,0.0,0.0,0.0,0.0,0.0,0.0,0.0,0.0,0.0,0.0,0.0,0.0,0.0,6.2,FOOD-DATA-GROUP4,0.0,3.225806451612903,96.77419354838707,0.0,360,0.0,0.0,0.0,0.0,0.0,0,0,1,0,Limit,35.0
31,31,egg fried,90,6.8,2.0,2.8,1.5,0.4,0.2,6.3,0.0,184.5,0.043,32.0,0.016,0.049,0.035,0.029,0.2,0.093,0.8,0.093,0.0,0.081,0.6,0.079,28.5,0.065,0.9,6.0,0.046,98.9,69.9,0.078,0.6,42.904,FOOD-DATA-GROUP4,46.66666666666666,2.9629629629629632,50.37037037037037,4.5,90,6.923076923076923,0.0,14.285714285714288,0.0,0.0004725274725274,0,0,0,1,Healthy,53.1
32,32,glucerna abbott,1010,35.6,2.8,0.0,0.0,120.9,49.8,0.0,12.8,0.0,0.0,0.0,0.0,0.0,0.0,0.0,0.0,0.0,0.0,0.0,0.0,0.0,0.0,0.0,0.0,0.0,0.0,0.0,0.0,0.0,0.0,0.0,0.0,169.3,FOOD-DATA-GROUP4,0.0,77.25239616613419,22.747603833865814,0.0,1010,0.0,1.2660731948565778,40.85315832649712,10.0,0.0,0,1,0,0,Limit,43.0
33,33,sports drink,26,0.0,0.0,0.0,0.0,7.2,0.0,0.0,0.0,0.0,0.073,232.3,0.0,0.0,0.0,0.0,0.0,0.0,0.0,0.0,15.1,0.0,0.0,0.0,0.0,0.098,0.1,2.4,0.0,21.6,24.0,0.088,0.056,22.4,FOOD-DATA-GROUP4,0.0,100.0,0.0,0.0,26,0.0,0.0,0.0,0.0,0.0027037037037037,0,0,0,0,Healthy,50.0
34,34,peanut butter cookie protein syntha 6,200,6.0,15.0,2.0,22.0,5.0,0.0,0.0,0.0,0.0,0.0,0.0,0.0,0.0,0.0,0.0,0.0,0.0,0.0,0.0,0.0,0.0,0.0,0.0,0.0,0.0,0.0,0.0,0.0,0.0,0.0,0.0,0.0,11.0,FOOD-DATA-GROUP4,0.0,45.45454545454545,54.54545454545454,0.0,200,0.0,0.0,0.0,0.0,0.0,0,0,1,0,Limit,38.8
35,35,hanfprotein pulver rohkostqualitat veganz,107,3.1,0.3,2.3,1.6,14.2,0.057,0.0,0.0,0.0,0.0,0.0,0.0,0.0,0.0,0.0,0.0,0.0,0.0,0.0,0.0,0.0,0.0,0.0,0.0,0.0,0.0,0.0,0.0,0.0,0.0,0.0,0.0,17.3,FOOD-DATA-GROUP4,0.0,82.08092485549132,17.91907514450867,0.0,107,0.0,0.0,0.375,0.0,0.0,0,0,0,0,Healthy,49.8
36,36,smoothie high protein creamy chocolate slimfast,110,3.5,0.5,0.0,0.0,2.1,1.0,12.0,0.0,5.0,0.2,15.0,45.0,25.0,100.0,25.0,35.0,25.0,0.0,0.0,0.0,0.0,0.0,0.0,0.0,0.0,0.0,0.0,0.0,0.0,0.0,0.0,0.0,62.6,FOOD-DATA-GROUP4,68.18181818181817,11.931818181818182,19.88636363636364,3.870967741935484,110,10.81081081081081,0.0,32.25806451612903,0.0,0.0018018018018018,0,0,0,0,Healthy,58.2
37,37,egg large,138,9.3,0.5,11.8,0.0,0.0,0.0,0.0,0.0,0.0,0.0,0.0,0.0,0.0,0.0,0.0,0.0,0.0,0.0,0.0,0.0,0.0,0.0,0.0,0.0,0.0,0.0,0.0,0.0,0.0,0.0,0.0,0.0,9.3,FOOD-DATA-GROUP4,0.0,0.0,100.0,0.0,138,0.0,0.0,0.0,0.0,0.0,0,0,0,0,Healthy,49.6
38,38,boysenberries frozen,66,0.3,0.049,0.059,0.2,16.1,9.1,1.5,7.0,0.0,0.064,113.4,0.0,0.063,0.07,0.0,0.045,1.0,0.3,0.054,4.1,0.0,1.1,0.002,35.6,0.1,1.1,21.1,0.7,35.6,183.5,0.058,0.3,65.7,FOOD-DATA-GROUP4,8.379888268156424,89.94413407821229,1.6759776536312845,0.087719298245614,66,2.238805970149253,10.44776119402985,53.21637426900584,10.0,0.000955223880597,0,0,0,0,Healthy,57.9
39,39,malt beverage,88,0.3,0.005,0.032,0.1,19.1,19.1,0.5,0.0,0.0,0.02,216.0,0.0,0.022,0.021,0.0,0.1,2.6,0.02,0.044,1.2,0.0,0.0,0.0,16.6,0.048,0.1,16.6,0.046,37.9,19.0,0.049,0.025,37.8,FOOD-DATA-GROUP4,2.5125628140703515,95.97989949748744,1.507537688442211,0.0248756218905472,88,0.5617977528089888,0.0,95.02487562189054,0.0,0.0002247191011235,0,1,0,0,Avoid,42.7
40,40,chocolate powder for milk,88,0.5,0.5,0.0,0.0,19.9,18.0,1.0,1.0,0.0,0.012,0.2,0.0,0.041,0.079,0.0,0.09,0.064,0.0,0.2,6.0,0.0,0.038,0.041,100.1,0.2,0.0,11.7,0.2,18.9,61.6,0.039,1.5,128.5,FOOD-DATA-GROUP4,4.672897196261683,92.99065420560748,2.3364485981308416,0.0478468899521531,88,1.1235955056179776,1.1235955056179776,86.1244019138756,2.0,0.0001348314606741,0,1,0,0,Avoid,44.7
41,41,vegetable fruit juice,9,0.017,0.0,0.0,0.0,2.2,0.6,0.071,0.0,0.0,0.043,27.2,0.0,0.047,0.0,0.0,0.075,0.023,0.025,0.05,9.6,0.0,0.5,0.036,0.9,0.031,0.013,0.3,0.032,0.6,5.6,0.027,0.069,12.912,FOOD-DATA-GROUP4,3.1031468531468525,96.15384615384616,0.743006993006993,0.0221874999999999,9,0.71,0.0,18.75,0.0,0.0043,0,0,0,0,Healthy,49.8
42,42,cocoa powder unsweetened,12,0.7,0.4,0.2,0.048,3.1,0.087,1.1,1.8,0.0,0.062,0.2,0.0,0.049,0.078,0.0,0.058,0.1,0.054,0.028,0.0,0.0,0.085,0.056,6.9,0.2,0.7,26.9,0.2,39.6,82.3,0.035,0.4,14.3,FOOD-DATA-GROUP4,22.448979591836736,63.26530612244897,14.285714285714285,0.2682926829268293,12,8.461538461538462,13.846153846153848,2.1219512195121952,3.6,0.0047692307692307,0,0,0,0,Healthy,53.2
43,43,coconut milk,35,3.6,3.2,0.2,0.01,0.8,0.5,0.3,0.3,0.0,0.001,10.1,0.0,0.058,0.094,0.0,0.0,0.1,0.045,0.069,0.4,0.0,0.063,0.014,2.4,0.023,0.2,5.6,0.1,15.0,39.5,0.096,0.1,8.0,FOOD-DATA-GROUP4,6.382978723404255,17.02127659574468,76.59574468085107,0.1666666666666666,35,0.8333333333333334,0.8333333333333334,27.77777777777778,0.6,2.777777777777778e-05,0,0,0,0,Healthy,48.1
44,44,cocoa powder,28,0.3,0.2,0.061,0.055,5.9,4.6,0.5,0.3,0.0,0.034,0.1,0.066,0.045,0.096,0.051,0.033,0.048,0.066,0.085,0.016,0.0,0.094,0.001,9.3,0.049,0.075,5.8,0.01,22.1,49.8,0.069,0.1,16.393,FOOD-DATA-GROUP4,7.462686567164178,88.05970149253731,4.477611940298507,0.072463768115942,28,1.7241379310344829,1.0344827586206895,66.66666666666666,0.6,0.0011724137931034,0,0,0,0,Healthy,48.8
45,45,rice drink,113,2.3,0.0,1.5,0.8,22.0,12.7,0.7,0.7,0.0,0.058,214.3,0.0,0.2,0.01,0.0,0.008,0.3,0.9,0.4,0.059,0.0,0.042,1.1,0.078,283.2,0.013,0.5,26.4,0.7,134.4,64.8,0.009,25.883,FOOD-DATA-GROUP4,2.8,88.0,9.2,0.0304347826086956,113,0.6140350877192983,0.6140350877192983,55.21739130434782,1.4,0.0005087719298245,0,0,0,0,Healthy,46.5
46,46,coconut water,46,0.5,0.4,0.091,0.03,8.9,6.3,1.7,2.6,0.0,0.3,228.0,0.0,0.002,0.05,0.0,0.1,0.2,0.1,0.082,5.8,0.0,0.0,0.0,57.6,0.029,0.7,60.0,0.3,48.0,600.0,0.045,0.2,77.8,FOOD-DATA-GROUP4,15.315315315315312,80.18018018018019,4.504504504504505,0.1717171717171717,46,3.617021276595744,5.531914893617022,63.63636363636363,5.2,0.0063829787234042,0,0,0,0,Healthy,52.4
47,47,caramel med iced coffee dunkin donuts,268,9.0,41.0,37.0,5.0,0.0,0.0,0.0,0.0,0.0,0.0,0.0,0.0,0.0,0.0,0.0,0.0,0.0,0.0,0.0,0.0,0.0,0.0,0.0,0.0,0.0,0.0,0.0,0.0,0.0,0.0,0.0,0.0,9.0,FOOD-DATA-GROUP4,0.0,0.0,100.0,0.0,268,0.0,0.0,0.0,0.0,0.0,0,0,1,0,Limit,35.0
48,48,instant coffee with water decaffeinated,4,0.0,0.024,0.0,0.068,0.8,0.0,0.2,0.0,0.0,0.093,177.1,0.0,0.0,0.0,0.0,0.058,0.5,0.092,0.0,0.0,0.0,0.0,0.0,7.2,0.046,0.042,7.2,0.098,5.4,64.4,0.02,0.053,8.247,FOOD-DATA-GROUP4,20.0,80.0,0.0,0.1111111111111111,4,4.0,0.0,0.0,0.0,0.0186,0,0,0,0,Healthy,50.1
49,49,instant coffee powder,353,0.5,0.2,0.09,0.2,75.4,0.0,12.2,0.0,0.0,0.051,3.1,0.0,0.09,0.0,0.0,0.031,28.2,0.019,0.073,0.0,0.0,0.0,0.077,141.0,0.1,4.4,327.0,1.7,303.0,3535.0,0.024,0.4,233.5,FOOD-DATA-GROUP4,13.847900113507375,85.58456299659478,0.5675368898978433,0.1596858638743455,353,3.446327683615819,0.0,0.0,0.0,0.0001440677966101,0,0,0,0,Healthy,59.0
50,50,instant coffee powder decaffeinated,6,0.069,0.015,0.031,0.075,1.4,0.0,0.2,0.0,0.0,0.09,0.051,0.0,0.0,0.0,0.0,0.072,0.5,0.077,0.0,0.0,0.0,0.0,0.015,2.5,0.031,0.056,5.6,0.084,5.1,63.0,0.015,0.004,4.121,FOOD-DATA-GROUP4,11.983223487118035,83.88256440982624,4.134212103055723,0.0833333333333333,6,2.857142857142857,0.0,0.0,0.0,0.0128571428571428,0,0,0,0,Healthy,50.1
51,51,instant cappuccino powder,53,0.7,0.4,0.2,0.098,11.2,9.0,0.4,0.2,0.3,0.074,0.2,0.0,0.073,0.067,0.037,0.087,0.3,0.037,0.011,0.1,0.0,0.08,0.062,17.3,0.078,0.036,5.6,0.014,23.8,108.0,0.064,0.058,29.908,FOOD-DATA-GROUP4,3.252032520325204,91.0569105691057,5.691056910569106,0.0327868852459016,53,0.7407407407407408,0.3703703703703704,73.77049180327869,0.4,0.0013703703703703,0,0,0,0,Healthy,46.7
52,52,coffee decaffeinated,0,0.0,0.087,0.0,0.099,0.0,0.0,0.2,0.0,0.0,0.058,235.3,0.0,0.0,0.0,0.0,0.0,0.5,0.091,0.0,0.0,0.0,0.0,0.023,4.7,0.028,0.1,11.9,0.083,2.4,128.0,0.042,0.084,5.0,FOOD-DATA-GROUP4,100.0,0.0,0.0,0.2,0,20.0,0.0,0.0,0.0,0.058,0,0,0,0,Healthy,50.1
53,53,espresso decaffeinated,3,0.011,0.037,0.0,0.057,0.5,0.0,0.065,0.0,0.0,0.011,29.3,0.0,0.087,0.054,0.0,0.003,1.6,0.086,0.035,0.026,0.0,0.0,0.047,0.6,0.085,0.087,24.0,0.093,2.1,34.5,0.0,0.036,1.391,FOOD-DATA-GROUP4,11.284722222222223,86.80555555555556,1.9097222222222223,0.0433333333333333,3,1.625,0.0,0.0,0.0,0.00275,0,0,0,0,Healthy,50.0
54,54,instant coffee with water,4,0.0,0.051,0.0,0.025,0.6,0.0,0.2,0.0,0.0,0.015,177.4,0.0,0.0,0.0,0.0,0.073,0.4,0.089,0.0,0.0,0.0,0.0,0.0,7.2,0.026,0.015,7.2,0.001,5.4,53.7,0.054,0.013,8.027,FOOD-DATA-GROUP4,25.0,74.99999999999999,0.0,0.125,4,4.0,0.0,0.0,0.0,0.003,0,0,0,0,Healthy,50.1
55,55,coffee,2,0.069,0.011,0.016,0.011,0.0,0.0,0.3,0.0,0.0,0.075,235.6,0.0,0.034,0.076,0.0,0.2,0.5,0.6,0.022,0.0,0.0,0.068,0.025,4.7,0.045,0.051,7.1,0.076,7.1,116.1,0.0,0.039,5.09,FOOD-DATA-GROUP4,81.30081300813008,0.0,18.69918699186992,0.3,2,10.0,0.0,0.0,0.0,0.0249999999999999,0,0,0,0,Healthy,50.2
56,56,espresso,3,0.086,0.068,0.0,0.054,0.5,0.0,0.021,0.0,0.0,0.083,29.3,0.0,0.088,0.073,0.0,0.08,1.6,0.075,0.099,0.099,0.0,0.005,0.027,0.6,0.022,0.049,24.0,0.023,2.1,34.5,0.0,0.02,1.263,FOOD-DATA-GROUP4,3.4596375617792425,82.37232289950576,14.168039538714993,0.014,3,0.525,0.0,0.0,0.0,0.02075,0,0,0,0,Healthy,50.0
57,57,whey protein powder vanilla eas,108,1.7,1.4,1.3,20.2,0.0,0.0,0.0,0.0,0.0,0.0,0.0,0.0,0.0,0.0,0.0,0.0,0.0,0.0,0.0,0.0,0.0,0.0,0.0,0.0,0.0,0.0,0.0,0.0,0.0,0.0,0.0,0.0,1.7,FOOD-DATA-GROUP4,0.0,0.0,100.0,0.0,108,0.0,0.0,0.0,0.0,0.0,0,0,0,0,Healthy,49.0
58,58,energy drink sugar free red bull,13,0.2,0.0,0.0,0.0,1.8,0.0,0.6,0.0,0.0,0.008,245.9,0.0,0.031,0.0,0.09,1.4,21.3,4.8,5.0,0.0,0.0,0.0,0.0,32.5,0.048,0.023,7.5,0.016,0.0,7.5,0.067,0.0,35.19,FOOD-DATA-GROUP4,23.07692307692308,69.23076923076923,7.6923076923076925,0.2142857142857143,13,4.285714285714286,0.0,0.0,0.0,0.0005714285714285,0,0,0,0,Healthy,50.4
59,59,powerade coca cola,9,0.009,0.076,0.078,0.054,2.3,1.8,0.0,0.0,0.0,0.005,27.1,0.0,0.021,0.0,0.082,0.0,0.5,0.0,0.013,0.0,0.0,0.0,0.0,0.3,0.0,0.096,0.0,0.0,0.3,5.3,0.0,0.058,2.671,FOOD-DATA-GROUP4,0.0,99.6102208748376,0.389779125162408,0.0,9,0.0,0.0,54.54545454545456,0.0,0.0005,0,0,0,0,Healthy,49.2
60,60,amp energy pepsi,110,0.2,0.0,0.0,0.0,29.0,29.0,0.6,0.0,0.0,0.093,209.5,0.0,0.078,0.0,0.083,0.8,4.8,2.4,0.5,0.0,0.0,0.0,0.0,31.2,0.044,0.053,7.2,0.0,40.8,7.2,0.075,0.0,61.067,FOOD-DATA-GROUP4,2.013422818791946,97.31543624161073,0.6711409395973155,0.02,110,0.5405405405405405,0.0,96.66666666666669,0.0,0.0008378378378378,0,1,0,0,Avoid,38.8
61,61,gatorade g2 pepsi,2,0.052,0.0,0.0,0.0,0.6,0.4,0.069,0.0,0.0,0.011,28.9,0.0,0.0,0.0,0.091,0.0,0.0,0.0,0.0,0.0,0.0,0.0,0.038,0.0,0.0,0.0,0.0,0.0,2.1,3.8,0.0,0.0,0.69,FOOD-DATA-GROUP4,9.57004160887656,83.21775312066573,7.212205270457696,0.043125,2,2.3000000000000003,0.0,25.0,0.0,0.0036666666666666,0,0,0,0,Healthy,49.9
62,62,amp energy sugar free pepsi,5,0.0,0.0,0.0,0.0,2.5,0.0,0.0,0.0,0.0,0.093,236.0,0.0,0.0,0.0,0.084,0.3,2.0,1.0,0.2,0.0,0.0,0.0,0.0,0.0,0.095,0.0,7.2,0.0,40.8,4.8,0.038,0.0,2.5,FOOD-DATA-GROUP4,0.0,100.0,0.0,0.0,5,0.0,0.0,0.0,0.0,0.0155,0,0,0,0,Healthy,50.0
63,63,energy drink red bull,111,0.0,0.0,0.0,0.0,26.4,26.4,1.2,0.0,0.0,0.1,230.2,0.0,0.0,0.1,0.0,0.068,0.3,25.4,4.9,5.6,0.0,0.0,0.0,0.0,15.5,0.049,0.2,49.0,0.086,0.0,7.7,0.072,33.224,FOOD-DATA-GROUP4,4.3478260869565215,95.65217391304348,0.0,0.0437956204379562,111,1.0714285714285714,0.0,96.35036496350364,0.0,0.0008928571428571,0,1,0,0,Avoid,40.3
64,64,powerade zero ion4 coca cola,0,0.0,0.0,0.0,0.0,0.0,0.0,0.0,0.0,0.0,0.03,29.5,0.0,0.098,0.0,0.028,0.0,0.2,0.0,0.064,0.7,0.0,0.2,0.057,0.6,0.051,0.072,0.3,0.0,0.0,3.0,0.0,0.026,1.393,FOOD-DATA-GROUP4,0.0,0.0,0.0,0.0,0,0.0,0.0,0.0,0.0,0.03,0,0,0,0,Healthy,50.0
65,65,full throttle coca cola,110,0.2,0.0,0.0,0.0,29.0,29.0,0.6,0.0,0.0,0.071,209.5,0.0,0.037,0.0,0.031,0.0,4.0,0.0,0.4,0.0,0.0,0.0,0.0,31.2,0.054,0.037,7.2,0.0,0.0,7.2,0.083,0.0,61.049,FOOD-DATA-GROUP4,2.013422818791946,97.31543624161073,0.6711409395973155,0.02,110,0.5405405405405405,0.0,96.66666666666669,0.0,0.0006396396396396,0,1,0,0,Avoid,38.8
66,66,passion fruit juice purple,148,0.4,0.064,0.037,0.3,35.7,35.2,1.7,0.5,0.0,0.084,208.0,0.0,0.0,0.039,0.0,0.2,5.5,0.0,0.1,45.0,0.0,0.09,0.011,9.9,0.1,0.9,42.0,0.0,61.8,686.7,0.001,0.1,94.1,FOOD-DATA-GROUP4,4.497354497354497,94.44444444444444,1.058201058201058,0.0463215258855585,148,1.140939597315436,0.3355704697986577,95.91280653950952,1.0,0.0005637583892617,0,1,0,0,Avoid,37.9
67,67,pomegranate juice,134,0.7,0.2,0.1,0.1,32.7,31.5,0.4,0.2,0.0,0.089,214.0,0.0,0.037,0.014,0.0,0.006,0.6,0.7,0.019,0.2,0.0,0.9,0.081,27.4,0.06,0.2,17.4,0.2,27.4,532.9,0.065,0.2,61.8,FOOD-DATA-GROUP4,1.183431952662722,96.7455621301775,2.071005917159763,0.0118694362017804,134,0.2962962962962963,0.1481481481481481,93.47181008902076,0.4,0.0006592592592592,0,1,0,0,Avoid,37.8
68,68,cranberry apricot juice,157,0.0,0.0,0.0,0.0,39.7,0.0,0.5,0.2,0.0,0.007,204.6,0.0,0.089,0.071,0.0,0.01,0.3,0.071,0.082,0.0,0.0,0.0,0.0,22.1,0.051,0.4,7.4,0.3,12.3,149.5,0.0,0.05,62.9,FOOD-DATA-GROUP4,1.243781094527363,98.75621890547264,0.0,0.0122850122850122,157,0.3164556962025316,0.1265822784810126,0.0,0.4,4.430379746835443e-05,0,0,0,0,Healthy,50.7
69,69,pineapple juice,133,0.3,0.071,0.027,0.1,32.2,25.0,0.9,0.5,0.0,0.075,215.9,0.0,0.0,0.1,0.004,0.0,0.064,0.5,0.1,0.3,109.5,0.0,0.048,0.062,32.5,0.2,0.8,30.0,1.3,20.0,325.0,0.099,34.477,FOOD-DATA-GROUP4,2.694610778443114,96.40718562874252,0.8982035928143712,0.0271084337349397,133,0.6716417910447761,0.3731343283582089,75.3012048192771,1.0,0.0005597014925373,0,1,0,0,Avoid,41.4
70,70,passion fruit juice yellow,126,0.1,0.008,0.02,0.094,33.6,33.1,1.0,0.5,0.0,0.003,211.5,0.0,0.0,0.1,0.0,0.3,3.6,0.0,0.1,73.6,0.0,0.036,0.09,9.9,0.1,0.6,42.0,0.0,32.1,686.7,0.098,0.1,119.3,FOOD-DATA-GROUP4,2.881844380403458,96.8299711815562,0.2881844380403458,0.0289017341040462,126,0.7874015748031495,0.3937007874015747,95.66473988439309,1.0,2.362204724409449e-05,0,1,0,0,Avoid,38.3
71,71,orange apricot juice,128,0.3,0.001,0.078,0.063,31.8,30.2,0.8,0.3,0.0,0.096,216.8,0.0,0.022,0.094,0.0,0.021,0.5,0.2,0.08,50.0,0.0,0.3,0.054,12.5,0.024,0.3,12.5,0.091,20.0,200.0,0.086,0.1,96.0,FOOD-DATA-GROUP4,2.4316109422492405,96.6565349544073,0.911854103343465,0.024390243902439,128,0.6201550387596899,0.2325581395348837,92.07317073170732,0.6,0.0007441860465116,0,1,0,0,Avoid,39.0
72,72,tangerine juice,106,0.5,0.082,0.015,0.054,24.9,24.5,1.2,0.5,0.0,0.022,219.6,0.0,0.0,0.1,0.086,0.0,0.094,0.2,0.3,0.1,76.6,0.0,0.3,0.0,44.5,0.06,0.5,19.8,0.031,34.6,439.7,0.016,27.29,FOOD-DATA-GROUP4,4.511278195488722,93.60902255639095,1.879699248120301,0.0463320463320463,106,1.1214953271028036,0.4672897196261681,94.5945945945946,1.0,0.0002056074766355,0,1,0,0,Avoid,41.8
73,73,orange juice,90,0.4,0.079,0.046,0.037,20.8,16.8,1.4,0.4,0.0,0.067,176.6,0.0,0.0,0.2,0.002,0.0,0.01,0.8,0.4,0.052,100.0,0.0,0.013,0.053,22.0,0.06,0.4,22.0,0.056,34.0,400.0,0.067,23.177,FOOD-DATA-GROUP4,6.1946902654867255,92.0353982300885,1.769911504424779,0.0642201834862385,90,1.5384615384615383,0.4395604395604395,77.06422018348624,0.8,0.0007362637362637,0,1,0,0,Avoid,44.9
74,74,grapefruit juice,96,0.2,0.011,0.09,0.008,22.7,0.0,1.2,0.0,0.0,0.061,222.3,0.0,0.0,0.06,0.038,0.0,0.01,0.5,0.5,0.1,93.9,0.0,0.0,0.0,22.2,0.004,0.5,29.6,0.037,37.1,400.1,0.0,24.254,FOOD-DATA-GROUP4,4.979253112033195,94.1908713692946,0.8298755186721993,0.050632911392405,96,1.2371134020618555,0.0,0.0,0.0,0.0006288659793814,0,0,0,0,Healthy,50.9
75,75,pineapple grapefruit juice,118,0.3,0.077,0.0,0.022,29.0,28.8,0.5,0.3,0.0,0.054,219.8,0.0,0.042,0.047,0.0,0.07,0.7,0.1,0.1,115.0,0.0,0.001,0.046,17.5,0.1,0.8,15.0,1.0,15.0,152.5,0.025,0.2,163.4,FOOD-DATA-GROUP4,1.6778523489932886,97.31543624161073,1.006711409395973,0.0166666666666666,118,0.4201680672268907,0.2521008403361344,96.0,0.6,0.000453781512605,0,1,0,0,Avoid,39.2
76,76,tamarind nectar,143,0.3,0.0,0.0,0.0,37.0,31.9,0.2,1.3,0.0,0.046,213.3,0.0,0.077,0.055,0.0,0.024,0.2,0.025,0.048,17.8,0.0,0.3,0.069,25.1,0.054,1.9,10.0,0.079,5.0,67.8,0.0,0.089,83.6,FOOD-DATA-GROUP4,0.5333333333333334,98.66666666666669,0.8,0.0052631578947368,143,0.1388888888888889,0.902777777777778,83.94736842105263,2.6,0.0003194444444444,0,1,0,0,Avoid,39.3
77,77,apple juice,114,0.3,0.064,0.078,0.09,28.0,23.9,0.2,0.5,0.0,0.038,218.8,0.0,0.0,0.083,0.0,0.0,0.019,0.2,0.1,0.025,2.2,0.0,0.057,0.0,19.8,0.065,0.3,12.4,0.2,17.4,250.5,0.039,29.087,FOOD-DATA-GROUP4,0.7017543859649122,98.24561403508773,1.0526315789473684,0.0068965517241379,114,0.1739130434782608,0.4347826086956521,82.41379310344827,1.0,0.0003304347826086,0,1,0,0,Avoid,41.3
78,78,limeade,128,0.0,0.0,0.0,0.0,34.1,32.8,0.0,0.0,0.0,0.071,212.6,0.0,0.047,0.058,0.0,0.034,0.05,0.006,0.051,7.7,0.0,0.0,0.0,4.9,0.058,0.0,4.9,0.068,2.5,24.7,0.081,0.024,46.7,FOOD-DATA-GROUP4,0.0,100.0,0.0,0.0,128,0.0,0.0,93.44729344729345,0.0,0.0005503875968992,0,1,0,0,Avoid,36.9
79,79,guava nectar,158,0.2,0.05,0.071,0.054,40.8,32.5,0.2,2.5,0.0,0.063,209.6,0.0,0.0,0.06,0.075,0.0,0.073,0.4,0.2,0.057,53.0,0.0,0.1,0.087,20.1,0.055,1.0,5.0,0.1,5.0,97.9,0.0,43.83,FOOD-DATA-GROUP4,0.4854368932038834,99.02912621359222,0.4854368932038834,0.0047846889952153,158,0.1257861635220126,1.572327044025157,77.75119617224881,5.0,0.0003962264150943,0,1,0,0,Avoid,40.9
80,80,orange grapefruit juice,106,0.2,0.009,0.001,0.098,25.4,25.1,1.5,0.2,0.0,0.082,218.9,0.0,0.1,0.005,0.0,0.04,0.8,0.3,0.079,71.9,0.0,0.3,0.066,19.8,0.2,1.1,24.7,0.067,34.6,390.3,0.005,0.2,120.1,FOOD-DATA-GROUP4,5.535055350553506,93.7269372693727,0.7380073800738008,0.0568181818181818,106,1.4018691588785046,0.1869158878504673,95.0757575757576,0.4,0.0007663551401869,0,1,0,0,Avoid,41.4
81,81,orange juice sainsburys,14,0.088,2.5,0.1,0.0,0.0,0.0,0.0,0.0,0.0,0.0,0.0,0.0,0.0,0.0,0.0,0.0,0.0,0.0,0.0,0.0,0.0,0.0,0.0,0.0,0.0,0.0,0.0,0.0,0.0,0.0,0.0,0.0,0.049,FOOD-DATA-GROUP4,0.0,0.0,100.0,0.0,14,0.0,0.0,0.0,0.0,0.0,0,0,0,0,Healthy,48.1
82,82,cranberry apple juice,154,0.3,0.066,0.014,0.1,38.8,35.5,0.0,0.0,0.0,0.061,205.3,0.0,0.0,0.0,0.0,0.0,0.0,0.0,0.0,96.8,0.0,0.3,0.075,7.4,0.07,0.2,2.5,0.1,4.9,41.7,0.0,0.015,143.5,FOOD-DATA-GROUP4,0.0,99.23273657289003,0.7672634271099745,0.0,154,0.0,0.0,89.19597989949749,0.0,0.0003935483870967,0,1,0,0,Avoid,35.7
83,83,pineapple orange juice,125,0.0,0.0,0.0,0.0,29.5,29.0,3.3,0.3,0.0,0.069,217.3,0.0,0.035,0.046,0.0,0.02,0.5,0.1,0.1,56.3,0.0,0.079,0.085,12.5,0.1,0.7,15.0,0.9,10.0,115.0,0.071,0.2,102.6,FOOD-DATA-GROUP4,10.0609756097561,89.93902439024392,0.0,0.1081967213114754,125,2.619047619047618,0.238095238095238,95.08196721311477,0.6,0.000547619047619,0,1,0,0,Avoid,41.3
84,84,pear nectar,150,0.062,0.032,0.086,0.038,39.4,0.0,0.3,1.5,0.0,0.056,210.0,0.0,0.0,0.032,0.049,0.0,0.033,0.3,0.087,0.017,67.5,0.0,0.0,0.0,12.5,0.2,0.7,7.5,0.041,7.5,32.5,0.065,41.466,FOOD-DATA-GROUP4,0.7544892108042855,99.08958301896284,0.1559277702328857,0.0074257425742574,150,0.1986754966887417,0.9933774834437088,0.0,3.0,0.0003708609271523,0,0,0,0,Healthy,52.5
85,85,blackberry juice,95,1.5,0.095,0.1,0.9,19.5,19.3,0.8,0.3,0.0,0.072,227.3,0.0,0.076,0.091,0.0,0.053,1.1,0.0,0.075,28.3,0.0,2.3,0.088,30.0,0.3,1.2,52.5,0.0,30.0,337.5,0.093,1.0,81.6,FOOD-DATA-GROUP4,3.669724770642202,89.44954128440367,6.8807339449541285,0.0390243902439024,95,0.8333333333333334,0.3125,94.14634146341464,0.6,0.0007499999999999,0,1,0,0,Avoid,43.3
86,86,lemon juice,54,0.6,0.06,0.073,0.038,16.6,6.1,0.9,0.7,0.0,0.046,225.2,0.0,0.0,0.015,0.093,0.0,0.084,0.2,0.2,0.1,94.4,0.0,0.4,0.0,14.6,0.073,0.2,14.6,0.091,19.5,251.3,0.09,18.9,FOOD-DATA-GROUP4,4.972375690607735,91.71270718232044,3.314917127071823,0.0511363636363636,54,1.6363636363636365,1.2727272727272725,34.65909090909091,1.4,0.0008363636363636,0,0,0,0,Healthy,49.2
87,87,cranberry grape juice,137,0.2,0.053,0.092,0.08,34.3,0.0,0.5,0.2,0.0,0.079,209.7,0.0,0.094,0.09,0.0,0.056,0.3,0.1,0.027,78.4,0.0,0.0,0.0,19.6,0.051,0.04,7.4,0.4,9.8,58.8,0.0,0.055,133.2,FOOD-DATA-GROUP4,1.4285714285714286,98.0,0.5714285714285714,0.0141643059490085,137,0.3623188405797101,0.144927536231884,0.0,0.4,0.0005724637681159,0,0,0,0,Healthy,50.6
88,88,citrus fruit juice,114,0.057,0.088,0.048,0.085,28.3,20.2,0.8,0.2,0.0,0.051,217.8,0.0,0.043,0.021,0.0,0.096,0.2,0.2,0.054,67.2,0.0,0.1,0.042,22.3,0.065,2.8,14.9,0.2,24.8,277.8,0.036,0.011,121.7,FOOD-DATA-GROUP4,2.7437665054703846,97.06074013101484,0.1954933635147649,0.0273037542662116,114,0.6956521739130435,0.1739130434782608,68.9419795221843,0.4,0.0004434782608695,0,1,0,0,Avoid,42.8
89,89,prune juice,182,0.006,0.033,0.082,0.011,44.7,42.1,1.6,2.6,0.0,0.1,208.0,0.0,0.038,0.0,0.0,0.2,2.0,0.3,0.6,10.5,0.0,0.3,0.007,30.7,0.2,3.0,35.8,0.4,64.0,706.6,0.083,0.5,93.105,FOOD-DATA-GROUP4,3.455275774197728,96.53176694164902,0.0129572841532414,0.0350109409190372,182,0.8743169398907104,1.4207650273224044,92.12253829321662,5.2,0.0005464480874316,0,1,0,0,Avoid,38.2
90,90,guanabana nectar,148,0.4,0.096,0.1,0.006,37.5,32.8,0.3,0.3,0.0,0.061,212.6,0.0,0.086,0.05,0.0,0.027,0.3,0.2,0.05,27.9,0.0,0.036,0.0,17.6,0.067,0.9,7.5,0.056,5.0,62.8,0.067,0.011,84.9,FOOD-DATA-GROUP4,0.7853403141361258,98.16753926701573,1.0471204188481678,0.0077922077922077,148,0.2013422818791946,0.2013422818791946,85.19480519480518,0.6,0.0004093959731543,0,1,0,0,Avoid,37.5
91,91,fruit juice,108,0.1,0.059,0.048,0.036,26.3,24.2,0.3,0.2,0.0,0.1,172.7,0.0,0.071,0.2,0.0,0.0,0.096,0.028,0.0,0.001,50.8,0.0,0.1,0.0,6.0,0.039,0.5,10.0,0.0,14.0,244.0,0.089,26.937,FOOD-DATA-GROUP4,1.1235955056179774,98.50187265917604,0.3745318352059925,0.0109890109890109,108,0.2752293577981651,0.1834862385321101,88.64468864468864,0.4,0.0009174311926605,0,1,0,0,Avoid,40.8
92,92,horchata,15,0.2,0.0,0.0,0.0,3.3,2.6,0.1,0.0,0.0,0.013,24.6,0.0,0.0,0.0,0.0,0.0,0.016,0.0,0.029,0.0,0.0,0.022,0.0,5.1,0.028,0.057,0.8,0.045,4.2,9.6,0.005,0.058,8.717,FOOD-DATA-GROUP4,2.777777777777778,91.66666666666666,5.555555555555556,0.0232558139534883,15,0.625,0.0,60.465116279069775,0.0,0.0008125,0,0,0,0,Healthy,49.0
93,93,fruit punch,98,0.4,0.048,0.011,0.039,24.4,0.0,0.2,0.0,0.0,0.08,208.6,0.0,0.092,0.061,0.0,0.1,0.1,0.035,0.047,11.2,0.0,0.0,0.0,16.4,0.097,0.5,7.0,0.1,7.0,154.4,0.0,0.4,53.1,FOOD-DATA-GROUP4,0.8000000000000002,97.6,1.6000000000000003,0.0078740157480314,98,0.202020202020202,0.0,0.0,0.0,0.0008080808080808,0,0,0,0,Healthy,50.1
94,94,apricot nectar,139,0.2,0.07,0.085,0.039,35.7,34.2,0.9,1.5,0.0,0.025,210.5,0.0,0.044,0.059,0.0,0.014,0.6,0.2,0.036,1.5,0.0,0.8,0.008,17.4,0.2,0.9,12.4,0.008,22.3,282.7,0.0,0.2,58.1,FOOD-DATA-GROUP4,2.445652173913043,97.01086956521738,0.5434782608695652,0.0245231607629427,139,0.6428571428571428,1.0714285714285714,93.18801089918256,3.0,0.0001785714285714,0,1,0,0,Avoid,39.2
95,95,orangensaft ja,86,0.0,0.0,17.8,17.8,1.4,0.024,0.0,0.0,0.0,0.0,0.0,0.0,0.0,0.0,0.0,0.0,0.0,0.0,0.0,0.0,0.0,0.0,0.0,0.0,0.0,0.0,0.0,0.0,0.0,0.0,0.0,0.0,1.4,FOOD-DATA-GROUP4,0.0,100.0,0.0,0.0,86,0.0,0.0,1.0,0.0,0.0,0,0,0,0,Healthy,50.0
96,96,fruchtcocktail granini,102,0.4,0.2,23.0,23.0,1.0,0.0,0.0,0.0,0.0,0.0,0.0,0.0,0.0,0.0,0.0,0.0,0.0,0.0,0.0,0.0,0.0,0.0,0.0,0.0,0.0,0.0,0.0,0.0,0.0,0.0,0.0,0.0,1.4,FOOD-DATA-GROUP4,0.0,71.42857142857143,28.571428571428577,0.0,102,0.0,0.0,0.0,0.0,0.0,0,0,0,0,Healthy,49.9
97,97,peach nectar,125,1.3,0.6,0.2,0.5,29.7,27.8,0.5,0.2,0.0,0.077,217.3,0.0,0.038,0.1,0.005,0.0,0.049,0.5,0.2,0.091,75.2,0.0,1.5,0.0,14.9,0.2,0.2,12.5,0.058,12.5,124.5,0.071,31.949,FOOD-DATA-GROUP4,1.5873015873015872,94.28571428571428,4.126984126984127,0.01628664495114,125,0.3968253968253968,0.1587301587301587,90.55374592833876,0.4,0.0006111111111111,0,1,0,0,Avoid,39.1
98,98,orange pineapple juice,15,0.08,0.056,0.026,0.024,3.6,3.1,0.1,0.032,0.0,0.044,25.7,0.0,0.044,0.01,0.0,0.069,0.054,0.0,0.053,12.0,0.0,0.036,0.016,2.4,0.09,0.086,3.0,0.1,3.2,44.3,0.076,0.072,18.261,FOOD-DATA-GROUP4,2.6455026455026456,95.23809523809524,2.1164021164021163,0.0217391304347826,15,0.625,0.2,67.3913043478261,0.064,0.00275,0,0,0,0,Healthy,48.8
99,99,cranberry juice,92,0.3,0.061,0.098,0.1,24.4,24.2,0.8,0.2,0.0,0.093,174.3,0.0,0.0,0.069,0.011,0.0,0.016,0.2,0.0,0.1,18.6,0.0,2.4,0.099,16.0,0.1,0.5,12.0,0.0,26.0,154.0,0.036,25.975,FOOD-DATA-GROUP4,3.1372549019607843,95.68627450980392,1.1764705882352942,0.0314960629921259,92,0.8602150537634409,0.2150537634408602,95.2755905511811,0.4,0.001,0,1,0,0,Avoid,41.2
100,100,white grapefruit juice,96,0.2,0.083,0.091,0.007,22.7,22.5,1.2,0.2,0.0,0.018,222.3,0.0,0.015,0.029,0.0,0.005,0.5,0.5,0.1,93.9,0.0,0.5,0.0,22.2,0.035,0.5,29.6,0.032,37.1,400.1,0.019,0.1,140.9,FOOD-DATA-GROUP4,4.979253112033195,94.1908713692946,0.8298755186721993,0.050632911392405,96,1.2371134020618555,0.2061855670103093,94.9367088607595,0.4,0.0001855670103092,0,1,0,0,Avoid,42.1
101,101,mango nectar,128,0.2,0.04,0.092,0.066,32.9,31.2,0.3,0.8,0.0,0.061,217.4,0.0,0.0,0.039,0.055,0.0,0.06,0.2,0.2,0.038,38.2,0.0,0.5,0.047,42.7,0.087,0.9,7.5,0.007,5.0,60.2,0.025,34.447,FOOD-DATA-GROUP4,0.8982035928143712,98.50299401197606,0.5988023952095809,0.0088495575221238,128,0.2325581395348837,0.6201550387596899,92.03539823008848,1.6,0.0004728682170542,0,1,0,0,Avoid,38.9
102,102,acerola cherry juice,56,0.7,0.2,0.2,0.2,11.6,10.9,1.0,0.7,0.0,0.082,228.2,0.0,0.067,0.084,0.0,0.1,1.0,0.5,0.051,3872.0,0.0,0.4,0.057,24.2,0.2,1.2,29.0,0.0,21.8,234.7,0.061,0.2,3911.4,FOOD-DATA-GROUP4,7.518796992481204,87.21804511278197,5.2631578947368425,0.0793650793650793,56,1.7543859649122806,1.2280701754385963,86.5079365079365,1.4,0.001438596491228,0,0,0,0,Healthy,47.3
103,103,apple juice concentrate,350,0.8,0.1,0.053,0.2,86.5,81.9,1.1,0.8,0.0,0.049,120.3,0.0,0.029,0.005,0.0,0.1,0.3,0.5,0.2,4.4,0.0,0.022,0.0,42.2,0.1,1.9,35.9,0.5,52.8,945.3,0.067,0.3,137.7,FOOD-DATA-GROUP4,1.2443438914027152,97.85067873303169,0.904977375565611,0.0125714285714285,350,0.3133903133903134,0.2279202279202279,93.6,1.6,0.0001396011396011,0,1,0,0,Avoid,31.9
104,104,papaya nectar,143,0.4,0.1,0.1,0.07,36.3,34.8,0.4,1.5,0.0,0.082,212.6,0.0,0.0,0.053,0.039,0.0,0.077,0.4,0.1,0.017,7.5,0.0,0.6,0.076,25.0,0.029,0.9,7.5,0.012,0.0,77.5,0.072,38.657,FOOD-DATA-GROUP4,1.078167115902965,97.84366576819409,1.078167115902965,0.0107238605898123,143,0.2777777777777778,1.0416666666666663,93.2975871313673,3.0,0.0005694444444444,0,1,0,0,Avoid,38.6
105,105,apple juice martinellis,122,0.0,0.0,29.1,0.7,0.0,0.0,0.0,0.0,0.0,0.0,0.0,0.0,0.0,0.0,0.0,0.0,0.0,0.0,0.0,0.0,0.0,0.0,0.0,0.0,0.0,0.0,0.0,0.0,0.0,0.0,0.0,0.0,0.0,FOOD-DATA-GROUP4,0.0,0.0,0.0,0.0,122,0.0,0.0,0.0,0.0,0.0,0,0,0,0,Healthy,50.0
106,106,lime juice,61,0.2,0.052,0.087,0.071,20.4,4.1,1.0,1.0,0.0,0.014,219.7,0.0,0.015,0.01,0.0,0.078,0.3,0.3,0.04,72.6,0.0,0.5,0.074,33.9,0.027,0.2,19.4,0.011,33.9,283.1,0.052,0.2,129.3,FOOD-DATA-GROUP4,4.62962962962963,94.44444444444444,0.925925925925926,0.0467289719626168,61,1.6129032258064515,1.6129032258064515,19.15887850467289,2.0,0.0002258064516129,0,0,0,0,Healthy,50.6
107,107,grape juice,152,0.3,0.06,0.03,0.059,37.4,35.9,0.9,0.5,0.0,0.003,213.8,0.0,0.05,0.0,0.0,0.025,0.3,0.1,0.086,0.3,0.0,0.0,0.025,27.8,0.025,0.6,25.3,0.6,35.4,263.1,0.0,0.2,67.8,FOOD-DATA-GROUP4,2.3316062176165806,96.89119170984458,0.7772020725388602,0.0234375,152,0.5882352941176471,0.326797385620915,93.48958333333334,1.0,1.9607843137254903e-05,0,1,0,0,Avoid,37.0
108,108,water dannon,0,0.0,0.0,0.0,0.0,0.0,0.0,0.0,0.0,0.0,0.0,330.9,0.0,0.0,0.0,0.0,0.0,0.0,0.0,0.0,0.0,0.0,0.0,0.0,9.9,0.0,0.0,3.3,0.0,0.0,0.0,0.0,0.0,9.9,FOOD-DATA-GROUP4,0.0,0.0,0.0,0.0,0,0.0,0.0,0.0,0.0,0.0,0,0,0,0,Healthy,50.0
109,109,tap water,0,0.0,0.0,0.0,0.0,0.0,0.0,0.0,0.0,0.0,0.018,236.8,0.0,0.0,0.0,0.0,0.0,0.0,0.0,0.0,0.0,0.0,0.0,0.0,7.1,0.086,0.0,2.4,0.0,0.0,0.0,0.0,0.042,7.1,FOOD-DATA-GROUP4,0.0,0.0,0.0,0.0,0,0.0,0.0,0.0,0.0,0.018,0,0,0,0,Healthy,50.0
110,110,table water,0,0.0,0.0,0.0,0.0,0.0,0.0,0.0,0.0,0.0,0.044,499.5,0.0,0.0,0.0,0.0,0.0,0.0,0.0,0.0,0.0,0.0,0.0,0.0,70.0,0.0,0.0,0.0,0.0,0.0,0.0,0.0,0.0,70.0,FOOD-DATA-GROUP4,0.0,0.0,0.0,0.0,0,0.0,0.0,0.0,0.0,0.044,0,0,0,0,Healthy,50.0
111,111,fruit flavored water,52,0.0,0.0,0.0,0.0,13.0,13.0,0.0,0.0,0.0,0.0,223.8,0.05,0.0,0.016,0.049,0.0,2.0,1.0,0.2,30.1,0.0,4.5,0.0,40.3,0.061,0.0,7.1,0.0,0.0,0.0,0.0,0.8,83.471,FOOD-DATA-GROUP4,0.0,100.0,0.0,0.0,52,0.0,0.0,92.85714285714286,0.0,0.0,0,0,0,0,Healthy,44.8
112,112,water,0,0.0,0.0,0.0,0.0,0.0,0.0,0.0,0.0,0.0,0.024,237.0,0.0,0.0,0.0,0.0,0.0,0.0,0.0,0.0,0.0,0.0,0.0,0.0,23.7,0.098,0.0,4.7,0.0,0.0,0.0,0.0,0.0,23.7,FOOD-DATA-GROUP4,0.0,0.0,0.0,0.0,0,0.0,0.0,0.0,0.0,0.024,0,0,0,0,Healthy,50.0
113,113,cola light coca cola,0,0.0,0.0,0.0,0.0,0.0,0.0,0.0,0.0,0.0,0.087,336.5,0.0,0.0,0.0,0.0,0.0,0.0,0.0,0.0,0.0,0.0,0.0,0.0,0.0,0.0,0.0,0.0,0.0,0.0,0.0,0.0,0.0,0.0,FOOD-DATA-GROUP4,0.0,0.0,0.0,0.0,0,0.0,0.0,0.0,0.0,0.087,0,0,0,0,Healthy,50.0
114,114,lemon lime soda,151,0.0,0.0,0.0,0.0,38.4,37.6,0.3,0.0,0.0,0.024,330.2,0.0,0.0,0.0,0.0,0.0,0.055,0.0,0.0,0.0,0.0,0.0,0.0,7.4,0.0,0.061,3.7,0.0,0.0,3.7,0.0,0.065,46.113,FOOD-DATA-GROUP4,0.7751937984496124,99.2248062015504,0.0,0.0076142131979695,151,0.1973684210526315,0.0,95.43147208121827,0.0,0.0001578947368421,0,1,0,0,Avoid,35.2
115,115,tonic water,114,0.0,0.0,0.0,0.0,29.6,29.6,0.0,0.0,0.0,0.049,306.1,0.0,0.0,0.0,0.0,0.0,0.0,0.0,0.0,0.0,0.0,0.0,0.0,3.4,0.031,0.09,0.0,0.05,0.0,0.0,0.0,0.3,33.038,FOOD-DATA-GROUP4,0.0,100.0,0.0,0.0,114,0.0,0.0,96.73202614379085,0.0,0.0004260869565217,0,1,0,0,Avoid,38.2
116,116,lemonade low calorie,7,0.0,0.0,0.0,0.0,1.6,0.0,0.092,0.0,0.0,0.013,236.8,0.0,0.0,0.0,0.0,0.0,0.0,0.0,0.0,7.6,0.0,0.0,0.0,66.9,0.04,0.1,2.4,0.057,31.1,2.4,0.0,0.011,76.216,FOOD-DATA-GROUP4,5.437352245862884,94.5626477541371,0.0,0.0353846153846153,7,1.15,0.0,0.0,0.0,0.001625,0,0,0,0,Healthy,50.1
117,117,ginger ale,68,0.0,0.0,0.0,0.0,17.5,17.4,0.0,0.0,0.0,0.043,182.5,0.0,0.0,0.0,0.0,0.0,0.0,0.0,0.0,0.0,0.0,0.0,0.0,0.0,6.0,0.024,0.4,2.0,0.087,0.0,2.0,0.078,17.528,FOOD-DATA-GROUP4,0.0,100.0,0.0,0.0,68,0.0,0.0,94.05405405405403,0.0,0.0006231884057971,0,1,0,0,Avoid,43.0
118,118,ice tea lemon flavor nestle,88,0.0,0.0,0.0,0.0,22.3,22.3,0.0,0.0,0.0,0.063,223.4,0.0,0.0,0.0,0.0,0.0,0.0,0.0,0.0,0.0,0.0,0.0,0.0,7.4,0.068,0.0,2.5,0.3,88.2,46.6,0.0,0.1,29.7,FOOD-DATA-GROUP4,0.0,100.0,0.0,0.0,88,0.0,0.0,95.70815450643777,0.0,0.0007078651685393,0,1,0,0,Avoid,41.1
119,119,sprite coca cola,80,0.063,0.0,0.0,0.0,20.3,18.0,0.1,0.0,0.0,0.021,179.6,0.0,0.0,0.0,0.0,0.0,0.0,0.032,0.0,0.0,0.0,0.0,0.0,0.0,4.0,0.042,0.2,2.0,0.017,0.0,2.0,0.0,20.538,FOOD-DATA-GROUP4,0.4886868983042565,99.20344035576406,0.3078727459316815,0.0046948356807511,80,0.1234567901234567,0.0,84.50704225352112,0.0,0.0002592592592592,0,1,0,0,Avoid,42.9
120,120,cola coca cola,151,0.0,0.0,0.0,0.0,38.9,38.9,0.0,0.0,0.0,0.045,329.8,0.0,0.0,0.0,0.0,0.0,0.0,0.0,0.0,0.0,0.0,0.0,0.0,7.4,0.0,0.048,0.0,0.0,40.5,11.0,0.045,0.052,46.4,FOOD-DATA-GROUP4,0.0,100.0,0.0,0.0,151,0.0,0.0,97.4937343358396,0.0,0.0002960526315789,0,1,0,0,Avoid,34.4
121,121,cola,74,0.07,0.0,0.0,0.0,19.1,17.9,0.1,0.0,0.0,0.072,180.6,0.0,0.0,0.0,0.0,0.0,0.0,0.0,0.0,0.0,0.0,0.0,0.0,0.0,4.0,0.012,0.2,0.0,0.081,20.0,4.0,0.038,19.336,FOOD-DATA-GROUP4,0.5189413596263621,99.11779968863516,0.3632589517384535,0.0049751243781094,74,0.1333333333333333,0.0,89.05472636815918,0.0,0.0009599999999999,0,1,0,0,Avoid,42.9
122,122,cream soda,252,0.0,0.0,0.0,0.0,65.7,65.7,0.0,0.0,0.0,0.098,428.3,0.0,0.0,0.0,0.0,0.0,0.0,0.0,0.0,0.0,0.0,0.0,0.0,24.7,0.036,0.2,4.9,0.08,0.0,4.9,0.0,0.3,90.6,FOOD-DATA-GROUP4,0.0,100.0,0.0,0.0,252,0.0,0.0,98.5007496251874,0.0,0.0003873517786561,0,1,0,0,Avoid,30.0
123,123,club soda,0,0.0,0.0,0.0,0.0,0.0,0.0,0.0,0.0,0.0,0.046,199.8,0.0,0.0,0.0,0.0,0.0,0.0,0.0,0.0,0.0,0.0,0.0,0.0,0.0,10.0,0.015,0.078,2.0,0.052,0.0,4.0,0.0,0.025,FOOD-DATA-GROUP4,0.0,0.0,0.0,0.0,0,0.0,0.0,0.0,0.0,0.046,0,0,0,0,Healthy,50.0
124,124,pink lemonade,86,0.3,0.079,0.03,0.034,21.6,20.6,0.1,0.2,0.0,0.01,177.8,0.0,0.003,0.078,0.0,0.0,0.047,0.035,0.061,6.2,0.0,0.062,0.0,8.0,0.011,0.092,4.0,0.094,4.0,34.0,0.0,0.093,36.488,FOOD-DATA-GROUP4,0.4545454545454545,98.18181818181816,1.363636363636363,0.0044247787610619,86,0.1149425287356321,0.2298850574712643,91.1504424778761,0.4,0.0001149425287356,0,1,0,0,Avoid,42.1
125,125,grape soda,160,0.0,0.0,0.0,0.0,41.7,0.0,0.0,0.0,0.0,0.042,330.3,0.0,0.0,0.0,0.0,0.0,0.0,0.0,0.0,0.0,0.0,0.0,0.0,11.2,0.038,0.3,3.7,0.054,0.0,3.7,0.0,0.3,53.2,FOOD-DATA-GROUP4,0.0,100.0,0.0,0.0,160,0.0,0.0,0.0,0.0,0.0002608695652173,0,0,0,0,Healthy,50.0
126,126,cola without caffeine coca cola,151,0.0,0.0,0.0,0.0,38.9,38.9,0.0,0.0,0.0,0.04,329.8,0.0,0.0,0.0,0.0,0.0,0.0,0.0,0.0,0.0,0.0,0.0,0.0,7.4,0.0,0.026,0.0,0.0,40.5,11.0,0.063,0.032,46.381,FOOD-DATA-GROUP4,0.0,100.0,0.0,0.0,151,0.0,0.0,97.4937343358396,0.0,0.0002631578947368,0,1,0,0,Avoid,34.4
127,127,white lemonade,80,0.003,0.093,0.024,0.076,20.8,20.0,0.1,0.0,0.0,0.02,178.7,0.0,0.0,0.004,0.043,0.0,0.02,0.094,0.094,0.007,7.8,0.0,0.04,0.0,8.0,0.013,0.3,4.0,0.083,4.0,30.0,0.066,21.02,FOOD-DATA-GROUP4,0.4784002296321102,99.50724776347892,0.0143520068889633,0.0045871559633027,80,0.1234567901234567,0.0,91.74311926605505,0.0,0.0002469135802469,0,1,0,0,Avoid,42.0
128,128,chocolate soda,207,0.0,0.0,0.0,0.0,52.6,52.6,0.0,0.0,0.0,0.031,438.9,0.0,0.0,0.0,0.0,0.0,0.0,0.0,0.0,0.0,0.0,0.0,0.0,19.7,0.022,0.5,4.9,0.2,4.9,246.0,0.015,0.8,72.8,FOOD-DATA-GROUP4,0.0,100.0,0.0,0.0,207,0.0,0.0,98.13432835820896,0.0,0.0001490384615384,0,1,0,0,Avoid,30.0
129,129,sweet tea lipton,130,0.0,0.0,0.0,0.0,35.0,35.0,0.0,0.0,0.0,0.0,0.0,0.0,0.0,0.0,0.0,0.0,0.0,0.0,0.0,0.0,0.0,0.0,0.0,0.0,0.0,0.0,0.0,0.0,0.0,0.0,0.0,0.0,35.0,FOOD-DATA-GROUP4,0.0,100.0,0.0,0.0,130,0.0,0.0,97.2222222222222,0.0,0.0,0,1,0,0,Avoid,36.0
130,130,hibiscus tea,74,1.3,0.5,0.2,0.04,14.8,12.0,0.9,0.6,0.0,0.091,179.3,0.0,2.6,0.03,0.0,0.2,0.0,0.0,0.0,36.8,0.0,0.0,0.0,2.0,0.1,17.3,2.0,0.0,6.0,18.0,0.0,0.2,73.7,FOOD-DATA-GROUP4,5.294117647058823,87.05882352941177,7.647058823529412,0.0569620253164556,74,1.2,0.8,75.94936708860759,1.2,0.0012133333333333,0,0,0,0,Healthy,46.4
131,131,instant lemon tea,2,0.0,0.0,0.0,0.0,0.3,0.047,0.1,0.0,0.0,0.046,199.2,0.0,0.0,0.0,0.0,0.0,0.003,0.023,0.06,0.009,0.0,0.0,0.0,0.0,6.0,0.026,0.02,4.0,0.8,2.0,36.0,0.0,0.494,FOOD-DATA-GROUP4,25.0,74.99999999999999,0.0,0.0769230769230769,2,3.333333333333333,0.0,3.615384615384616,0.0,0.0153333333333333,0,0,0,0,Healthy,50.1
132,132,pesca tea santal,116,0.0,28.1,0.0,0.0,0.0,0.0,0.0,0.0,0.0,0.0,0.0,0.0,0.0,0.0,0.0,0.0,0.0,0.0,0.0,0.0,0.0,0.0,0.0,0.0,0.0,0.0,0.0,0.0,0.0,0.0,0.0,0.0,0.0,FOOD-DATA-GROUP4,0.0,0.0,0.0,0.0,116,0.0,0.0,0.0,0.0,0.0,0,0,1,0,Limit,35.0
133,133,instant lemon tea sweetened,91,0.2,0.018,0.046,0.093,22.3,21.6,0.071,0.3,0.0,0.089,236.2,0.0,0.083,0.0,0.0,0.0,0.006,0.0,0.044,0.0,0.0,0.0,0.0,5.2,0.076,0.0,2.6,0.3,0.0,38.9,0.017,0.048,28.147,FOOD-DATA-GROUP4,0.3145629347392671,98.7993442913473,0.8860927739134288,0.0030472103004291,91,0.0771739130434782,0.3260869565217391,92.7038626609442,0.6,0.0009673913043478,0,1,0,0,Avoid,41.8
134,134,tea with milk and sugar yorkshire,15,0.5,0.3,0.7,0.7,0.4,0.0,0.0,0.0,0.0,0.0,0.0,0.0,0.0,0.0,0.0,0.0,0.0,0.0,0.0,0.0,0.0,0.0,0.0,0.0,0.0,0.0,0.0,0.0,0.0,0.0,0.0,0.0,0.9,FOOD-DATA-GROUP4,0.0,44.44444444444445,55.55555555555556,0.0,15,0.0,0.0,0.0,0.0,0.0,0,0,0,0,Healthy,49.8
135,135,tea blueberry muffin tekanne,4,0.2,0.2,0.6,0.4,0.4,0.007,0.0,0.0,0.0,0.0,0.0,0.0,0.0,0.0,0.0,0.0,0.0,0.0,0.0,0.0,0.0,0.0,0.0,0.0,0.0,0.0,0.0,0.0,0.0,0.0,0.0,0.0,0.6,FOOD-DATA-GROUP4,0.0,66.66666666666666,33.33333333333333,0.0,4,0.0,0.0,0.5,0.0,0.0,0,0,0,0,Healthy,49.8
136,136,chamomile tea,2,0.0,0.028,0.032,0.073,0.4,0.0,0.0,0.0,0.0,0.003,199.4,0.0,0.06,0.05,0.0,0.022,0.0,0.027,0.0,0.0,0.0,0.0,0.0,4.0,0.097,0.2,2.0,0.078,0.0,18.0,0.0,0.006,4.6,FOOD-DATA-GROUP4,0.0,100.0,0.0,0.0,2,0.0,0.0,0.0,0.0,0.001,0,0,0,0,Healthy,50.0
137,137,black tea,2,0.0,0.072,0.032,0.029,0.7,0.0,0.0,0.0,0.0,0.091,236.3,0.0,0.0,0.041,0.0,0.018,0.0,0.04,0.0,0.0,0.0,0.0,0.0,0.0,0.088,0.088,7.1,0.5,2.4,87.7,0.0,0.081,0.72,FOOD-DATA-GROUP4,0.0,100.0,0.0,0.0,2,0.0,0.0,0.0,0.0,0.0303333333333333,0,0,0,0,Healthy,49.9
138,138,herb tea,2,0.0,0.014,0.043,0.071,0.4,0.0,0.0,0.0,0.0,0.064,199.4,0.0,0.007,0.093,0.0,0.051,0.0,0.096,0.0,0.0,0.0,0.0,0.0,4.0,0.059,0.2,2.0,0.019,0.0,18.0,0.0,0.006,4.6,FOOD-DATA-GROUP4,0.0,100.0,0.0,0.0,2,0.0,0.0,0.0,0.0,0.0213333333333333,0,0,0,0,Healthy,50.0
139,139,clam tomato juice,80,0.3,0.0,0.0,0.0,18.2,5.5,1.0,0.7,0.0,0.6,145.1,0.0,0.015,0.079,0.0,0.064,0.4,0.1,0.1,8.3,0.0,0.2,0.0,13.3,0.011,0.2,8.3,0.073,18.3,147.7,0.097,0.1,42.0,FOOD-DATA-GROUP4,5.128205128205128,93.33333333333331,1.5384615384615383,0.0520833333333333,80,1.2345679012345678,0.8641975308641975,28.645833333333336,1.4,0.0074074074074074,0,0,0,0,Healthy,49.6
140,140,tomato juice,41,0.7,0.043,0.062,0.043,8.6,6.3,2.1,1.0,0.0,0.063,229.0,0.0,0.069,0.2,0.003,0.0,0.2,1.6,0.6,0.2,170.3,0.0,0.8,0.056,24.3,0.1,0.9,26.7,0.2,46.2,527.3,0.067,12.742,FOOD-DATA-GROUP4,18.42105263157895,75.43859649122807,6.140350877192983,0.21875,41,5.0,2.380952380952381,65.625,2.0,0.0015,0,0,0,0,Healthy,50.5
141,141,vegetable juice,53,0.2,0.071,0.016,0.1,11.1,7.9,1.5,1.9,0.0,0.1,226.3,0.0,0.0,0.095,0.039,0.0,0.091,1.8,0.6,0.3,67.0,0.0,0.8,0.007,26.6,0.5,1.0,26.6,0.2,41.1,467.1,0.026,15.538,FOOD-DATA-GROUP4,11.718750000000002,86.71875,1.5625000000000004,0.1239669421487603,53,2.7777777777777777,3.518518518518518,65.28925619834712,3.8,0.0018518518518518,0,0,0,0,Healthy,50.8
142,142,tomato vegetable juice,53,0.2,0.014,0.014,0.1,11.1,9.2,1.5,1.9,0.0,0.2,226.3,0.0,0.034,0.047,0.0,0.097,1.8,0.0,0.3,67.0,0.0,0.8,0.085,26.6,0.5,1.0,26.6,0.0,41.1,467.1,0.046,0.5,109.3,FOOD-DATA-GROUP4,11.718750000000002,86.71875,1.5625000000000004,0.1239669421487603,53,2.7777777777777777,3.518518518518518,76.03305785123966,3.8,0.0037037037037037,0,0,0,0,Healthy,50.3
143,143,carrot juice,80,0.3,0.055,0.027,0.1,18.6,7.8,1.9,1.6,0.0,0.1,177.7,0.0,0.2,0.077,0.0,0.1,0.8,0.5,0.4,17.0,0.0,2.3,0.047,48.0,0.087,0.9,28.0,0.3,84.0,584.0,0.046,0.4,88.3,FOOD-DATA-GROUP4,9.134615384615383,89.42307692307693,1.4423076923076923,0.096938775510204,80,2.3456790123456788,1.9753086419753083,39.795918367346935,3.2,0.0012345679012345,0,0,0,0,Healthy,50.7
144,144,acorn dried,144,8.9,1.2,5.6,1.7,15.2,0.0,2.3,0.0,0.0,0.0,1.4,0.0,0.005,0.085,0.0,0.021,0.7,0.3,0.2,0.0,0.0,0.0,0.0,15.3,0.2,0.3,23.2,0.4,29.1,200.6,0.0,0.2,42.0,FOOD-DATA-GROUP4,8.712121212121211,57.57575757575758,33.71212121212122,0.1419753086419753,144,1.586206896551724,0.0,0.0,0.0,0.0,0,0,0,0,Healthy,50.8
145,145,fenugreek seeds,36,0.7,0.2,0.0,0.0,6.5,0.0,2.6,2.7,0.0,0.09,1.0,0.0,0.036,0.046,0.0,0.019,0.2,0.0,0.064,0.3,0.0,0.0,0.0,19.5,0.1,3.7,21.2,0.1,32.9,85.5,0.025,0.3,36.0,FOOD-DATA-GROUP4,26.53061224489796,66.32653061224491,7.142857142857144,0.3466666666666667,36,7.027027027027027,7.297297297297297,0.0,5.4,0.0024324324324324,0,0,0,0,Healthy,55.8
146,146,peanut topping mcdonalds,181,15.0,2.4,7.3,4.0,4.6,1.2,7.9,0.0,0.0,0.0,0.2,0.0,0.07,0.015,0.0,0.099,4.7,0.3,0.2,0.0,0.0,2.3,0.0,13.0,0.1,0.4,54.6,0.6,103.0,179.4,0.0,0.8,40.9,FOOD-DATA-GROUP4,28.72727272727273,16.727272727272727,54.54545454545454,1.4107142857142858,181,4.340659340659341,0.0,21.42857142857143,0.0,0.0,0,0,0,0,Healthy,53.6
147,147,beechnuts dried,173,15.0,1.7,6.6,6.0,10.1,0.0,1.9,0.0,0.0,0.068,2.0,0.0,0.053,0.087,0.0,0.1,0.3,0.3,0.2,4.7,0.0,0.0,0.0,0.3,0.2,0.7,0.0,0.4,0.0,305.1,0.0,0.1,32.7,FOOD-DATA-GROUP4,7.037037037037036,37.407407407407405,55.55555555555556,0.1711711711711711,173,1.0919540229885056,0.0,0.0,0.0,0.0003908045977011,0,0,0,0,Healthy,50.1
148,148,breadnut tree seeds raw,61,0.3,0.089,0.061,0.1,13.1,0.0,1.7,0.0,0.0,0.084,12.7,0.0,0.04,0.077,0.0,0.053,0.2,0.3,0.1,7.8,0.0,0.0,0.0,27.7,0.4,0.6,19.2,0.015,19.0,334.8,0.0,0.3,51.2,FOOD-DATA-GROUP4,11.258278145695364,86.75496688741721,1.9867549668874172,0.1205673758865248,61,2.741935483870968,0.0,0.0,0.0,0.0013548387096774,0,0,0,0,Healthy,51.2
149,149,cumin seeds,8,0.5,0.096,0.3,0.013,0.9,0.063,0.4,0.2,0.0,0.073,0.2,0.0,0.079,0.015,0.0,0.093,0.064,0.0,0.021,0.2,0.0,0.096,0.001,19.6,0.058,1.4,7.7,0.087,10.5,37.5,0.072,0.1,23.2,FOOD-DATA-GROUP4,22.222222222222225,50.0,27.77777777777778,0.2105263157894737,8,4.444444444444445,2.2222222222222223,3.3157894736842106,0.4,0.0081111111111111,0,0,0,0,Healthy,50.5
150,150,pili nuts dried,863,95.5,37.4,44.7,9.1,4.8,0.0,13.0,0.0,0.0,0.014,3.3,0.0,1.1,0.066,0.0,0.1,0.6,0.6,0.1,0.7,0.0,0.0,0.0,174.0,1.1,4.2,362.4,2.8,690.0,608.4,0.0,3.6,292.2,FOOD-DATA-GROUP4,11.47396293027361,4.236540158870255,84.28949691085613,2.241379310344828,863,1.5046296296296295,0.0,0.0,0.0,1.6203703703703704e-05,0,0,1,0,Limit,44.7
151,151,hazelnuts roasted,194,18.7,1.4,14.0,2.5,5.3,1.5,4.5,2.8,0.0,0.0,0.8,0.0,0.1,0.031,0.0,0.074,0.6,0.3,0.2,1.1,0.0,4.6,0.0,36.9,0.5,1.3,51.9,1.7,93.0,226.5,0.061,0.8,70.6,FOOD-DATA-GROUP4,15.789473684210526,18.59649122807017,65.61403508771929,0.7142857142857143,194,2.307692307692308,1.4358974358974357,23.80952380952381,5.6,0.0,0,0,0,0,Healthy,55.9
152,152,lupins cooked,193,4.8,0.6,2.0,1.2,15.4,0.0,25.8,4.6,0.0,0.4,118.0,0.0,0.2,0.083,0.0,0.071,0.8,0.3,0.016,1.8,0.0,0.0,0.0,84.7,0.4,2.0,89.6,1.1,212.5,406.7,0.084,2.3,139.1,FOOD-DATA-GROUP4,56.086956521739125,33.47826086956522,10.434782608695652,1.5731707317073174,193,13.29896907216495,2.3711340206185567,0.0,9.2,0.002061855670103,0,0,0,0,Healthy,71.4
153,153,hazelnuts blanched,178,17.3,1.3,13.6,1.6,4.8,1.0,3.9,3.1,0.0,0.0,1.6,0.0,0.1,0.021,0.0,0.049,0.4,0.2,0.2,0.6,0.0,5.0,0.0,42.2,0.5,0.9,45.3,3.6,87.7,186.2,0.015,0.6,72.8,FOOD-DATA-GROUP4,15.0,18.46153846153846,66.53846153846155,0.6724137931034483,178,2.17877094972067,1.7318435754189945,17.24137931034483,6.2,0.0,0,0,0,0,Healthy,56.2
154,154,brazilnuts dried,33,3.3,0.8,1.2,1.0,0.6,0.1,0.7,0.4,0.0,0.073,0.2,0.0,0.079,0.035,0.0,0.013,0.083,0.051,0.041,0.024,0.0,0.3,0.0,8.0,0.074,0.1,18.8,0.084,36.3,33.0,0.035,0.2,13.139,FOOD-DATA-GROUP4,15.217391304347828,13.043478260869565,71.73913043478261,0.4374999999999999,33,2.0588235294117645,1.1764705882352942,6.25,0.8,0.0021470588235294,0,0,0,0,Healthy,50.5
155,155,sunflower seeds dry roasted,47,4.0,0.4,0.8,2.6,1.9,0.2,1.5,0.9,0.0,0.067,0.076,0.0,0.087,0.072,0.0,0.086,0.6,0.6,0.01,0.1,0.0,2.1,0.037,5.6,0.1,0.3,10.3,0.2,92.4,68.0,0.021,0.4,14.3,FOOD-DATA-GROUP4,20.27027027027027,25.675675675675677,54.05405405405405,0.5172413793103449,47,3.125,1.875,6.896551724137931,1.8,0.0013958333333333,0,0,0,0,Healthy,52.1
156,156,ginkgo nuts canned,172,2.5,0.5,0.9,0.9,34.3,0.0,3.5,14.4,0.0,0.5,113.1,0.0,0.2,0.06,0.0,0.052,5.6,0.2,0.3,14.1,0.0,0.0,0.0,6.2,0.3,0.4,24.8,0.1,83.7,279.0,0.067,0.3,75.4,FOOD-DATA-GROUP4,8.6848635235732,85.11166253101737,6.20347394540943,0.0991501416430594,172,2.023121387283237,8.323699421965317,0.0,10.0,0.0028901734104046,0,0,0,0,Healthy,67.2
157,157,peanuts cooked,572,39.6,5.5,19.7,12.5,38.3,4.4,24.3,15.8,0.0,1.4,75.2,0.0,0.5,0.1,0.0,0.1,9.5,1.5,0.3,0.0,0.0,7.4,0.0,99.0,0.9,1.8,183.6,1.8,356.4,324.0,0.027,3.3,218.8,FOOD-DATA-GROUP4,23.77690802348337,37.47553816046967,38.74755381604697,0.6183206106870229,572,4.240837696335079,2.757417102966841,11.195928753180665,10.0,0.0024432809773123,0,0,1,0,Healthy,74.1
158,158,pumpkin squash seeds dried,721,63.3,11.2,21.0,27.1,13.8,1.8,39.0,7.7,0.0,0.013,6.7,0.0,0.4,0.024,0.0,0.2,6.4,1.0,0.2,2.5,0.0,2.8,0.03,59.3,1.7,11.4,763.7,5.9,1590.6,1043.6,0.078,10.1,197.0,FOOD-DATA-GROUP4,33.59173126614987,11.886304909560724,54.52196382428941,2.635135135135135,721,5.401662049861495,1.0664819944598338,12.16216216216216,10.0,1.8005540166204986e-05,0,0,1,0,Healthy,67.4
159,159,cashew nuts raw,156,12.4,2.2,6.7,2.2,8.5,1.7,5.2,0.9,0.0,0.02,1.5,0.0,0.1,0.076,0.0,0.071,0.3,0.2,0.1,0.1,0.0,0.3,0.04,10.5,0.6,1.9,82.6,0.5,167.8,186.8,0.039,1.6,39.5,FOOD-DATA-GROUP4,19.923371647509576,32.56704980842912,47.509578544061306,0.5473684210526316,156,3.3121019108280256,0.5732484076433122,17.894736842105264,1.8,0.0001273885350318,0,0,0,0,Healthy,52.9
160,160,sunflower seeds dried,269,23.7,2.0,8.5,10.6,9.2,1.2,9.6,4.0,0.0,0.014,2.2,0.0,0.7,0.1,0.0,0.2,3.8,0.5,0.6,0.6,0.0,16.2,0.0,35.9,0.8,2.4,149.5,0.9,303.6,296.7,0.077,2.3,85.4,FOOD-DATA-GROUP4,22.588235294117645,21.64705882352941,55.76470588235294,0.9411764705882352,269,3.555555555555556,1.4814814814814816,11.76470588235294,8.0,5.185185185185185e-05,0,0,0,0,Healthy,61.2
161,161,lotus seeds dried,106,0.6,0.1,0.1,0.4,20.6,0.0,4.9,0.0,0.0,0.024,4.5,0.0,0.2,0.019,0.0,0.059,0.5,0.3,0.2,0.0,0.0,0.0,0.0,52.2,0.1,1.1,67.2,0.7,200.3,437.8,0.0,0.3,79.4,FOOD-DATA-GROUP4,18.773946360153257,78.9272030651341,2.298850574712643,0.2268518518518518,106,4.579439252336448,0.0,0.0,0.0,0.0002242990654205,0,0,0,0,Healthy,53.6
162,162,butternuts dried,734,68.4,1.6,12.5,51.3,14.5,0.0,29.9,5.6,0.0,0.062,4.0,0.0,0.5,0.088,0.0,0.2,1.3,0.8,0.7,3.8,0.0,0.0,0.0,63.6,0.5,4.8,284.4,7.9,535.2,505.2,0.028,3.8,190.6,FOOD-DATA-GROUP4,26.50709219858156,12.854609929078013,60.63829787234043,1.929032258064516,734,4.068027210884353,0.7619047619047619,0.0,10.0,8.435374149659864e-05,0,0,0,0,Healthy,72.2
163,163,sesame seeds dried,52,4.5,0.6,1.7,2.0,2.1,0.031,1.6,1.1,0.0,0.049,0.4,0.0,0.037,0.05,0.0,0.057,0.4,0.082,0.096,0.0,0.0,0.099,0.0,87.8,0.4,1.3,31.6,0.2,56.6,42.1,0.047,0.7,98.4,FOOD-DATA-GROUP4,19.512195121951223,25.60975609756097,54.87804878048781,0.5161290322580645,52,3.018867924528302,2.075471698113208,1.0,2.2,0.0009245283018867,0,0,0,0,Healthy,52.4
164,164,breadfruit seeds,57,1.7,0.5,0.2,0.9,8.8,0.0,2.2,1.6,0.0,0.04,16.9,0.0,0.1,0.095,0.0,0.066,0.1,0.3,0.024,2.0,0.0,0.0,0.0,10.8,0.3,1.1,16.2,0.049,52.5,282.3,0.0,0.3,28.2,FOOD-DATA-GROUP4,17.322834645669293,69.29133858267717,13.385826771653544,0.2244897959183673,57,3.793103448275863,2.7586206896551726,0.0,3.2,0.0006896551724137,0,0,0,0,Healthy,53.7
165,165,pinyon pine nuts dried,1,0.073,0.022,0.044,0.074,0.01,0.0,0.083,0.005,0.0,0.07,0.045,0.0,0.02,0.066,0.0,0.04,0.027,0.0,0.048,0.004,0.0,0.0,0.0,0.022,0.078,0.007,0.2,0.012,0.098,0.6,0.0,0.049,0.359,FOOD-DATA-GROUP4,50.000000000000014,6.024096385542169,43.97590361445784,0.0821782178217821,1,4.15,0.25,0.0,0.01,0.035,0,0,0,0,Healthy,50.1
166,166,pine nuts dried,909,92.3,6.6,25.3,46.0,17.7,4.8,18.5,5.0,0.0,0.086,3.1,0.0,0.5,0.018,0.0,0.3,5.9,0.4,0.1,1.1,0.0,12.6,0.002,21.6,1.8,7.5,338.9,11.9,776.3,806.0,0.061,8.7,163.7,FOOD-DATA-GROUP4,14.396887159533073,13.77431906614786,71.82879377431907,0.9893048128342248,909,2.032967032967033,0.5494505494505495,25.66844919786097,10.0,9.45054945054945e-05,0,0,1,0,Healthy,64.5
167,167,flaxseeds,55,4.3,0.4,0.8,3.0,3.0,0.2,1.9,2.8,0.0,0.035,0.7,0.0,0.2,0.015,0.0,0.095,0.3,0.1,0.056,0.023,0.0,0.042,0.053,26.3,0.1,0.6,40.4,0.3,66.1,83.7,0.05,0.4,38.994,FOOD-DATA-GROUP4,20.65217391304348,32.608695652173914,46.73913043478261,0.475,55,3.392857142857143,5.0,5.0,5.6,0.000625,0,0,0,0,Healthy,55.2
168,168,safflower seed kernels dried,146,10.9,1.0,1.4,8.0,9.7,0.0,4.6,0.0,0.0,0.042,1.6,0.0,0.3,0.055,0.0,0.1,0.6,1.1,0.3,0.0,0.0,0.0,0.0,22.1,0.5,1.4,99.9,0.6,182.3,194.4,0.0,1.4,48.7,FOOD-DATA-GROUP4,18.253968253968253,38.49206349206349,43.25396825396825,0.4299065420560747,146,3.129251700680272,0.0,0.0,0.0,0.0002857142857142,0,0,0,0,Healthy,52.7
169,169,pistachio nuts raw,691,55.8,6.8,29.3,16.9,33.8,9.4,24.9,12.7,0.0,0.037,4.8,0.0,1.1,0.087,0.0,0.2,1.6,0.6,2.1,6.9,0.0,2.8,0.0,129.2,1.6,4.8,148.8,1.5,602.7,1260.8,0.078,2.7,268.1,FOOD-DATA-GROUP4,21.746724890829693,29.519650655021834,48.73362445414847,0.7155172413793104,691,3.598265895953757,1.835260115606936,27.011494252873568,10.0,5.346820809248555e-05,0,0,1,0,Healthy,71.1
170,170,peanuts raw,828,71.9,10.0,35.7,22.7,23.5,5.8,37.7,12.4,0.0,0.038,9.5,0.0,0.9,0.4,0.0,0.2,17.6,2.6,0.5,0.0,0.0,12.2,0.0,134.3,1.7,6.7,245.3,2.8,549.0,1029.3,0.032,4.8,286.5,FOOD-DATA-GROUP4,28.32456799398948,17.655897821187075,54.01953418482344,1.5387755102040817,828,4.547647768395658,1.4957780458383596,23.6734693877551,10.0,4.583835946924005e-05,0,0,1,0,Healthy,70.2
171,171,poppy seeds,46,3.7,0.4,0.5,2.5,2.5,0.3,1.6,1.7,0.0,0.079,0.5,0.0,0.034,0.044,0.0,0.04,0.069,0.071,0.09,0.061,0.0,0.2,0.0,126.5,0.1,0.9,30.5,0.6,76.6,63.3,0.059,0.7,136.934,FOOD-DATA-GROUP4,20.512820512820515,32.05128205128205,47.43589743589744,0.4571428571428572,46,3.404255319148936,3.617021276595744,8.571428571428571,3.4,0.0016808510638297,0,0,0,0,Healthy,53.3
172,172,valencia peanuts raw,832,69.5,10.7,31.3,24.1,30.5,0.0,36.6,12.7,0.0,0.094,6.2,0.0,0.9,0.4,0.0,0.4,18.8,2.6,0.5,0.0,0.0,0.0,0.0,90.5,1.7,3.1,268.6,2.9,490.6,484.7,0.056,4.9,242.9,FOOD-DATA-GROUP4,26.79355783308932,22.327964860907763,50.878477306002935,1.161904761904762,832,4.393757503001201,1.5246098439375748,0.0,10.0,0.0001128451380552,0,0,1,0,Healthy,72.0
173,173,spanish peanuts,832,72.4,11.2,32.6,25.1,23.1,0.0,38.2,13.9,0.0,0.036,9.3,0.0,1.0,0.4,0.0,0.2,23.3,2.6,0.5,0.0,0.0,0.0,0.0,154.8,1.3,5.7,274.5,3.9,566.5,1086.2,0.077,3.1,308.1,FOOD-DATA-GROUP4,28.57142857142857,17.277486910994764,54.15108451757666,1.5850622406639003,832,4.585834333733494,1.6686674669867947,0.0,10.0,4.32172869147659e-05,0,0,1,0,Healthy,71.6
174,174,dill seeds,20,1.0,0.018,0.6,0.041,3.6,0.0,1.1,1.4,0.0,0.037,0.5,0.0,0.011,0.085,0.0,0.059,0.2,0.0,0.001,1.4,0.0,0.0,0.0,100.1,0.009,1.1,16.9,0.1,18.3,78.3,0.075,0.3,109.7,FOOD-DATA-GROUP4,19.29824561403509,63.1578947368421,17.543859649122805,0.2391304347826087,20,5.238095238095238,6.666666666666667,0.0,2.8,0.0017619047619047,0,0,0,0,Healthy,52.9
175,175,caraway seeds,22,1.0,0.03,0.5,0.2,3.3,0.038,1.3,2.5,0.0,0.014,0.7,0.0,0.096,0.052,0.0,0.075,0.2,0.0,0.099,1.4,0.0,0.2,0.0,46.2,0.077,1.1,17.3,0.034,38.1,90.5,0.062,0.4,56.8,FOOD-DATA-GROUP4,23.21428571428572,58.92857142857143,17.857142857142858,0.3023255813953489,22,5.652173913043479,10.869565217391305,0.8837209302325582,5.0,0.0006086956521739,0,0,0,0,Healthy,54.7
176,176,acorn raw,110,6.8,0.9,4.3,1.3,11.5,0.0,1.7,0.0,0.0,0.0,7.9,0.0,0.016,0.06,0.0,0.045,0.5,0.2,0.1,0.0,0.0,0.0,0.0,11.6,0.2,0.2,17.5,0.4,22.4,152.5,0.0,0.1,31.8,FOOD-DATA-GROUP4,8.5,57.49999999999999,34.0,0.136,110,1.5315315315315314,0.0,0.0,0.0,0.0,0,0,0,0,Healthy,50.6
177,177,almonds roasted,182,16.6,1.3,10.4,4.1,5.3,1.4,6.4,3.2,0.0,0.029,0.8,0.0,0.055,0.032,0.0,0.2,1.1,0.049,0.065,0.0,0.0,7.8,0.0,87.3,0.3,1.1,82.2,0.7,139.8,209.7,0.017,0.9,119.9,FOOD-DATA-GROUP4,22.61484098939929,18.727915194346288,58.65724381625442,1.015873015873016,182,3.4972677595628414,1.7486338797814207,22.22222222222222,6.4,0.0001584699453551,0,0,0,0,Healthy,58.1
178,178,lotus seeds raw,25,0.1,0.097,0.011,0.002,4.9,0.0,1.2,0.0,0.0,0.02,21.8,0.0,0.073,0.052,0.0,0.07,0.1,0.088,0.074,0.0,0.0,0.0,0.0,12.5,0.079,0.3,15.8,0.2,47.5,103.9,0.0,0.043,19.0,FOOD-DATA-GROUP4,19.35483870967742,79.03225806451614,1.6129032258064515,0.2033898305084745,25,4.615384615384615,0.0,0.0,0.0,0.0007692307692307,0,0,0,0,Healthy,50.8
179,179,chestnuts cooked,37,0.4,0.016,0.1,0.2,7.9,0.0,0.6,0.0,0.0,0.046,19.3,0.0,0.095,0.099,0.0,0.053,0.2,0.046,0.021,7.6,0.0,0.0,0.0,13.0,0.1,0.5,15.3,0.2,28.0,202.3,0.0,0.02,30.0,FOOD-DATA-GROUP4,6.741573033707865,88.76404494382022,4.49438202247191,0.0674157303370786,37,1.5789473684210529,0.0,0.0,0.0,0.0012105263157894,0,0,0,0,Healthy,50.4
180,180,alfalfa seeds,1,0.075,0.029,0.067,0.057,0.002,0.058,0.1,0.015,0.0,0.048,2.8,0.0,0.065,0.008,0.0,0.078,0.02,0.051,0.021,0.2,0.0,0.036,0.042,1.0,0.048,0.034,0.8,0.024,2.1,2.4,0.076,0.071,1.435,FOOD-DATA-GROUP4,56.49717514124294,1.129943502824859,42.3728813559322,0.0998003992015968,1,5.0,0.75,5.788423153692615,0.03,0.024,0,0,0,0,Healthy,50.1
181,181,virginia peanuts roasted,173,14.6,1.9,7.6,4.4,6.0,0.0,7.8,2.7,0.0,0.018,0.7,0.0,0.066,0.061,0.0,0.022,4.4,0.4,0.099,0.0,0.0,0.0,0.0,25.8,0.4,0.5,56.4,0.6,151.8,195.6,0.006,2.0,57.4,FOOD-DATA-GROUP4,27.464788732394368,21.126760563380284,51.40845070422535,1.1142857142857143,173,4.482758620689655,1.5517241379310347,0.0,5.4,0.000103448275862,0,0,0,0,Healthy,58.5
182,182,hazelnuts raw,471,45.6,3.3,34.2,5.9,12.5,3.3,11.2,7.3,0.0,0.0,4.0,0.0,0.5,0.034,0.0,0.022,1.4,0.7,0.4,4.7,0.0,11.3,0.097,85.5,1.3,3.5,122.3,4.6,217.5,510.0,0.012,1.8,170.3,FOOD-DATA-GROUP4,16.16161616161616,18.03751803751804,65.80086580086581,0.8296296296296296,471,2.3728813559322037,1.5466101694915253,24.444444444444443,10.0,0.0,0,0,0,0,Healthy,65.6
183,183,anise seeds,7,0.3,0.06,0.2,0.066,1.1,0.0,0.4,0.3,0.0,0.1,0.2,0.0,0.058,0.002,0.0,0.091,0.09,0.058,0.01,0.4,0.0,0.0,0.0,13.6,0.024,0.8,3.6,0.031,9.2,30.3,0.05,0.1,16.9,FOOD-DATA-GROUP4,22.222222222222225,61.11111111111112,16.666666666666664,0.1904761904761904,7,5.0,3.75,0.0,0.6,0.0125,0,0,0,0,Healthy,50.7
184,184,macadamia nuts roasted,215,22.8,3.6,17.8,0.4,4.0,1.2,2.3,2.4,0.0,0.064,0.5,0.0,0.2,0.002,0.0,0.086,0.7,0.2,0.1,0.2,0.0,0.2,0.0,21.0,0.2,0.8,35.4,0.9,59.4,108.9,0.085,0.4,53.5,FOOD-DATA-GROUP4,7.903780068728522,13.745704467353953,78.35051546391753,0.4599999999999999,215,1.0648148148148149,1.1111111111111112,24.0,4.8,0.0002962962962962,0,0,0,0,Healthy,52.1
185,185,studentenfutter alnatura,139,7.8,0.9,4.8,2.0,13.2,11.7,3.1,0.031,1.7,0.0,0.0,0.0,0.0,0.0,0.0,0.0,0.0,0.0,0.0,0.0,0.0,0.0,0.0,0.0,0.0,0.0,0.0,0.0,0.0,0.0,0.0,0.0,24.152,FOOD-DATA-GROUP4,12.863070539419086,54.77178423236514,32.365145228215766,0.2183098591549296,139,2.2142857142857144,0.0221428571428571,82.3943661971831,0.062,0.0,0,0,0,0,Healthy,47.0
186,186,pumpkin squash seeds roasted,46,3.9,0.7,1.3,1.6,1.2,0.1,2.4,0.5,0.0,0.045,0.2,0.0,0.046,0.041,0.0,0.046,0.4,0.02,0.012,0.1,0.0,0.049,0.002,4.2,0.1,0.6,44.0,0.4,93.9,63.0,0.05,0.6,12.9,FOOD-DATA-GROUP4,32.0,16.0,52.0,1.0909090909090908,46,5.106382978723404,1.0638297872340423,4.545454545454546,1.0,0.0009574468085106,0,0,0,0,Healthy,52.0
187,187,water chestnut raw,120,0.1,0.039,0.055,0.089,29.7,6.0,1.7,3.7,0.0,0.097,91.1,0.0,0.2,0.011,0.0,0.2,1.2,0.6,0.4,5.0,0.0,1.5,0.058,13.6,0.4,0.034,27.3,0.4,78.1,724.2,0.004,0.6,53.84,FOOD-DATA-GROUP4,5.396825396825396,94.28571428571428,0.3174603174603174,0.0553745928338762,120,1.4049586776859504,3.057851239669422,19.54397394136808,7.4,0.0008016528925619,0,0,0,0,Healthy,54.4
188,188,chestnuts roasted,37,0.3,0.009,0.1,0.1,7.9,1.6,0.5,0.8,0.0,0.043,6.1,0.0,0.08,0.096,0.0,0.011,0.2,0.046,0.075,3.9,0.0,0.08,0.008,4.4,0.075,0.1,5.0,0.2,16.1,88.8,0.037,0.086,17.9,FOOD-DATA-GROUP4,5.747126436781609,90.80459770114942,3.448275862068965,0.0561797752808988,37,1.3157894736842104,2.1052631578947367,17.97752808988764,1.6,0.0011315789473684,0,0,0,0,Healthy,50.9
189,189,ginkgo nuts raw,52,0.5,0.029,0.2,0.2,10.6,0.0,1.2,0.0,0.0,0.067,15.6,0.0,0.013,0.085,0.0,0.04,1.7,0.078,0.098,4.2,0.0,0.0,0.0,0.6,0.029,0.3,7.6,0.027,35.1,144.3,0.0,0.079,17.4,FOOD-DATA-GROUP4,9.75609756097561,86.1788617886179,4.065040650406504,0.1034482758620689,52,2.2641509433962264,0.0,0.0,0.0,0.0012641509433962,0,0,0,0,Healthy,50.9
190,190,almonds raw,9,0.7,0.04,0.5,0.2,0.3,0.026,0.3,0.2,0.0,0.043,0.026,0.0,0.079,0.073,0.0,0.066,0.052,0.068,0.029,0.0,0.0,0.4,0.0,4.0,0.007,0.082,4.0,0.007,7.3,10.6,0.013,0.061,5.554,FOOD-DATA-GROUP4,23.07692307692308,23.07692307692308,53.846153846153854,0.2307692307692307,9,3.0,2.0,2.0,0.4,0.0043,0,0,0,0,Healthy,50.5
191,191,peanuts roasted,180,15.8,2.6,7.8,4.6,4.6,1.3,8.4,2.8,0.0,0.069,0.4,0.0,0.057,0.051,0.0,0.02,4.1,0.4,0.1,0.2,0.0,2.1,0.0,18.3,0.2,0.5,52.8,0.6,119.1,217.8,0.066,1.0,50.6,FOOD-DATA-GROUP4,29.166666666666668,15.97222222222222,54.86111111111112,1.5000000000000002,180,4.640883977900553,1.5469613259668509,23.21428571428572,5.6,0.0003812154696132,0,0,0,0,Healthy,58.0
192,192,sunflower seeds toasted,829,76.1,8.0,14.5,50.3,27.6,0.0,23.1,15.4,0.0,0.8,1.3,0.0,0.4,0.3,0.0,0.4,5.6,9.5,1.1,1.9,0.0,0.0,0.0,76.4,2.5,9.1,172.9,2.8,1551.7,657.9,0.066,7.1,229.6,FOOD-DATA-GROUP4,18.21766561514196,21.766561514195583,60.01577287066245,0.8076923076923077,829,2.7831325301204823,1.855421686746988,0.0,10.0,0.0009638554216867,0,0,1,0,Healthy,74.0
193,193,sisymbrium seeds,235,3.4,0.7,1.1,1.5,43.1,0.0,9.0,0.0,0.0,0.047,4.5,0.0,0.1,0.072,0.0,0.3,12.5,0.7,0.6,22.7,0.0,0.0,0.0,1208.4,0.052,0.098,232.4,1.1,4.4,1576.2,0.0,0.2,1286.643,FOOD-DATA-GROUP4,16.216216216216218,77.65765765765767,6.126126126126126,0.2040816326530612,235,3.8135593220338975,0.0,0.0,0.0,0.0001991525423728,0,0,0,0,Healthy,56.2
194,194,breadnut tree seeds dried,587,2.7,0.7,0.3,1.4,127.0,0.0,13.8,23.8,0.0,0.091,10.4,0.0,0.04,0.2,0.0,0.2,3.4,3.0,1.1,74.6,0.0,0.0,0.0,150.4,3.9,7.4,184.0,0.5,284.8,3217.6,0.011,3.1,399.7,FOOD-DATA-GROUP4,9.616724738675956,88.50174216027874,1.8815331010452965,0.1078125,587,2.346938775510204,4.047619047619048,0.0,10.0,0.0001547619047619,0,0,0,0,Healthy,74.8
195,195,pecans raw,753,78.4,6.7,44.5,23.6,15.1,4.3,10.0,10.5,0.0,0.0,3.8,0.0,0.7,0.019,0.0,0.1,1.3,0.9,0.2,1.2,0.0,1.5,0.033,76.3,1.3,2.8,131.9,4.9,301.9,446.9,0.039,4.9,194.3,FOOD-DATA-GROUP4,9.66183574879227,14.589371980676328,75.74879227053141,0.6211180124223602,753,1.326259946949602,1.3925729442970822,26.708074534161486,10.0,0.0,0,0,1,0,Healthy,65.8
196,196,chia seeds dried,138,8.7,0.9,0.7,6.7,11.9,0.0,4.7,9.7,0.0,0.047,1.6,0.0,0.2,0.098,0.0,0.08,2.5,0.0,0.0,0.5,0.0,0.1,0.0,178.6,0.3,2.2,94.8,0.8,243.4,115.2,0.035,1.3,216.3,FOOD-DATA-GROUP4,18.57707509881423,47.03557312252965,34.387351778656125,0.3643410852713178,138,3.381294964028777,6.97841726618705,0.0,10.0,0.0003381294964028,0,0,0,0,Healthy,67.4
197,197,japanese chestnuts roasted,57,0.2,0.08,0.1,0.094,12.8,0.0,0.8,0.0,0.0,0.079,14.1,0.0,0.1,0.022,0.0,0.0,0.2,0.1,0.1,7.9,0.0,0.0,0.0,9.9,0.2,0.6,18.1,0.6,26.3,120.8,0.0,0.4,32.2,FOOD-DATA-GROUP4,5.797101449275362,92.7536231884058,1.4492753623188406,0.0579710144927536,57,1.3793103448275863,0.0,0.0,0.0,0.0013620689655172,0,0,0,0,Healthy,50.5
198,198,sesame seeds toasted,45,3.8,0.5,1.5,1.7,2.1,0.0,1.4,1.1,0.0,0.07,0.3,0.0,0.084,0.075,0.0,0.022,0.4,0.074,0.002,0.0,0.0,0.0,0.0,79.1,0.2,1.2,28.5,0.2,51.0,38.0,0.03,0.6,88.7,FOOD-DATA-GROUP4,19.17808219178082,28.76712328767124,52.05479452054794,0.4516129032258064,45,3.043478260869565,2.391304347826087,0.0,2.2,0.0015217391304347,0,0,0,0,Healthy,52.3
199,199,cashew nuts roasted,174,14.3,2.5,7.8,2.6,9.0,1.5,5.1,1.0,0.0,0.091,0.7,0.0,0.1,0.08,0.0,0.025,0.5,0.3,0.056,0.071,0.0,0.3,0.041,12.9,0.6,1.8,81.9,0.5,159.3,189.6,0.02,1.6,44.12,FOOD-DATA-GROUP4,17.957746478873236,31.690140845070424,50.352112676056336,0.51,174,2.914285714285714,0.5714285714285714,15.0,2.0,0.00052,0,0,0,0,Healthy,52.8
200,200,lupins raw,668,17.5,2.1,7.1,4.4,72.7,0.0,65.1,34.0,0.0,0.009,18.8,0.0,1.2,0.6,0.0,0.4,3.9,1.4,0.6,8.6,0.0,0.0,0.0,316.8,1.8,7.8,356.4,4.3,792.0,1823.4,0.09,8.6,522.5,FOOD-DATA-GROUP4,41.918866709594326,46.8126207340631,11.268512556342564,0.8833107191316145,668,9.730941704035876,5.082212257100149,0.0,10.0,1.3452914798206276e-05,0,0,0,0,Healthy,78.4
201,201,mustard seeds ground,10,0.7,0.012,0.5,0.2,0.6,0.1,0.5,0.2,0.0,0.017,0.1,0.0,0.072,0.093,0.0,0.02,0.093,0.018,0.0,0.1,0.0,0.1,0.086,5.3,0.055,0.2,7.4,0.078,16.6,14.8,0.003,0.1,7.6,FOOD-DATA-GROUP4,27.77777777777778,33.33333333333333,38.888888888888886,0.3125,10,4.545454545454546,1.8181818181818183,6.25,0.4,0.0015454545454545,0,0,0,0,Healthy,50.6
202,202,mixed nuts roasted,178,15.4,2.0,9.4,3.2,7.6,1.4,5.2,2.7,0.0,0.1,0.5,0.0,0.063,0.008,0.0,0.074,1.4,0.4,0.073,0.1,0.0,3.3,0.017,21.0,0.4,1.1,67.5,0.6,130.5,207.9,0.053,1.1,53.1,FOOD-DATA-GROUP4,18.43971631205673,26.95035460992907,54.60992907801418,0.6046511627906977,178,2.905027932960894,1.5083798882681565,16.279069767441857,5.4,0.000558659217877,0,0,0,0,Healthy,55.9
203,203,salat mix alestro,61,5.2,0.9,0.1,0.3,2.4,0.0,0.0,0.0,0.0,0.0,0.0,0.0,0.0,0.0,0.0,0.0,0.0,0.0,0.0,0.0,0.0,0.0,0.0,0.0,0.0,0.0,0.0,0.0,0.0,0.0,0.0,0.0,7.6,FOOD-DATA-GROUP4,0.0,31.57894736842105,68.42105263157895,0.0,61,0.0,0.0,0.0,0.0,0.0,0,0,0,0,Healthy,49.3
204,204,chestnuts raw,309,3.3,0.6,1.1,1.3,66.0,0.0,3.5,11.7,0.0,0.02,70.5,0.0,0.3,0.03,0.0,0.2,1.7,0.7,0.5,62.4,0.0,0.0,0.0,39.2,0.6,1.5,46.4,1.4,134.9,751.1,0.0,0.8,187.6,FOOD-DATA-GROUP4,4.807692307692308,90.65934065934066,4.532967032967033,0.0522388059701492,309,1.129032258064516,3.774193548387097,0.0,10.0,6.451612903225807e-05,0,0,0,0,Healthy,67.2
205,205,pistachio nuts roasted,172,13.7,1.7,7.4,4.0,8.5,2.3,6.3,3.1,0.0,0.008,0.6,0.0,0.0,0.2,0.009,0.0,0.072,0.4,0.2,0.3,0.9,0.0,0.7,0.054,32.1,0.4,1.2,32.7,0.4,140.7,302.1,0.021,32.348,FOOD-DATA-GROUP4,22.105263157894736,29.82456140350877,48.07017543859649,0.6631578947368421,172,3.641618497109826,1.7919075144508672,24.210526315789476,6.2,4.624277456647399e-05,0,0,0,0,Healthy,57.2
206,206,walnut,33,3.3,0.3,0.4,2.4,0.7,0.1,0.8,0.3,0.0,0.041,0.2,0.0,0.064,0.004,0.0,0.037,0.075,0.029,0.018,0.037,0.0,0.06,0.029,4.9,0.058,0.1,7.9,0.2,17.3,22.1,0.06,0.2,10.109,FOOD-DATA-GROUP4,16.666666666666668,14.583333333333334,68.75,0.4705882352941177,33,2.3529411764705883,0.8823529411764706,5.882352941176471,0.6,0.0012058823529411,0,0,0,0,Healthy,50.8
207,207,celery seeds,25,1.6,0.1,1.0,0.2,2.7,0.078,1.2,0.8,0.0,0.068,0.4,0.0,0.098,0.05,0.0,0.022,0.2,0.0,0.039,1.1,0.0,0.06,0.0,114.9,0.029,2.9,28.6,0.5,35.6,91.0,0.057,0.5,125.2,FOOD-DATA-GROUP4,21.818181818181817,49.09090909090909,29.090909090909093,0.3243243243243243,25,4.615384615384615,3.076923076923077,2.108108108108108,1.6,0.0026153846153846,0,0,0,0,Healthy,52.0
208,208,hickorynuts dried,788,77.2,8.4,39.1,26.3,21.9,0.0,15.3,7.7,0.0,0.053,3.2,0.0,1.0,0.042,0.0,0.2,1.1,2.1,0.2,2.4,0.0,0.0,0.0,73.2,0.9,2.5,207.6,5.5,403.2,523.2,0.038,5.2,200.2,FOOD-DATA-GROUP4,13.374125874125877,19.14335664335664,67.48251748251748,0.6681222707423582,788,1.9391634980988597,0.9759188846641318,0.0,10.0,6.717363751584284e-05,0,0,1,0,Healthy,66.7
209,209,spanish peanuts roasted,851,72.1,11.1,32.4,25.0,25.7,0.0,41.2,13.1,0.0,0.6,2.6,0.0,0.5,0.2,0.0,0.1,22.0,2.0,0.4,0.0,0.0,0.0,0.0,147.0,1.0,3.4,247.0,3.5,568.9,1140.7,0.083,2.9,302.5,FOOD-DATA-GROUP4,29.640287769784173,18.48920863309352,51.87050359712229,1.5430711610486894,851,4.835680751173709,1.5375586854460093,0.0,10.0,0.0007042253521126,0,0,1,0,Healthy,71.7
210,210,woca seeds dried,102,0.3,0.025,0.044,0.059,22.6,0.1,2.2,5.4,0.0,0.048,2.6,0.0,0.029,0.092,0.0,0.042,1.2,0.4,0.3,0.0,0.0,10.1,0.0,7.6,0.041,0.4,24.3,0.3,64.8,156.5,0.021,1.8,38.5,FOOD-DATA-GROUP4,8.764940239043826,90.0398406374502,1.195219123505976,0.0932203389830508,102,2.135922330097088,5.242718446601942,0.423728813559322,10.0,0.0004660194174757,0,0,0,0,Healthy,59.7
211,211,pecans roasted,215,22.6,2.2,12.3,7.1,3.9,1.2,2.8,2.9,0.0,0.062,0.3,0.0,0.1,0.053,0.0,0.02,0.4,0.2,0.071,0.2,0.0,0.8,0.0,20.1,0.4,0.7,36.3,1.1,78.9,117.6,0.004,1.3,53.2,FOOD-DATA-GROUP4,9.55631399317406,13.310580204778155,77.13310580204778,0.5714285714285714,215,1.2962962962962965,1.3425925925925926,24.489795918367346,5.8,0.000287037037037,0,0,0,0,Healthy,54.3
212,212,fennel seeds,7,0.3,0.008,0.2,0.065,1.0,0.0,0.3,0.8,0.0,0.097,0.2,0.0,0.021,0.0,0.0,0.092,0.1,0.0,0.045,0.4,0.0,0.0,0.0,23.9,0.051,0.4,7.7,0.1,9.7,33.9,0.0,0.042,27.1,FOOD-DATA-GROUP4,18.75,62.5,18.75,0.15,7,3.75,10.0,0.0,1.6,0.012125,0,0,0,0,Healthy,51.4
213,213,chinese chestnuts roasted,68,0.3,0.027,0.2,0.073,14.8,0.0,1.3,0.0,0.0,0.052,11.4,0.0,0.036,0.1,0.0,0.037,0.4,0.2,0.1,10.9,0.0,0.0,0.0,5.4,0.1,0.4,25.5,0.5,28.9,135.0,0.0,0.3,33.1,FOOD-DATA-GROUP4,7.926829268292682,90.24390243902438,1.8292682926829265,0.0822784810126582,68,1.884057971014493,0.0,0.0,0.0,0.0007536231884057,0,0,0,0,Healthy,51.0
214,214,watermelon seed kernels dried,602,51.2,10.6,8.0,30.3,16.5,0.0,30.6,0.0,0.0,0.1,5.5,0.0,0.2,0.038,0.0,0.2,3.8,0.4,0.032,0.0,0.0,0.0,0.0,58.3,0.7,7.9,556.2,1.7,815.4,699.8,0.0,11.1,164.5,FOOD-DATA-GROUP4,31.129196337741604,16.785350966429295,52.08545269582909,1.7485714285714289,602,5.074626865671642,0.0,0.0,0.0,0.0001658374792703,0,0,1,0,Limit,57.0
215,215,macadamia nuts raw,38,4.0,0.6,3.1,0.059,0.7,0.2,0.4,0.5,0.0,0.011,0.011,0.0,0.032,0.061,0.0,0.042,0.1,0.066,0.035,0.062,0.0,0.058,0.0,4.5,0.009,0.2,6.8,0.2,9.9,19.3,0.064,0.034,10.387,FOOD-DATA-GROUP4,7.843137254901962,13.725490196078432,78.43137254901961,0.2352941176470588,38,1.0256410256410255,1.282051282051282,11.764705882352942,1.0,0.0002820512820512,0,0,0,0,Healthy,50.5
216,216,pectin,163,0.2,0.052,0.093,0.076,45.2,0.0,0.2,4.3,0.0,0.1,4.4,0.0,0.042,0.025,0.0,0.021,0.017,0.023,0.063,0.0,0.0,0.0,0.0,3.5,0.2,1.4,0.5,0.094,1.0,3.5,0.0,0.2,54.8,FOOD-DATA-GROUP4,0.4385964912280701,99.12280701754383,0.4385964912280701,0.0043290043290043,163,0.1219512195121951,2.6219512195121952,0.0,8.6,0.0006097560975609,0,0,0,0,Healthy,56.6
217,217,black walnut dried,31,3.0,0.2,0.8,1.8,0.5,0.018,1.2,0.3,0.0,0.028,0.2,0.0,0.014,0.083,0.0,0.097,0.036,0.056,0.067,0.032,0.0,0.091,0.029,3.1,0.071,0.2,10.1,0.2,25.7,26.2,0.046,0.2,8.347,FOOD-DATA-GROUP4,25.53191489361702,10.638297872340424,63.82978723404255,0.7999999999999999,31,3.75,0.9375,1.2,0.6,0.000875,0,0,0,0,Healthy,51.2
218,218,water chestnut canned,70,0.015,0.05,0.068,0.053,17.2,3.4,1.2,3.5,0.0,0.011,121.0,0.0,0.035,0.016,0.0,0.03,0.5,0.3,0.2,1.8,0.0,0.7,0.043,5.6,0.1,1.2,7.0,0.2,26.6,165.2,0.099,0.5,30.594,FOOD-DATA-GROUP4,6.5164268259571,93.40211783871844,0.0814553353244637,0.0659340659340659,70,1.6901408450704225,4.929577464788732,18.68131868131868,7.0,0.0001549295774647,0,0,0,0,Healthy,54.8
219,219,ginkgo nuts dried,98,0.6,0.1,0.2,0.2,20.5,0.0,2.9,0.0,0.0,0.045,3.5,0.0,0.1,0.054,0.0,0.01,3.3,0.4,0.2,8.3,0.0,0.0,0.0,5.7,0.2,0.5,15.0,0.059,76.1,282.4,0.0,0.2,38.5,FOOD-DATA-GROUP4,12.083333333333334,85.41666666666666,2.5,0.1348837209302325,98,2.929292929292929,0.0,0.0,0.0,0.0004545454545454,0,0,0,0,Healthy,52.1
220,220,virginia peanuts raw,822,71.2,9.3,36.9,21.5,24.1,5.8,36.8,12.4,0.0,0.008,10.1,0.0,1.0,0.3,0.0,0.2,18.1,2.6,0.5,0.0,0.0,9.6,0.0,129.9,1.6,3.7,249.7,2.5,554.8,1007.4,0.042,6.5,278.1,FOOD-DATA-GROUP4,27.85768357305072,18.243754731264197,53.89856169568509,1.4661354581673305,822,4.471445929526124,1.5066828675577155,23.10756972111553,10.0,9.720534629404615e-06,0,0,1,0,Healthy,70.7
221,221,valencia peanuts roasted,177,15.4,2.4,6.9,5.3,4.9,0.0,8.1,2.7,0.0,0.004,0.6,0.0,0.052,0.003,0.0,0.068,4.3,0.4,0.072,0.0,0.0,0.0,0.0,16.2,0.3,0.5,48.0,0.5,95.7,183.6,0.046,0.9,47.8,FOOD-DATA-GROUP4,28.52112676056338,17.253521126760564,54.22535211267606,1.3728813559322033,177,4.550561797752809,1.5168539325842698,0.0,5.4,2.2471910112359552e-05,0,0,0,0,Healthy,58.3
222,222,nesfit diet cereal nestle,75,0.0,14.5,2.8,0.0,0.0,0.0,0.0,0.0,0.0,0.0,0.0,0.0,0.0,0.0,0.0,0.0,0.0,0.0,0.0,0.0,0.0,0.0,0.0,0.0,0.0,0.0,0.0,0.0,0.0,0.0,0.0,0.0,0.0,FOOD-DATA-GROUP4,0.0,0.0,0.0,0.0,75,0.0,0.0,0.0,0.0,0.0,0,0,1,0,Limit,39.1
223,223,corn grits cooked,182,1.2,0.2,0.2,0.4,37.9,0.3,4.4,2.1,0.0,0.6,213.1,0.0,0.2,0.002,0.0,0.1,2.1,0.1,0.1,0.0,0.0,0.03,0.0,2.6,0.0,1.5,18.0,0.008,51.4,69.4,0.052,0.5,49.7,FOOD-DATA-GROUP4,10.114942528735634,87.1264367816092,2.7586206896551726,0.1131105398457583,182,2.4043715846994536,1.1475409836065575,0.7712082262210797,4.2,0.0032786885245901,0,0,0,0,Healthy,56.2
224,224,amaranth flakes,134,2.7,0.5,0.8,1.0,27.0,0.2,5.9,3.6,0.0,0.067,1.1,0.0,0.033,0.025,0.0,0.0,1.0,0.0,0.006,1.0,0.0,0.5,0.007,6.5,0.011,0.7,9.5,0.0,125.8,134.1,0.009,0.011,47.4,FOOD-DATA-GROUP4,16.57303370786517,75.84269662921348,7.584269662921349,0.2107142857142857,134,4.37037037037037,2.666666666666667,0.7142857142857143,7.2,0.0004962962962962,0,0,0,0,Healthy,59.4
225,225,granola,293,14.6,2.4,6.6,4.7,32.3,11.9,8.2,5.3,0.0,0.01,3.5,0.008,0.3,0.017,0.0,0.2,1.6,0.9,0.2,0.7,0.0,6.7,0.035,45.6,0.4,2.4,100.8,2.4,258.6,323.4,0.087,2.5,109.142,FOOD-DATA-GROUP4,14.882032667876585,58.620689655172406,26.497277676951,0.2462462462462462,293,2.7891156462585034,1.8027210884353744,35.735735735735744,10.0,3.401360544217687e-05,0,0,0,0,Healthy,57.5
226,226,muesli with fruit nuts,231,3.4,0.5,1.2,1.4,45.7,14.2,4.3,5.8,0.0,0.1,5.1,0.2,0.4,177.6,0.047,0.5,5.5,2.8,0.5,0.0,0.028,1.4,0.038,25.8,0.2,5.9,72.0,1.3,176.4,229.2,0.083,1.6,91.1,FOOD-DATA-GROUP4,8.05243445692884,85.5805243445693,6.367041198501873,0.0920770877944325,231,1.853448275862069,2.5,30.406852248394,10.0,0.0004310344827586,0,0,0,0,Healthy,55.9
227,227,muesli master crumble,124,2.4,1.0,19.8,8.5,4.5,0.042,2.4,0.0,0.0,0.0,0.0,0.0,0.0,0.0,0.0,0.0,0.0,0.0,0.0,0.0,0.0,0.0,0.0,0.0,0.0,0.0,0.0,0.0,0.0,0.0,0.0,0.0,9.3,FOOD-DATA-GROUP4,25.806451612903224,48.38709677419354,25.806451612903224,0.4363636363636363,124,1.92,0.0,0.7636363636363637,0.0,0.0,0,0,0,0,Healthy,51.0
228,228,bran flakes,131,0.8,0.2,0.1,0.5,32.2,7.4,4.0,7.3,0.0,0.2,1.4,0.0,0.3,0.5,0.4,0.011,0.6,6.7,0.3,0.7,0.0,0.09,0.3,0.025,17.6,0.3,11.2,91.6,1.4,179.6,213.2,0.083,45.358,FOOD-DATA-GROUP4,10.81081081081081,87.02702702702703,2.1621621621621623,0.1204819277108433,131,3.0303030303030303,5.530303030303029,22.289156626506024,10.0,0.0015151515151515,0,0,0,0,Healthy,60.8
229,229,nut cereal,245,5.9,1.0,3.9,0.5,46.2,17.2,4.0,3.6,0.0,0.3,2.6,0.2,0.5,0.3,0.0,0.6,6.5,0.3,0.7,10.7,0.002,0.0,0.0,75.6,0.2,10.3,39.0,1.0,106.8,134.4,0.066,3.0,156.5,FOOD-DATA-GROUP4,7.130124777183601,82.3529411764706,10.516934046345812,0.0847457627118644,245,1.6260162601626018,1.4634146341463417,36.440677966101696,7.2,0.0012195121951219,0,1,0,0,Limit,50.8
230,230,corn flakes,108,0.3,0.098,0.071,0.018,24.6,2.2,1.7,0.8,0.0,0.2,0.9,0.0,0.3,1.3,0.026,0.056,0.5,5.9,0.022,0.5,18.2,0.011,0.011,0.0,0.6,0.083,5.4,2.0,0.06,9.2,30.0,0.077,27.947,FOOD-DATA-GROUP4,6.390977443609022,92.4812030075188,1.1278195488721805,0.06640625,108,1.5596330275229358,0.7339449541284404,8.59375,1.6,0.0018348623853211,0,0,0,0,Healthy,51.5
231,231,corn grits dry,36,0.2,0.022,0.018,0.032,7.7,0.008,0.7,0.4,0.0,0.054,1.1,0.0,0.1,0.08,0.0,0.032,0.4,0.072,0.097,0.0,0.0,0.07,0.0,0.4,0.086,0.3,3.5,0.029,10.8,13.7,0.024,0.046,9.7,FOOD-DATA-GROUP4,8.139534883720929,89.53488372093024,2.3255813953488373,0.0804597701149425,36,1.891891891891892,1.0810810810810811,0.0919540229885057,0.8,0.0014594594594594,0,0,0,0,Healthy,51.1
0,0,margarine with yoghurt,88,9.8,1.9,5.6,2.0,0.073,0.0,0.058,0.0,0.0,0.018,3.9,0.1,0.074,0.086,0.073,0.005,0.097,0.0,0.075,0.082,0.0,0.7,0.002,2.8,0.001,0.027,0.3,0.0,2.2,3.5,0.0,0.008,12.971,FOOD-DATA-GROUP5,0.5840298056590474,0.7350719967777665,98.68089819756318,0.054054054054054,88,0.0651685393258427,0.0,0.0,0.0,0.0002022471910112,0,0,0,0,Healthy,48.6
1,1,sunflower seed butter,99,8.8,0.7,6.2,1.6,3.7,1.7,2.8,0.9,0.0,0.065,0.1,0.0,0.021,0.005,0.0,0.075,1.1,0.2,0.013,0.4,0.0,3.7,0.0,10.2,0.3,0.7,49.8,0.3,106.6,92.2,0.075,0.8,27.5,FOOD-DATA-GROUP5,18.30065359477124,24.18300653594771,57.516339869281055,0.5957446808510638,99,2.8,0.9000000000000001,36.17021276595744,1.8,0.00065,0,0,0,0,Healthy,52.2
2,2,hazelnut oil,120,13.6,1.0,10.6,1.4,0.0,0.0,0.0,0.0,0.0,0.0,0.0,0.0,0.0,0.0,0.0,0.0,0.0,0.0,0.0,0.0,0.0,6.4,0.0,0.0,0.0,0.0,0.0,0.0,0.0,0.0,0.0,0.0,13.6,FOOD-DATA-GROUP5,0.0,0.0,100.0,0.0,120,0.0,0.0,0.0,0.0,0.0,0,0,0,0,Healthy,49.2
3,3,menhaden fish oil,1966,218.0,66.3,58.2,74.5,0.0,0.0,0.0,0.0,1135.8,0.0,0.0,0.0,0.0,0.0,0.0,0.0,0.0,0.0,0.0,0.0,0.0,0.0,0.0,0.0,0.0,0.0,0.0,0.0,0.0,0.0,0.0,0.0,218.0,FOOD-DATA-GROUP5,0.0,0.0,100.0,0.0,1966,0.0,0.0,0.0,0.0,0.0,0,0,1,1,Avoid,35.0
4,4,cod liver fish oil,123,13.6,3.1,6.4,3.1,0.0,0.0,0.0,0.0,77.5,0.0,0.0,4.1,0.0,0.0,0.0,0.0,0.0,0.0,0.0,0.0,0.004,0.0,0.0,0.0,0.0,0.0,0.0,0.0,0.0,0.0,0.0,0.0,17.7,FOOD-DATA-GROUP5,0.0,0.0,100.0,0.0,123,0.0,0.0,0.0,0.0,0.0,0,0,0,0,Healthy,47.7
5,5,sardine oil,123,13.6,4.1,4.6,4.3,0.0,0.0,0.0,0.0,96.6,0.0,0.0,0.0,0.0,0.0,0.0,0.0,0.0,0.0,0.0,0.0,0.02,0.0,0.0,0.0,0.0,0.0,0.0,0.0,0.0,0.0,0.0,0.0,13.6,FOOD-DATA-GROUP5,0.0,0.0,100.0,0.0,123,0.0,0.0,0.0,0.0,0.0,0,0,0,0,Healthy,46.9
6,6,cupu assu oil,120,13.6,7.2,5.3,0.5,0.0,0.0,0.0,0.0,0.0,0.0,0.0,0.0,0.0,0.0,0.0,0.0,0.0,0.0,0.0,0.0,0.0,0.035,0.0,0.0,0.0,0.0,0.0,0.0,0.0,0.0,0.0,0.0,13.6,FOOD-DATA-GROUP5,0.0,0.0,100.0,0.0,120,0.0,0.0,0.0,0.0,0.0,0,0,1,0,Limit,44.6
7,7,lard,115,12.8,5.0,5.8,1.4,0.0,0.0,0.0,0.0,12.2,0.0,0.0,0.0,0.0,0.0,0.0,0.0,0.0,0.0,0.0,0.0,0.025,0.078,0.0,0.0,0.0,0.0,0.0,0.0,0.0,0.0,0.012,0.089,12.8,FOOD-DATA-GROUP5,0.0,0.0,100.0,0.0,115,0.0,0.0,0.0,0.0,0.0,0,0,0,0,Healthy,46.2
8,8,sesame butter,94,8.1,1.1,3.1,3.6,3.8,0.0,2.9,0.9,0.0,0.031,0.3,0.0,0.004,0.002,0.0,0.099,1.1,0.077,0.1,0.0,0.0,0.0,0.0,153.6,0.7,3.1,57.9,0.4,105.4,93.1,0.088,1.2,172.4,FOOD-DATA-GROUP5,19.594594594594597,25.675675675675677,54.729729729729726,0.6041666666666666,94,3.052631578947368,0.9473684210526316,0.0,1.8,0.0003263157894736,0,0,0,0,Healthy,52.7
9,9,margarine spread,59,6.7,1.2,2.3,2.8,0.1,0.0,0.082,0.0,0.1,0.019,7.0,0.0,0.0,0.067,0.0,0.084,0.0,0.051,0.049,0.0,0.0,0.6,0.073,0.6,0.045,0.078,0.1,0.0,0.6,5.0,0.0,0.054,7.547,FOOD-DATA-GROUP5,1.191514094739901,1.4530659691950014,97.35541993606508,0.0745454545454545,59,0.1366666666666666,0.0,0.0,0.0,0.0003166666666666,0,0,0,0,Healthy,49.2
10,10,lard vegetable oil,115,12.8,5.2,5.7,1.4,0.0,0.0,0.0,0.0,7.2,0.0,0.0,0.0,0.0,0.0,0.0,0.0,0.0,0.0,0.0,0.0,0.0,0.1,0.016,0.0,0.0,0.0,0.0,0.0,0.0,0.0,0.0,0.0,12.8,FOOD-DATA-GROUP5,0.0,0.0,100.0,0.0,115,0.0,0.0,0.0,0.0,0.0,0,0,1,0,Limit,46.1
11,11,shortening,113,12.8,3.2,5.7,3.3,0.0,0.0,0.0,0.0,0.0,0.0,0.0,0.0,0.0,0.0,0.0,0.0,0.0,0.0,0.0,0.0,0.0,0.8,0.039,0.0,0.0,0.0,0.0,0.0,0.0,0.0,0.0,0.0,12.8,FOOD-DATA-GROUP5,0.0,0.0,100.0,0.0,113,0.0,0.0,0.0,0.0,0.0,0,0,0,0,Healthy,47.6
12,12,vegetable oil spread,75,8.4,1.7,2.7,3.7,0.1,0.0,0.007,0.0,0.1,0.081,5.3,0.1,0.098,0.052,0.088,0.06,0.081,0.0,0.5,0.092,0.0,3.0,0.022,2.9,0.0,0.0,0.3,0.0,2.2,4.2,0.0,0.0,11.613,FOOD-DATA-GROUP5,0.0822851769131303,1.1755025273304338,98.74221229575645,0.0063636363636363,75,0.0092105263157894,0.0,0.0,0.0,0.0010657894736842,0,0,0,0,Healthy,48.7
13,13,cottonseed oil,120,13.6,3.5,2.4,7.1,0.0,0.0,0.0,0.0,0.0,0.0,0.0,0.0,0.0,0.0,0.0,0.0,0.0,0.0,0.0,0.0,0.0,4.8,0.066,0.0,0.0,0.0,0.0,0.0,0.0,0.0,0.0,0.0,13.6,FOOD-DATA-GROUP5,0.0,0.0,100.0,0.0,120,0.0,0.0,0.0,0.0,0.0,0,0,0,0,Healthy,47.4
14,14,vegetable oil spread fat free,6,0.5,0.015,0.1,0.3,0.4,0.0,0.2,0.0,0.2,0.1,13.7,0.1,0.015,0.004,0.069,0.079,0.002,0.0,0.077,0.051,0.0,0.8,0.062,5.7,0.052,0.041,0.6,0.0,4.5,7.5,0.0,0.044,7.001,FOOD-DATA-GROUP5,18.181818181818183,36.36363636363637,45.45454545454545,0.1428571428571428,6,2.857142857142857,0.0,0.0,0.0,0.0142857142857142,0,0,0,0,Healthy,50.1
15,15,soy margarine,88,9.9,3.2,5.2,1.1,0.0,0.0,0.0,0.0,0.0,0.1,3.9,2.7,0.0,0.006,0.058,0.0,0.035,0.0,0.041,0.051,0.0,0.0,0.8,0.0,0.0,0.0,0.0,0.0,0.0,0.0,0.0,0.0,12.642,FOOD-DATA-GROUP5,0.0,0.0,100.0,0.0,88,0.0,0.0,0.0,0.0,0.0011235955056179,0,0,0,0,Healthy,47.6
16,16,margarine with salt,100,11.3,2.1,5.4,3.4,0.017,0.0,0.031,0.0,0.0,0.1,2.3,2.1,0.1,0.001,0.063,0.08,0.094,0.054,0.0,0.036,0.013,0.0,1.3,0.068,0.4,0.0,0.059,0.4,0.0,0.7,2.5,0.0,13.618,FOOD-DATA-GROUP5,0.2731758900246739,0.1498061332393373,99.577017976736,0.0304818092428711,100,0.0306930693069306,0.0,0.0,0.0,0.0009900990099009,0,0,0,0,Healthy,48.4
17,17,margarine,102,11.5,2.2,5.5,3.5,0.018,0.0,0.037,0.0,0.0,0.091,2.3,2.1,0.1,0.084,0.065,0.02,0.093,0.034,0.0,0.076,0.098,0.0,1.3,0.059,0.4,0.0,0.073,0.4,0.0,0.7,2.6,0.0,13.719,FOOD-DATA-GROUP5,0.3202077022933794,0.155776720034617,99.524015577672,0.0363457760314341,102,0.0359223300970873,0.0,0.0,0.0,0.000883495145631,0,0,0,0,Healthy,48.4
18,18,salmon fish oil,123,13.6,2.7,3.9,5.5,0.0,0.0,0.0,0.0,66.0,0.0,0.0,0.0,0.0,0.0,0.0,0.0,0.0,0.0,0.0,0.0,0.0,0.0,0.0,0.0,0.0,0.0,0.0,0.0,0.0,0.0,0.0,0.0,13.6,FOOD-DATA-GROUP5,0.0,0.0,100.0,0.0,123,0.0,0.0,0.0,0.0,0.0,0,0,0,0,Healthy,48.0
19,19,nutmeg butter oil,1927,218.0,196.2,10.5,0.0,0.0,0.0,0.0,0.0,0.0,0.0,0.0,0.0,0.0,0.0,0.0,0.0,0.0,0.0,0.0,0.0,0.0,0.4,0.0,0.0,0.0,0.0,0.0,0.0,0.0,0.0,0.0,0.0,218.0,FOOD-DATA-GROUP5,0.0,0.0,100.0,0.0,1927,0.0,0.0,0.0,0.0,0.0,0,0,1,0,Avoid,35.0
20,20,almond butter,98,8.9,0.7,5.2,2.2,3.0,0.7,3.4,1.6,0.0,0.037,0.3,0.0,0.039,0.017,0.0,0.2,0.5,0.016,0.072,0.0,0.0,3.9,0.0,55.5,0.1,0.6,44.6,0.3,81.3,119.7,0.054,0.5,73.0,FOOD-DATA-GROUP5,22.22222222222222,19.607843137254903,58.16993464052288,0.85,98,3.4343434343434343,1.616161616161616,17.5,3.2,0.0003737373737373,0,0,0,0,Healthy,54.1
21,21,sour cream shoprite,60,5.0,3.5,1.0,1.0,1.0,0.014,0.0,0.0,0.0,0.0,0.0,0.0,0.0,0.0,0.0,0.0,0.0,0.0,0.0,0.0,0.0,0.0,0.0,0.0,0.0,0.0,0.0,0.0,0.0,0.0,0.0,0.0,6.0,FOOD-DATA-GROUP5,0.0,16.666666666666664,83.33333333333334,0.0,60,0.0,0.0,0.7000000000000001,0.0,0.0,0,0,0,0,Healthy,47.4
22,22,ucuhuba butter oil,120,13.6,11.6,0.9,0.4,0.0,0.0,0.0,0.0,0.0,0.0,0.0,0.0,0.0,0.0,0.0,0.0,0.0,0.0,0.0,0.0,0.0,0.061,0.0,0.0,0.0,0.0,0.0,0.0,0.0,0.0,0.0,0.0,13.6,FOOD-DATA-GROUP5,0.0,0.0,100.0,0.0,120,0.0,0.0,0.0,0.0,0.0,0,0,1,0,Limit,41.3
23,23,chicken fat,115,12.8,3.8,5.7,2.7,0.0,0.0,0.0,0.0,10.9,0.0,0.032,0.0,0.0,0.0,0.0,0.0,0.0,0.0,0.0,0.0,0.011,0.3,0.0,0.0,0.0,0.0,0.0,0.0,0.0,0.0,0.068,0.0,12.8,FOOD-DATA-GROUP5,0.0,0.0,100.0,0.0,115,0.0,0.0,0.0,0.0,0.0,0,0,0,0,Healthy,47.1
24,24,herring fish oil,123,13.6,2.9,7.7,2.1,0.0,0.0,0.0,0.0,104.2,0.0,0.0,0.0,0.0,0.0,0.0,0.0,0.0,0.0,0.0,0.0,0.0,0.0,0.0,0.0,0.0,0.0,0.0,0.0,0.0,0.0,0.0,0.0,13.6,FOOD-DATA-GROUP5,0.0,0.0,100.0,0.0,123,0.0,0.0,0.0,0.0,0.0,0,0,0,1,Healthy,47.8
25,25,bacon grease,39,4.3,1.7,1.9,0.5,0.0,0.0,0.0,0.0,4.1,0.009,0.0,0.0,0.0,0.0,0.0,0.0,0.0,0.0,0.0,0.0,0.063,0.081,0.0,0.0,0.0,0.0,0.0,0.0,0.0,0.0,0.0,0.031,4.3,FOOD-DATA-GROUP5,0.0,0.0,100.0,0.0,39,0.0,0.0,0.0,0.0,0.000225,0,0,0,0,Healthy,48.7
26,26,turkey fat,45,5.0,1.5,2.1,1.2,0.0,0.0,0.0,0.0,5.1,0.0,0.014,0.0,0.0,0.0,0.0,0.0,0.0,0.0,0.0,0.0,0.085,0.1,0.0,0.0,0.0,0.0,0.0,0.0,0.0,0.0,0.083,0.0,5.0,FOOD-DATA-GROUP5,0.0,0.0,100.0,0.0,45,0.0,0.0,0.0,0.0,0.0,0,0,0,0,Healthy,48.9
27,27,beef tallow,115,12.8,6.4,5.4,0.5,0.0,0.0,0.0,0.0,14.0,0.0,0.0,0.0,0.0,0.0,0.0,0.0,0.0,0.0,0.0,0.0,0.062,0.3,0.0,0.0,0.0,0.0,0.0,0.0,0.0,0.0,0.015,0.0,12.8,FOOD-DATA-GROUP5,0.0,0.0,100.0,0.0,115,0.0,0.0,0.0,0.0,0.0,0,0,1,0,Limit,45.2
28,28,goose fat,45,5.0,1.4,2.8,0.6,0.0,0.0,0.0,0.0,5.0,0.0,0.053,0.0,0.0,0.0,0.0,0.0,0.0,0.0,0.0,0.0,0.0,0.1,0.0,0.0,0.0,0.0,0.0,0.0,0.0,0.0,0.098,0.0,5.0,FOOD-DATA-GROUP5,0.0,0.0,100.0,0.0,45,0.0,0.0,0.0,0.0,0.0,0,0,0,0,Healthy,49.0
29,29,duck fat,44,5.0,1.7,2.5,0.6,0.0,0.0,0.0,0.0,5.0,0.0,0.015,0.0,0.0,0.0,0.0,0.0,0.0,0.0,0.0,0.0,0.043,0.1,0.0,0.0,0.0,0.0,0.0,0.0,0.0,0.0,0.041,0.0,5.0,FOOD-DATA-GROUP5,0.0,0.0,100.0,0.0,44,0.0,0.0,0.0,0.0,0.0,0,0,0,0,Healthy,48.7
30,30,mutton tallow,45,5.0,2.4,2.0,0.4,0.0,0.0,0.0,0.0,5.1,0.0,0.0,0.0,0.0,0.0,0.0,0.0,0.0,0.0,0.0,0.0,0.089,0.1,0.0,0.0,0.0,0.0,0.0,0.0,0.0,0.0,0.057,0.0,5.0,FOOD-DATA-GROUP5,0.0,0.0,100.0,0.0,45,0.0,0.0,0.0,0.0,0.0,0,0,0,0,Healthy,48.2
31,31,grapeseed oil,120,13.6,1.3,2.2,9.5,0.0,0.0,0.0,0.0,0.0,0.0,0.0,0.0,0.0,0.0,0.0,0.0,0.0,0.0,0.0,0.0,0.0,3.9,0.0,0.0,0.0,0.0,0.0,0.0,0.0,0.0,0.0,0.0,13.6,FOOD-DATA-GROUP5,0.0,0.0,100.0,0.0,120,0.0,0.0,0.0,0.0,0.0,0,0,0,0,Healthy,49.0
32,32,sheanut oil,1927,218.0,101.6,95.9,11.3,0.0,0.0,0.0,0.0,0.0,0.0,0.0,0.0,0.0,0.0,0.0,0.0,0.0,0.0,0.0,0.0,0.0,0.0,0.0,0.0,0.0,0.0,0.0,0.0,0.0,0.0,0.0,0.0,218.0,FOOD-DATA-GROUP5,0.0,0.0,100.0,0.0,1927,0.0,0.0,0.0,0.0,0.0,0,0,1,0,Avoid,35.0
33,33,almond oil,120,13.6,1.1,9.5,2.4,0.0,0.0,0.0,0.0,0.0,0.0,0.0,0.0,0.0,0.0,0.0,0.0,0.0,0.0,0.0,0.0,0.0,5.3,0.053,0.0,0.0,0.0,0.0,0.0,0.0,0.0,0.0,0.0,13.6,FOOD-DATA-GROUP5,0.0,0.0,100.0,0.0,120,0.0,0.0,0.0,0.0,0.0,0,0,0,0,Healthy,49.2
34,34,sunflower oil,120,13.6,1.2,7.8,3.9,0.0,0.0,0.0,0.0,0.0,0.0,0.0,0.066,0.0,0.0,0.0,0.0,0.0,0.0,0.0,0.0,0.0,0.0,5.6,0.1,0.0,0.0,0.06,0.0,0.0,0.0,0.0,0.0,13.617,FOOD-DATA-GROUP5,0.0,0.0,100.0,0.0,120,0.0,0.0,0.0,0.0,0.0,0,0,0,0,Healthy,49.1
35,35,cashew butter,94,7.9,1.6,4.7,1.3,4.4,0.8,2.8,0.3,0.0,0.071,0.5,0.0,0.065,0.099,0.0,0.042,0.3,0.2,0.059,0.0,0.0,0.1,0.093,6.9,0.4,0.8,41.3,0.1,73.1,87.4,0.056,0.8,23.1,FOOD-DATA-GROUP5,18.543046357615893,29.13907284768212,52.31788079470199,0.5185185185185185,94,2.9473684210526314,0.3157894736842105,14.814814814814811,0.6,0.0007473684210526,0,0,0,0,Healthy,51.0
36,36,canola oil,124,14.0,1.0,8.9,3.9,0.0,0.0,0.0,0.0,0.0,0.0,0.0,0.032,0.0,0.0,0.0,0.0,0.0,0.0,0.0,0.0,0.0,0.0,2.4,0.088,0.0,0.0,0.0,0.0,0.0,0.0,0.0,0.0,14.132,FOOD-DATA-GROUP5,0.0,0.0,100.0,0.0,124,0.0,0.0,0.0,0.0,0.0,0,0,0,0,Healthy,49.2
37,37,babassu oil,1927,218.0,177.0,24.9,3.5,0.0,0.0,0.0,0.0,0.0,0.0,0.0,0.0,0.0,0.0,0.0,0.0,0.0,0.0,0.0,0.0,0.0,41.6,0.0,0.0,0.0,0.0,0.0,0.0,0.0,0.0,0.0,0.0,218.0,FOOD-DATA-GROUP5,0.0,0.0,100.0,0.0,1927,0.0,0.0,0.0,0.0,0.0,0,0,1,0,Avoid,35.0
38,38,teaseed oil,120,13.6,2.9,7.0,3.1,0.0,0.0,0.0,0.0,0.0,0.0,0.0,0.0,0.0,0.0,0.0,0.0,0.0,0.0,0.0,0.0,0.0,0.0,0.0,0.0,0.0,0.0,0.0,0.0,0.0,0.0,0.0,0.0,13.6,FOOD-DATA-GROUP5,0.0,0.0,100.0,0.0,120,0.0,0.0,0.0,0.0,0.0,0,0,0,0,Healthy,47.8
39,39,avocado oil,124,14.0,1.6,9.9,1.9,0.0,0.0,0.0,0.0,0.0,0.0,0.0,0.0,0.0,0.0,0.0,0.0,0.0,0.0,0.0,0.0,0.0,0.0,0.0,0.0,0.0,0.0,0.0,0.0,0.0,0.0,0.0,0.0,14.0,FOOD-DATA-GROUP5,0.0,0.0,100.0,0.0,124,0.0,0.0,0.0,0.0,0.0,0,0,0,0,Healthy,48.8
40,40,vegetable palm kernel oil,117,13.6,11.1,1.6,0.2,0.0,0.0,0.0,0.0,0.0,0.0,0.0,0.0,0.0,0.0,0.0,0.0,0.0,0.0,0.0,0.0,0.0,0.5,0.026,0.0,0.0,0.0,0.0,0.0,0.0,0.0,0.0,0.0,13.6,FOOD-DATA-GROUP5,0.0,0.0,100.0,0.0,117,0.0,0.0,0.0,0.0,0.0,0,0,1,0,Limit,41.7
41,41,coconut oil,117,13.6,11.2,0.9,0.2,0.0,0.0,0.0,0.0,0.0,0.0,0.0,0.045,0.0,0.0,0.0,0.0,0.0,0.0,0.0,0.0,0.0,0.0,0.017,0.029,0.0,0.0,0.013,0.0,0.0,0.0,0.0,0.0,13.661,FOOD-DATA-GROUP5,0.0,0.0,100.0,0.0,117,0.0,0.0,0.0,0.0,0.0,0,0,1,0,Limit,41.6
42,42,safflower oil,120,13.6,1.0,10.2,1.7,0.0,0.0,0.0,0.0,0.0,0.0,0.0,0.0,0.0,0.0,0.0,0.0,0.0,0.0,0.0,0.0,0.0,4.6,0.055,0.0,0.0,0.0,0.0,0.0,0.0,0.0,0.0,0.0,13.6,FOOD-DATA-GROUP5,0.0,0.0,100.0,0.0,120,0.0,0.0,0.0,0.0,0.0,0,0,0,0,Healthy,49.2
43,43,vegetable oil,120,13.6,2.1,3.1,7.8,0.0,0.0,0.0,0.0,0.0,0.0,0.0,0.08,0.0,0.0,0.0,0.0,0.0,0.0,0.0,0.0,0.0,0.0,1.3,0.073,0.0,0.0,0.083,0.0,0.0,0.0,0.0,0.0,13.706,FOOD-DATA-GROUP5,0.0,0.0,100.0,0.0,120,0.0,0.0,0.0,0.0,0.0,0,0,0,0,Healthy,48.4
44,44,apricot kernel oil,40,4.5,0.3,2.7,1.3,0.0,0.0,0.0,0.0,0.0,0.0,0.0,0.0,0.0,0.0,0.0,0.0,0.0,0.0,0.0,0.0,0.0,0.2,0.0,0.0,0.0,0.0,0.0,0.0,0.0,0.0,0.0,0.0,4.5,FOOD-DATA-GROUP5,0.0,0.0,100.0,0.0,40,0.0,0.0,0.0,0.0,0.0,0,0,0,0,Healthy,49.8
45,45,peanut oil,119,13.5,2.3,6.2,4.3,0.0,0.0,0.0,0.0,0.0,0.0,0.0,0.0,0.0,0.0,0.0,0.0,0.0,0.0,0.0,0.0,0.0,2.1,0.04,0.0,0.0,0.004,0.0,0.0,0.0,0.0,0.0,0.056,13.575,FOOD-DATA-GROUP5,0.0,0.0,100.0,0.0,119,0.0,0.0,0.0,0.0,0.0,0,0,0,0,Healthy,48.3
46,46,poppyseed oil,120,13.6,1.8,2.7,8.5,0.0,0.0,0.0,0.0,0.0,0.0,0.0,0.0,0.0,0.0,0.0,0.0,0.0,0.0,0.0,0.0,0.0,1.6,0.0,0.0,0.0,0.0,0.0,0.0,0.0,0.0,0.0,0.0,13.6,FOOD-DATA-GROUP5,0.0,0.0,100.0,0.0,120,0.0,0.0,0.0,0.0,0.0,0,0,0,0,Healthy,48.6
47,47,flaxseed oil,120,13.6,1.2,2.5,9.2,0.0,0.0,0.086,0.0,0.0,0.0,0.04,0.0,0.0,0.0,0.0,0.0,0.0,0.0,0.0,0.0,0.0,0.025,0.081,0.1,0.0,0.0,0.0,0.0,0.1,0.0,0.0,0.086,13.729,FOOD-DATA-GROUP5,0.6283793657752448,0.0,99.37162063422475,0.086,120,0.0710743801652892,0.0,0.0,0.0,0.0,0,0,0,0,Healthy,49.2
48,48,tomatoseed oil,1927,218.0,42.9,49.7,115.8,0.0,0.0,0.0,0.0,0.0,0.0,0.0,0.0,0.0,0.0,0.0,0.0,0.0,0.0,0.0,0.0,0.0,8.3,0.0,0.0,0.0,0.0,0.0,0.0,0.0,0.0,0.0,0.0,218.0,FOOD-DATA-GROUP5,0.0,0.0,100.0,0.0,1927,0.0,0.0,0.0,0.0,0.0,0,0,1,0,Avoid,35.0
49,49,wheat germ oil,120,13.6,2.6,2.1,8.4,0.0,0.0,0.0,0.0,0.0,0.0,0.0,0.0,0.0,0.0,0.0,0.0,0.0,0.0,0.0,0.0,0.0,20.3,0.034,0.0,0.0,0.0,0.0,0.0,0.0,0.0,0.0,0.0,13.6,FOOD-DATA-GROUP5,0.0,0.0,100.0,0.0,120,0.0,0.0,0.0,0.0,0.0,0,0,0,0,Healthy,48.0
50,50,sesame oil,40,4.5,0.6,1.8,1.9,0.0,0.0,0.0,0.0,0.0,0.0,0.0,0.0,0.0,0.0,0.0,0.0,0.0,0.0,0.0,0.0,0.0,0.002,0.071,0.0,0.0,0.0,0.0,0.0,0.0,0.0,0.0,0.0,4.5,FOOD-DATA-GROUP5,0.0,0.0,100.0,0.0,40,0.0,0.0,0.0,0.0,0.0,0,0,0,0,Healthy,49.5
51,51,corn granola oil,124,14.0,1.1,8.2,4.1,0.0,0.0,0.0,0.0,0.0,0.0,0.0,0.0,0.0,0.0,0.0,0.0,0.0,0.0,0.0,0.0,0.0,2.1,0.082,0.0,0.0,0.0,0.0,0.0,0.0,0.0,0.0,0.0,14.0,FOOD-DATA-GROUP5,0.0,0.0,100.0,0.0,124,0.0,0.0,0.0,0.0,0.0,0,0,0,0,Healthy,49.2
52,52,cocoa butter oil,120,13.6,8.1,4.5,0.4,0.0,0.0,0.0,0.0,0.0,0.0,0.0,0.0,0.0,0.0,0.0,0.0,0.0,0.0,0.0,0.0,0.0,0.2,0.037,0.0,0.0,0.0,0.0,0.0,0.0,0.0,0.0,0.0,13.6,FOOD-DATA-GROUP5,0.0,0.0,100.0,0.0,120,0.0,0.0,0.0,0.0,0.0,0,0,1,0,Limit,43.9
53,53,olive oil,119,13.5,1.9,9.8,1.4,0.0,0.0,0.0,0.0,0.0,0.004,0.0,0.0,0.0,0.0,0.0,0.0,0.0,0.0,0.0,0.0,0.0,1.9,0.066,0.1,0.0,0.092,0.0,0.0,0.0,0.1,0.0,0.0,13.618,FOOD-DATA-GROUP5,0.0,0.0,100.0,0.0,119,0.0,0.0,0.0,0.0,3.3333333333333335e-05,0,0,0,0,Healthy,48.6
54,54,palm kernel oil,40,4.5,4.0,0.3,0.0,0.0,0.0,0.0,0.0,0.0,0.098,0.064,0.2,0.0,0.0,0.0,0.0,0.0,0.0,0.0,0.0,0.0,0.0,0.2,0.033,0.04,0.0,0.071,0.0,0.0,0.0,0.061,0.0,4.741,FOOD-DATA-GROUP5,0.0,0.0,100.0,0.0,40,0.0,0.0,0.0,0.0,0.002390243902439,0,0,0,0,Healthy,47.0
55,55,mustard oil,124,14.0,1.6,8.3,3.0,0.0,0.0,0.0,0.0,0.0,0.0,0.0,0.0,0.0,0.0,0.0,0.0,0.0,0.0,0.0,0.0,0.0,0.0,0.0,0.0,0.0,0.0,0.0,0.0,0.0,0.0,0.0,0.0,14.0,FOOD-DATA-GROUP5,0.0,0.0,100.0,0.0,124,0.0,0.0,0.0,0.0,0.0,0,0,0,0,Healthy,48.8
56,56,rice bran oil,120,13.6,2.7,5.3,4.8,0.0,0.0,0.0,0.0,0.0,0.0,0.0,0.0,0.0,0.0,0.0,0.0,0.0,0.0,0.0,0.0,0.0,4.4,0.072,0.0,0.0,0.001,0.0,0.0,0.0,0.0,0.0,0.0,13.689,FOOD-DATA-GROUP5,0.0,0.0,100.0,0.0,120,0.0,0.0,0.0,0.0,0.0,0,0,0,0,Healthy,48.0
57,57,vegetable macaroni dry,308,0.9,0.1,0.1,0.4,62.9,0.0,11.0,3.6,0.0,0.06,8.3,0.0,0.9,0.2,0.0,0.4,6.2,0.6,0.1,0.0,0.0,0.0,0.0,28.6,0.2,3.6,38.6,3.2,97.4,239.4,0.0,0.6,110.6,FOOD-DATA-GROUP5,14.705882352941174,84.09090909090907,1.2032085561497323,0.1721439749608763,308,3.559870550161812,1.1650485436893203,0.0,7.2,0.0001941747572815,0,0,0,0,Healthy,63.6
58,58,chow mein noodles,257,9.9,1.0,3.0,5.9,37.5,0.5,5.9,1.5,0.0,0.5,0.7,0.0,0.3,0.048,0.0,0.2,3.3,0.3,0.029,0.0,0.0,1.3,0.08,11.2,0.028,2.6,29.1,0.0,90.2,67.2,0.086,0.8,68.6,FOOD-DATA-GROUP5,11.06941838649156,70.3564727954972,18.574108818011258,0.1532467532467532,257,2.2868217054263567,0.5813953488372093,1.2987012987012987,3.0,0.001937984496124,0,0,0,0,Healthy,55.7
59,59,chinese noodles,456,0.094,0.088,0.085,0.072,111.9,0.0,0.2,0.7,0.0,0.088,17.4,0.0,0.0,0.2,0.032,0.0,0.0,0.3,0.1,0.031,0.0,0.0,0.2,0.0,32.5,0.1,2.8,3.9,0.1,41.6,13.0,0.044,112.906,FOOD-DATA-GROUP5,0.1782626521917393,99.73795390127816,0.0837834465301174,0.0017714791851195,456,0.0437636761487965,0.1531728665207877,0.0,1.4,0.0001925601750547,0,0,0,0,Limit,51.1
60,60,vegetable macaroni cooked,172,0.1,0.037,0.079,0.011,35.7,1.5,6.1,5.8,0.0,0.015,91.6,0.0,0.2,0.045,0.0,0.052,1.4,0.5,0.079,0.0,0.0,0.3,0.045,14.7,0.1,0.7,25.5,1.3,67.0,41.5,0.082,0.6,63.1,FOOD-DATA-GROUP5,14.55847255369928,85.20286396181383,0.2386634844868734,0.1662125340599455,172,3.5260115606936413,3.352601156069364,4.087193460490464,10.0,8.670520231213873e-05,0,0,0,0,Healthy,62.6
61,61,corn pasta dry,375,2.2,0.3,0.6,1.0,83.2,0.0,7.8,11.6,0.0,0.027,10.5,0.0,0.2,0.048,0.0,0.002,2.6,0.5,0.2,0.0,0.0,0.0,0.0,4.2,0.2,1.0,125.0,0.5,265.7,308.7,0.09,1.9,110.0,FOOD-DATA-GROUP5,8.369098712446352,89.27038626609442,2.360515021459228,0.0926365795724465,375,2.074468085106383,3.0851063829787235,0.0,10.0,7.180851063829787e-05,0,0,0,0,Healthy,70.6
62,62,egg noodles dry,146,1.7,0.4,0.5,0.5,27.1,0.7,5.4,1.3,31.9,0.095,3.4,0.086,0.03,0.029,0.047,0.039,0.8,0.3,0.06,0.0,0.083,0.1,0.026,13.3,0.1,0.7,22.0,0.3,91.6,92.7,0.016,0.7,49.598,FOOD-DATA-GROUP5,15.789473684210526,79.23976608187134,4.970760233918129,0.192170818505338,146,3.673469387755103,0.8843537414965987,2.4911032028469746,2.6,0.0006462585034013,0,0,0,0,Healthy,55.4
63,63,whole wheat spaghetti dry,98,0.4,0.047,0.003,0.2,21.2,0.0,4.1,0.0,0.0,0.002,2.1,0.0,0.1,0.024,0.0,0.042,1.5,0.3,0.093,0.0,0.0,0.0,0.0,11.3,0.1,1.0,40.5,0.9,73.0,60.8,0.022,0.7,38.0,FOOD-DATA-GROUP5,15.953307392996113,82.49027237354086,1.5564202334630357,0.1846846846846846,98,4.141414141414141,0.0,0.0,0.0,2.0202020202020203e-05,0,0,0,0,Healthy,53.0
64,64,japanese soba noodles dry,95,0.2,0.084,0.035,0.094,21.1,0.0,4.1,0.0,0.0,0.2,1.9,0.0,0.1,0.023,0.0,0.015,0.9,0.3,0.009,0.0,0.0,0.0,0.0,9.9,0.035,0.8,26.9,0.4,71.9,71.3,0.0,0.5,36.1,FOOD-DATA-GROUP5,16.141732283464563,83.07086614173228,0.7874015748031495,0.1855203619909502,95,4.270833333333333,0.0,0.0,0.0,0.0020833333333333,0,0,0,0,Healthy,53.0
65,65,rice noodles dry,103,0.2,0.053,0.067,0.09,23.6,0.0,1.0,0.5,0.0,0.006,3.4,0.0,0.062,0.091,0.0,0.03,0.032,0.062,0.017,0.0,0.0,0.0,0.0,5.1,0.079,0.2,3.4,0.1,43.3,8.5,0.053,0.2,30.6,FOOD-DATA-GROUP5,4.032258064516129,95.16129032258064,0.8064516129032258,0.040650406504065,103,0.9615384615384616,0.4807692307692308,0.0,1.0,5.769230769230769e-05,0,0,0,0,Healthy,51.5
66,66,spinach spaghetti dry,105,0.4,0.097,0.015,0.2,21.2,0.8,3.8,3.0,0.0,0.094,2.4,0.0,0.1,0.007,0.0,0.09,1.3,0.3,0.087,0.0,0.0,0.2,0.067,16.4,0.1,0.6,49.2,0.7,94.0,106.4,0.068,0.8,45.4,FOOD-DATA-GROUP5,14.960629921259844,83.46456692913387,1.5748031496062995,0.1711711711711711,105,3.5849056603773586,2.8301886792452837,3.603603603603604,6.0,0.0008867924528301,0,0,0,0,Healthy,57.0
67,67,egg noodles cooked,110,1.7,0.3,0.5,0.4,20.1,0.3,3.6,1.0,23.2,0.027,54.2,0.007,0.029,0.2,0.012,0.011,0.1,1.7,0.2,0.029,0.0,0.0,0.1,0.0,9.6,0.051,1.2,16.8,0.3,60.8,30.4,0.066,26.542,FOOD-DATA-GROUP5,14.173228346456693,79.13385826771653,6.69291338582677,0.1706161137440758,110,3.2432432432432434,0.9009009009009008,1.4218009478672986,2.0,0.0002432432432432,0,0,0,0,Healthy,53.9
68,68,japanese somen noodles cooked,231,0.3,0.006,0.062,0.1,48.5,0.0,7.0,0.0,0.0,0.3,119.5,0.0,0.029,0.039,0.0,0.046,0.2,0.3,0.051,0.0,0.0,0.0,0.0,14.1,0.082,0.9,3.5,0.4,47.5,51.0,0.0,0.4,70.8,FOOD-DATA-GROUP5,12.544802867383517,86.91756272401435,0.5376344086021506,0.1414141414141414,231,3.0172413793103448,0.0,0.0,0.0,0.0012931034482758,0,0,0,0,Healthy,55.2
69,69,whole wheat macaroni dry,365,1.5,0.3,0.2,0.6,78.8,0.0,15.4,8.7,0.0,0.028,7.7,0.0,0.5,0.023,0.0,0.2,5.4,1.0,0.2,0.0,0.0,0.0,0.0,42.0,0.5,3.8,150.2,3.2,270.9,225.8,0.0,2.5,150.2,FOOD-DATA-GROUP5,16.091954022988507,82.34064785788922,1.5673981191222568,0.1929824561403509,365,4.207650273224044,2.3770491803278686,0.0,10.0,7.650273224043716e-05,0,0,0,0,Healthy,74.4
70,70,pasta marinara and ground beef sauce,41,1.6,0.5,0.7,0.1,4.1,1.0,2.5,0.5,0.2,0.0,0.0,0.0,0.0,0.0,0.0,0.0,0.0,0.0,0.0,0.0,0.0,0.0,0.0,0.0,0.0,0.0,0.0,0.0,0.0,0.0,0.0,0.0,8.7,FOOD-DATA-GROUP5,30.487804878048784,50.0,19.512195121951223,0.4901960784313726,41,5.952380952380952,1.1904761904761905,19.607843137254903,1.0,0.0,0,0,0,0,Healthy,51.9
71,71,macaroni raw,390,1.6,0.3,0.2,0.6,78.4,2.8,13.7,3.4,0.0,0.097,10.4,0.0,0.9,0.2,0.0,0.4,7.5,0.5,0.1,0.0,0.0,0.1,0.056,22.1,0.3,3.5,55.7,1.0,198.5,234.2,0.073,1.5,122.7,FOOD-DATA-GROUP5,14.62113127001067,83.67129135538954,1.7075773745997866,0.172544080604534,390,3.503836317135549,0.8695652173913043,3.5264483627204024,6.8,0.0002480818414322,0,0,0,0,Healthy,64.0
72,72,spaghetti dry,105,0.4,0.045,0.043,0.2,21.1,0.8,3.7,0.9,0.0,0.09,2.8,0.0,0.3,0.061,0.0,0.1,2.0,0.1,0.084,0.0,0.0,0.064,0.089,5.9,0.047,0.9,15.0,0.3,53.5,63.1,0.011,0.4,32.9,FOOD-DATA-GROUP5,14.682539682539684,83.73015873015875,1.5873015873015877,0.167420814479638,105,3.490566037735849,0.8490566037735849,3.619909502262443,1.8,0.0008490566037735,0,0,0,0,Healthy,53.8
73,73,fusilli cucina,100,0.4,0.1,20.1,0.8,3.4,0.041,0.0,0.0,0.0,0.0,0.0,0.0,0.0,0.0,0.0,0.0,0.0,0.0,0.0,0.0,0.0,0.0,0.0,0.0,0.0,0.0,0.0,0.0,0.0,0.0,0.0,0.0,3.8,FOOD-DATA-GROUP5,0.0,89.47368421052632,10.526315789473683,0.0,100,0.0,0.0,0.9318181818181818,0.0,0.0,0,0,0,0,Healthy,49.9
74,74,japanese somen noodles dry,101,0.2,0.0,0.013,0.012,21.0,0.0,3.2,1.2,0.0,0.5,2.6,0.0,0.0,0.028,0.0,0.086,0.2,0.1,0.098,0.0,0.0,0.0,0.0,6.5,0.052,0.4,7.9,0.1,22.6,46.4,0.0,0.1,32.5,FOOD-DATA-GROUP5,13.114754098360656,86.06557377049181,0.819672131147541,0.1454545454545454,101,3.1372549019607843,1.1764705882352942,0.0,2.4,0.0049019607843137,0,0,0,0,Healthy,54.2
75,75,pasta cooked,301,2.4,0.3,0.3,1.0,57.3,0.0,11.8,0.0,75.9,0.073,157.7,0.061,0.5,0.1,0.089,0.3,2.3,0.4,0.036,0.0,0.0,0.0,0.0,13.8,0.2,2.6,41.4,0.5,144.9,55.2,0.0,1.3,87.985,FOOD-DATA-GROUP5,16.503496503496503,80.13986013986013,3.3566433566433567,0.202401372212693,301,3.907284768211921,0.0,0.0,0.0,0.0002417218543046,0,0,0,0,Healthy,58.6
76,76,macaroni cooked,221,1.3,0.2,0.2,0.4,43.2,0.8,8.1,2.5,0.0,0.071,87.0,0.0,0.0,0.4,0.1,0.0,0.2,2.4,0.2,0.089,0.0,0.0,0.021,0.0,9.8,0.1,1.8,25.2,0.5,81.2,61.6,0.029,55.217,FOOD-DATA-GROUP5,15.399239543726232,82.12927756653993,2.4714828897338403,0.1832579185520362,221,3.648648648648648,1.1261261261261262,1.8099547511312213,5.0,0.0003198198198198,0,0,0,0,Healthy,59.4
77,77,spinach egg noodles dry,145,1.7,0.4,0.5,0.4,26.7,0.0,5.6,2.6,36.1,0.096,3.3,0.0,0.4,0.083,0.1,0.2,2.5,0.3,0.2,0.0,0.0,0.0,0.0,21.3,0.025,1.6,31.2,0.4,73.3,134.9,0.0,0.7,59.5,FOOD-DATA-GROUP5,16.470588235294116,78.52941176470588,5.0,0.2021660649819494,145,3.835616438356164,1.7808219178082192,0.0,5.2,0.0006575342465753,0,0,0,0,Healthy,57.8
78,78,japanese soba noodles cooked,113,0.1,0.026,0.085,0.007,24.4,0.0,5.8,0.0,0.0,0.1,83.2,0.0,0.1,0.022,0.0,0.097,0.6,0.3,0.026,0.0,0.0,0.0,0.0,4.6,0.084,0.5,10.3,0.4,28.5,39.9,0.0,0.1,35.4,FOOD-DATA-GROUP5,19.14191419141914,80.52805280528052,0.33003300330033,0.2283464566929134,113,5.087719298245614,0.0,0.0,0.0,0.0008771929824561,0,0,0,0,Healthy,54.3
79,79,rice noodles cooked,190,0.4,0.072,0.007,0.021,42.3,0.052,3.2,1.8,0.0,0.075,129.9,0.0,0.002,0.009,0.0,0.011,0.1,0.087,0.003,0.0,0.0,0.0,0.0,7.0,0.045,0.2,5.3,0.2,35.2,7.0,0.076,0.4,54.9,FOOD-DATA-GROUP5,6.971677559912854,92.15686274509804,0.8714596949891068,0.0739030023094688,190,1.6753926701570685,0.9424083769633508,0.1200923787528868,3.6,0.000392670157068,0,0,0,0,Healthy,55.0
80,80,whole wheat macaroni cooked,174,0.8,0.1,0.1,0.3,37.2,1.1,7.5,3.9,0.0,0.057,94.0,0.0,0.2,0.039,0.0,0.087,1.0,0.6,0.1,0.0,0.0,0.4,0.061,21.0,0.2,1.5,42.0,1.9,124.6,61.6,0.077,1.1,71.9,FOOD-DATA-GROUP5,16.483516483516482,81.75824175824177,1.7582417582417582,0.1963350785340314,174,4.285714285714286,2.228571428571428,2.8795811518324608,7.8,0.0003257142857142,0,0,0,0,Healthy,61.0
81,81,spaghetti cooked,363,2.1,0.4,0.3,0.7,71.0,1.3,13.3,4.1,0.0,0.089,142.9,0.0,0.0,0.6,0.2,0.0,0.3,3.9,0.3,0.1,0.0,0.0,0.1,0.0,16.1,0.2,2.9,41.4,0.7,133.4,101.2,0.016,90.8,FOOD-DATA-GROUP5,15.39351851851852,82.17592592592592,2.430555555555556,0.1847222222222222,363,3.653846153846154,1.1263736263736264,1.805555555555556,8.2,0.0002445054945054,0,0,0,0,Healthy,65.3
82,82,whole wheat spaghetti cooked,174,0.8,0.1,0.1,0.3,37.2,1.1,7.5,6.3,0.0,0.091,94.0,0.0,0.2,0.081,0.0,0.043,1.0,0.6,0.1,0.0,0.0,0.4,0.083,21.0,0.2,1.5,42.0,1.9,124.6,61.6,0.028,1.1,74.3,FOOD-DATA-GROUP5,16.483516483516482,81.75824175824177,1.7582417582417582,0.1963350785340314,174,4.285714285714286,3.6,2.8795811518324608,10.0,0.00052,0,0,0,0,Healthy,64.6
83,83,waffle,218,10.6,2.1,2.6,5.1,24.7,0.0,5.9,0.0,51.8,0.4,31.5,0.069,0.2,0.062,0.08,0.3,1.6,0.4,0.067,0.3,0.0,0.0,0.0,191.3,0.024,1.7,14.3,0.2,142.5,119.3,0.068,0.5,234.547,FOOD-DATA-GROUP5,14.320388349514564,59.95145631067961,25.728155339805824,0.2295719844357976,218,2.69406392694064,0.0,0.0,0.0,0.0018264840182648,0,0,0,0,Healthy,52.8
84,84,baked taco shell,61,2.7,0.8,0.8,0.9,8.3,0.2,0.8,0.9,0.0,0.004,0.8,0.0,0.09,0.038,0.0,0.048,0.2,0.0,0.089,0.0,0.0,0.094,0.069,12.5,0.043,0.2,11.1,0.092,30.4,30.1,0.097,0.2,25.4,FOOD-DATA-GROUP5,6.779661016949152,70.33898305084746,22.88135593220339,0.086021505376344,61,1.2903225806451613,1.4516129032258065,2.150537634408602,1.8,6.451612903225807e-05,0,0,0,0,Healthy,51.3
85,85,puff pastry,1367,94.3,13.5,21.6,54.5,112.0,1.8,18.1,3.7,0.0,0.6,18.1,0.0,0.8,0.1,0.0,0.6,9.3,0.0,0.062,0.0,0.0,1.3,0.03,24.5,0.3,6.4,39.2,1.2,147.0,151.9,0.051,1.3,259.0,FOOD-DATA-GROUP5,8.065953654188949,49.91087344028521,42.023172905525854,0.1601769911504424,1367,1.3230994152046784,0.2704678362573099,1.592920353982301,7.4,0.000438596491228,0,0,1,0,Healthy,58.3
86,86,blueberry muffin,214,9.2,1.6,2.7,4.6,30.2,17.9,2.6,0.6,17.1,0.2,14.2,0.1,0.095,0.068,0.077,0.094,0.016,0.8,0.3,0.034,0.5,0.065,0.9,0.054,25.1,0.063,0.7,5.7,0.3,83.2,69.0,0.002,42.915,FOOD-DATA-GROUP5,6.190476190476191,71.9047619047619,21.9047619047619,0.0833333333333333,214,1.2093023255813955,0.2790697674418604,57.37179487179487,1.2,0.0009302325581395,0,1,0,0,Avoid,44.5
87,87,bread crumbs,427,5.7,1.3,1.1,2.2,77.7,6.7,14.4,4.9,0.0,0.8,7.0,0.0,1.0,0.1,0.021,0.4,7.2,0.6,0.1,0.0,0.0,0.011,0.005,197.6,0.3,5.2,46.4,1.0,178.2,211.7,0.079,1.6,305.5,FOOD-DATA-GROUP5,14.723926380368097,79.4478527607362,5.828220858895705,0.1829733163913595,427,3.364485981308411,1.144859813084112,8.513341804320202,9.8,0.0018691588785046,0,0,0,0,Healthy,64.5
88,88,warm cinnamon roll mcdonalds,113,5.1,1.3,2.6,0.8,15.0,7.0,2.0,0.5,16.4,0.1,5.8,0.06,0.05,0.019,0.0,0.059,0.7,0.2,0.043,0.0,0.0,0.5,0.0,16.1,0.083,0.5,5.4,0.1,29.4,39.6,0.0,0.2,39.264,FOOD-DATA-GROUP5,9.049773755656108,67.8733031674208,23.076923076923077,0.125,113,1.7543859649122806,0.4385964912280701,43.75,1.0,0.0008771929824561,0,0,0,0,Healthy,48.5
89,89,corn muffin,201,5.5,0.9,1.4,2.1,33.7,11.7,3.9,2.2,17.2,0.3,21.5,0.01,0.2,0.043,0.099,0.2,1.3,0.3,0.063,0.0,0.0,0.5,0.035,48.8,0.2,1.9,21.1,0.2,187.4,45.5,0.041,0.4,96.069,FOOD-DATA-GROUP5,9.048723897911833,78.19025522041764,12.761020881670534,0.1123919308357348,201,1.9306930693069304,1.0891089108910892,33.71757925072046,4.4,0.0014851485148514,0,0,0,0,Healthy,50.9
90,90,tortilla,467,1.9,0.6,0.4,0.8,98.4,5.4,14.3,4.7,0.0,0.9,78.7,0.0,0.7,0.2,0.0,0.2,8.1,0.3,0.1,0.0,0.0,0.4,0.028,137.9,0.2,7.5,37.4,0.5,287.6,206.9,0.011,0.6,264.7,FOOD-DATA-GROUP5,12.478184991273997,85.86387434554975,1.657940663176265,0.1438631790744466,467,3.055555555555556,1.0042735042735045,5.432595573440644,9.4,0.0019230769230769,0,0,0,0,Healthy,65.2
91,91,croutons seasoned,186,7.3,2.1,3.8,0.9,25.4,1.8,4.3,2.0,2.8,0.4,1.4,0.029,0.2,0.057,0.053,0.2,1.9,0.3,0.078,0.0,0.0,0.2,0.069,38.4,0.043,1.1,16.8,0.2,56.0,72.4,0.012,0.4,78.5,FOOD-DATA-GROUP5,11.62162162162162,68.64864864864865,19.729729729729726,0.1628787878787878,186,2.299465240641711,1.06951871657754,6.818181818181819,4.0,0.002139037433155,0,0,0,0,Healthy,53.9
92,92,buttermilk waffle,102,3.1,0.8,1.7,0.5,16.0,1.5,2.4,0.9,4.3,0.2,10.4,0.1,0.2,0.045,0.06,0.2,2.6,0.098,0.4,0.0,0.0,0.2,0.043,98.7,0.072,2.2,7.3,0.054,146.5,45.5,0.008,0.2,123.4,FOOD-DATA-GROUP5,11.16279069767442,74.4186046511628,14.418604651162791,0.1411764705882353,102,2.3300970873786406,0.8737864077669903,8.823529411764707,1.8,0.0019417475728155,0,0,0,0,Healthy,51.9
93,93,flour tortilla,146,3.7,0.6,1.9,1.1,24.1,1.3,3.9,1.2,0.0,0.4,15.9,0.0,0.2,0.065,0.0,0.093,2.1,0.1,0.042,0.0,0.0,0.4,0.095,79.9,0.089,1.6,10.3,0.3,104.4,65.2,0.004,0.3,114.4,FOOD-DATA-GROUP5,12.302839116719245,76.02523659305994,11.67192429022082,0.1553784860557769,146,2.653061224489796,0.8163265306122448,5.179282868525896,2.4,0.0027210884353741,0,0,0,0,Healthy,53.8
94,94,glazed donut,55,3.0,1.2,0.9,0.5,6.2,3.0,0.8,0.3,3.9,0.082,2.9,0.098,0.002,0.062,0.077,0.061,0.3,0.059,0.021,0.2,0.016,0.2,0.025,13.1,0.07,0.3,2.2,0.086,15.2,13.3,0.056,0.031,23.931,FOOD-DATA-GROUP5,8.0,62.0,30.0,0.1111111111111111,55,1.4285714285714286,0.5357142857142857,41.66666666666666,0.6,0.0014642857142857,0,0,0,0,Healthy,48.9
95,95,corn tortilla,52,0.7,0.1,0.2,0.3,10.7,0.2,1.4,1.5,0.0,0.075,11.0,0.0,0.075,0.036,0.0,0.028,0.4,0.073,0.041,0.0,0.0,0.038,0.0,19.4,0.036,0.3,17.3,0.066,75.4,44.6,0.056,0.3,34.0,FOOD-DATA-GROUP5,10.9375,83.59375,5.46875,0.1196581196581196,52,2.641509433962264,2.8301886792452837,1.7094017094017095,3.0,0.0014150943396226,0,0,0,0,Healthy,53.1
96,96,muffin,169,6.5,1.2,1.6,3.3,23.6,0.0,3.9,1.5,22.2,0.3,21.5,0.078,0.2,0.094,0.028,0.2,1.3,0.2,0.01,0.2,0.0,0.0,0.0,114.0,0.042,1.4,9.7,0.2,87.2,69.0,0.023,0.3,151.166,FOOD-DATA-GROUP5,11.470588235294118,69.41176470588236,19.11764705882353,0.1585365853658536,169,2.294117647058824,0.8823529411764706,0.0,3.0,0.0017647058823529,0,0,0,0,Healthy,54.3
97,97,croutons,33,0.5,0.1,0.2,0.1,5.9,0.0,1.0,0.4,0.0,0.035,0.4,0.0,0.047,0.061,0.0,0.078,0.4,0.073,0.06,0.0,0.0,0.0,0.0,6.1,0.068,0.3,2.5,0.093,9.2,9.9,0.026,0.093,14.2,FOOD-DATA-GROUP5,13.513513513513512,79.72972972972973,6.756756756756756,0.144927536231884,33,2.941176470588235,1.1764705882352942,0.0,0.8,0.0010294117647058,0,0,0,0,Healthy,51.3
98,98,donut with jelly filling,289,15.9,4.1,8.7,2.0,33.2,17.9,5.0,0.8,22.1,0.4,30.3,0.044,0.3,0.086,0.081,0.1,1.8,0.7,0.05,0.0,0.0,0.4,0.012,21.3,0.1,1.5,17.0,0.2,72.3,67.2,0.009,0.6,77.736,FOOD-DATA-GROUP5,9.242144177449168,61.36783733826248,29.390018484288355,0.1461988304093567,289,1.7241379310344829,0.2758620689655172,52.339181286549696,1.6,0.0013793103448275,0,1,0,0,Limit,44.7
99,99,sweet cinnamon rolls,309,13.6,2.6,4.0,6.2,42.2,26.3,5.1,2.0,54.8,0.3,20.6,0.039,0.3,0.003,0.073,0.2,2.0,0.3,0.085,1.7,0.0,1.7,0.088,59.8,0.034,1.3,14.1,0.2,63.1,92.1,0.085,0.5,125.783,FOOD-DATA-GROUP5,8.3743842364532,69.29392446633825,22.331691297208536,0.1180555555555555,309,1.6451612903225803,0.6451612903225806,60.879629629629626,4.0,0.0009677419354838,0,1,0,0,Limit,44.4
100,100,oat bran muffin,46,1.3,0.2,0.3,0.7,8.2,1.4,1.2,0.8,0.0,0.067,6.0,0.0,0.028,0.09,0.0,0.049,0.024,0.2,0.026,0.0,0.0,0.1,0.035,10.7,0.082,0.7,26.7,0.4,63.9,86.2,0.035,0.3,22.9,FOOD-DATA-GROUP5,11.214953271028037,76.63551401869158,12.149532710280376,0.1304347826086956,46,2.553191489361702,1.702127659574468,15.217391304347828,1.6,0.0014255319148936,0,0,0,0,Healthy,51.4
101,101,french cruller donut,169,7.5,1.9,4.3,0.9,24.4,14.4,1.3,0.5,4.5,0.1,7.3,0.002,0.005,0.062,0.061,0.057,0.9,0.02,0.052,0.0,0.0,0.058,0.036,10.7,0.084,1.0,4.9,0.018,50.4,32.0,0.07,0.1,45.42,FOOD-DATA-GROUP5,3.91566265060241,73.49397590361446,22.59036144578313,0.0511811023622047,169,0.7647058823529412,0.2941176470588235,56.69291338582677,1.0,0.0005882352941176,0,0,0,0,Healthy,44.5
102,102,pancakes,86,3.7,0.8,0.9,1.7,10.8,0.0,2.4,0.0,22.4,0.2,20.1,0.025,0.082,0.031,0.03,0.1,0.6,0.2,0.069,0.1,0.0,0.0,0.0,83.2,0.049,0.7,6.1,0.06,60.4,50.2,0.03,0.2,100.942,FOOD-DATA-GROUP5,14.20118343195266,63.90532544378698,21.893491124260358,0.2033898305084745,86,2.7586206896551726,0.0,0.0,0.0,0.0022988505747126,0,0,0,0,Healthy,51.2
103,103,chocolate donut,250,11.9,3.1,6.8,1.5,34.4,19.2,2.7,1.3,34.2,0.1,9.8,0.078,0.091,0.059,0.009,0.051,0.3,0.2,0.04,0.041,0.0,0.1,0.071,127.8,0.1,1.4,20.4,0.2,97.2,63.6,0.051,0.3,179.637,FOOD-DATA-GROUP5,5.510204081632653,70.20408163265306,24.285714285714285,0.0762711864406779,250,1.0756972111553786,0.5179282868525896,54.23728813559322,2.6,0.0003984063745019,0,1,0,0,Avoid,44.0
104,104,sweet cheese rolls,238,12.1,4.0,6.0,1.3,28.8,0.0,4.7,0.8,50.2,0.2,19.4,0.0,0.016,0.06,0.048,0.083,0.5,0.3,0.086,0.1,0.0,0.0,0.0,77.9,0.049,0.5,12.5,0.1,64.7,90.4,0.009,0.4,124.9,FOOD-DATA-GROUP5,10.307017543859647,63.1578947368421,26.535087719298247,0.1577181208053691,238,1.96652719665272,0.3347280334728034,0.0,1.6,0.000836820083682,0,0,0,0,Healthy,51.7
105,105,eclair,234,19.2,11.5,5.4,1.1,11.2,2.0,4.4,0.4,121.5,0.1,54.4,0.2,0.1,0.02,0.056,0.2,0.7,0.4,0.005,0.2,0.04,0.7,0.047,31.5,0.034,0.9,7.2,0.1,67.5,63.9,0.091,0.4,68.0,FOOD-DATA-GROUP5,12.643678160919542,32.18390804597701,55.172413793103445,0.3606557377049181,234,1.872340425531915,0.1702127659574468,16.393442622950822,0.8,0.0004255319148936,0,0,1,1,Limit,44.5
106,106,donut with cream filling,307,20.8,4.6,10.3,2.6,25.5,12.4,5.4,0.7,20.4,0.3,32.5,0.043,0.3,0.02,0.026,0.1,1.9,0.6,0.096,0.0,0.0,0.2,0.088,21.3,0.039,1.6,17.0,0.2,64.6,68.0,0.017,0.7,75.331,FOOD-DATA-GROUP5,10.444874274661508,49.32301740812379,40.232108317214696,0.2037735849056604,307,1.7532467532467535,0.2272727272727272,46.79245283018868,1.4,0.0009740259740259,0,0,0,0,Healthy,46.7
107,107,fruit toaster pastry,209,5.6,1.3,3.3,0.7,37.1,14.8,2.4,0.5,0.0,0.2,5.3,0.2,0.2,0.051,0.0,0.2,2.7,0.2,0.2,0.0,0.0,0.5,0.011,5.6,0.025,2.0,6.1,0.2,38.8,41.3,0.03,0.2,53.4,FOOD-DATA-GROUP5,5.32150776053215,82.26164079822617,12.416851441241684,0.0629921259842519,209,1.1428571428571428,0.2380952380952381,38.84514435695538,1.0,0.0009523809523809,0,0,0,0,Healthy,45.7
108,108,donut,192,10.3,2.7,5.7,1.3,22.9,0.0,2.3,0.7,14.4,0.2,8.8,0.062,0.1,0.082,0.01,0.026,0.7,0.2,0.065,0.027,0.0,0.0,0.0,27.0,0.018,0.5,7.7,0.2,52.7,45.9,0.001,0.2,63.823,FOOD-DATA-GROUP5,6.478873239436619,64.50704225352112,29.01408450704225,0.0962343096234309,192,1.1917098445595855,0.3626943005181346,0.0,1.4,0.0010362694300518,0,0,0,0,Healthy,50.7
109,109,pancakes whole wheat,92,2.9,0.8,0.8,1.1,12.9,0.0,3.7,1.2,26.8,0.3,23.2,0.047,0.026,0.094,0.091,0.2,1.0,0.2,0.075,0.2,0.0,0.0,0.0,110.0,0.056,1.4,20.2,0.7,164.1,122.8,0.044,0.5,132.377,FOOD-DATA-GROUP5,18.974358974358974,66.15384615384615,14.871794871794872,0.2661870503597122,92,3.978494623655914,1.2903225806451613,0.0,2.4,0.0032258064516129,0,0,0,0,Healthy,54.0
110,110,keikitos,196,10.6,0.0,0.0,0.0,22.3,10.8,2.9,0.5,0.0,0.2,5.5,0.0,0.0,0.0,0.0,0.0,0.0,0.0,0.0,0.0,0.0,0.0,0.0,26.5,0.095,1.1,5.0,0.011,107.1,37.8,0.033,0.2,63.9,FOOD-DATA-GROUP5,8.100558659217876,62.2905027932961,29.60893854748604,0.1244635193133047,196,1.4720812182741116,0.2538071065989847,46.351931330472105,1.0,0.0010152284263959,0,0,0,0,Healthy,48.6
111,111,zwieback,30,0.7,0.2,0.3,0.1,5.2,0.9,0.7,0.2,0.6,0.05,0.3,0.063,0.031,0.007,0.002,0.0,0.004,0.002,0.079,0.01,0.4,0.0,0.2,0.041,1.4,0.083,0.06,1.0,0.0,3.9,21.4,0.023,7.083,FOOD-DATA-GROUP5,10.606060606060606,78.78787878787878,10.606060606060606,0.1129032258064516,30,2.258064516129032,0.6451612903225806,14.516129032258066,0.4,0.0016129032258064,0,0,0,0,Healthy,50.3
112,112,chocolate coated donut,81,4.5,2.4,1.6,0.4,9.2,4.8,0.9,0.3,3.4,0.099,3.0,0.077,0.078,0.077,0.048,0.016,0.3,0.061,0.032,0.2,0.0,0.4,0.04,4.3,0.061,0.7,5.4,0.1,37.8,36.2,0.037,0.2,20.16,FOOD-DATA-GROUP5,6.164383561643836,63.013698630136986,30.82191780821918,0.088235294117647,81,1.0975609756097562,0.3658536585365853,47.05882352941176,0.6,0.0012073170731707,0,0,0,0,Healthy,47.4
113,113,waffle toasted,103,3.2,0.5,1.6,0.7,16.3,1.7,2.4,0.8,5.0,0.2,10.1,0.1,0.2,0.023,0.019,0.2,2.9,0.1,0.3,0.0,0.0,0.3,0.029,101.3,0.059,2.3,7.9,0.035,141.6,47.5,0.009,0.2,126.4,FOOD-DATA-GROUP5,10.958904109589042,74.42922374429224,14.611872146118724,0.1387283236994219,103,2.3076923076923075,0.7692307692307693,9.826589595375722,1.6,0.0019230769230769,0,0,0,0,Healthy,51.9
114,114,cinnamon toaster pastry,206,7.1,1.8,4.0,0.9,34.1,0.0,2.6,0.5,0.0,0.2,5.4,0.1,0.2,0.063,0.043,0.3,2.3,0.1,0.2,0.017,0.0,0.0,0.0,17.0,0.088,2.0,12.0,0.2,66.5,57.0,0.022,0.3,63.489,FOOD-DATA-GROUP5,5.93607305936073,77.85388127853881,16.210045662100452,0.074074074074074,206,1.2560386473429952,0.2415458937198067,0.0,1.0,0.0009661835748792,0,0,0,0,Healthy,51.3
115,115,wheat bran bread,89,1.2,0.3,0.6,0.2,17.2,3.5,3.2,1.4,0.0,0.2,13.6,0.0,0.1,0.082,0.0,0.1,1.6,0.2,0.079,0.0,0.0,0.1,0.069,26.6,0.003,1.1,29.2,0.6,66.6,81.7,0.057,0.5,50.7,FOOD-DATA-GROUP5,14.814814814814817,79.62962962962963,5.555555555555556,0.1758241758241758,89,3.555555555555556,1.5555555555555556,19.230769230769237,2.8,0.0022222222222222,0,0,0,0,Healthy,52.9
116,116,white bread,77,1.0,0.2,0.2,0.5,14.3,1.6,2.6,0.8,0.0,0.1,10.6,0.022,0.0,0.2,0.026,0.0,0.006,1.4,0.2,0.038,0.0,0.0,0.001,0.081,41.8,0.04,1.0,6.7,0.2,28.4,36.5,0.009,18.931,FOOD-DATA-GROUP5,14.525139664804469,79.88826815642457,5.58659217877095,0.1699346405228758,77,3.333333333333333,1.0256410256410255,10.45751633986928,1.6,0.0012820512820512,0,0,0,0,Healthy,52.4
117,117,oat bran bread,71,1.3,0.2,0.5,0.5,11.9,2.3,3.1,1.4,0.0,0.1,13.2,0.09,0.2,0.066,0.0,0.1,1.4,0.2,0.008,0.0,0.0,0.1,0.075,19.5,0.08,0.9,10.5,0.2,42.3,44.1,0.071,0.3,38.121,FOOD-DATA-GROUP5,19.01840490797546,73.00613496932516,7.975460122699387,0.2403100775193798,71,4.305555555555555,1.9444444444444444,17.829457364341085,2.8,0.0013888888888888,0,0,0,0,Healthy,53.4
118,118,whole wheat bread natures own,50,1.0,11.0,3.0,2.0,0.0,0.0,0.0,0.0,0.0,0.0,0.0,0.0,0.0,0.0,0.0,0.0,0.0,0.0,0.0,0.0,0.0,0.0,0.0,0.0,0.0,0.0,0.0,0.0,0.0,0.0,0.0,0.0,1.0,FOOD-DATA-GROUP5,0.0,0.0,100.0,0.0,50,0.0,0.0,0.0,0.0,0.0,0,0,1,0,Limit,41.8
119,119,high protein bread dr zaks,152,3.0,0.5,15.3,2.5,15.3,0.6,0.0,0.0,0.0,0.0,0.0,0.0,0.0,0.0,0.0,0.0,0.0,0.0,0.0,0.0,0.0,0.0,0.0,0.0,0.0,0.0,0.0,0.0,0.0,0.0,0.0,0.0,18.3,FOOD-DATA-GROUP5,0.0,83.60655737704919,16.39344262295082,0.0,152,0.0,0.0,3.680981595092024,0.0,0.0,0,0,0,0,Healthy,49.4
120,120,wheat bread,79,1.3,0.2,0.2,0.5,13.8,1.7,3.1,1.2,0.0,0.1,10.2,0.039,0.0,0.1,0.054,0.0,0.09,1.6,0.2,0.062,0.026,0.0,0.024,0.026,36.3,0.066,1.0,11.9,0.3,37.4,40.9,0.039,19.619,FOOD-DATA-GROUP5,17.03296703296703,75.82417582417582,7.142857142857142,0.2094594594594594,79,3.875,1.5,11.486486486486486,2.4,0.00125,0,0,0,0,Healthy,53.3
121,121,egg bread toasted,117,2.4,0.6,1.1,0.4,19.5,0.7,3.9,0.9,20.7,0.2,10.5,0.096,0.1,0.066,0.091,0.2,1.8,0.05,0.004,0.0,0.001,0.1,0.063,37.7,0.005,1.2,7.8,0.2,43.3,46.6,0.046,0.3,65.618,FOOD-DATA-GROUP5,15.116279069767444,75.58139534883722,9.30232558139535,0.1902439024390244,117,3.305084745762712,0.7627118644067797,3.414634146341463,1.8,0.0016949152542372,0,0,0,0,Healthy,53.5
122,122,butter toastbrot ja,66,0.9,0.6,12.0,0.8,2.0,0.4,0.0,0.0,0.0,0.0,0.0,0.0,0.0,0.0,0.0,0.0,0.0,0.0,0.0,0.0,0.0,0.0,0.0,0.0,0.0,0.0,0.0,0.0,0.0,0.0,0.0,0.0,2.9,FOOD-DATA-GROUP5,0.0,68.96551724137932,31.03448275862069,0.0,66,0.0,0.0,13.333333333333334,0.0,0.0,0,0,0,0,Healthy,49.4
123,123,vienna bread toasted,93,0.6,0.1,0.1,0.2,18.0,1.0,3.8,0.9,0.0,0.2,6.0,0.0,0.1,0.037,0.0,0.1,1.6,0.2,0.007,0.095,0.0,0.011,0.063,13.6,0.075,1.1,9.0,0.2,36.5,40.6,0.082,0.3,38.073,FOOD-DATA-GROUP5,16.96428571428571,80.35714285714285,2.678571428571428,0.1999999999999999,93,4.042553191489361,0.9574468085106382,5.263157894736842,1.8,0.002127659574468,0,0,0,0,Healthy,53.7
124,124,vienna bread,92,0.6,0.2,0.1,0.3,18.1,0.8,3.8,0.8,0.0,0.2,8.9,0.0,0.1,0.08,0.0,0.081,1.5,0.1,0.062,0.095,0.0,0.007,0.076,14.1,0.018,1.2,9.0,0.2,36.5,41.0,0.057,0.3,38.633,FOOD-DATA-GROUP5,16.888888888888886,80.44444444444444,2.666666666666666,0.1989528795811518,92,4.086021505376344,0.8602150537634409,4.18848167539267,1.6,0.0021505376344086,0,0,0,0,Healthy,53.6
125,125,protein bread,47,0.4,0.009,0.091,0.2,8.3,0.3,2.3,0.6,0.0,0.008,7.6,0.0,0.0,0.043,0.0,0.083,0.8,0.0,0.025,0.0,0.0,0.003,0.007,23.6,0.091,0.8,12.4,0.3,35.2,61.2,0.085,0.3,36.0,FOOD-DATA-GROUP5,20.909090909090907,75.45454545454545,3.636363636363636,0.2473118279569892,47,4.791666666666666,1.25,3.225806451612903,1.2,0.0001666666666666,0,0,0,0,Healthy,52.5
126,126,banana bread,186,6.0,1.3,2.6,1.8,31.1,0.0,2.5,0.6,24.5,0.2,16.6,0.068,0.078,0.073,0.035,0.1,0.8,0.2,0.037,1.0,0.0,0.0,0.0,12.0,0.004,0.8,8.0,0.1,33.1,76.4,0.096,0.2,54.061,FOOD-DATA-GROUP5,6.313131313131313,78.53535353535354,15.151515151515152,0.0778816199376947,186,1.3368983957219251,0.320855614973262,0.0,1.2,0.0010695187165775,0,0,0,0,Healthy,51.8
127,127,rice bran bread,66,1.2,0.2,0.4,0.5,11.7,1.3,2.4,1.3,0.0,0.081,11.1,0.0,0.2,0.063,0.0,0.051,1.8,0.2,0.092,0.0,0.0,0.2,0.019,18.6,0.039,1.0,21.6,0.4,48.1,58.1,0.061,0.4,36.2,FOOD-DATA-GROUP5,15.68627450980392,76.47058823529413,7.84313725490196,0.1889763779527559,66,3.582089552238806,1.9402985074626864,10.236220472440946,2.6,0.0012089552238805,0,0,0,0,Healthy,53.1
128,128,white fibre wonder bread,95,1.0,0.2,0.2,0.5,18.0,2.0,3.5,1.5,0.1,0.0,0.0,0.0,0.0,0.0,0.0,0.0,0.0,0.0,0.0,0.0,0.0,0.0,0.0,0.0,0.0,0.0,0.0,0.0,0.0,0.0,0.0,0.0,24.0,FOOD-DATA-GROUP5,15.555555555555555,80.0,4.444444444444445,0.1842105263157894,95,3.6458333333333335,1.5625,10.526315789473683,3.0,0.0,0,0,0,0,Healthy,53.9
129,129,focaccia,142,4.5,0.5,3.2,0.6,20.4,1.0,5.0,1.0,0.0,0.3,26.2,0.0,0.3,0.038,0.0,0.2,2.1,0.4,0.01,0.0,0.0,0.8,0.014,20.0,0.073,1.8,11.4,0.2,73.0,65.0,0.016,0.8,52.7,FOOD-DATA-GROUP5,16.722408026755854,68.22742474916387,15.050167224080267,0.2336448598130841,142,3.4965034965034967,0.6993006993006993,4.672897196261683,2.0,0.002097902097902,0,0,0,0,Healthy,54.5
130,130,oat bran bread toasted,70,1.3,0.2,0.5,0.5,11.8,2.3,3.1,1.3,0.0,0.1,10.4,0.07,0.1,0.035,0.0,0.046,1.3,0.079,0.023,0.0,0.0,0.1,0.084,19.2,0.049,0.9,9.2,0.2,31.3,33.2,0.08,0.3,37.631,FOOD-DATA-GROUP5,19.135802469135804,72.83950617283952,8.024691358024691,0.2421875,70,4.366197183098592,1.8309859154929575,17.968749999999996,2.6,0.0014084507042253,0,0,0,0,Healthy,53.2
131,131,rye bread,83,1.1,0.2,0.4,0.3,15.5,1.2,2.7,1.9,0.0,0.2,11.9,0.0,0.1,0.037,0.0,0.1,1.2,0.1,0.098,0.1,0.0,0.1,0.063,23.4,0.005,0.9,12.8,0.3,40.0,53.1,0.088,0.4,45.6,FOOD-DATA-GROUP5,13.989637305699482,80.31088082901555,5.699481865284974,0.1636363636363636,83,3.214285714285715,2.261904761904762,7.272727272727272,3.8,0.0023809523809523,0,0,0,0,Healthy,54.2
132,132,wheat germ bread,73,0.8,0.2,0.4,0.2,13.5,1.0,2.7,0.6,0.0,0.2,10.4,0.0,0.1,0.059,0.072,0.1,1.3,0.1,0.086,0.033,0.0,0.1,0.09,24.9,0.057,1.0,7.8,0.2,33.9,71.1,0.085,0.3,43.598,FOOD-DATA-GROUP5,15.882352941176473,79.41176470588235,4.705882352941177,0.1862068965517241,73,3.6486486486486487,0.8108108108108109,6.896551724137931,1.2,0.0027027027027027,0,0,0,0,Healthy,52.4
133,133,protein bread toasted,46,0.4,0.059,0.082,0.2,8.2,0.2,2.2,0.6,0.0,0.049,5.8,0.0,0.036,0.023,0.0,0.067,0.7,0.03,0.06,0.0,0.0,0.069,0.025,23.1,0.045,0.8,9.5,0.1,32.1,58.8,0.015,0.2,35.3,FOOD-DATA-GROUP5,20.37037037037037,75.92592592592592,3.703703703703704,0.2391304347826087,46,4.680851063829787,1.276595744680851,2.173913043478261,1.2,0.0010425531914893,0,0,0,0,Healthy,52.4
134,134,oatmeal bread,73,1.2,0.2,0.4,0.5,13.1,2.2,2.3,1.1,0.0,0.1,9.9,0.083,0.1,0.064,0.0,0.025,0.8,0.009,0.026,0.0,0.0,0.1,0.058,17.8,0.091,0.7,10.0,0.3,34.0,38.3,0.005,0.3,36.227,FOOD-DATA-GROUP5,13.855421686746988,78.91566265060241,7.2289156626506035,0.1631205673758865,73,3.108108108108108,1.4864864864864866,15.602836879432624,2.2,0.0013513513513513,0,0,0,0,Healthy,52.3
135,135,arepa,215,5.3,2.8,1.5,1.0,36.4,0.9,5.4,2.5,4.9,0.3,49.8,0.011,0.021,0.0,0.0,0.05,0.9,0.2,0.1,0.0,0.0,0.3,0.041,87.2,0.09,1.0,26.5,0.1,114.7,86.2,0.04,0.8,137.897,FOOD-DATA-GROUP5,11.464968152866245,77.2823779193206,11.252653927813164,0.1443850267379679,215,2.5,1.1574074074074074,2.406417112299465,5.0,0.0013888888888888,0,0,0,0,Healthy,55.3
136,136,raisin bread toasted,86,1.4,0.3,0.7,0.2,16.5,1.8,2.5,1.4,0.0,0.1,8.1,0.0,0.027,0.077,0.0,0.1,1.0,0.001,0.065,0.1,0.0,0.013,0.089,20.9,0.099,0.9,8.1,0.2,34.2,71.3,0.013,0.2,43.7,FOOD-DATA-GROUP5,12.254901960784316,80.88235294117648,6.862745098039216,0.1428571428571428,86,2.8735632183908044,1.6091954022988506,10.285714285714285,2.8,0.0011494252873563,0,0,0,0,Healthy,53.0
137,137,cracked wheat bread,74,1.1,0.3,0.5,0.2,14.0,0.0,2.5,1.6,0.0,0.2,10.1,0.0,0.1,0.011,0.0,0.042,1.0,0.1,0.08,0.0,0.0,0.0,0.0,12.2,0.074,0.8,14.7,0.4,43.3,50.1,0.055,0.4,32.2,FOOD-DATA-GROUP5,14.204545454545451,79.54545454545455,6.25,0.1666666666666666,74,3.333333333333333,2.1333333333333337,0.0,3.2,0.0026666666666666,0,0,0,0,Healthy,54.0
138,138,garlic bread,151,7.1,2.3,2.0,2.3,17.9,1.6,3.6,1.1,0.0,0.2,13.7,0.067,0.2,0.034,0.052,0.037,1.8,0.3,0.04,0.095,0.058,0.5,0.012,11.6,0.079,1.3,9.9,0.2,37.4,44.3,0.052,0.4,42.646,FOOD-DATA-GROUP5,12.587412587412588,62.58741258741259,24.825174825174823,0.1904761904761905,151,2.368421052631579,0.7236842105263158,8.465608465608467,2.2,0.0013157894736842,0,0,0,0,Healthy,52.0
139,139,rye bread toasted,82,1.0,0.2,0.4,0.3,15.4,1.2,2.7,1.9,0.0,0.2,9.0,0.0,0.1,0.039,0.0,0.019,1.1,0.009,0.076,0.047,0.0,0.1,0.048,23.2,0.099,0.9,12.5,0.3,40.0,53.1,0.072,0.4,45.128,FOOD-DATA-GROUP5,14.136125654450264,80.6282722513089,5.235602094240837,0.1646341463414634,82,3.253012048192772,2.289156626506024,7.3170731707317085,3.8,0.0024096385542168,0,0,0,0,Healthy,54.2
140,140,whole wheat bread,128,2.5,0.4,0.5,1.4,23.6,1.8,3.9,2.8,0.0,0.2,15.0,0.0,0.1,0.084,0.0,0.1,1.8,0.2,0.043,0.0,0.0,0.3,0.007,15.2,0.1,1.4,37.3,0.9,86.0,144.4,0.078,0.7,49.4,FOOD-DATA-GROUP5,13.0,78.66666666666667,8.333333333333332,0.1585365853658536,128,3.0232558139534884,2.1705426356589146,7.317073170731707,5.6,0.0015503875968992,0,0,0,0,Healthy,56.1
141,141,whole wheat bread toasted,128,2.5,0.4,0.5,1.4,23.7,1.8,3.9,2.8,0.0,0.2,10.9,0.0,0.1,0.012,0.0,0.03,1.7,0.1,0.049,0.0,0.0,0.4,0.048,15.1,0.1,1.4,37.4,0.9,86.1,144.9,0.015,0.7,49.4,FOOD-DATA-GROUP5,12.956810631229237,78.7375415282392,8.305647840531561,0.1578947368421052,128,3.0232558139534884,2.1705426356589146,7.287449392712551,5.6,0.0015503875968992,0,0,0,0,Healthy,56.1
142,142,pan dulce bread,231,7.3,1.4,2.2,1.0,35.5,7.9,5.9,1.4,18.9,0.1,13.6,0.048,0.2,0.038,0.082,0.1,2.2,0.4,0.058,0.8,0.0,0.2,0.049,54.2,0.045,1.8,15.1,0.3,59.2,64.9,0.014,0.5,106.92,FOOD-DATA-GROUP5,12.11498973305955,72.89527720739221,14.989733059548255,0.1616438356164383,231,2.543103448275862,0.603448275862069,21.64383561643836,2.8,0.0004310344827586,0,0,0,0,Healthy,52.3
143,143,rice bran bread toasted,66,1.3,0.2,0.4,0.5,11.8,1.3,2.4,1.3,0.0,0.026,9.0,0.0,0.1,0.064,0.0,0.0,1.7,0.015,0.073,0.0,0.0,0.2,0.064,18.8,0.022,1.0,19.0,0.4,43.5,53.0,0.041,0.3,36.6,FOOD-DATA-GROUP5,15.483870967741934,76.12903225806451,8.387096774193548,0.1874999999999999,66,3.582089552238806,1.9402985074626864,10.15625,2.6,0.0003880597014925,0,0,0,0,Healthy,53.1
144,144,pita bread whole wheat,74,0.7,0.1,0.053,0.3,15.4,0.2,2.7,2.1,0.0,0.1,8.6,0.0,0.083,0.068,0.0,0.073,0.8,0.2,0.028,0.0,0.0,0.2,0.076,4.2,0.016,0.9,19.3,0.5,50.4,47.6,0.046,0.4,26.0,FOOD-DATA-GROUP5,14.361702127659576,81.91489361702128,3.723404255319149,0.1646341463414634,74,3.6000000000000005,2.8000000000000003,1.2195121951219514,4.2,0.0013333333333333,0,0,0,0,Healthy,55.0
145,145,wheat germ bread toasted,73,0.8,0.2,0.4,0.2,13.6,1.0,2.7,0.6,0.3,0.2,7.3,0.0,0.011,0.084,0.063,0.022,1.1,0.063,0.076,0.03,0.0,0.1,0.092,25.0,0.059,1.0,9.5,0.3,43.8,71.3,0.008,0.4,43.706,FOOD-DATA-GROUP5,15.789473684210526,79.53216374269006,4.678362573099415,0.184931506849315,73,3.6486486486486487,0.8108108108108109,6.849315068493151,1.2,0.0027027027027027,0,0,0,0,Healthy,52.4
146,146,pumpernickel bread,65,0.8,0.1,0.2,0.3,12.4,0.1,2.3,1.7,0.0,0.2,9.9,0.0,0.034,0.06,0.0,0.094,0.8,0.1,0.065,0.0,0.0,0.1,0.001,17.7,0.008,0.7,14.0,0.3,46.3,54.1,0.061,0.4,35.6,FOOD-DATA-GROUP5,14.838709677419354,80.0,5.161290322580645,0.1716417910447761,65,3.4848484848484844,2.575757575757576,0.7462686567164178,3.4,0.003030303030303,0,0,0,0,Healthy,54.2
147,147,frybread,502,18.6,7.0,6.7,1.6,73.4,3.1,10.2,0.0,10.6,0.5,48.0,0.0,0.7,0.2,0.0,0.3,7.0,0.2,0.092,0.0,0.0,0.0,0.058,86.6,0.1,6.1,27.4,0.5,187.0,117.0,0.094,0.5,194.9,FOOD-DATA-GROUP5,9.980430528375733,71.81996086105674,18.199608610567516,0.1370967741935483,502,2.027833001988072,0.0,4.166666666666666,0.0,0.0009940357852882,0,0,1,0,Limit,51.2
148,148,white bread toasted,83,1.1,0.2,0.2,0.6,15.4,1.3,2.5,0.7,0.3,0.2,8.6,0.0,0.1,0.005,0.0,0.07,1.1,0.01,0.077,0.0,0.0,0.014,0.094,33.7,0.03,0.9,7.4,0.1,29.1,37.1,0.011,0.2,54.3,FOOD-DATA-GROUP5,13.157894736842104,81.05263157894737,5.789473684210527,0.1524390243902439,83,2.976190476190476,0.8333333333333334,7.926829268292685,1.4,0.0023809523809523,0,0,0,0,Healthy,52.3
149,149,piki bread,109,2.0,0.2,0.5,0.5,20.2,0.4,2.5,2.6,0.0,0.028,2.5,0.0,0.023,0.0,0.0,0.093,0.8,0.2,0.2,0.0,0.0,0.2,0.078,51.5,0.04,1.7,50.7,0.5,104.7,169.1,0.019,1.1,80.5,FOOD-DATA-GROUP5,10.121457489878544,81.78137651821862,8.097165991902834,0.1179245283018868,109,2.272727272727273,2.363636363636364,1.886792452830189,5.2,0.0002545454545454,0,0,0,0,Healthy,55.5
150,150,wheat bread toasted,75,1.0,0.2,0.2,0.4,13.4,1.5,3.1,1.1,0.0,0.1,5.8,0.0,0.1,0.048,0.0,0.045,1.5,0.1,0.068,0.008,0.0,0.087,0.086,39.6,0.015,1.0,14.2,0.3,45.1,53.5,0.079,0.4,59.243,FOOD-DATA-GROUP5,17.714285714285715,76.57142857142857,5.714285714285714,0.2152777777777778,75,4.078947368421053,1.4473684210526316,10.416666666666666,2.2,0.0013157894736842,0,0,0,0,Healthy,53.2
151,151,pita bread,165,0.7,0.091,0.038,0.3,33.4,0.8,5.5,1.3,0.0,0.3,19.3,0.0,0.4,0.012,0.0,0.2,2.8,0.2,0.095,0.0,0.0,0.2,0.001,51.6,0.1,1.6,15.6,0.3,58.2,72.0,0.082,0.5,94.1,FOOD-DATA-GROUP5,13.88888888888889,84.34343434343432,1.7676767676767675,0.1598837209302325,165,3.313253012048193,0.783132530120482,2.3255813953488373,2.6,0.0018072289156626,0,0,0,0,Healthy,55.7
152,152,potato bread,85,1.0,0.0,0.0,0.0,15.1,3.0,4.0,2.0,0.0,0.1,10.7,0.0,0.016,0.059,0.037,0.012,0.077,0.4,0.3,0.084,0.0,0.024,0.2,0.072,60.2,0.072,0.7,9.0,0.074,118.1,229.8,0.051,22.272,FOOD-DATA-GROUP5,19.90049751243781,75.12437810945272,4.975124378109452,0.248447204968944,85,4.651162790697675,2.3255813953488373,18.633540372670808,4.0,0.0011627906976744,0,0,0,0,Healthy,54.8
153,153,egg bread,115,2.4,0.6,0.9,0.4,19.1,0.7,3.8,0.9,20.4,0.2,13.9,0.095,0.2,0.066,0.009,0.2,1.9,0.1,0.006,0.0,0.087,0.1,0.078,37.2,0.084,1.2,7.6,0.2,42.4,46.0,0.077,0.3,64.622,FOOD-DATA-GROUP5,15.0197628458498,75.49407114624506,9.486166007905137,0.1890547263681591,115,3.275862068965517,0.7758620689655172,3.482587064676616,1.8,0.0017241379310344,0,0,0,0,Healthy,53.5
154,154,oatmeal bread toasted,73,1.2,0.2,0.4,0.5,13.2,2.2,2.3,1.1,0.0,0.1,7.8,0.043,0.011,0.079,0.0,0.086,0.8,0.026,0.038,0.004,0.0,0.1,0.023,18.0,0.083,0.7,10.3,0.3,34.3,38.5,0.043,0.3,36.622,FOOD-DATA-GROUP5,13.77245508982036,79.04191616766467,7.18562874251497,0.1619718309859155,73,3.108108108108108,1.4864864864864866,15.492957746478876,2.2,0.0013513513513513,0,0,0,0,Healthy,52.3
155,155,cheese bread,196,10.0,3.0,2.1,4.4,21.5,1.0,5.0,1.0,4.8,0.4,10.1,0.007,0.2,0.007,0.014,0.1,1.6,0.2,0.08,0.0,0.056,0.7,0.035,43.2,0.096,1.2,8.2,0.2,57.6,40.3,0.08,0.5,81.937,FOOD-DATA-GROUP5,13.6986301369863,58.9041095890411,27.3972602739726,0.2222222222222222,196,2.538071065989848,0.5076142131979695,4.444444444444445,2.0,0.0020304568527918,0,0,0,0,Healthy,52.6
156,156,pumpernickel bread toasted,80,1.0,0.1,0.3,0.4,15.1,0.2,2.8,2.1,0.0,0.2,9.2,0.0,0.047,0.085,0.0,0.062,0.9,0.05,0.015,0.0,0.0,0.1,0.044,21.5,0.025,0.9,17.4,0.4,56.6,66.1,0.033,0.5,43.4,FOOD-DATA-GROUP5,14.814814814814811,79.8941798941799,5.291005291005291,0.1739130434782608,80,3.45679012345679,2.592592592592593,1.2422360248447204,4.2,0.0024691358024691,0,0,0,0,Healthy,55.1
157,157,raisin bread,88,1.4,0.3,0.7,0.2,16.7,1.8,2.5,1.4,0.0,0.1,10.8,0.0,0.1,0.037,0.0,0.1,1.1,0.1,0.003,0.052,0.0,0.05,0.032,21.1,0.032,0.9,8.3,0.2,34.9,72.6,0.096,0.2,44.09,FOOD-DATA-GROUP5,12.135922330097088,81.06796116504856,6.796116504854369,0.1412429378531073,88,2.808988764044944,1.5730337078651684,10.16949152542373,2.8,0.0011235955056179,0,0,0,0,Healthy,53.0
158,158,pumpernickel roll,77,0.8,0.1,0.2,0.3,14.8,0.1,3.0,1.5,0.0,0.1,9.0,0.0,0.1,0.027,0.0,0.018,0.8,0.2,0.028,0.0,0.0,0.2,0.054,18.8,0.067,0.8,15.1,0.5,47.9,58.2,0.069,0.4,39.7,FOOD-DATA-GROUP5,16.129032258064516,79.56989247311827,4.301075268817204,0.1898734177215189,77,3.8461538461538463,1.9230769230769231,0.6329113924050633,3.0,0.0012820512820512,0,0,0,0,Healthy,54.4
159,159,cinnamon raisin bagel,71,0.4,0.054,0.079,0.2,14.4,1.6,2.5,0.6,0.0,0.047,8.3,0.098,0.08,0.03,0.0,0.05,0.8,0.1,0.045,0.2,0.0,0.022,0.081,4.9,0.073,1.0,7.3,0.2,26.0,38.5,0.026,0.3,24.016,FOOD-DATA-GROUP5,14.450867052023122,83.2369942196532,2.3121387283237,0.1623376623376623,71,3.4722222222222223,0.8333333333333334,10.38961038961039,1.2,0.0006527777777777,0,0,0,0,Healthy,52.1
160,160,english muffin,127,1.1,0.2,0.2,0.5,25.5,0.9,5.0,2.6,0.0,0.2,24.1,0.0,0.2,0.054,0.0,0.2,1.9,0.2,0.018,0.0,0.0,0.3,0.094,101.5,0.04,1.6,21.1,0.3,61.0,106.0,0.018,0.6,137.3,FOOD-DATA-GROUP5,15.82278481012658,80.69620253164557,3.481012658227848,0.1886792452830188,127,3.90625,2.03125,3.39622641509434,5.2,0.0015625,0,0,0,0,Healthy,57.1
161,161,rye dinner roll,123,1.5,0.3,0.5,0.3,22.8,0.5,4.4,2.1,0.0,0.3,12.9,0.0,0.2,0.008,0.0,0.1,1.7,0.2,0.015,0.0,0.0,0.1,0.028,12.9,0.029,1.2,23.2,0.3,68.4,77.4,0.029,0.4,44.9,FOOD-DATA-GROUP5,15.33101045296167,79.44250871080139,5.2264808362369335,0.1848739495798319,123,3.548387096774193,1.6935483870967745,2.100840336134453,4.2,0.0024193548387096,0,0,0,0,Healthy,56.0
162,162,english muffin whole wheat,134,1.4,0.2,0.3,0.6,26.7,5.3,5.8,4.4,0.0,0.2,30.2,0.0,0.2,0.091,0.0,0.003,2.3,0.5,0.1,0.0,0.0,0.3,0.078,174.9,0.1,1.6,46.9,1.2,186.1,138.6,0.029,1.1,214.8,FOOD-DATA-GROUP5,17.10914454277286,78.76106194690266,4.129793510324483,0.2093862815884476,134,4.296296296296296,3.2592592592592595,19.13357400722021,8.8,0.0014814814814814,0,0,0,0,Healthy,58.7
163,163,dinner roll whole wheat,74,1.3,0.2,0.3,0.6,14.3,2.4,2.4,2.1,0.0,0.1,9.3,0.0,0.001,0.032,0.0,0.032,1.0,0.1,0.07,0.0,0.0,0.3,0.085,29.7,0.05,0.7,23.8,0.6,62.7,76.2,0.091,0.6,50.5,FOOD-DATA-GROUP5,13.333333333333334,79.44444444444446,7.222222222222223,0.1568627450980392,74,3.2,2.8000000000000003,15.68627450980392,4.2,0.0013333333333333,0,0,0,0,Healthy,53.8
164,164,dinner roll,76,1.8,0.4,0.9,0.3,12.9,0.5,2.4,1.1,0.0,0.1,10.4,0.0,0.1,0.059,0.0,0.071,1.1,0.1,0.072,0.0,0.0,0.1,0.074,49.3,0.032,1.0,10.1,0.3,29.1,32.2,0.097,0.3,68.5,FOOD-DATA-GROUP5,14.035087719298245,75.43859649122805,10.526315789473683,0.1726618705035971,76,3.116883116883117,1.4285714285714286,3.597122302158273,2.2,0.0012987012987012,0,0,0,0,Healthy,52.9
165,165,hotdog roll,117,1.6,0.4,0.3,0.7,21.1,3.1,4.1,0.8,0.0,0.2,14.4,0.004,0.007,0.2,0.095,0.03,0.1,1.8,0.0,0.048,0.5,0.0,0.1,0.008,60.5,0.095,1.4,9.7,0.2,42.4,51.2,0.087,27.796,FOOD-DATA-GROUP5,15.298507462686564,78.73134328358208,5.970149253731343,0.1855203619909502,117,3.4745762711864407,0.6779661016949153,14.027149321266968,1.6,0.0016949152542372,0,0,0,0,Healthy,52.7
166,166,bagel,245,1.5,0.0,0.3,0.9,47.9,6.0,10.0,4.0,0.0,0.4,36.8,0.0,0.0,0.4,0.068,0.0,0.2,3.3,0.4,0.1,0.0,0.0,0.3,0.019,19.6,0.2,2.7,50.0,1.4,139.2,161.7,0.099,63.783,FOOD-DATA-GROUP5,16.835016835016837,80.63973063973064,2.525252525252525,0.2044989775051124,245,4.065040650406504,1.6260162601626018,12.269938650306749,8.0,0.0016260162601626,0,0,0,0,Healthy,61.1
167,167,oat bran bagel,176,0.8,0.1,0.2,0.3,36.8,1.1,7.4,2.5,0.0,0.4,22.7,0.031,0.2,0.053,0.0,0.2,2.0,0.3,0.005,0.1,0.0,0.2,0.014,8.3,0.1,2.1,21.4,0.6,75.9,79.4,0.087,0.6,58.051,FOOD-DATA-GROUP5,16.444444444444446,81.77777777777779,1.777777777777778,0.1957671957671957,176,4.1807909604519775,1.4124293785310735,2.9100529100529107,5.0,0.0022598870056497,0,0,0,0,Healthy,58.8
168,168,pain au chocolat de la boulangerie,235,12.0,27.6,4.2,0.0,0.0,0.0,0.0,0.0,0.0,0.0,0.0,0.0,0.0,0.0,0.0,0.0,0.0,0.0,0.0,0.0,0.0,0.0,0.0,0.0,0.0,0.0,0.0,0.0,0.0,0.0,0.0,0.0,12.0,FOOD-DATA-GROUP5,0.0,0.0,100.0,0.0,235,0.0,0.0,0.0,0.0,0.0,0,0,1,0,Limit,35.0
169,169,egg bagel,72,0.5,0.1,0.1,0.2,13.8,0.0,2.8,0.6,6.2,0.1,8.5,0.012,0.1,0.016,0.064,0.064,0.9,0.2,0.053,0.2,0.0,0.0,0.0,3.4,0.09,1.0,6.5,0.1,21.8,17.7,0.088,0.2,22.349,FOOD-DATA-GROUP5,16.37426900584795,80.7017543859649,2.923976608187134,0.1891891891891891,72,3.835616438356164,0.821917808219178,0.0,1.2,0.0013698630136986,0,0,0,0,Healthy,52.9
170,170,english muffin toasted,140,1.1,0.3,0.2,0.5,27.4,1.8,5.4,1.5,0.0,0.2,17.1,0.0,0.3,0.041,0.074,0.1,2.6,0.2,0.051,0.9,0.0,0.2,0.002,102.4,0.051,2.4,14.6,0.3,55.6,67.1,0.057,0.7,141.1,FOOD-DATA-GROUP5,15.92920353982301,80.8259587020649,3.244837758112095,0.1901408450704225,140,3.829787234042553,1.0638297872340423,6.338028169014084,3.0,0.001418439716312,0,0,0,0,Healthy,55.4
171,171,english muffin whole wheat toasted,135,1.4,0.2,0.3,0.6,26.9,5.4,5.9,4.5,0.0,0.2,25.0,0.0,0.2,0.089,0.0,0.045,2.0,0.3,0.024,0.0,0.0,0.3,0.047,175.7,0.1,1.6,47.0,1.2,187.3,139.1,0.099,1.1,216.0,FOOD-DATA-GROUP5,17.251461988304094,78.65497076023392,4.093567251461989,0.2114695340501792,135,4.338235294117648,3.308823529411765,19.35483870967742,9.0,0.0014705882352941,0,0,0,0,Healthy,58.9
172,172,biscuit,357,16.5,4.4,7.0,4.2,45.0,2.2,7.1,1.5,3.0,0.6,29.2,0.0,0.4,0.006,0.011,0.3,3.0,0.3,0.06,0.2,0.0,0.0,0.0,237.4,0.048,2.9,18.2,0.4,165.6,122.2,0.003,0.5,310.6,FOOD-DATA-GROUP5,10.349854227405247,65.59766763848397,24.05247813411079,0.1543478260869565,357,1.9832402234636872,0.4189944134078212,4.782608695652174,3.0,0.0016759776536312,0,0,0,0,Healthy,53.4
173,173,french roll,105,1.6,0.4,0.7,0.3,19.1,0.1,3.3,1.2,0.0,0.2,13.2,0.0,0.2,0.07,0.0,0.1,1.7,0.2,0.087,0.0,0.0,0.1,0.088,34.6,0.048,1.0,7.6,0.2,31.9,43.3,0.067,0.3,60.8,FOOD-DATA-GROUP5,13.749999999999998,79.58333333333333,6.666666666666667,0.1641791044776119,105,3.1132075471698117,1.1320754716981132,0.4975124378109453,2.4,0.0018867924528301,0,0,0,0,Healthy,53.9
174,174,oat bran dinner roll,78,1.5,0.2,0.5,0.5,13.3,2.2,3.1,1.4,0.0,0.1,14.5,0.0,0.1,0.076,0.0,0.082,1.6,0.1,0.021,0.0,0.0,0.2,0.045,28.1,0.004,1.4,10.9,0.2,38.0,39.9,0.067,0.3,48.8,FOOD-DATA-GROUP5,17.31843575418994,74.30167597765363,8.379888268156424,0.2167832167832167,78,3.924050632911392,1.772151898734177,15.384615384615383,2.8,0.0012658227848101,0,0,0,0,Healthy,53.4
175,175,pecan shortbread cookies,76,4.6,1.1,2.6,0.6,8.2,0.0,0.7,0.3,4.6,0.002,0.5,0.078,0.034,0.016,0.0,0.1,0.3,0.077,0.065,0.0,0.0,0.0,0.0,4.2,0.084,0.3,2.5,0.052,11.9,10.2,0.002,0.1,18.349,FOOD-DATA-GROUP5,5.185185185185186,60.74074074074074,34.07407407407408,0.0760869565217391,76,0.9090909090909092,0.3896103896103896,0.0,0.6,2.5974025974025972e-05,0,0,0,0,Healthy,50.1
176,176,oatmeal cookies,113,4.5,1.1,2.5,0.6,17.2,6.2,1.6,0.7,0.0,0.1,1.4,0.001,0.003,0.051,0.0,0.044,0.6,0.076,0.059,0.1,0.0,0.046,0.07,9.3,0.029,0.6,8.3,0.2,34.5,35.5,0.044,0.2,34.069,FOOD-DATA-GROUP5,6.866952789699571,73.81974248927038,19.313304721030043,0.0879120879120879,113,1.4035087719298245,0.6140350877192983,34.065934065934066,1.4,0.0008771929824561,0,0,0,0,Healthy,48.9
177,177,chocolate wafers,485,15.9,4.7,5.4,4.7,81.1,33.2,7.4,3.8,2.2,0.8,5.0,0.089,0.2,0.038,0.037,0.3,3.2,0.4,0.071,0.0,0.0,0.8,0.039,34.7,0.5,4.5,59.4,0.8,147.8,235.2,0.048,1.2,147.442,FOOD-DATA-GROUP5,7.088122605363985,77.68199233716474,15.229885057471265,0.0901339829476248,485,1.5226337448559673,0.7818930041152263,40.43848964677223,7.6,0.0016460905349794,0,1,0,0,Limit,44.4
178,178,vanilla wafers low fat,353,12.2,3.1,5.2,3.1,58.9,30.0,4.0,1.5,40.8,0.3,4.1,0.037,0.2,0.045,0.028,0.3,2.5,0.3,0.027,0.0,0.0,0.2,0.082,38.4,0.036,1.9,11.2,0.2,83.2,77.6,0.001,0.3,116.995,FOOD-DATA-GROUP5,5.326231691078562,78.42876165113182,16.245006657789617,0.0667779632721202,353,1.1299435028248588,0.423728813559322,50.08347245409015,3.0,0.0008474576271186,0,1,0,0,Avoid,40.9
179,179,chocolate chip cookies mcdonalds,136,6.4,3.2,1.7,0.4,18.7,9.6,1.6,0.6,18.4,0.058,1.2,0.003,0.063,0.046,0.082,0.051,0.6,0.2,0.03,0.0,0.0,0.2,0.0,9.6,0.012,1.1,11.3,0.2,29.7,54.9,0.0,0.2,38.09,FOOD-DATA-GROUP5,5.99250936329588,70.0374531835206,23.97003745318352,0.0812182741116751,136,1.1678832116788322,0.437956204379562,48.73096446700508,1.2,0.0004233576642335,0,0,0,0,Healthy,45.9
180,180,gingersnap cookies,29,0.7,0.2,0.4,0.062,5.4,1.4,0.4,0.2,0.0,0.012,0.4,0.0,0.026,0.0,0.0,0.007,0.2,0.016,0.09,0.0,0.0,0.07,0.063,5.4,0.021,0.4,3.4,0.1,5.8,24.2,0.079,0.06,12.5,FOOD-DATA-GROUP5,6.153846153846153,83.07692307692307,10.769230769230766,0.0625,29,1.3333333333333337,0.6666666666666667,21.875,0.4,0.0004,0,0,0,0,Healthy,49.9
181,181,biscotti abbracci mulino bianco,54,2.6,1.6,6.8,2.6,0.8,0.051,0.4,0.0,0.0,0.0,0.0,0.0,0.0,0.0,0.0,0.0,0.0,0.0,0.0,0.0,0.0,0.0,0.0,0.0,0.0,0.0,0.0,0.0,0.0,0.0,0.0,0.0,3.8,FOOD-DATA-GROUP5,10.526315789473683,21.052631578947366,68.42105263157895,0.2222222222222222,54,0.7272727272727273,0.0,2.833333333333333,0.0,0.0,0,0,0,0,Healthy,49.1
182,182,chocolate chip cookie,63,2.8,1.4,1.0,0.3,9.3,5.3,0.5,0.3,0.0,0.047,1.4,0.013,0.0,0.093,0.095,0.0,0.068,0.3,0.068,0.052,0.0,0.0,0.2,0.036,2.4,0.049,0.6,4.1,0.026,8.7,18.5,0.034,13.122,FOOD-DATA-GROUP5,3.968253968253968,73.8095238095238,22.222222222222214,0.0485436893203883,63,0.78125,0.46875,51.45631067961165,0.6,0.000734375,0,0,0,0,Healthy,47.7
183,183,brownie,243,9.8,2.5,5.4,0.4,38.3,22.0,2.9,1.3,10.2,0.2,8.2,0.02,0.2,0.046,0.098,0.1,1.0,0.3,0.092,0.0,0.0,0.098,0.048,17.4,0.0,1.4,18.6,0.1,60.6,89.4,0.053,0.4,71.166,FOOD-DATA-GROUP5,5.686274509803922,75.09803921568627,19.215686274509807,0.0737913486005089,243,1.1885245901639343,0.5327868852459017,55.97964376590331,2.6,0.0008196721311475,0,1,0,0,Avoid,43.4
184,184,shortbread cookies,40,1.9,0.5,1.1,0.3,5.2,1.2,0.5,0.1,1.6,0.097,0.3,0.018,0.023,0.05,0.053,0.023,0.3,0.011,0.027,0.0,0.01,0.063,0.042,2.8,0.073,0.2,1.4,0.013,8.6,8.0,0.033,0.005,10.729,FOOD-DATA-GROUP5,6.578947368421052,68.42105263157895,25.0,0.0806451612903225,40,1.2195121951219512,0.2439024390243902,19.35483870967742,0.2,0.0023658536585365,0,0,0,0,Healthy,49.7
185,185,oatmeal cookies with raisins,65,2.4,0.5,1.0,0.8,10.3,0.0,1.0,0.0,5.0,0.022,1.0,0.096,0.015,0.069,0.037,0.088,0.2,0.053,0.006,0.078,0.0,0.0,0.0,15.0,0.031,0.4,6.3,0.1,24.2,35.9,0.016,0.1,29.198,FOOD-DATA-GROUP5,7.2992700729927,75.18248175182481,17.518248175182478,0.0884955752212389,65,1.5151515151515151,0.0,0.0,0.0,0.0003333333333333,0,0,0,0,Healthy,50.4
186,186,peanut butter sandwich cookies,67,3.0,0.7,1.6,0.5,9.2,5.0,1.2,0.3,0.0,0.098,0.4,0.039,0.017,0.038,0.033,0.033,0.5,0.1,0.068,0.093,0.0,0.3,0.1,7.4,0.012,0.4,6.9,0.1,26.3,26.9,0.06,0.1,21.624,FOOD-DATA-GROUP5,8.955223880597016,68.65671641791045,22.38805970149254,0.1176470588235294,67,1.7647058823529411,0.4411764705882353,49.01960784313726,0.6,0.0014411764705882,0,0,0,0,Healthy,48.8
187,187,sugar cookies,72,3.2,0.8,1.8,0.4,10.2,5.7,0.8,0.1,7.7,0.007,0.7,0.039,0.035,0.028,0.019,0.03,0.4,0.042,0.052,0.091,0.097,0.073,0.058,3.2,0.034,0.3,1.8,0.073,12.0,9.5,0.052,0.024,17.981,FOOD-DATA-GROUP5,5.633802816901409,71.83098591549295,22.53521126760564,0.0714285714285714,72,1.095890410958904,0.136986301369863,50.89285714285715,0.2,9.58904109589041e-05,0,0,0,0,Healthy,47.9
188,188,chocolate covered graham crackers,68,3.2,1.8,1.1,0.1,9.3,5.8,0.8,0.4,0.0,0.067,0.4,0.016,0.017,0.019,0.0,0.097,0.3,0.004,0.095,0.0,0.0,0.062,0.071,8.1,0.019,0.5,8.1,0.1,18.8,29.3,0.033,0.1,22.313,FOOD-DATA-GROUP5,6.015037593984962,69.92481203007519,24.06015037593985,0.0776699029126213,68,1.1594202898550725,0.5797101449275363,56.310679611650485,0.8,0.0009710144927536,0,0,0,0,Healthy,47.5
189,189,raisin cookies,60,2.0,0.5,1.1,0.3,10.2,7.1,0.6,0.2,0.3,0.077,2.0,0.008,0.031,0.074,0.0,0.082,0.3,0.046,0.044,0.1,0.0,0.3,0.086,6.9,0.04,0.3,3.2,0.001,12.5,21.0,0.039,0.034,20.215,FOOD-DATA-GROUP5,4.6875,79.6875,15.625,0.0535714285714285,60,0.983606557377049,0.3278688524590163,63.39285714285714,0.4,0.0012622950819672,0,0,0,0,Healthy,47.5
190,190,vanilla wafers,28,1.2,0.3,0.7,0.1,4.3,0.0,0.3,0.1,0.0,0.045,0.3,0.0,0.071,0.067,0.0,0.057,0.2,0.013,0.09,0.0,0.0,0.0,0.0,1.5,0.028,0.1,0.7,0.038,3.8,6.4,0.036,0.06,7.5,FOOD-DATA-GROUP5,5.172413793103448,74.13793103448276,20.689655172413797,0.0566037735849056,28,1.0344827586206895,0.3448275862068966,0.0,0.2,0.001551724137931,0,0,0,0,Healthy,50.1
191,191,graham crackers,355,8.5,1.3,3.4,3.2,64.5,26.1,5.8,2.4,0.0,0.4,3.7,0.0,0.2,0.013,0.0,0.3,3.5,0.5,0.047,0.0,0.0,0.3,0.084,20.2,0.2,3.1,25.2,0.7,87.4,113.4,0.098,0.7,104.5,FOOD-DATA-GROUP5,7.3604060913705585,81.8527918781726,10.786802030456853,0.0885496183206106,355,1.6292134831460674,0.6741573033707865,39.84732824427481,4.8,0.0011235955056179,0,1,0,0,Limit,46.5
192,192,peanut butter cookies,95,4.8,0.9,2.2,1.4,11.8,0.0,1.8,0.0,6.2,0.1,1.2,0.066,0.044,0.092,0.023,0.06,0.7,0.025,0.079,0.032,0.0,0.0,0.0,7.8,0.075,0.4,7.8,0.1,23.2,46.2,0.062,0.2,26.738,FOOD-DATA-GROUP5,9.782608695652172,64.13043478260869,26.086956521739125,0.140625,95,1.875,0.0,0.0,0.0,0.0010416666666666,0,0,0,0,Healthy,50.7
193,193,vanilla sandwich cookie,72,3.0,0.4,1.3,1.1,10.8,5.9,0.7,0.2,0.0,0.044,0.3,0.0,0.096,0.036,0.0,0.08,0.4,0.036,0.085,0.0,0.0,0.2,0.085,4.1,0.053,0.3,2.1,0.08,11.3,13.7,0.064,0.051,19.1,FOOD-DATA-GROUP5,4.827586206896552,74.48275862068967,20.689655172413797,0.059322033898305,72,0.9589041095890408,0.273972602739726,50.0,0.4,0.0006027397260273,0,0,0,0,Healthy,48.2
194,194,sugar wafers with creme filling,51,2.3,1.2,0.8,0.3,7.1,4.3,0.4,0.2,0.0,0.06,0.2,0.0,0.016,0.069,0.0,0.031,0.2,0.03,0.051,0.0,0.0,0.3,0.059,2.7,0.019,0.4,1.6,0.052,7.3,11.8,0.085,0.074,13.1,FOOD-DATA-GROUP5,4.081632653061225,72.44897959183673,23.46938775510204,0.0493827160493827,51,0.7692307692307693,0.3846153846153846,53.086419753086425,0.4,0.0011538461538461,0,0,0,0,Healthy,48.0
195,195,cheese puffs,197,12.8,1.9,3.8,6.9,18.6,1.1,2.1,0.6,2.5,0.3,0.6,0.012,0.01,0.039,0.035,0.065,1.6,0.3,0.092,0.0,0.0,1.5,0.043,20.0,0.038,0.7,6.3,0.033,44.8,66.2,0.031,0.2,54.854,FOOD-DATA-GROUP5,6.268656716417912,55.5223880597015,38.2089552238806,0.1071428571428571,197,1.0606060606060608,0.303030303030303,5.612244897959184,1.2,0.0015151515151515,0,0,0,0,Healthy,50.6
196,196,saltine crackers,13,0.3,0.097,0.098,0.1,2.2,0.063,0.3,0.022,0.0,0.067,0.1,0.037,0.0,0.075,0.097,0.033,0.094,0.2,0.017,0.062,0.0,0.0,0.071,0.059,0.6,0.025,0.2,0.8,0.088,3.3,4.8,0.039,3.081,FOOD-DATA-GROUP5,10.714285714285715,78.57142857142858,10.714285714285715,0.0937499999999999,13,2.142857142857143,0.1571428571428571,1.96875,0.044,0.0047857142857142,0,0,0,0,Healthy,50.2
197,197,trail mix,139,8.8,1.7,3.8,2.9,13.5,0.0,4.1,0.0,0.0,0.014,2.8,0.0,0.1,0.002,0.0,0.027,1.4,0.3,0.077,0.4,0.0,0.0,0.0,23.4,0.3,0.9,47.4,0.3,103.5,205.5,0.0,1.0,51.1,FOOD-DATA-GROUP5,15.530303030303028,51.13636363636363,33.33333333333333,0.2827586206896551,139,2.9285714285714284,0.0,0.0,0.0,0.0001,0,0,0,0,Healthy,51.8
198,198,corn cones,144,7.6,6.4,0.5,0.2,17.8,0.0,1.6,0.3,0.0,0.3,0.6,0.0,0.097,0.079,0.0,0.032,0.4,0.011,0.095,0.0,0.0,0.0,0.0,0.8,0.052,0.7,3.1,0.013,12.5,22.9,0.05,0.032,28.8,FOOD-DATA-GROUP5,5.925925925925927,65.92592592592594,28.148148148148145,0.0851063829787234,144,1.103448275862069,0.2068965517241379,0.0,0.6,0.0020689655172413,0,0,1,0,Limit,46.8
199,199,chocolate pretzels,50,1.8,0.8,0.6,0.2,7.8,0.0,0.8,0.0,0.0,0.037,0.3,0.0,0.068,0.094,0.0,0.078,0.003,0.033,0.052,0.076,0.0,0.0,0.0,8.1,0.081,0.2,4.5,0.071,16.0,24.8,0.0,0.1,18.726,FOOD-DATA-GROUP5,7.6923076923076925,75.0,17.307692307692307,0.0909090909090909,50,1.568627450980392,0.0,0.0,0.0,0.0007254901960784,0,0,0,0,Healthy,50.0
200,200,french toast sticks,73,3.8,0.9,2.1,0.6,8.9,2.1,1.3,0.3,0.0,0.001,7.3,0.0,0.079,0.041,0.0,0.075,0.6,0.027,0.085,0.0,0.0,0.2,0.04,11.4,0.036,0.4,4.1,0.029,18.8,24.0,0.066,0.1,26.1,FOOD-DATA-GROUP5,9.285714285714286,63.57142857142858,27.142857142857142,0.1313131313131313,73,1.7567567567567568,0.4054054054054054,21.21212121212121,0.6,1.3513513513513512e-05,0,0,0,0,Healthy,49.9
201,201,crackers,82,4.2,0.9,1.0,2.1,9.8,1.3,1.1,0.4,0.0,0.1,0.5,0.2,0.0,0.081,0.079,0.0,0.052,0.7,0.067,0.087,0.0,0.0,0.5,0.036,19.2,0.011,0.6,2.9,0.076,39.7,18.9,0.053,15.764,FOOD-DATA-GROUP5,7.28476821192053,64.90066225165563,27.81456953642384,0.1018518518518518,82,1.3253012048192772,0.4819277108433735,12.037037037037036,0.8,0.0012048192771084,0,0,0,0,Healthy,50.2
202,202,sesame sticks,54,3.7,0.6,1.1,1.7,4.7,0.084,1.1,0.3,0.0,0.09,0.2,0.0,0.025,0.006,0.0,0.045,0.2,0.033,0.018,0.0,0.0,0.4,0.043,17.0,0.08,0.055,4.5,0.068,13.8,17.7,0.021,0.1,26.81,FOOD-DATA-GROUP5,11.578947368421051,49.47368421052632,38.94736842105264,0.1929824561403509,54,2.0,0.5454545454545454,1.4736842105263157,0.6,0.0016363636363636,0,0,0,0,Healthy,50.8
203,203,cheese crackers,34,1.6,0.4,0.4,0.7,4.2,0.3,0.8,0.2,0.2,0.065,0.2,0.05,0.056,0.039,0.095,0.028,0.03,0.4,0.065,0.009,0.0,0.0,0.2,0.026,9.5,0.032,0.3,1.8,0.075,14.0,10.9,0.031,7.053,FOOD-DATA-GROUP5,12.121212121212125,63.63636363636365,24.24242424242425,0.1538461538461538,34,2.2857142857142856,0.5714285714285714,5.769230769230769,0.4,0.0018571428571428,0,0,0,0,Healthy,50.5
204,204,oriental rice cracker mix,143,7.2,1.1,2.8,3.0,14.6,0.8,4.9,3.7,0.0,0.1,0.7,0.0,0.033,0.038,0.0,0.083,0.9,0.1,0.026,0.037,0.0,1.6,0.068,15.3,0.069,0.7,33.4,0.4,74.1,92.8,0.067,0.8,46.416,FOOD-DATA-GROUP5,18.35205992509364,54.68164794007491,26.96629213483146,0.3141025641025641,143,3.402777777777778,2.5694444444444446,5.128205128205129,7.4,0.0006944444444444,0,0,0,0,Healthy,58.1
205,205,breadsticks,103,2.4,0.4,0.9,0.9,17.1,0.3,3.0,0.8,0.0,0.2,1.5,0.0,0.1,0.022,0.0,0.1,1.3,0.1,0.015,0.0,0.0,0.3,0.038,5.5,0.058,1.1,8.0,0.1,30.3,31.0,0.092,0.2,29.9,FOOD-DATA-GROUP5,13.333333333333334,76.0,10.666666666666666,0.1657458563535911,103,2.8846153846153846,0.7692307692307693,1.6574585635359116,1.6,0.0019230769230769,0,0,0,0,Healthy,53.0
206,206,milk crackers,50,1.7,0.3,0.7,0.6,7.7,1.8,0.8,0.2,1.2,0.095,0.5,0.073,0.078,0.056,0.09,0.09,0.5,0.032,0.055,0.017,0.0,0.1,0.016,18.9,0.01,0.4,2.4,0.054,33.3,12.5,0.097,0.022,29.845,FOOD-DATA-GROUP5,7.843137254901962,75.49019607843138,16.666666666666668,0.0919540229885057,50,1.568627450980392,0.392156862745098,20.6896551724138,0.4,0.0018627450980392,0,0,0,0,Healthy,50.0
207,207,matzo crackers whole wheat,98,0.4,0.005,0.019,0.2,22.1,0.0,3.7,3.3,0.0,0.002,1.3,0.0,0.1,0.088,0.0,0.013,1.5,0.3,0.078,0.0,0.0,0.0,0.0,6.4,0.079,1.3,37.5,1.0,85.4,88.5,0.04,0.7,37.2,FOOD-DATA-GROUP5,14.122137404580156,84.35114503816796,1.5267175572519085,0.1601731601731601,98,3.737373737373738,3.333333333333333,0.0,6.6,2.0202020202020203e-05,0,0,0,0,Healthy,57.7
208,208,matzo crackers with egg,109,0.6,0.2,0.2,0.1,22.0,0.0,3.4,0.8,23.2,0.057,1.8,0.077,0.2,0.041,0.006,0.2,1.4,0.1,0.039,0.07,0.0,0.0,0.0,11.2,0.069,0.8,6.7,0.2,41.4,42.0,0.048,0.2,38.972,FOOD-DATA-GROUP5,13.076923076923078,84.61538461538461,2.3076923076923075,0.1478260869565217,109,3.090909090909091,0.7272727272727273,0.0,1.6,0.0005181818181818,0,0,0,0,Healthy,53.6
209,209,granola bites,23,0.9,0.5,0.2,0.1,3.3,1.5,0.4,0.3,0.0,0.067,0.4,0.0,0.044,0.013,0.02,0.03,0.023,0.1,0.041,0.086,0.044,0.0,0.1,0.015,2.1,0.074,0.024,3.5,0.017,10.8,14.3,0.016,5.042,FOOD-DATA-GROUP5,8.695652173913045,71.73913043478261,19.565217391304348,0.0930232558139535,23,1.6666666666666667,1.25,34.88372093023256,0.6,0.0027916666666666,0,0,0,0,Healthy,49.8
210,210,crackers whole wheat,120,4.0,0.6,0.9,1.9,19.5,0.3,3.0,2.9,0.0,0.2,0.8,0.0,0.074,0.068,0.0,0.011,1.3,0.2,0.074,0.0,0.0,0.4,0.075,10.1,0.1,0.9,30.8,0.6,92.7,96.6,0.073,0.7,40.4,FOOD-DATA-GROUP5,11.320754716981131,73.58490566037736,15.09433962264151,0.1463414634146341,120,2.479338842975207,2.3966942148760326,1.4634146341463414,5.8,0.0016528925619834,0,0,0,0,Healthy,56.0
211,211,tropical trail mix,619,23.9,11.9,3.5,7.2,91.8,0.0,8.8,0.0,0.0,0.1,12.6,0.0,0.6,0.099,0.0,0.2,2.1,1.7,0.5,10.6,0.0,0.0,0.0,79.8,0.7,3.7,134.4,1.4,260.4,992.6,0.0,1.6,218.6,FOOD-DATA-GROUP5,7.068273092369479,73.73493975903614,19.196787148594375,0.0948275862068965,619,1.4193548387096775,0.0,0.0,0.0,0.0001612903225806,0,0,1,0,Limit,47.7
212,212,soft pretzels,389,3.6,0.8,1.2,1.1,79.8,0.3,9.4,2.0,3.5,0.9,17.3,0.0,0.5,0.079,0.0,0.3,4.9,0.0,0.002,0.0,0.0,0.6,0.071,26.5,0.1,4.5,24.2,0.0,90.9,101.2,0.03,1.1,125.8,FOOD-DATA-GROUP5,10.129310344827587,85.99137931034483,3.8793103448275854,0.1163366336633663,389,2.41025641025641,0.5128205128205128,0.3712871287128713,4.0,0.0023076923076923,0,0,0,0,Healthy,59.3
213,213,corn tostada shell,58,2.9,0.9,0.9,1.0,7.9,0.0,0.8,0.7,0.0,0.084,0.4,0.0,0.08,0.0,0.0,0.027,0.2,0.085,0.031,0.0,0.0,0.0,0.0,9.3,0.042,0.2,9.3,0.031,25.0,29.2,0.028,0.2,21.8,FOOD-DATA-GROUP5,6.896551724137931,68.10344827586206,25.0,0.0898876404494382,58,1.355932203389831,1.1864406779661016,0.0,1.4,0.0014237288135593,0,0,0,0,Healthy,51.0
214,214,matzo crackers,111,0.4,0.03,0.045,0.2,23.4,0.098,2.8,0.8,0.0,0.0,1.2,0.0,0.1,0.077,0.0,0.013,1.1,0.1,0.078,0.0,0.0,0.026,0.047,3.6,0.01,0.9,7.0,0.2,24.9,31.4,0.022,0.2,31.9,FOOD-DATA-GROUP5,10.526315789473683,87.96992481203007,1.503759398496241,0.1147540983606557,111,2.5,0.7142857142857143,0.4016393442622951,1.6,0.0,0,0,0,0,Healthy,53.2
215,215,sesame crunch,9,0.6,0.096,0.2,0.3,0.9,0.6,0.2,0.1,0.0,0.027,0.073,0.0,0.061,0.051,0.0,0.015,0.025,0.049,0.013,0.0,0.0,0.002,0.0,11.5,0.096,0.019,4.5,0.055,7.4,5.5,0.033,0.013,13.351,FOOD-DATA-GROUP5,11.76470588235294,52.94117647058824,35.29411764705882,0.1052631578947368,9,2.0,1.0,31.57894736842105,0.2,0.0027,0,0,0,0,Healthy,50.0
216,216,trail mix with chocolate chips,707,46.6,8.9,19.8,16.5,65.6,0.0,20.7,0.0,5.8,0.2,9.6,0.0,0.6,0.01,0.0,0.3,6.4,1.4,0.4,1.9,0.0,0.0,0.0,159.1,1.2,4.9,235.1,1.6,565.0,946.1,0.0,4.6,298.8,FOOD-DATA-GROUP5,15.575620767494357,49.36042136945071,35.06395786305493,0.3108108108108108,707,2.9237288135593222,0.0,0.0,0.0,0.0002824858757062,0,0,1,0,Limit,58.3
217,217,cracker meal,440,2.0,0.3,0.2,0.8,93.0,0.4,10.7,3.0,0.0,0.078,8.7,0.0,0.8,0.2,0.0,0.5,6.6,0.5,0.017,0.0,0.0,0.5,0.053,26.5,0.3,5.3,27.6,1.1,119.6,132.3,0.086,0.8,140.5,FOOD-DATA-GROUP5,10.122989593188269,87.9848628192999,1.8921475875118257,0.1138297872340425,440,2.4263038548752838,0.6802721088435374,0.425531914893617,6.0,0.0001768707482993,0,0,0,0,Healthy,62.1
218,218,puffed rice,153,0.2,0.037,0.0,0.0,34.1,0.0,2.4,0.6,0.0,0.053,1.1,0.0,1.0,0.093,0.0,0.7,13.4,0.1,0.055,0.0,0.0,0.0,0.0,2.3,0.02,12.0,9.5,0.6,37.2,42.9,0.094,0.4,51.6,FOOD-DATA-GROUP5,6.539509536784741,92.91553133514986,0.544959128065395,0.0683760683760683,153,1.5584415584415583,0.3896103896103896,0.0,1.2,0.0003441558441558,0,0,0,0,Healthy,52.7
219,219,filinchen gutena,19,0.2,0.056,3.6,0.031,0.5,0.028,0.4,0.0,0.0,0.0,0.0,0.0,0.0,0.0,0.0,0.0,0.0,0.0,0.0,0.0,0.0,0.0,0.0,0.0,0.0,0.0,0.0,0.0,0.0,0.0,0.0,0.0,1.1,FOOD-DATA-GROUP5,36.36363636363637,45.45454545454545,18.181818181818183,0.2666666666666666,19,2.0,0.0,1.866666666666667,0.0,0.0,0,0,0,0,Healthy,50.2
220,220,melba toast crackers,117,1.0,0.1,0.2,0.4,23.0,0.3,3.6,1.9,0.0,0.2,1.5,0.0,0.1,0.055,0.0,0.071,1.2,0.2,0.087,0.0,0.0,0.1,0.029,27.9,0.046,1.1,17.7,0.3,58.8,60.6,0.042,0.6,58.5,FOOD-DATA-GROUP5,13.043478260869565,83.33333333333333,3.6231884057971016,0.15,117,3.050847457627119,1.6101694915254237,1.25,3.8,0.0016949152542372,0,0,0,0,Healthy,55.4
221,221,matzo crackers with egg onion,109,1.1,0.3,0.3,0.3,21.6,0.0,2.8,1.4,12.6,0.052,2.0,0.062,0.2,0.069,0.018,0.1,1.4,0.2,0.036,0.026,0.0,0.0,0.0,10.1,0.013,1.2,8.4,0.2,24.9,23.2,0.066,0.2,38.316,FOOD-DATA-GROUP5,10.980392156862743,84.70588235294117,4.313725490196078,0.1238938053097345,109,2.545454545454545,1.2727272727272725,0.0,2.8,0.0004727272727272,0,0,0,0,Healthy,54.0
222,222,cornnuts,126,4.4,0.7,2.7,0.9,20.3,0.2,2.4,2.0,0.0,0.2,0.4,0.0,0.024,0.0,0.0,0.015,0.5,0.1,0.094,0.0,0.0,0.6,0.097,2.5,0.001,0.5,32.0,0.1,77.8,78.7,0.064,0.5,32.1,FOOD-DATA-GROUP5,8.856088560885608,74.90774907749078,16.236162361623617,0.1126760563380281,126,1.889763779527559,1.574803149606299,0.9389671361502347,4.0,0.0015748031496062,0,0,0,0,Healthy,54.2
223,223,bagel chips,789,26.5,12.0,10.6,3.6,116.1,10.5,21.6,7.2,0.0,0.4,8.8,0.0,0.9,0.2,0.0,0.6,13.4,0.8,0.2,0.0,0.0,1.4,0.031,42.0,0.3,8.8,68.3,1.2,229.3,245.0,0.03,1.8,222.2,FOOD-DATA-GROUP5,13.154689403166872,70.70645554202193,16.13885505481121,0.1844577284372331,789,2.7341772151898738,0.9113924050632912,8.9666951323655,10.0,0.000506329113924,0,0,1,0,Healthy,62.6
224,224,pretzels,115,0.9,0.1,0.2,0.4,24.1,0.7,3.0,1.0,0.0,0.4,0.9,0.037,0.0,0.1,0.084,0.0,0.026,1.6,0.1,0.084,0.6,0.0,0.1,0.01,8.1,0.08,1.4,8.7,0.3,38.4,66.9,0.01,29.214,FOOD-DATA-GROUP5,10.714285714285714,86.07142857142858,3.214285714285715,0.1195219123505976,115,2.586206896551724,0.8620689655172413,2.788844621513944,2.0,0.0034482758620689,0,0,0,0,Healthy,53.4
225,225,potato raw,164,0.2,0.028,0.063,0.071,37.2,1.7,4.3,4.7,0.0,0.072,169.0,0.0,0.2,0.002,0.0,0.02,2.2,0.6,0.6,42.0,0.0,0.059,0.043,25.6,0.2,1.7,49.0,0.3,121.4,896.7,0.079,0.6,115.7,FOOD-DATA-GROUP5,10.311750599520382,89.20863309352518,0.4796163069544364,0.112565445026178,164,2.606060606060606,2.8484848484848486,4.450261780104712,9.4,0.0004363636363636,0,0,0,0,Healthy,59.6
226,226,gatto di patate home made,202,9.4,4.6,21.0,9.4,4.0,3.6,0.0,0.0,0.0,0.0,0.0,0.0,0.0,0.0,0.0,0.0,0.0,0.0,0.0,0.0,0.0,0.0,0.0,0.0,0.0,0.0,0.0,0.0,0.0,0.0,0.0,0.0,13.4,FOOD-DATA-GROUP5,0.0,29.850746268656717,70.1492537313433,0.0,202,0.0,0.0,72.0,0.0,0.0,0,0,0,0,Healthy,45.1
227,227,baked potato,161,0.2,0.074,0.086,0.1,36.6,2.0,4.3,3.8,0.0,0.097,129.6,0.0,0.0,0.1,0.001,0.0,0.056,2.4,0.7,0.5,16.6,0.0,0.034,0.057,26.0,0.2,1.9,48.4,0.4,121.1,925.6,0.028,45.667,FOOD-DATA-GROUP5,10.46228710462287,89.05109489051095,0.48661800486618,0.1143617021276595,161,2.654320987654321,2.3456790123456788,5.319148936170213,7.6,0.0005987654320987,0,0,0,0,Healthy,58.1
228,228,potato sticks,188,12.4,3.2,2.2,6.4,19.2,0.006,2.4,1.2,0.0,0.2,0.8,0.0,0.041,0.043,0.0,0.062,1.7,0.1,0.1,17.0,0.0,3.3,0.089,6.5,0.1,0.8,23.0,0.2,61.9,445.3,0.042,0.4,59.5,FOOD-DATA-GROUP5,7.0588235294117645,56.47058823529412,36.47058823529412,0.1188118811881188,188,1.2698412698412698,0.6349206349206349,0.0297029702970297,2.4,0.001058201058201,0,0,0,0,Healthy,51.2
229,229,potato cooked,52,0.006,0.003,0.027,0.071,12.1,0.5,1.1,1.2,0.0,0.035,46.2,0.0,0.026,0.082,0.0,0.029,0.9,0.3,0.2,7.8,0.0,0.043,0.042,3.0,0.1,0.2,13.2,0.044,26.4,227.4,0.022,0.2,25.487,FOOD-DATA-GROUP5,8.329547175526276,91.62501893078904,0.0454338936846887,0.0839694656488549,52,2.075471698113208,2.2641509433962264,3.816793893129771,2.4,0.0006603773584905,0,0,0,0,Healthy,52.4
230,230,vivaldi potatoes sainsburys,23,0.1,5.0,0.5,0.0,0.0,0.0,0.0,0.0,0.0,0.0,0.0,0.0,0.0,0.0,0.0,0.0,0.0,0.0,0.0,0.0,0.0,0.0,0.0,0.0,0.0,0.0,0.0,0.0,0.0,0.0,0.0,0.0,0.1,FOOD-DATA-GROUP5,0.0,0.0,100.0,0.0,23,0.0,0.0,0.0,0.0,0.0,0,0,0,0,Healthy,46.2
231,231,potato ham chowder soup,192,12.5,3.9,5.9,0.8,13.4,0.0,6.5,1.4,21.6,0.9,204.7,0.0,0.0,0.0,0.0,0.0,0.0,0.0,0.0,0.0,0.0,0.0,0.0,0.0,0.0,1.7,0.0,0.0,0.0,0.0,0.0,0.0,35.5,FOOD-DATA-GROUP5,20.061728395061728,41.358024691358025,38.58024691358025,0.4513888888888889,192,3.3678756476683938,0.7253886010362693,0.0,2.8,0.0046632124352331,0,0,0,0,Healthy,54.0
232,232,russet potato raw,292,0.3,0.06,0.061,0.2,66.7,2.3,7.9,4.8,0.0,0.068,290.0,0.0,0.3,0.056,0.0,0.1,3.8,1.1,1.3,21.0,0.0,0.097,0.083,48.0,0.4,3.2,84.9,0.6,203.0,1538.7,0.055,1.1,151.9,FOOD-DATA-GROUP5,10.54739652870494,89.05206942590121,0.4005340453938584,0.1166912850812407,292,2.696245733788396,1.6382252559726962,3.3973412112259966,9.6,0.0002320819112627,0,0,0,0,Healthy,62.2
233,233,russet potato baked,290,0.4,0.1,0.056,0.2,64.1,3.2,7.9,6.9,0.0,0.084,222.6,0.0,0.2,0.061,0.0,0.1,4.0,1.1,1.1,24.8,0.0,0.2,0.084,53.8,0.3,3.2,89.7,0.7,212.3,1644.5,0.01,1.0,161.1,FOOD-DATA-GROUP5,10.911602209944752,88.53591160220992,0.5524861878453038,0.1213517665130568,290,2.7147766323024056,2.371134020618557,4.915514592933948,10.0,0.0002886597938144,0,0,0,0,Healthy,64.9
234,234,french fries,13,0.4,0.01,0.3,0.067,2.2,0.088,0.2,0.2,0.0,0.056,5.9,0.0,0.043,0.019,0.0,0.042,0.2,0.076,0.085,1.5,0.0,0.061,0.086,0.8,0.028,0.076,1.9,0.022,7.4,36.3,0.0,0.018,5.362,FOOD-DATA-GROUP5,7.142857142857142,78.57142857142857,14.285714285714285,0.0625,13,1.4285714285714286,1.4285714285714286,2.75,0.4,0.004,0,0,0,0,Healthy,50.4
235,235,potato scalloped,216,9.0,5.5,2.5,0.4,26.4,0.0,7.0,4.7,29.4,0.8,198.3,0.0,0.2,0.018,0.0,0.2,2.6,1.3,0.4,26.0,0.0,0.0,0.0,139.7,0.4,1.4,46.6,0.4,154.4,926.1,0.064,1.0,214.2,FOOD-DATA-GROUP5,16.509433962264154,62.264150943396224,21.22641509433962,0.2554744525547445,216,3.225806451612903,2.165898617511521,0.0,9.4,0.0036866359447004,0,0,1,0,Healthy,58.2
236,236,cottage fries,11,0.4,0.084,0.2,0.055,1.9,0.019,0.2,0.2,0.0,0.058,4.4,0.0,0.026,0.063,0.0,0.086,0.1,0.003,0.016,0.8,0.0,0.043,0.076,0.9,0.053,0.025,1.9,0.086,6.7,32.5,0.06,0.027,4.413,FOOD-DATA-GROUP5,8.0,76.0,16.0,0.0689655172413793,11,1.6666666666666667,1.6666666666666667,0.6551724137931034,0.4,0.0048333333333333,0,0,0,0,Healthy,50.4
237,237,mashed potatoes,215,6.8,1.4,1.7,3.2,35.5,1.2,4.0,3.1,0.0,0.7,192.7,0.079,0.023,0.013,0.049,0.005,2.6,0.0,0.3,0.0,0.0,1.0,0.078,43.6,0.06,0.8,36.3,0.2,142.8,692.1,0.055,0.5,93.836,FOOD-DATA-GROUP5,8.639308855291578,76.67386609071275,14.686825053995682,0.1095890410958904,215,1.851851851851852,1.4351851851851851,3.287671232876712,6.2,0.0032407407407407,0,0,0,0,Healthy,56.1
238,238,mashed potato with milk and butter,237,8.9,5.5,2.2,0.4,35.3,3.0,3.9,3.2,23.1,0.7,158.8,0.026,0.2,0.023,0.05,0.069,2.3,1.0,0.5,12.6,0.08,0.3,0.033,50.4,0.3,0.5,37.8,0.2,94.5,596.4,0.074,0.6,114.854,FOOD-DATA-GROUP5,8.108108108108109,73.38877338877339,18.503118503118507,0.1074380165289256,237,1.638655462184874,1.3445378151260503,8.264462809917356,6.4,0.0029411764705882,0,0,1,0,Limit,52.4
239,239,red potato raw,149,0.3,0.074,0.001,0.1,33.9,2.7,4.0,3.6,0.0,0.02,172.4,0.0,0.2,0.026,0.0,0.06,2.4,0.6,0.4,18.3,0.0,0.003,0.051,21.3,0.3,1.6,46.9,0.3,129.9,969.2,0.022,0.7,83.0,FOOD-DATA-GROUP5,10.471204188481677,88.7434554973822,0.7853403141361258,0.1146131805157593,149,2.666666666666667,2.4,7.736389684813755,7.2,0.0001333333333333,0,0,0,0,Healthy,57.3
240,240,potato pancake,59,3.2,0.5,0.8,1.7,6.1,0.4,1.3,0.7,20.9,0.2,10.5,0.098,0.085,0.096,0.004,0.098,0.4,0.2,0.052,6.1,0.091,0.055,0.024,7.0,0.043,0.4,7.9,0.006,28.2,136.8,0.072,0.2,24.864,FOOD-DATA-GROUP5,12.264150943396228,57.54716981132076,30.188679245283023,0.1830985915492957,59,2.166666666666667,1.1666666666666663,5.633802816901409,1.4,0.0033333333333333,0,0,0,0,Healthy,51.5
241,241,potato puffs,243,11.0,2.3,7.7,0.6,35.5,0.3,2.6,3.2,0.0,0.6,76.4,0.0,0.2,0.019,0.0,0.049,1.9,0.4,0.2,8.1,0.0,0.3,0.001,17.9,0.01,0.8,21.8,0.2,131.8,399.4,0.018,0.4,79.1,FOOD-DATA-GROUP5,5.295315682281059,72.30142566191445,22.40325865580448,0.0712328767123287,243,1.0655737704918034,1.3114754098360657,0.821917808219178,6.4,0.0024590163934426,0,0,0,0,Healthy,54.9
242,242,red potato baked,74,0.1,0.008,0.078,0.004,16.7,1.2,2.0,1.5,0.0,0.037,65.2,0.0,0.0,0.097,0.034,0.0,0.046,1.4,0.3,0.2,10.7,0.0,0.066,0.075,7.7,0.1,0.6,23.8,0.1,61.2,463.3,0.0,20.689,FOOD-DATA-GROUP5,10.638297872340424,88.82978723404254,0.5319148936170213,0.1129943502824858,74,2.666666666666667,2.0,6.779661016949152,3.0,0.0004933333333333,0,0,0,0,Healthy,53.3
243,243,potatoes canned,132,0.3,0.098,0.021,0.1,29.7,0.0,3.6,4.2,0.0,0.7,263.5,0.0,0.1,0.011,0.0,0.015,2.7,0.5,0.4,22.8,0.0,0.0,0.0,117.0,0.2,2.2,42.0,0.2,66.0,615.0,0.049,1.2,179.8,FOOD-DATA-GROUP5,10.714285714285715,88.39285714285715,0.892857142857143,0.1172638436482084,132,2.706766917293233,3.1578947368421053,0.0,8.4,0.0052631578947368,0,0,0,0,Healthy,58.9
244,244,potato skin raw,22,0.099,0.093,0.008,0.07,4.7,0.0,1.0,1.0,0.0,0.053,31.7,0.0,0.055,0.031,0.0,0.024,0.4,0.1,0.038,4.3,0.0,0.0,0.0,11.4,0.2,1.2,8.7,0.2,14.4,156.9,0.096,0.1,23.697,FOOD-DATA-GROUP5,17.24435247456458,81.04845663045353,1.7071908949818937,0.175438596491228,22,4.3478260869565215,4.3478260869565215,0.0,2.0,0.0023043478260869,0,0,0,0,Healthy,52.2
245,245,shoestring french fries,4,0.1,0.059,0.083,0.06,0.7,0.062,0.099,0.099,0.0,0.055,1.2,0.0,0.008,0.004,0.0,0.092,0.075,0.003,0.048,0.3,0.0,0.022,0.048,0.3,0.057,0.052,0.5,0.057,2.4,10.6,0.038,0.053,1.604,FOOD-DATA-GROUP5,11.012235817575084,77.86429365962181,11.123470522803116,0.058235294117647,4,1.98,1.98,3.647058823529412,0.198,0.011,0,0,0,0,Healthy,50.2
246,246,hash brown potato,144,9.0,1.3,4.1,3.0,15.3,0.3,1.4,1.4,0.0,0.3,26.1,0.041,0.0,0.023,0.012,0.0,0.055,1.0,0.1,0.068,2.9,0.0,1.4,0.069,10.1,0.004,0.3,11.1,0.099,51.9,188.2,0.043,27.245,FOOD-DATA-GROUP5,5.447470817120623,59.53307392996109,35.01945525291829,0.0858895705521472,144,0.9655172413793104,0.9655172413793104,1.840490797546012,2.8,0.0020689655172413,0,0,0,0,Healthy,52.1
247,247,baked chips lays,130,2.0,26.0,2.0,2.0,0.0,0.0,0.0,0.0,0.0,0.0,0.0,0.0,0.0,0.0,0.0,0.0,0.0,0.0,0.0,0.0,0.0,0.0,0.0,0.0,0.0,0.0,0.0,0.0,0.0,0.0,0.0,0.0,2.0,FOOD-DATA-GROUP5,0.0,0.0,100.0,0.0,130,0.0,0.0,0.0,0.0,0.0,0,0,1,0,Limit,35.0
248,248,corn chips,162,10.0,1.3,2.7,4.9,17.2,0.031,1.9,1.2,0.0,0.2,0.3,0.021,0.066,0.062,0.086,0.0,0.076,0.3,0.2,0.073,0.0,0.0,2.2,0.068,41.4,0.021,0.4,21.6,0.1,58.2,43.2,0.042,30.501,FOOD-DATA-GROUP5,6.529209621993128,59.106529209622,34.36426116838488,0.1043956043956044,162,1.165644171779141,0.7361963190184049,0.1703296703296703,2.4,0.0012269938650306,0,0,0,0,Healthy,52.2
249,249,nacho cheese tortilla chips low fat,90,1.0,0.3,0.4,0.3,18.5,0.8,2.4,1.8,0.6,0.2,0.5,0.0,0.058,0.036,0.003,0.039,0.4,0.048,0.088,1.6,0.0,1.0,0.088,36.2,0.04,1.4,28.0,0.2,69.3,112.1,0.056,1.0,62.9,FOOD-DATA-GROUP5,10.958904109589042,84.47488584474885,4.566210045662101,0.123076923076923,90,2.6373626373626373,1.9780219780219777,4.102564102564102,3.6,0.0021978021978021,0,0,0,0,Healthy,54.0
250,250,corn chips barbecue,1036,64.7,8.8,18.8,32.0,111.3,0.0,13.9,10.3,0.0,1.5,2.4,0.0,0.1,0.014,0.0,0.4,3.3,0.3,0.5,3.4,0.0,0.0,0.0,259.4,0.3,3.0,152.5,1.5,409.9,467.3,0.005,2.1,466.0,FOOD-DATA-GROUP5,7.319641916798315,58.60979462875198,34.07056345444971,0.1237756010685663,1036,1.3404050144648023,0.9932497589199616,0.0,10.0,0.0014464802314368,0,0,1,0,Healthy,68.8
251,251,corn chips unsalted,490,29.4,3.8,8.0,15.0,50.5,1.2,5.8,3.9,0.0,0.024,0.9,0.0,0.1,0.028,0.0,0.1,1.3,0.0,0.2,1.8,0.0,1.2,0.026,109.1,0.2,1.5,61.6,0.0,161.9,162.8,0.087,0.7,202.0,FOOD-DATA-GROUP5,6.767794632438741,58.926487747958,34.30571761960327,0.1126213592233009,490,1.1812627291242364,0.7942973523421588,2.3300970873786406,7.8,4.8879837067209774e-05,0,0,0,0,Healthy,56.9
252,252,potato chips fat free,860,1.4,0.3,0.06,0.6,190.1,8.4,21.9,17.0,0.0,1.5,4.5,0.0,2.5,0.1,0.0,0.3,14.6,0.0,1.8,21.1,0.0,0.029,0.006,79.5,0.4,8.1,158.9,0.0,379.1,3695.6,0.038,1.7,339.1,FOOD-DATA-GROUP5,10.262417994376756,89.08153701968135,0.6560449859418931,0.1145996860282574,860,2.543554006968641,1.9744483159117303,4.395604395604396,10.0,0.0017421602787456,0,0,0,0,Healthy,76.4
253,253,sweet chilli kettle baked chips,99,2.2,0.3,16.9,1.2,2.1,0.4,2.0,0.0,0.0,0.0,0.0,0.0,0.0,0.0,0.0,0.0,0.0,0.0,0.0,0.0,0.0,0.0,0.0,0.0,0.0,0.0,0.0,0.0,0.0,0.0,0.0,0.0,6.3,FOOD-DATA-GROUP5,31.746031746031743,33.333333333333336,34.920634920634924,0.6451612903225806,99,2.0,0.0,12.903225806451612,0.0,0.0,0,0,0,0,Healthy,51.1
254,254,taro chips,11,0.6,0.1,0.1,0.3,1.6,0.04,0.049,0.2,0.0,0.022,0.064,0.0,0.088,0.067,0.0,0.077,0.03,0.1,0.091,0.1,0.0,0.3,0.078,1.4,0.097,0.008,1.9,0.087,3.0,17.4,0.08,0.069,4.042,FOOD-DATA-GROUP5,2.178746109381948,71.14273010226768,26.67852378835038,0.0188461538461538,11,0.4083333333333334,1.6666666666666667,1.5384615384615383,0.4,0.0018333333333333,0,0,0,0,Healthy,50.2
255,255,potato chips reduced fat,801,35.4,7.1,8.2,18.6,113.7,0.4,12.1,10.0,0.0,0.8,1.7,0.0,0.4,0.028,0.0,0.5,11.9,0.5,1.1,43.7,0.0,9.3,0.076,35.7,1.0,2.3,151.3,0.7,328.1,2964.8,0.08,0.1,252.9,FOOD-DATA-GROUP5,7.506203473945409,70.53349875930522,21.96029776674938,0.1054925893635571,801,1.5087281795511225,1.2468827930174564,0.3487358326068003,10.0,0.0009975062344139,0,0,1,0,Healthy,68.6
256,256,onion snacks,150,6.8,1.3,4.0,0.9,19.5,1.4,2.3,1.2,0.0,0.3,0.6,0.087,0.092,0.01,0.0,0.048,1.0,0.061,0.084,0.5,0.0,0.8,0.003,8.7,0.072,1.1,8.4,0.1,21.6,42.9,0.002,0.086,40.199,FOOD-DATA-GROUP5,8.04195804195804,68.18181818181817,23.776223776223773,0.1121951219512195,150,1.5231788079470197,0.7947019867549668,6.829268292682926,2.4,0.0019867549668874,0,0,0,0,Healthy,52.0
257,257,potato chips cheese,843,46.2,14.6,13.1,16.3,98.1,0.0,14.5,8.8,6.8,0.8,3.1,0.057,0.3,0.0,0.0,0.3,8.5,1.3,0.6,92.0,0.0,0.0,0.0,122.4,0.4,3.1,127.5,0.8,508.3,2597.6,0.0,1.5,385.109,FOOD-DATA-GROUP5,9.130982367758186,61.77581863979849,29.093198992443327,0.1463168516649848,843,1.7180094786729858,1.042654028436019,0.0,10.0,0.0009478672985781,0,0,1,0,Healthy,63.1
258,258,yuca cassava chips,9,0.4,0.1,0.1,0.1,1.2,0.006,0.054,0.002,0.0,0.041,0.062,0.0,0.049,0.0,0.0,0.087,0.058,0.06,0.066,0.0,0.0,0.067,0.047,0.9,0.019,0.099,0.8,0.083,1.7,14.8,0.002,0.078,2.621,FOOD-DATA-GROUP5,3.264812575574365,72.55139056831923,24.18379685610641,0.0245454545454545,9,0.54,0.02,0.2727272727272727,0.004,0.0041,0,0,0,0,Healthy,50.0
259,259,tortilla chips low fat,117,1.6,0.2,0.5,0.8,22.6,0.2,3.1,1.5,0.0,0.1,0.5,0.0,0.089,0.052,0.0,0.001,0.1,0.0,0.003,0.095,0.0,0.2,0.043,45.0,0.006,0.5,27.5,0.0,90.0,77.0,0.087,0.3,74.368,FOOD-DATA-GROUP5,11.355311355311354,82.78388278388277,5.86080586080586,0.1313559322033898,117,2.6271186440677967,1.2711864406779665,0.847457627118644,3.0,0.0008474576271186,0,0,0,0,Healthy,54.3
260,260,ranch flavor tortilla chips,992,48.8,7.0,14.0,26.8,124.2,6.0,14.2,7.9,0.0,1.0,6.2,0.0,0.093,0.0,0.0,0.1,2.6,1.2,0.4,0.0,0.0,0.0,0.073,265.3,0.2,2.7,172.3,0.7,499.0,512.8,0.032,2.8,463.1,FOOD-DATA-GROUP5,7.585470085470085,66.34615384615385,26.06837606837607,0.1134185303514376,992,1.4300100704934542,0.7955689828801611,4.792332268370607,10.0,0.0010070493454179,0,0,1,0,Healthy,64.8
261,261,potato chips,161,10.4,3.3,3.0,3.7,15.9,0.007,2.1,1.4,0.0,0.021,0.6,0.0,0.086,0.045,0.0,0.006,1.1,1.3,0.2,9.3,0.0,2.7,0.02,7.2,0.1,0.5,20.1,0.2,49.5,382.5,0.099,0.3,46.8,FOOD-DATA-GROUP5,7.3943661971831,55.98591549295775,36.61971830985916,0.1242603550295858,161,1.2962962962962965,0.8641975308641975,0.0414201183431952,2.8,0.0001296296296296,0,0,0,0,Healthy,51.2
262,262,tortilla chips,142,6.2,0.8,1.7,3.2,20.3,0.2,2.1,1.6,0.0,0.077,0.8,0.2,0.0,0.006,0.071,0.031,0.057,0.3,0.4,0.092,0.0,0.0,1.1,0.014,31.8,0.2,0.5,25.2,0.0,67.5,54.6,0.041,30.699,FOOD-DATA-GROUP5,7.3426573426573425,70.97902097902097,21.67832167832168,0.0985915492957746,142,1.4685314685314688,1.118881118881119,0.9389671361502347,3.2,0.0005384615384615,0,0,0,0,Healthy,53.3
263,263,sweet potato chips,149,9.1,0.8,2.6,3.4,15.9,2.5,0.8,2.5,0.0,0.05,1.3,0.0,0.013,0.088,0.0,0.069,0.6,0.4,0.1,0.0,0.0,2.7,0.08,16.5,0.1,0.6,18.2,0.4,40.6,259.0,0.087,0.1,45.4,FOOD-DATA-GROUP5,3.1007751937984502,61.62790697674419,35.27131782945737,0.0473372781065088,149,0.5333333333333334,1.6666666666666667,14.792899408284024,5.0,0.0003333333333333,0,0,0,0,Healthy,52.7
264,264,nacho cheese tortilla chips,156,8.2,1.2,2.7,3.7,18.2,0.8,2.2,1.5,0.0,0.2,0.5,0.021,0.2,0.023,0.085,0.0,0.021,0.4,0.2,0.038,0.1,0.0,0.0,0.002,41.1,0.071,0.3,22.5,0.1,75.6,66.9,0.072,30.369,FOOD-DATA-GROUP5,7.692307692307694,63.63636363636363,28.671328671328677,0.1145833333333333,156,1.4012738853503186,0.9554140127388536,4.166666666666667,3.0,0.0012738853503184,0,0,0,0,Healthy,52.7
265,265,vegetable chips,134,6.6,0.5,4.1,1.9,17.1,1.1,1.5,1.3,0.0,0.3,1.8,0.0,0.019,0.002,0.0,0.025,0.8,0.1,0.2,1.4,0.0,1.4,0.027,14.7,0.011,0.4,15.0,0.015,36.8,237.2,0.083,0.1,43.0,FOOD-DATA-GROUP5,5.952380952380952,67.85714285714286,26.190476190476183,0.0828729281767955,134,1.1111111111111112,0.962962962962963,6.077348066298343,2.6,0.0022222222222222,0,0,0,0,Healthy,52.3
266,266,taco flavor tortilla chips,1090,54.9,10.5,32.4,7.6,143.2,0.0,17.9,12.0,11.4,1.8,3.6,0.0,0.5,0.022,0.0,0.5,4.5,0.7,0.7,2.0,0.0,0.0,0.0,351.9,0.4,4.6,199.8,1.0,542.5,492.6,0.075,2.9,586.5,FOOD-DATA-GROUP5,8.287037037037036,66.29629629629629,25.416666666666664,0.124133148404993,1090,1.6406966086159485,1.0999083409715855,0.0,10.0,0.0016498625114573,0,0,1,0,Healthy,70.5
267,267,potato chips barbecue,970,64.2,15.9,12.9,32.4,104.5,14.0,15.2,8.7,0.0,1.3,3.8,0.0,0.4,0.2,0.0,0.4,9.3,1.2,1.2,67.1,0.0,12.2,0.015,99.0,0.7,3.8,148.5,1.0,368.3,2496.8,0.02,1.9,362.5,FOOD-DATA-GROUP5,8.265361609570418,56.82436106579662,34.91027732463296,0.1440758293838862,970,1.565396498455201,0.8959835221421214,13.270142180094789,10.0,0.0013388259526261,0,0,1,0,Healthy,56.9
268,268,pita chips,137,4.6,0.4,3.3,0.6,20.5,1.4,3.5,1.1,0.0,0.3,0.6,0.033,0.0,0.2,0.042,0.0,0.077,2.1,0.2,0.039,0.0,0.0,2.1,0.051,5.1,0.065,1.4,11.1,0.2,37.2,38.7,0.003,29.893,FOOD-DATA-GROUP5,12.237762237762237,71.67832167832168,16.08391608391608,0.1627906976744186,137,2.536231884057971,0.7971014492753624,6.511627906976744,2.2,0.0021739130434782,0,0,0,0,Healthy,53.4
269,269,potato chips sour cream and onion,1051,67.1,17.6,12.1,34.5,102.0,0.0,16.0,10.3,13.9,1.1,3.6,0.073,0.4,0.1,0.079,0.4,8.0,1.6,1.3,73.9,0.0,0.0,0.0,142.6,0.6,3.2,146.5,0.8,348.5,2635.4,0.0,1.9,415.171,FOOD-DATA-GROUP5,8.64397622906537,55.10534846029174,36.25067531064289,0.1553398058252427,1051,1.520912547528517,0.979087452471483,0.0,10.0,0.0010456273764258,0,0,1,0,Healthy,63.8
270,270,adobo fresco,780,60.2,8.4,43.1,5.9,53.6,5.8,5.8,3.7,0.0,49.4,63.6,0.0,0.1,0.094,0.0,0.037,1.4,0.0,0.0,16.7,0.0,7.7,0.088,354.2,0.088,9.2,66.2,0.0,109.4,538.6,0.024,0.7,503.4,FOOD-DATA-GROUP5,4.849498327759197,44.81605351170569,50.33444816053512,0.1062271062271062,780,0.7426376440460948,0.4737516005121639,10.622710622710622,7.4,0.0632522407170294,0,0,1,0,Limit,50.8
271,271,chili pepper sauce red,3,0.089,0.073,0.096,0.071,0.6,0.4,0.1,0.1,0.0,0.003,14.1,0.0,0.042,0.093,0.0,0.042,0.041,0.0,0.02,4.5,0.0,0.005,0.018,1.4,0.0,0.051,1.8,0.0,2.4,84.6,0.06,0.037,6.755,FOOD-DATA-GROUP5,12.67427122940431,76.04562737642586,11.280101394169836,0.0625,3,2.5,2.5,25.0,0.2,0.00075,0,0,0,0,Healthy,50.0
272,272,creamy ranch sauce mcdonalds,132,14.7,2.2,3.1,8.0,1.0,1.0,0.3,0.0,5.9,0.2,11.7,0.0,0.009,0.0,0.007,0.075,0.009,0.021,0.006,0.0,0.0,1.0,0.0,8.2,0.079,0.039,0.8,0.056,8.5,22.1,0.0,0.071,24.274,FOOD-DATA-GROUP5,1.875,6.25,91.875,0.15,132,0.225563909774436,0.0,50.0,0.0,0.0015037593984962,0,0,0,0,Healthy,48.2
273,273,catsup,19,0.066,0.026,0.051,0.065,4.5,3.7,0.2,0.053,0.0,0.2,11.8,0.0,0.002,0.038,0.0,0.073,0.2,0.091,0.045,0.7,0.0,0.2,0.094,2.7,0.08,0.073,2.6,0.079,4.8,53.6,0.096,0.015,8.299,FOOD-DATA-GROUP5,4.1963911036508605,94.41879983214434,1.384809064204784,0.0363636363636363,19,1.0,0.265,67.27272727272727,0.106,0.01,0,0,0,0,Healthy,48.7
274,274,chili pepper sauce green,3,0.032,0.048,0.037,0.016,0.8,0.4,0.1,0.3,0.0,0.03,14.1,0.0,0.002,0.07,0.0,0.046,0.1,0.0,0.07,10.2,0.0,0.006,0.036,0.8,0.062,0.023,1.8,0.0,2.1,84.6,0.023,0.09,12.206,FOOD-DATA-GROUP5,10.72961373390558,85.83690987124464,3.433476394849785,0.0555555555555555,3,2.5,7.5,22.222222222222225,0.6,0.0075,0,0,0,0,Healthy,50.3
275,275,red wine vinegar,3,0.0,0.0,0.0,0.0,0.011,0.0,0.055,0.0,0.0,0.092,14.1,0.0,0.0,0.0,0.0,0.0,0.0,0.0,0.0,0.053,0.0,0.0,0.0,0.9,0.095,0.049,0.6,0.021,1.2,5.8,0.0,0.065,1.221,FOOD-DATA-GROUP5,83.33333333333333,16.666666666666664,0.0,0.0544015825914935,3,1.375,0.0,0.0,0.0,0.023,0,0,0,0,Healthy,50.0
276,276,fish sauce,6,0.013,0.08,0.0,0.039,0.7,0.7,0.9,0.0,0.0,1.4,12.8,0.058,0.052,0.043,0.047,0.031,0.4,0.086,0.093,0.012,0.0,0.0,0.0,7.7,0.089,0.1,31.5,0.082,1.3,51.8,0.021,0.057,9.498,FOOD-DATA-GROUP5,55.796652200867946,43.39739615623062,0.805951642901426,0.5294117647058824,6,12.85714285714286,0.0,41.17647058823529,0.0,0.1999999999999999,0,0,0,0,Healthy,50.3
277,277,coleslaw dressing reduced fat,56,3.4,0.5,1.5,1.3,6.8,6.6,0.0,0.045,4.3,0.3,6.3,0.0,0.057,0.0,0.01,0.084,0.097,0.071,0.096,0.0,0.0,0.3,0.068,6.1,0.0,0.08,0.9,0.069,5.1,8.5,0.08,0.071,16.403,FOOD-DATA-GROUP5,0.0,66.66666666666667,33.333333333333336,0.0,56,0.0,0.0789473684210526,84.61538461538461,0.09,0.0052631578947368,0,0,0,0,Healthy,47.0
278,278,sour dressing,21,2.0,1.6,0.2,0.035,0.6,0.6,0.4,0.0,0.6,0.094,9.0,0.023,0.046,0.046,0.075,0.02,0.033,0.08,0.084,0.1,0.0,0.2,0.024,13.6,0.017,0.091,1.2,0.021,10.4,19.4,0.058,0.064,16.853,FOOD-DATA-GROUP5,13.333333333333334,20.0,66.66666666666666,0.25,21,1.8181818181818183,0.0,37.49999999999999,0.0,0.0042727272727272,0,0,0,0,Healthy,48.9
279,279,guava sauce cooked,86,0.3,0.014,0.068,0.1,22.6,14.0,0.8,8.6,0.0,0.017,213.2,0.0,0.054,0.062,0.0,0.047,1.0,0.0,0.2,348.4,0.0,1.3,0.008,16.7,0.2,0.4,16.7,0.3,26.2,535.5,0.044,0.4,397.8,FOOD-DATA-GROUP5,3.375527426160337,95.35864978902951,1.2658227848101264,0.0338983050847457,86,0.9195402298850576,9.885057471264368,59.32203389830508,10.0,0.0001954022988505,0,0,0,0,Healthy,57.9
280,280,pizza sauce,136,2.9,1.2,1.2,0.2,21.8,9.5,5.5,5.0,0.0,0.9,218.5,0.0,0.0,0.2,0.074,0.0,0.1,3.6,0.9,0.3,28.5,0.0,0.0,0.0,136.1,0.3,2.3,52.9,0.6,126.0,892.1,0.0,35.8,FOOD-DATA-GROUP5,18.21192052980133,72.18543046357617,9.602649006622515,0.2412280701754386,136,4.014598540145985,3.64963503649635,41.66666666666666,10.0,0.0065693430656934,0,0,0,0,Healthy,56.9
281,281,sweetn sour sauce mcdonalds,48,0.3,0.075,0.091,0.1,11.0,10.0,0.2,0.0,0.0,0.2,16.1,0.0,0.037,0.0,0.0,0.06,0.1,0.042,0.069,0.3,0.0,0.2,0.0,1.7,0.076,0.2,1.7,0.049,4.5,27.7,0.0,0.05,13.7,FOOD-DATA-GROUP5,1.7391304347826086,95.65217391304348,2.608695652173913,0.0166666666666666,48,0.4081632653061224,0.0,83.33333333333334,0.0,0.0040816326530612,0,0,0,0,Healthy,46.1
282,282,nance syrup,4,0.002,0.0,0.0,0.0,0.8,0.6,0.028,0.3,0.0,0.035,2.8,0.0,0.035,0.0,0.0,0.084,0.069,0.0,0.012,0.4,0.0,0.0,0.0,1.6,0.015,0.013,0.6,0.069,0.3,7.2,0.0,0.0,3.227,FOOD-DATA-GROUP5,3.3734939759036147,96.3855421686747,0.2409638554216867,0.0155555555555555,4,0.5599999999999999,6.0,33.33333333333333,0.6,0.007,0,0,0,0,Healthy,50.2
283,283,french dressing reduced fat,37,2.2,0.2,0.9,0.8,4.7,4.6,0.072,0.2,0.0,0.072,8.7,0.0,0.066,0.066,0.0,0.085,0.049,0.068,0.094,0.0,0.0,0.5,0.007,1.8,0.048,0.1,1.3,0.068,2.6,17.1,0.063,0.079,9.052,FOOD-DATA-GROUP5,1.0327022375215145,67.41250717154331,31.554790590935173,0.0126315789473684,37,0.1894736842105263,0.5263157894736842,80.7017543859649,0.4,0.0018947368421052,0,0,0,0,Healthy,48.4
284,284,peppercorn dressing,76,8.2,1.4,2.0,4.4,0.5,0.3,0.2,0.0,6.6,0.1,4.3,0.091,0.0,0.012,0.017,0.0,0.0,0.0,0.02,0.09,0.089,0.6,0.049,2.9,0.002,0.055,0.3,0.0,3.5,23.6,0.083,0.011,11.946,FOOD-DATA-GROUP5,2.247191011235956,5.617977528089889,92.13483146067416,0.1333333333333333,76,0.2597402597402597,0.0,20.0,0.0,0.0012987012987012,0,0,0,0,Healthy,49.0
285,285,sorghum syrup,61,0.0,0.0,0.0,0.0,15.7,15.7,0.0,0.0,0.0,0.096,4.8,0.0,0.03,0.0,0.0,0.051,0.02,0.2,0.1,0.0,0.0,0.0,0.0,31.5,0.098,0.8,21.0,0.3,11.8,210.0,0.013,0.046,48.0,FOOD-DATA-GROUP5,0.0,100.0,0.0,0.0,61,0.0,0.0,94.01197604790418,0.0,0.0015483870967741,0,1,0,0,Avoid,43.7
286,286,ranch dressing fat free,17,0.3,0.007,0.072,0.092,3.7,0.7,0.039,0.088,1.0,0.1,9.6,0.078,0.079,0.04,0.0,0.06,0.007,0.1,0.022,0.0,0.0,0.033,0.077,7.0,0.032,0.1,1.1,0.037,15.8,15.5,0.047,0.041,11.204,FOOD-DATA-GROUP5,0.9655855409754888,91.60683337459766,7.427581084426837,0.0082978723404255,17,0.2166666666666666,0.4888888888888889,14.893617021276595,0.176,0.0055555555555555,0,0,0,0,Healthy,49.9
287,287,caesar dressing low calorie,17,0.7,0.1,0.2,0.4,2.8,2.4,0.028,0.053,0.3,0.2,11.0,0.087,0.038,0.065,0.0,0.079,0.036,0.089,0.0,0.0,0.0,0.1,0.096,3.6,0.067,0.016,0.3,0.029,2.9,4.4,0.05,0.029,7.293,FOOD-DATA-GROUP5,0.7936507936507938,79.36507936507937,19.84126984126984,0.0073684210526315,17,0.1555555555555555,0.2944444444444444,63.1578947368421,0.106,0.0111111111111111,0,0,0,0,Healthy,49.1
288,288,sweet sour dressing,2,0.0,0.0,0.0,0.0,0.6,0.6,0.082,0.0,0.0,0.065,15.3,0.0,0.073,0.057,0.0,0.0,0.017,0.091,0.04,1.3,0.0,0.4,0.073,0.6,0.087,0.078,0.5,0.047,0.5,5.3,0.007,0.099,2.587,FOOD-DATA-GROUP5,12.023460410557188,87.97653958944281,0.0,0.05125,2,2.7333333333333334,0.0,37.49999999999999,0.0,0.0216666666666666,0,0,0,0,Healthy,49.8
289,289,mayonnaise imitation fat free,13,0.4,0.005,0.3,0.031,2.5,1.6,0.043,0.3,1.4,0.1,12.6,0.0,0.0,0.0,0.0,0.029,0.0,0.0,0.0,0.0,0.0,0.04,0.023,1.0,0.095,0.008,0.3,0.0,0.8,7.8,0.037,0.037,4.313,FOOD-DATA-GROUP5,1.4610941216445803,84.94733265375467,13.591573224600747,0.0122857142857142,13,0.3071428571428571,2.142857142857143,45.71428571428572,0.6,0.0071428571428571,0,0,0,0,Healthy,49.8
290,290,sofrito,488,37.5,0.0,0.0,0.0,11.2,0.0,26.4,3.5,0.0,2.4,122.9,0.0,0.6,0.036,0.0,0.4,6.0,1.2,0.7,42.0,0.0,0.0,0.0,41.2,0.3,1.9,51.5,0.4,286.3,826.1,0.0,2.9,163.7,FOOD-DATA-GROUP5,35.15312916111851,14.913448735019974,49.93342210386152,2.1639344262295084,488,5.398773006134968,0.7157464212678937,0.0,7.0,0.0049079754601226,0,0,0,0,Healthy,70.2
291,291,turkey gravy instant,27,1.0,0.3,0.4,0.3,3.9,0.5,0.8,0.3,1.6,0.3,0.4,0.035,0.013,0.042,0.057,0.048,0.029,0.091,0.015,0.092,0.0,0.046,0.06,7.7,0.012,0.6,2.0,0.04,13.6,20.5,0.083,0.032,14.333,FOOD-DATA-GROUP5,14.035087719298245,68.42105263157895,17.543859649122805,0.1632653061224489,27,2.857142857142857,1.0714285714285714,10.20408163265306,0.6,0.0107142857142857,0,0,0,0,Healthy,50.6
292,292,teriyaki sauce,16,0.015,0.0,0.0,0.0,2.8,2.5,1.1,0.016,0.0,0.7,12.2,0.0,0.074,0.036,0.0,0.091,0.2,0.068,0.09,0.0,0.0,0.0,0.0,4.5,0.056,0.3,11.0,0.0,27.7,40.5,0.038,0.049,8.733,FOOD-DATA-GROUP5,28.0970625798212,71.51979565772669,0.3831417624521072,0.2894736842105263,16,6.470588235294119,0.0941176470588235,65.78947368421053,0.032,0.0411764705882352,0,0,0,0,Healthy,49.8
293,293,tomato sauce,59,0.7,0.1,0.1,0.3,13.0,8.7,2.9,3.7,0.0,0.083,223.6,0.0,0.029,0.032,0.002,0.0,0.2,2.4,0.8,0.2,17.2,0.0,3.5,0.083,34.3,0.3,2.4,36.8,0.3,66.2,727.7,0.09,20.864,FOOD-DATA-GROUP5,17.469879518072286,78.3132530120482,4.216867469879518,0.2071428571428571,59,4.833333333333333,6.166666666666667,62.14285714285713,7.4,0.0013833333333333,0,0,0,0,Healthy,54.2
294,294,barbecue sauce kraft,28,0.053,0.013,0.095,0.005,6.5,5.2,0.1,0.032,0.0,0.2,8.7,0.0,0.069,0.0,0.0,0.001,0.073,0.09,0.002,0.031,0.0,0.1,0.0,7.5,0.011,0.1,2.4,0.093,3.0,39.5,0.0,0.006,14.388,FOOD-DATA-GROUP5,1.5030813166992336,97.70028558545016,0.7966330978505937,0.0133333333333333,28,0.3448275862068966,0.1103448275862069,69.33333333333334,0.064,0.0068965517241379,0,0,0,0,Healthy,48.0
295,295,cranberry sauce sweetened,418,0.4,0.056,0.057,0.2,107.8,105.0,0.6,2.8,0.0,0.076,168.0,0.0,0.0,0.033,0.0,0.093,0.3,0.0,0.029,5.5,0.0,2.3,0.075,11.1,0.097,0.6,8.3,0.2,16.6,72.0,0.025,0.1,128.8,FOOD-DATA-GROUP5,0.5514705882352942,99.08088235294116,0.3676470588235294,0.0055147058823529,418,0.1431980906921241,0.6682577565632458,96.50735294117648,5.6,0.00018138424821,0,1,0,0,Avoid,34.6
296,296,coleslaw dressing,62,5.3,0.8,1.4,2.9,3.8,3.2,0.1,0.024,4.2,0.1,6.4,0.032,0.021,0.055,0.079,0.078,0.0,0.049,0.017,0.0,0.057,0.5,0.01,2.2,0.01,0.01,0.3,0.057,4.2,1.4,0.091,0.062,11.62,FOOD-DATA-GROUP5,1.0869565217391306,41.30434782608695,57.60869565217392,0.0208333333333333,62,0.1587301587301587,0.0380952380952381,66.66666666666667,0.048,0.0015873015873015,0,0,0,0,Healthy,48.2
297,297,onion gravy dry,77,0.7,0.4,0.2,0.024,16.2,0.0,2.2,1.4,0.5,1.0,1.0,0.0,0.017,0.061,0.082,0.046,0.9,0.026,0.068,1.7,0.0,0.0,0.0,67.2,0.026,0.2,8.2,0.035,48.7,62.9,0.091,0.2,89.6,FOOD-DATA-GROUP5,11.518324607329845,84.81675392670157,3.664921465968587,0.127906976744186,77,2.8205128205128207,1.7948717948717947,0.0,2.8,0.0128205128205128,0,0,0,0,Healthy,53.4
298,298,corn syrup light,62,0.09,0.0,0.0,0.0,16.9,16.9,0.0,0.0,0.0,0.065,5.0,0.0,0.047,0.0,0.0,0.0,0.0,0.0,0.0,0.0,0.0,0.0,0.0,2.9,0.0,0.0,0.2,0.0,0.0,0.2,0.056,0.015,19.806,FOOD-DATA-GROUP5,0.0,99.47027663331372,0.5297233666862861,0.0,62,0.0,0.0,94.41340782122904,0.0,0.001031746031746,0,1,0,0,Avoid,43.2
299,299,bacon tomato dressing,49,5.3,0.8,1.3,2.9,0.3,0.3,0.3,0.04,0.6,0.1,8.8,0.064,0.083,0.0,0.035,0.091,0.1,0.0,0.033,1.3,0.0,0.6,0.031,0.6,0.013,0.057,0.9,0.0,3.8,16.2,0.009,0.045,7.942,FOOD-DATA-GROUP5,5.084745762711865,5.084745762711865,89.83050847457628,0.2307692307692307,49,0.6,0.08,23.07692307692308,0.08,0.002,0,0,0,0,Healthy,49.6
300,300,pancake syrup,53,0.075,0.025,0.094,0.042,13.9,8.4,0.0,0.0,0.0,0.064,6.0,0.0,0.024,0.0,0.0,0.037,0.036,0.075,0.0,0.0,0.0,0.0,0.0,1.0,0.024,0.038,0.4,0.016,2.0,1.2,0.079,0.097,15.031,FOOD-DATA-GROUP5,0.0,99.46332737030411,0.5366726296958855,0.0,53,0.0,0.0,56.375838926174495,0.0,0.0011851851851851,0,0,0,0,Healthy,46.6
301,301,balsamic vinegar,14,0.0,0.0,0.0,0.0,2.7,2.4,0.041,0.0,0.0,0.071,12.2,0.0,0.0,0.0,0.0,0.0,0.0,0.0,0.0,0.0,0.0,0.0,0.0,4.3,0.074,0.1,1.9,0.046,3.0,17.9,0.0,0.033,7.129,FOOD-DATA-GROUP5,1.4958044509303174,98.50419554906968,0.0,0.011081081081081,14,0.2733333333333333,0.0,64.86486486486486,0.0,0.0047333333333333,0,0,0,0,Healthy,49.1
302,302,ranch dressing reduced fat,29,1.9,0.2,0.4,0.6,3.2,0.6,0.2,0.2,2.4,0.2,9.3,0.022,0.049,0.081,0.0,0.098,0.044,0.1,0.018,0.051,0.0,0.2,0.012,6.0,0.051,0.1,0.9,0.098,29.0,19.8,0.082,0.035,11.727,FOOD-DATA-GROUP5,3.7735849056603774,60.37735849056604,35.849056603773576,0.0476190476190476,29,0.6666666666666667,0.6666666666666667,14.285714285714285,0.4,0.0066666666666666,0,0,0,0,Healthy,50.1
303,303,barbecue sauce mcdonalds,46,0.3,0.09,0.069,0.1,10.3,9.6,0.4,0.4,0.0,0.3,16.2,0.0,0.032,0.076,0.0,0.025,0.2,0.071,0.088,0.0,0.0,0.3,0.0,3.1,0.008,0.1,3.6,0.056,8.4,55.2,0.0,0.097,14.6,FOOD-DATA-GROUP5,3.636363636363636,93.63636363636364,2.727272727272726,0.0353982300884955,46,0.851063829787234,0.851063829787234,84.95575221238937,0.8,0.0063829787234042,0,0,0,0,Healthy,47.0
304,304,vinegar oil dressing,72,8.0,1.5,2.4,3.9,0.4,0.4,0.0,0.0,0.0,0.076,7.6,0.0,0.0,0.0,0.0,0.0,0.0,0.0,0.0,0.0,0.0,0.7,0.024,0.0,0.0,0.0,0.0,0.0,0.0,1.3,0.06,0.0,8.4,FOOD-DATA-GROUP5,0.0,4.761904761904762,95.23809523809524,0.0,72,0.0,0.0,28.571428571428577,0.0,0.0010410958904109,0,0,0,0,Healthy,48.7
305,305,poppyseed dressing,66,5.5,1.0,1.4,2.9,4.0,3.9,0.2,0.03,2.5,0.1,6.4,0.005,0.03,0.014,0.038,0.069,0.083,0.027,0.092,0.04,0.053,0.4,0.044,9.7,0.093,0.048,1.5,0.006,8.1,10.1,0.083,0.091,19.612,FOOD-DATA-GROUP5,2.061855670103093,41.23711340206186,56.70103092783506,0.04,66,0.2985074626865672,0.044776119402985,78.0,0.06,0.0014925373134328,0,0,0,0,Healthy,47.9
306,306,honey mustard dressing,70,6.1,0.8,1.7,3.4,3.5,2.4,0.1,0.057,4.4,0.019,4.9,0.082,0.031,0.056,0.047,0.078,0.003,0.068,0.017,0.006,0.092,0.5,0.085,1.8,0.003,0.07,0.8,0.048,3.3,3.0,0.001,0.044,11.752,FOOD-DATA-GROUP5,1.0309278350515465,36.08247422680413,62.88659793814433,0.0222222222222222,70,0.1408450704225352,0.080281690140845,53.333333333333336,0.114,0.0002676056338028,0,0,0,0,Healthy,48.6
307,307,french dressing fat free,21,0.024,0.067,0.088,0.097,5.1,2.6,0.01,0.4,0.0,0.1,10.4,0.0,0.04,0.027,0.0,0.0,0.072,0.071,0.0,0.0,0.0,0.032,0.017,0.8,0.073,0.081,0.5,0.002,0.0,13.4,0.019,0.01,6.399,FOOD-DATA-GROUP5,0.1947798987144527,99.33774834437088,0.4674717569146864,0.001639344262295,21,0.0454545454545454,1.8181818181818183,42.62295081967213,0.8,0.0045454545454545,0,0,0,0,Healthy,49.5
308,308,vinegar,3,0.0,0.0,0.0,0.0,0.089,0.063,0.0,0.0,0.0,0.024,14.1,0.0,0.0,0.0,0.0,0.0,0.0,0.0,0.0,0.0,0.0,0.0,0.0,0.9,0.089,0.002,0.1,0.072,0.6,0.3,0.031,0.028,1.02,FOOD-DATA-GROUP5,0.0,100.0,0.0,0.0,3,0.0,0.0,5.785123966942149,0.0,0.006,0,0,0,0,Healthy,50.0
309,309,spray dressing,13,0.9,0.1,0.0,0.0,1.3,1.1,0.07,0.075,0.0,0.012,5.7,0.0,0.0,0.0,0.0,0.0,0.0,0.0,0.0,0.055,0.0,0.0,0.0,0.5,0.0,0.096,0.0,0.0,0.0,0.0,0.0,0.0,2.931,FOOD-DATA-GROUP5,3.083700440528635,57.26872246696036,39.64757709251101,0.0304347826086956,13,0.5,0.5357142857142857,47.82608695652175,0.15,0.0008571428571428,0,0,0,0,Healthy,49.6
310,310,honey mustard dressing fat free,25,0.2,0.031,0.1,0.056,5.8,2.7,0.2,0.2,0.2,0.2,8.4,0.01,0.077,0.049,0.0,0.019,0.093,0.001,0.039,0.3,0.0,0.1,0.018,3.6,0.014,0.053,2.0,0.027,5.6,10.4,0.096,0.061,10.426,FOOD-DATA-GROUP5,3.225806451612903,93.5483870967742,3.225806451612903,0.0294117647058823,25,0.7692307692307693,0.7692307692307693,39.70588235294118,0.4,0.0076923076923076,0,0,0,0,Healthy,49.3
311,311,mushroom gravy,119,6.4,1.0,2.8,2.4,13.0,0.0,3.0,1.0,0.0,1.4,211.8,0.0,0.022,0.056,0.0,0.1,1.6,2.6,0.067,0.0,0.0,0.0,0.0,16.7,0.2,1.6,4.8,0.7,35.7,252.3,0.078,1.7,41.7,FOOD-DATA-GROUP5,13.392857142857142,58.03571428571429,28.571428571428577,0.2142857142857142,119,2.5,0.8333333333333334,0.0,2.0,0.0116666666666666,0,0,0,0,Healthy,53.0
312,312,white sauce,368,26.6,7.1,11.1,7.2,22.9,11.0,9.6,0.5,17.5,0.9,187.2,0.3,0.2,0.018,0.055,0.5,1.0,0.8,0.1,2.0,0.012,0.7,0.034,295.0,0.033,0.8,35.0,0.1,245.0,390.0,0.073,1.0,357.7,FOOD-DATA-GROUP5,16.243654822335024,38.747884940778334,45.00846023688664,0.401673640167364,368,2.6016260162601625,0.1355013550135501,46.02510460251047,1.0,0.0024390243902439,0,0,1,0,Limit,48.2
313,313,marinara pasta sauce,129,3.9,0.4,1.0,1.3,19.9,14.5,3.7,4.8,5.3,1.1,230.7,0.0,0.021,0.062,0.0,0.2,10.3,0.2,0.5,5.3,0.0,6.3,0.042,71.3,0.2,2.1,47.5,0.4,89.8,842.2,0.061,0.5,111.0,FOOD-DATA-GROUP5,13.45454545454546,72.36363636363636,14.181818181818183,0.1770334928229665,129,2.8461538461538463,3.692307692307692,69.37799043062202,9.6,0.0084615384615384,0,0,0,0,Healthy,53.9
314,314,tomato sauce with mushrooms,86,0.3,0.027,0.025,0.1,20.7,14.1,3.6,3.7,0.0,1.1,215.5,0.0,0.2,0.016,0.0,0.3,3.1,0.9,0.3,30.4,0.0,4.7,0.049,31.9,0.5,2.2,46.6,0.5,78.4,931.0,0.019,0.5,92.8,FOOD-DATA-GROUP5,14.634146341463412,84.14634146341463,1.2195121951219512,0.1658986175115207,86,4.137931034482759,4.252873563218391,64.97695852534562,7.4,0.0126436781609195,0,0,0,0,Healthy,52.6
315,315,pork gravy powder,25,0.6,0.3,0.3,0.007,4.3,1.7,0.6,0.2,0.7,0.4,0.3,0.002,0.011,0.04,0.063,0.037,0.2,0.094,0.015,0.095,0.0,0.007,0.056,9.3,0.011,0.3,2.3,0.06,12.6,15.7,0.097,0.009,15.363,FOOD-DATA-GROUP5,10.90909090909091,78.1818181818182,10.90909090909091,0.1132075471698113,25,2.3076923076923075,0.7692307692307693,32.075471698113205,0.4,0.0153846153846153,0,0,0,0,Healthy,49.8
316,316,beef gravy,123,5.5,2.7,2.2,0.2,11.2,0.5,8.7,0.9,7.0,1.5,203.8,0.079,0.068,0.067,0.025,0.064,1.5,0.027,0.049,0.0,0.0,0.013,0.005,14.0,0.2,1.6,4.7,0.5,69.9,188.7,0.085,2.3,41.982,FOOD-DATA-GROUP5,34.25196850393701,44.09448818897638,21.65354330708661,0.7131147540983607,123,7.016129032258064,0.7258064516129032,4.0983606557377055,1.8,0.0120967741935483,0,0,0,0,Healthy,55.6
317,317,green goddess dressing,64,6.5,0.9,1.4,3.5,1.1,1.0,0.3,0.094,6.0,0.1,6.8,0.052,0.076,0.048,0.071,0.04,0.042,0.0,0.028,0.037,0.0,0.7,0.061,5.1,0.004,0.067,1.1,0.0,4.7,8.7,0.002,0.081,13.2,FOOD-DATA-GROUP5,3.797468354430379,13.924050632911392,82.27848101265822,0.1428571428571428,64,0.4615384615384615,0.1446153846153846,47.61904761904761,0.188,0.0015384615384615,0,0,0,0,Healthy,49.3
318,318,salsa con queso,358,23.8,6.2,6.9,9.1,27.9,4.9,7.9,1.8,22.5,2.0,184.3,0.069,0.06,0.095,0.041,0.2,0.3,1.4,0.1,1.0,0.0,4.7,0.09,245.0,0.048,0.4,20.0,0.08,500.0,262.5,0.073,1.0,307.813,FOOD-DATA-GROUP5,13.255033557046984,46.81208053691275,39.93288590604027,0.273356401384083,358,2.200557103064067,0.5013927576601671,16.955017301038065,3.6,0.0055710306406685,0,0,1,0,Limit,52.0
319,319,cocktail sauce,19,0.2,0.0,0.0,0.0,4.2,1.8,0.2,0.3,0.0,0.2,9.9,0.002,0.078,0.066,0.0,0.069,0.1,0.033,0.042,1.7,0.0,0.2,0.014,3.9,0.023,0.1,2.6,0.096,4.5,46.4,0.075,0.086,10.667,FOOD-DATA-GROUP5,4.3478260869565215,91.30434782608695,4.3478260869565215,0.0384615384615384,19,1.0,1.5,34.61538461538461,0.6,0.01,0,0,0,0,Healthy,49.9
320,320,worcestershire sauce,13,0.0,0.0,0.0,0.0,3.3,1.7,0.0,0.0,0.0,0.2,13.4,0.036,0.023,0.009,0.0,0.051,0.1,0.0,0.0,2.2,0.0,0.036,0.042,18.2,0.09,0.9,2.2,0.0,10.2,136.0,0.067,0.023,24.673,FOOD-DATA-GROUP5,0.0,100.0,0.0,0.0,13,0.0,0.0,39.53488372093023,0.0,0.0142857142857142,0,0,0,0,Healthy,49.3
321,321,barbecue sauce,29,0.1,0.009,0.047,0.064,6.9,5.7,0.1,0.2,0.0,0.2,9.3,0.0,0.064,0.037,0.0,0.086,0.1,0.005,0.035,0.1,0.0,0.1,0.027,5.6,0.042,0.1,2.2,0.038,3.4,39.4,0.044,0.038,13.1,FOOD-DATA-GROUP5,1.4084507042253522,97.18309859154932,1.4084507042253522,0.0126582278481012,29,0.3333333333333333,0.6666666666666667,72.15189873417721,0.4,0.0066666666666666,0,0,0,0,Healthy,48.1
322,322,tomato sauce with onions,103,0.5,0.007,0.047,0.2,24.4,0.0,3.8,4.4,0.0,1.3,210.9,0.0,0.2,0.003,0.0,0.3,3.0,0.9,0.7,31.1,0.0,0.0,0.0,41.7,0.4,2.3,46.6,0.7,95.6,1011.9,0.059,0.6,108.2,FOOD-DATA-GROUP5,13.2404181184669,85.01742160278745,1.7421602787456445,0.1496062992125984,103,3.653846153846153,4.230769230769231,0.0,8.8,0.0125,0,0,0,0,Healthy,59.4
323,323,brown gravy dry,22,0.6,0.2,0.3,0.061,3.6,0.0,0.6,0.1,0.2,0.3,0.3,0.033,0.013,0.029,0.011,0.039,0.2,0.059,0.061,0.048,0.0,0.0,0.0,7.9,0.032,0.1,2.0,0.048,12.2,15.7,0.038,0.013,13.021,FOOD-DATA-GROUP5,12.5,75.0,12.5,0.1304347826086956,22,2.608695652173913,0.4347826086956521,0.0,0.2,0.0130434782608695,0,0,0,0,Healthy,50.4
324,324,blue cheese dressing light,14,0.4,0.1,0.2,0.1,2.1,0.6,0.3,0.0,1.6,0.2,12.4,0.081,0.071,0.055,0.05,0.012,0.088,0.0,0.041,0.0,0.0,0.1,0.052,10.9,0.033,0.042,0.6,0.0,7.5,8.2,0.003,0.073,13.835,FOOD-DATA-GROUP5,10.714285714285715,75.00000000000001,14.285714285714288,0.0967741935483871,14,2.0,0.0,19.35483870967742,0.0,0.0133333333333333,0,0,0,0,Healthy,49.9
325,325,spanish tomato sauce,81,0.7,0.007,0.016,0.3,17.7,0.0,3.5,3.4,0.0,1.2,217.4,0.0,0.2,0.053,0.0,0.2,3.2,0.7,0.4,21.0,0.0,0.0,0.0,41.5,0.4,8.5,46.4,0.5,117.1,900.4,0.087,0.8,96.3,FOOD-DATA-GROUP5,15.981735159817353,80.82191780821918,3.1963470319634704,0.1871657754010695,81,4.2682926829268295,4.146341463414634,0.0,6.8,0.0146341463414634,0,0,0,0,Healthy,57.7
326,326,oyster sauce,9,0.066,0.016,0.02,0.044,2.0,0.0,0.2,0.024,0.0,0.5,14.4,0.0,0.089,0.005,0.05,0.049,0.3,0.009,0.023,0.036,0.0,0.0,0.0,5.8,0.037,0.069,0.7,0.083,4.0,9.7,0.072,0.022,8.095,FOOD-DATA-GROUP5,8.8261253309797,88.261253309797,2.912621359223301,0.0666666666666666,9,2.0,0.24,0.0,0.048,0.05,0,0,0,0,Healthy,50.2
327,327,cheese sauce,30,2.2,1.2,0.7,0.2,0.8,0.033,1.5,0.071,5.7,0.002,10.0,0.003,0.035,0.08,0.0,0.015,0.073,0.083,0.082,0.067,0.023,0.096,0.095,46.7,0.1,0.047,2.9,0.084,34.4,21.3,0.078,0.2,51.263,FOOD-DATA-GROUP5,33.33333333333333,17.77777777777778,48.88888888888889,0.8333333333333333,30,4.838709677419355,0.229032258064516,1.8333333333333333,0.142,6.451612903225807e-05,0,0,0,0,Healthy,50.3
328,328,hoisin sauce,35,0.5,0.036,0.2,0.3,7.1,4.4,0.5,0.4,0.5,0.3,7.1,0.0,0.014,0.069,0.0,0.068,0.2,0.061,0.088,0.097,0.0,0.046,0.031,5.1,0.061,0.2,3.8,0.025,6.1,19.0,0.058,0.022,13.882,FOOD-DATA-GROUP5,6.17283950617284,87.65432098765432,6.17283950617284,0.0617283950617284,35,1.3888888888888888,1.1111111111111112,54.320987654320994,0.8,0.0083333333333333,0,0,0,0,Healthy,49.2
329,329,pickle relish,20,0.061,0.093,0.083,0.036,5.3,4.4,0.097,0.2,0.0,0.1,9.3,0.0,0.0,0.042,0.0,0.011,0.05,0.09,0.053,0.2,0.0,0.026,0.018,0.5,0.038,0.1,0.8,0.04,2.1,3.8,0.0,0.005,6.381,FOOD-DATA-GROUP5,1.7772077684133385,97.10516672773907,1.117625503847563,0.0153968253968253,20,0.4619047619047619,0.9523809523809524,69.84126984126985,0.4,0.0047619047619047,0,0,0,0,Healthy,48.5
330,330,tomato sauce with herbs cheese,144,4.7,1.5,0.9,2.0,25.0,0.0,5.2,5.4,7.3,1.3,203.6,0.0,0.2,0.035,0.0,0.3,2.9,0.7,0.008,24.4,0.0,0.0,0.0,90.3,0.4,2.1,46.4,0.5,131.8,868.6,0.029,0.9,157.1,FOOD-DATA-GROUP5,14.899713467048713,71.63323782234957,13.46704871060172,0.2,144,3.586206896551724,3.724137931034483,0.0,10.0,0.0089655172413793,0,0,0,0,Healthy,60.9
331,331,french dressing,73,7.2,0.9,1.3,3.4,2.5,2.6,0.1,0.0,0.0,0.1,5.8,0.0,0.02,0.0,0.015,0.02,0.091,0.0,0.0,0.6,0.0,0.8,0.065,3.8,0.0,0.1,0.8,0.097,3.0,10.7,0.0,0.084,14.3,FOOD-DATA-GROUP5,1.020408163265306,25.51020408163265,73.46938775510203,0.0285714285714285,73,0.1351351351351351,0.0,74.28571428571429,0.0,0.0013513513513513,0,0,0,0,Healthy,48.4
332,332,mayonnaise hellmanns,15,1.7,0.9,0.093,0.2,0.087,0.2,0.0,0.0,0.0,0.0,0.0,0.0,0.0,0.0,0.0,0.0,0.0,0.0,0.0,0.0,0.0,0.0,0.0,0.0,0.0,0.0,0.0,0.0,0.0,0.0,0.0,0.0,1.737,FOOD-DATA-GROUP5,0.0,4.868494683827644,95.13150531617237,0.0,15,0.0,0.0,18.399264029438825,0.0,0.0,0,0,0,0,Healthy,49.2
333,333,canadian maple syrup,76,0.0,0.0,0.0,0.0,19.1,17.0,0.0,0.0,0.0,0.086,9.1,0.0,0.013,0.0,0.0,0.4,0.062,0.0,0.0,0.0,0.0,0.0,0.0,30.8,0.0,0.088,5.9,0.7,0.0,63.7,0.0,0.2,49.95,FOOD-DATA-GROUP5,0.0,100.0,0.0,0.0,76,0.0,0.0,84.57711442786069,0.0,0.0011168831168831,0,1,0,0,Avoid,43.2
334,334,maple syrup,52,0.047,0.036,0.014,0.085,13.4,13.6,0.09,0.0,0.0,0.059,6.5,0.0,0.063,0.0,0.0,0.3,0.088,0.054,0.036,0.0,0.0,0.0,0.0,20.4,0.093,0.014,4.2,0.6,0.4,42.4,0.008,0.3,33.895,FOOD-DATA-GROUP5,0.6648445002585506,98.9879589273842,0.347196572357243,0.0062499999999999,52,0.1698113207547169,0.0,94.44444444444444,0.0,0.0011132075471698,0,0,0,0,Healthy,44.6
335,335,barbecue sauce bulls eye,27,0.1,0.028,0.019,0.033,6.4,5.6,0.1,0.2,0.0,0.2,8.8,0.0,0.003,0.0,0.0,0.085,0.1,0.053,0.05,0.094,0.0,0.1,0.0,6.9,0.075,0.1,2.6,0.071,3.5,42.1,0.0,0.041,13.891,FOOD-DATA-GROUP5,1.5151515151515154,96.96969696969698,1.5151515151515154,0.0135135135135135,27,0.3571428571428571,0.7142857142857143,75.67567567567566,0.4,0.0071428571428571,0,0,0,0,Healthy,48.1
336,336,ranch dressing,65,6.7,1.0,1.4,3.9,0.9,0.7,0.2,0.0,3.9,0.1,6.9,0.067,0.098,0.061,0.05,0.042,0.011,0.083,0.1,0.093,0.0,0.015,0.3,0.024,4.2,0.085,0.05,0.8,0.092,27.9,9.6,0.017,8.046,FOOD-DATA-GROUP5,2.564102564102564,11.538461538461538,85.8974358974359,0.1052631578947368,65,0.303030303030303,0.0,36.84210526315789,0.0,0.0015151515151515,0,0,0,0,Healthy,49.1
337,337,tomato ketchup mp,15,0.0,4.0,4.0,0.0,0.2,0.0,0.0,0.0,0.0,0.0,0.0,0.0,0.0,0.0,0.0,0.0,0.0,0.0,0.0,0.0,0.0,0.0,0.0,0.0,0.0,0.0,0.0,0.0,0.0,0.0,0.0,0.0,0.2,FOOD-DATA-GROUP5,0.0,100.0,0.0,0.0,15,0.0,0.0,0.0,0.0,0.0,0,0,0,0,Healthy,47.0
338,338,mayonnaise light,36,3.3,0.5,0.8,1.9,1.4,0.5,0.032,0.0,2.4,0.1,9.9,0.003,0.006,0.082,0.094,0.0,0.0,0.073,0.09,0.09,0.0,0.0,0.3,0.05,0.9,0.039,0.058,0.3,0.056,2.3,4.7,0.061,4.966,FOOD-DATA-GROUP5,0.676246830092984,29.585798816568047,69.73795435333898,0.0133333333333333,36,0.0864864864864864,0.0,20.833333333333336,0.0,0.0027027027027027,0,0,0,0,Healthy,49.4
339,339,mayonnaise dressing,103,11.7,1.6,2.7,6.8,0.066,0.093,0.0,0.0,0.0,0.081,3.3,0.0,0.008,0.0,0.0,0.005,0.011,0.0,0.095,0.0,0.0,1.8,0.015,1.1,0.0,0.0,0.2,0.0,3.8,2.1,0.082,0.1,12.917,FOOD-DATA-GROUP5,0.0,0.5609382967873534,99.43906170321264,0.0,103,0.0,0.0,8.72420262664165,0.0,0.0007788461538461,0,0,0,0,Healthy,48.8
340,340,malt syrup,67,0.0,0.0,0.0,0.0,15.0,15.0,1.3,0.0,0.0,0.05,4.4,0.0,0.099,0.091,0.0,0.095,1.7,0.095,0.1,0.0,0.0,0.0,0.0,12.8,0.093,0.2,15.1,0.033,49.6,67.2,0.098,0.048,29.3,FOOD-DATA-GROUP5,7.975460122699387,92.0245398773006,0.0,0.08125,67,1.911764705882353,0.0,93.75,0.0,0.000735294117647,0,0,0,0,Healthy,45.0
341,341,gravy dry,86,2.0,0.7,0.8,0.4,14.5,0.0,3.3,0.0,1.0,1.4,1.0,0.0,0.04,0.077,0.072,0.1,0.9,0.072,0.011,1.8,0.0,0.0,0.0,37.5,0.038,0.3,11.3,0.1,50.8,65.5,0.091,0.4,59.4,FOOD-DATA-GROUP5,16.666666666666664,73.23232323232322,10.1010101010101,0.2129032258064516,86,3.793103448275862,0.0,0.0,0.0,0.0160919540229885,0,0,0,0,Healthy,51.9
342,342,cranberry orange relish,490,0.3,0.06,0.0,0.0,127.1,0.0,0.8,0.0,0.0,0.063,146.3,0.0,0.053,0.0,0.0,0.066,0.3,0.0,0.0,49.5,0.0,0.0,0.0,30.3,0.1,0.6,11.0,0.0,22.0,104.5,0.0,0.0,208.6,FOOD-DATA-GROUP5,0.6240249609984401,99.14196567862716,0.234009360374415,0.0062451209992193,490,0.1629327902240326,0.0,0.0,0.0,0.0001283095723014,0,0,0,0,Limit,50.6
343,343,caesar dressing,80,8.5,1.3,2.0,4.8,0.5,0.4,0.3,0.036,5.7,0.2,5.0,0.092,0.083,0.098,0.0,0.058,0.045,0.044,0.047,0.057,0.097,0.7,0.039,7.1,0.042,0.2,0.3,0.043,2.8,4.3,0.073,0.018,16.717,FOOD-DATA-GROUP5,3.225806451612903,5.376344086021505,91.39784946236558,0.1999999999999999,80,0.3703703703703703,0.0444444444444444,26.666666666666668,0.072,0.0024691358024691,0,0,0,0,Healthy,49.1
344,344,italian dressing,35,3.1,0.4,0.8,1.6,1.8,1.6,0.032,0.0,0.0,0.1,9.3,0.083,0.0,0.042,0.0,0.0,0.0,0.097,0.0,0.011,0.025,0.0,0.3,0.059,1.9,0.063,0.081,0.7,0.099,2.2,12.3,0.055,5.108,FOOD-DATA-GROUP5,0.64882400648824,36.496350364963504,62.85482562854825,0.0114285714285714,35,0.0888888888888888,0.0,57.14285714285715,0.0,0.0027777777777777,0,0,0,0,Healthy,49.1
345,345,brown gravy instant,25,0.8,0.4,0.4,0.049,4.0,0.6,0.6,0.2,0.8,0.3,0.4,0.0,0.018,0.033,0.081,0.03,0.2,0.033,0.042,0.1,0.0,0.05,0.026,7.8,0.089,0.5,2.1,0.084,14.2,24.6,0.06,0.087,14.0,FOOD-DATA-GROUP5,11.111111111111112,74.07407407407408,14.814814814814817,0.12,25,2.3076923076923075,0.7692307692307693,12.0,0.4,0.0115384615384615,0,0,0,0,Healthy,50.2
346,346,roquefort cheese dressing,15,1.1,0.4,0.3,0.4,0.4,0.4,0.8,0.0,0.2,0.1,11.9,0.0,0.087,0.025,0.018,0.049,0.059,0.0,0.064,0.069,0.0,0.092,0.067,13.4,0.094,0.069,1.1,0.0,12.5,0.8,0.03,0.09,15.875,FOOD-DATA-GROUP5,34.78260869565217,17.391304347826086,47.826086956521735,0.5714285714285715,15,5.0,0.0,28.571428571428577,0.0,0.00625,0,0,0,0,Healthy,50.1
347,347,blue cheese dressing,71,7.7,1.2,2.0,4.1,0.7,0.5,0.2,0.045,4.7,0.2,6.0,0.048,0.056,0.072,0.049,0.094,0.05,0.031,0.026,0.1,0.071,0.6,0.036,5.6,0.011,0.058,1.2,0.068,11.1,13.2,0.038,0.055,14.429,FOOD-DATA-GROUP5,2.3255813953488373,8.139534883720929,89.53488372093024,0.1176470588235294,71,0.2777777777777778,0.0625,29.411764705882355,0.09,0.0027777777777777,0,0,0,0,Healthy,49.1
348,348,duck sauce,80,0.063,0.033,0.065,0.04,19.7,9.9,0.1,0.2,0.0,0.1,12.2,0.0,0.021,0.085,0.0,0.09,0.044,0.0,0.098,0.3,0.0,0.047,0.012,3.6,0.033,0.1,1.6,0.1,2.9,28.3,0.029,0.1,24.017,FOOD-DATA-GROUP5,0.503448623068016,99.17937874439914,0.31717263253285,0.0048309178743961,80,0.1234567901234567,0.2469135802469135,47.82608695652174,0.4,0.0012345679012345,0,0,0,0,Healthy,46.4
349,349,au jus,38,0.5,0.2,0.2,0.048,5.9,0.0,2.8,0.0,0.0,1.1,223.0,0.0,0.04,0.045,0.032,0.1,2.1,0.076,0.023,2.4,0.0,0.0,0.0,9.4,0.2,1.4,4.7,0.5,70.8,191.2,0.02,2.4,22.4,FOOD-DATA-GROUP5,30.434782608695656,64.1304347826087,5.434782608695652,0.4057971014492753,38,7.179487179487179,0.0,0.0,0.0,0.0282051282051282,0,0,0,0,Healthy,51.9
350,350,corn syrup dark,57,0.0,0.0,0.0,0.0,15.5,15.5,0.0,0.0,0.0,0.047,4.4,0.0,0.025,0.0,0.0,0.045,0.071,0.013,0.062,0.0,0.0,0.0,0.0,3.6,0.089,0.044,1.6,0.079,2.2,8.8,0.078,0.069,19.122,FOOD-DATA-GROUP5,0.0,100.0,0.0,0.0,57,0.0,0.0,93.93939393939394,0.0,0.0008103448275862,0,1,0,0,Avoid,43.8
351,351,buttermilk dressing light,30,1.9,0.2,0.4,0.6,3.2,0.6,0.2,0.2,2.4,0.2,9.3,0.023,0.059,0.052,0.0,0.012,0.051,0.1,0.085,0.061,0.0,0.2,0.026,6.0,0.041,0.1,0.9,0.01,29.0,19.8,0.098,0.002,11.699,FOOD-DATA-GROUP5,3.7735849056603774,60.37735849056604,35.849056603773576,0.0476190476190476,30,0.6451612903225806,0.6451612903225806,14.285714285714285,0.4,0.0064516129032258,0,0,0,0,Healthy,50.1
352,352,cider vinegar,3,0.0,0.0,0.0,0.0,0.1,0.018,0.0,0.0,0.0,0.011,14.0,0.0,0.0,0.0,0.0,0.0,0.0,0.0,0.0,0.0,0.0,0.0,0.0,1.0,0.094,0.052,0.7,0.006,1.2,10.9,0.018,0.059,1.117,FOOD-DATA-GROUP5,0.0,100.0,0.0,0.0,3,0.0,0.0,1.6363636363636362,0.0,0.00275,0,0,0,0,Healthy,50.0
353,353,tartar sauce,32,2.5,0.5,0.5,1.4,2.0,0.6,0.2,0.078,1.1,0.1,10.1,0.056,0.023,0.008,0.0,0.074,0.094,0.076,0.034,0.3,0.0,0.3,0.089,3.9,0.001,0.047,0.9,0.03,2.6,10.2,0.05,0.098,9.096,FOOD-DATA-GROUP5,4.25531914893617,42.5531914893617,53.191489361702125,0.0666666666666666,32,0.6060606060606061,0.2363636363636364,20.0,0.156,0.003030303030303,0,0,0,0,Healthy,49.7
354,354,pepper hot sauce,1,0.018,0.057,0.031,0.06,0.031,0.065,0.024,0.071,0.0,0.1,4.2,0.0,0.006,0.045,0.0,0.078,0.078,0.097,0.061,3.5,0.0,0.061,0.039,0.4,0.085,0.035,0.2,0.016,0.5,6.8,0.0,0.055,4.171,FOOD-DATA-GROUP5,32.87671232876713,42.465753424657535,24.65753424657534,0.023278370514064,1,1.2,3.55,6.304558680892339,0.142,0.05,0,0,0,0,Healthy,50.1
355,355,tomato chili sauce,6,0.095,0.076,0.097,0.064,1.2,0.6,0.2,0.4,0.0,0.083,4.1,0.0,0.021,0.033,0.0,0.028,0.043,0.0,0.086,1.0,0.0,0.1,0.025,1.2,0.017,0.087,0.7,0.0,3.1,22.2,0.052,0.082,4.085,FOOD-DATA-GROUP5,13.377926421404684,80.2675585284281,6.354515050167224,0.0909090909090909,6,2.857142857142857,5.714285714285714,27.27272727272727,0.8,0.0118571428571428,0,0,0,0,Healthy,50.5
356,356,turkey gravy dry,26,0.5,0.1,0.2,0.2,4.6,0.0,0.7,0.0,1.0,0.3,0.3,0.013,0.026,0.087,0.045,0.011,0.2,0.029,0.03,0.015,0.0,0.0,0.0,10.2,0.053,0.2,3.1,0.003,17.8,30.0,0.073,0.01,16.335,FOOD-DATA-GROUP5,12.06896551724138,79.31034482758619,8.620689655172415,0.125,26,2.592592592592593,0.0,0.0,0.0,0.0111111111111111,0,0,0,0,Healthy,50.4
357,357,salsa sauce,5,0.039,0.07,0.048,0.089,1.2,0.7,0.3,0.3,0.0,0.1,16.1,0.0,0.037,0.055,0.0,0.092,0.2,0.07,0.021,0.3,0.0,0.2,0.067,5.4,0.009,0.007,2.7,0.042,5.9,49.5,0.005,0.08,7.524,FOOD-DATA-GROUP5,19.49317738791423,77.97270955165692,2.53411306042885,0.1363636363636363,5,5.0,5.0,31.818181818181813,0.6,0.0166666666666666,0,0,0,0,Healthy,50.3
358,358,steak sauce,16,0.004,0.0,0.0,0.0,3.7,1.7,0.2,0.3,0.0,0.3,12.1,0.0,0.01,0.044,0.0,0.081,0.2,0.0,0.036,1.2,0.0,0.2,0.015,3.2,0.087,0.2,2.9,0.084,5.6,53.0,0.085,0.02,8.815,FOOD-DATA-GROUP5,5.122950819672131,94.77459016393442,0.1024590163934426,0.0425531914893617,16,1.1764705882352942,1.7647058823529411,36.17021276595744,0.6,0.0176470588235294,0,0,0,0,Healthy,49.9
359,359,molasses,58,0.068,0.052,0.021,0.068,14.9,14.9,0.0,0.0,0.0,0.007,4.4,0.0,0.017,0.0,0.0,0.044,0.2,0.2,0.1,0.0,0.0,0.0,0.0,41.0,0.093,0.9,48.4,0.3,6.2,292.8,0.056,0.08,56.848,FOOD-DATA-GROUP5,0.0,99.54569748797437,0.4543025120256548,0.0,58,0.0,0.0,93.71069182389935,0.0,0.0001186440677966,0,0,0,0,Healthy,44.0
360,360,italian dressing fat free,7,0.1,0.099,0.018,0.022,1.2,1.2,0.1,0.077,0.3,0.2,12.0,0.0,0.081,0.031,0.07,0.017,0.073,0.0,0.0,0.026,0.0,0.1,0.042,4.2,0.046,0.036,0.7,0.069,15.3,14.3,0.096,0.059,5.71,FOOD-DATA-GROUP5,7.142857142857142,85.7142857142857,7.142857142857142,0.0454545454545454,7,1.25,0.9625,54.54545454545454,0.154,0.025,0,0,0,0,Healthy,49.6
361,361,plum sauce,35,0.2,0.094,0.007,0.1,8.1,0.0,0.2,0.1,0.0,0.1,10.2,0.0,0.075,0.032,0.0,0.066,0.2,0.092,0.094,0.021,0.0,0.0,0.0,2.3,0.044,0.3,2.3,0.046,4.2,49.2,0.1,0.029,11.246,FOOD-DATA-GROUP5,2.3529411764705888,95.29411764705884,2.3529411764705888,0.0219780219780219,35,0.5555555555555556,0.2777777777777778,0.0,0.2,0.0027777777777777,0,0,0,0,Healthy,50.2
362,362,chow mein stir fry master foods,26,0.2,5.5,0.6,0.0,0.0,0.0,0.0,0.0,0.0,0.0,0.0,0.0,0.0,0.0,0.0,0.0,0.0,0.0,0.0,0.0,0.0,0.0,0.0,0.0,0.0,0.0,0.0,0.0,0.0,0.0,0.0,0.0,0.2,FOOD-DATA-GROUP5,0.0,0.0,100.0,0.0,26,0.0,0.0,0.0,0.0,0.0,0,0,1,0,Limit,45.9
363,363,beef gravy instant,25,0.6,0.3,0.2,0.08,4.1,1.6,0.7,0.3,0.7,0.3,0.3,0.1,0.085,0.065,0.009,0.027,0.026,0.012,0.1,0.01,0.0,0.002,0.021,9.4,0.067,0.4,2.7,0.091,16.0,30.2,0.049,0.082,15.598,FOOD-DATA-GROUP5,12.962962962962962,75.92592592592592,11.111111111111112,0.1372549019607843,25,2.692307692307692,1.1538461538461535,31.37254901960785,0.6,0.0115384615384615,0,0,0,0,Healthy,50.1
364,364,horseradish,2,0.085,0.007,0.005,0.029,0.6,0.4,0.003,0.2,0.0,0.039,4.3,0.0,0.0,0.056,0.052,0.0,0.02,0.037,0.048,0.081,1.2,0.0,0.012,0.027,2.8,0.052,0.04,1.4,0.062,1.6,12.3,0.016,1.133,FOOD-DATA-GROUP5,0.4360465116279071,87.20930232558139,12.3546511627907,0.001875,2,0.1,6.666666666666667,25.0,0.4,0.013,0,0,0,0,Healthy,50.1
365,365,grenadine,54,0.0,0.0,0.0,0.0,13.4,9.3,0.0,0.0,0.0,0.038,6.5,0.0,0.0,0.0,0.0,0.064,0.0,0.0,0.0,0.0,0.0,0.0,0.0,1.2,0.044,0.011,0.8,0.0,0.8,5.6,0.051,0.066,14.63,FOOD-DATA-GROUP5,0.0,100.0,0.0,0.0,54,0.0,0.0,64.58333333333334,0.0,0.000690909090909,0,0,0,0,Healthy,46.3
366,366,tabasco sauce,1,0.002,0.051,0.086,0.089,0.006,0.067,0.045,0.013,0.0,0.075,4.5,0.0,0.056,0.059,0.0,0.066,0.091,0.081,0.0,0.2,0.0,0.014,0.031,0.6,0.017,0.019,0.6,0.038,1.1,6.0,0.063,0.089,1.054,FOOD-DATA-GROUP5,84.90566037735849,11.320754716981131,3.7735849056603774,0.0447316103379721,1,2.25,0.65,6.660039761431412,0.026,0.0375,0,0,0,0,Healthy,50.0
367,367,sweet sour sauce,26,0.084,0.0,0.0,0.0,6.7,3.3,0.02,0.065,0.0,0.024,10.5,0.0,0.048,0.079,0.0,0.08,0.026,0.021,0.09,1.5,0.0,0.1,0.002,1.8,0.011,0.021,1.4,0.1,1.2,17.3,0.006,0.072,10.183,FOOD-DATA-GROUP5,0.2939447383891828,98.47148736037626,1.234567901234568,0.0025974025974025,26,0.074074074074074,0.2407407407407407,42.85714285714285,0.13,0.0008888888888888,0,0,0,0,Healthy,48.8
368,368,salsa verde,6,0.1,0.0,0.0,0.0,1.0,0.5,0.2,0.3,0.0,0.034,13.4,0.0,0.027,0.084,0.0,0.005,0.2,0.021,0.093,1.8,0.0,0.097,0.003,1.4,0.075,0.079,2.9,0.076,6.2,38.9,0.086,0.067,4.826,FOOD-DATA-GROUP5,15.384615384615383,76.92307692307692,7.6923076923076925,0.1,6,2.857142857142857,4.285714285714286,25.0,0.6,0.0048571428571428,0,0,0,0,Healthy,50.4
369,369,miso,40,1.2,0.2,0.2,0.6,5.1,1.2,2.6,1.1,0.0,0.7,8.6,0.0,0.0,0.082,0.063,0.045,0.06,0.2,0.015,0.04,0.0,0.0,0.065,0.094,11.4,0.046,0.5,9.6,0.2,31.8,42.0,0.092,10.193,FOOD-DATA-GROUP5,29.21348314606742,57.30337078651686,13.483146067415731,0.4262295081967213,40,6.341463414634147,2.682926829268293,19.672131147540984,2.2,0.0170731707317073,0,0,0,0,Healthy,53.0
370,370,sprouted soybean cooked,76,4.2,0.6,0.9,2.4,6.1,0.4,8.0,0.8,0.0,0.2,74.7,0.0,0.2,0.023,0.0,0.052,1.0,0.7,0.079,7.8,0.0,0.2,0.024,55.5,0.3,1.2,56.4,0.7,126.9,333.7,0.042,1.0,83.6,FOOD-DATA-GROUP5,43.71584699453552,33.33333333333333,22.950819672131143,1.1267605633802815,76,10.38961038961039,1.0389610389610389,5.633802816901409,1.6,0.0025974025974025,0,0,0,0,Healthy,56.6
371,371,soy flour roasted,375,18.6,2.7,4.1,10.5,28.6,6.5,29.6,8.2,0.0,0.083,3.2,0.0,0.4,0.2,0.0,0.8,2.8,1.0,0.3,0.0,0.0,1.7,0.087,159.8,1.9,4.9,313.7,1.8,404.6,1734.9,0.029,3.0,249.7,FOOD-DATA-GROUP5,38.54166666666666,37.23958333333333,24.21875,1.0,375,7.872340425531915,2.180851063829787,21.959459459459456,10.0,0.000220744680851,0,0,0,0,Healthy,72.7
372,372,soy flour low fat,330,7.8,1.1,1.3,3.7,30.7,9.3,40.0,14.1,0.0,0.085,4.1,0.0,1.0,0.3,0.0,0.2,2.6,1.4,0.9,0.0,0.0,0.5,0.023,250.8,1.4,7.2,250.8,2.8,594.0,1839.2,0.055,3.6,350.6,FOOD-DATA-GROUP5,50.955414012738856,39.10828025477706,9.936305732484076,1.2618296529968454,330,12.084592145015106,4.259818731117824,29.33753943217666,10.0,0.0002567975830815,0,0,0,0,Healthy,75.5
373,373,green soybean cooked,127,5.8,0.7,1.1,2.7,9.9,0.0,11.1,3.8,0.0,0.2,61.7,0.0,0.0,0.2,0.01,0.0,0.1,1.1,0.1,0.007,15.3,0.0,0.0,0.0,130.5,0.1,2.3,54.0,0.5,142.2,485.1,0.0,30.78,FOOD-DATA-GROUP5,41.4179104477612,36.940298507462686,21.64179104477612,1.018348623853211,127,8.671875,2.96875,0.0,7.6,0.0015625,0,0,0,0,Healthy,63.5
374,374,azumaya tofu vitasoy,316,16.6,2.0,4.7,9.9,9.1,1.6,32.8,2.4,0.0,0.03,331.8,0.0,0.0,0.0,0.0,0.0,0.0,0.0,0.0,0.0,0.0,0.0,0.0,711.0,0.0,5.1,0.0,0.0,0.0,0.0,0.0,0.0,777.0,FOOD-DATA-GROUP5,56.06837606837607,15.555555555555555,28.376068376068385,3.2475247524752477,316,10.347003154574132,0.7570977917981072,15.84158415841584,4.8,9.46372239747634e-05,0,0,0,0,Healthy,66.5
375,375,soy proteins isolate,96,1.0,0.1,0.2,0.5,2.1,0.0,22.8,1.6,0.0,0.3,1.4,0.0,0.037,0.01,0.0,0.085,0.4,0.079,0.006,0.0,0.0,0.0,0.0,50.4,0.5,4.1,11.0,0.4,219.6,22.9,0.011,1.1,82.0,FOOD-DATA-GROUP5,88.03088803088802,8.108108108108107,3.861003861003861,7.354838709677419,96,23.505154639175256,1.6494845360824744,0.0,3.2,0.0030927835051546,0,0,0,0,Healthy,67.3
376,376,tofu yogurt,246,4.7,0.7,1.0,2.7,41.8,3.2,9.2,0.5,0.0,0.03,203.1,0.0,0.0,0.2,0.004,0.0,0.027,0.6,0.0,0.048,6.6,0.0,0.8,0.013,309.2,0.2,2.8,104.8,0.0,99.6,123.1,0.068,56.57,FOOD-DATA-GROUP5,16.51705565529623,75.04488330341113,8.43806104129264,0.2149532710280373,246,3.7246963562753033,0.2024291497975708,7.476635514018692,1.0,0.0001214574898785,0,0,0,0,Healthy,55.8
377,377,bacon meatless,446,42.5,6.7,10.2,22.2,9.1,0.0,15.4,3.7,0.0,2.1,70.5,0.0,6.3,0.047,0.0,0.7,10.9,0.2,0.7,0.0,0.0,9.9,0.0,33.1,0.2,3.5,27.4,0.3,100.8,244.8,0.004,0.6,107.3,FOOD-DATA-GROUP5,22.98507462686567,13.582089552238804,63.43283582089553,1.5247524752475248,446,3.4451901565995526,0.8277404921700223,0.0,7.4,0.0046979865771812,0,0,1,0,Healthy,62.1
378,378,meatless chicken fried,304,16.6,1.5,4.2,6.0,11.1,0.0,27.7,5.6,0.0,0.5,73.4,0.0,1.7,0.017,0.038,0.5,16.6,0.0,1.1,0.0,0.0,2.5,0.0,54.6,0.7,5.0,15.6,0.0,318.5,390.0,0.037,0.8,120.6,FOOD-DATA-GROUP5,50.0,20.03610108303249,29.963898916967512,2.289256198347108,304,9.081967213114757,1.836065573770492,0.0,10.0,0.001639344262295,0,0,0,0,Healthy,72.3
379,379,soymilk,109,4.8,0.5,1.0,2.9,8.4,6.1,7.1,1.0,0.0,0.1,221.1,0.0,0.0,0.2,0.007,0.061,0.5,8.0,0.0,0.6,17.5,0.069,6.1,0.0,340.2,0.3,1.2,0.0,0.0,0.0,342.6,0.099,22.2,FOOD-DATA-GROUP5,34.97536945812808,41.37931034482759,23.64532019704433,0.7553191489361701,109,6.454545454545454,0.9090909090909092,64.8936170212766,2.0,0.0009090909090909,0,0,0,0,Healthy,54.0
380,380,soy vermicelli,463,0.1,0.092,0.005,0.093,115.2,24.4,0.1,5.5,0.0,0.032,16.7,0.0,0.0,0.0,0.0,0.0,0.0,0.0,0.0,0.0,0.0,0.7,0.019,77.0,2.7,2.5,2.8,0.0,28.0,4.2,0.017,5.9,200.4,FOOD-DATA-GROUP5,0.0866551126516464,99.82668977469672,0.0866551126516464,0.0008605851979345,463,0.021551724137931,1.1853448275862069,20.99827882960413,10.0,6.896551724137931e-05,0,1,0,0,Limit,48.5
381,381,tofu fried,35,2.6,0.4,0.6,1.5,1.2,0.4,2.4,0.5,0.0,0.021,6.6,0.0,0.0,0.01,0.036,0.0,0.054,0.073,0.041,0.094,0.0,0.0,0.011,0.099,48.4,0.051,0.6,7.8,0.2,37.3,19.0,0.038,6.832,FOOD-DATA-GROUP5,38.70967741935484,19.35483870967742,41.93548387096775,1.0909090909090908,35,6.666666666666667,1.3888888888888888,18.181818181818183,1.0,0.0005833333333333,0,0,0,0,Healthy,52.1
382,382,tempeh,320,17.9,3.7,5.0,6.4,15.6,0.0,30.8,0.0,0.0,0.068,99.0,0.0,0.1,0.086,0.096,0.6,4.4,0.5,0.4,0.0,0.0,0.0,0.0,184.3,0.9,4.5,134.5,2.2,441.6,683.9,0.0,1.9,253.1,FOOD-DATA-GROUP5,47.900466562986,24.261275272161743,27.83825816485225,1.855421686746988,320,9.595015576323988,0.0,0.0,0.0,0.0002118380062305,0,0,0,0,Healthy,62.2
383,383,koyadofu,81,5.2,0.7,1.1,2.9,1.7,0.0,8.9,1.2,0.0,0.081,1.0,0.0,0.0,0.021,0.078,0.0,0.041,0.2,0.011,0.029,0.1,0.0,0.0,0.0,61.9,0.2,1.7,10.0,0.6,82.1,3.4,0.04,17.237,FOOD-DATA-GROUP5,56.32911392405063,10.759493670886076,32.91139240506329,3.2962962962962963,81,10.853658536585366,1.4634146341463414,0.0,2.4,0.0009878048780487,0,0,0,0,Healthy,57.9
384,384,meatless meatloaf,110,5.0,0.8,1.2,2.6,4.5,0.7,11.8,2.6,0.0,0.3,32.5,0.0,0.5,0.066,0.062,0.3,5.6,0.0,0.7,0.0,0.0,1.0,0.0,16.2,0.4,1.2,10.1,0.0,192.6,100.8,0.02,1.0,41.3,FOOD-DATA-GROUP5,55.39906103286385,21.12676056338028,23.474178403755868,2.145454545454545,110,10.630630630630632,2.3423423423423424,12.727272727272728,5.2,0.0027027027027027,0,0,0,0,Healthy,61.9
385,385,soya vanille joghurt alpro,21,0.6,0.1,2.7,2.6,1.0,0.09,0.3,0.0,0.0,0.0,0.0,0.0,0.0,0.0,0.0,0.0,0.0,0.0,0.0,0.0,0.0,0.0,0.0,0.0,0.0,0.0,0.0,0.0,0.0,0.0,0.0,0.0,1.9,FOOD-DATA-GROUP5,15.789473684210526,52.63157894736842,31.57894736842105,0.15,21,1.3636363636363635,0.0,4.5,0.0,0.0,0,0,0,0,Healthy,50.1
386,386,soybean curd cheese,340,18.2,2.6,4.0,10.3,15.5,3.6,28.1,0.0,0.0,0.094,159.5,0.0,0.0,0.006,0.0,0.3,1.1,0.3,0.2,0.0,0.0,1.4,0.011,423.0,0.9,12.6,513.0,2.0,499.5,447.8,0.068,3.9,497.4,FOOD-DATA-GROUP5,45.46925566343042,25.08090614886732,29.449838187702262,1.7030303030303031,340,8.240469208211145,0.0,21.81818181818182,0.0,0.0002756598240469,0,0,0,0,Healthy,61.6
387,387,soy sauce,8,0.054,0.025,0.059,0.099,0.8,0.097,1.3,0.1,0.0,0.9,11.4,0.0,0.0,0.012,0.04,0.0,0.073,0.4,0.046,0.01,0.0,0.0,0.0,0.0,5.3,0.031,0.2,11.8,0.2,26.6,69.6,0.087,2.293,FOOD-DATA-GROUP5,60.35283194057568,37.14020427112349,2.5069637883008355,0.7222222222222222,8,14.444444444444446,1.1111111111111112,5.388888888888889,0.2,0.1,0,0,0,0,Healthy,51.1
388,388,soybean dry roasted,419,20.1,2.9,4.4,11.4,30.4,0.0,36.8,7.5,0.0,0.077,0.7,0.0,0.4,0.2,0.0,0.7,1.0,0.4,0.2,4.3,0.0,0.0,0.076,130.2,1.0,3.7,212.0,2.0,603.6,1268.5,0.028,4.4,233.0,FOOD-DATA-GROUP5,42.15349369988546,34.82245131729668,23.02405498281788,1.1719745222929936,419,8.761904761904761,1.7857142857142856,0.0,10.0,0.0001833333333333,0,0,0,0,Healthy,74.1
389,389,soybean oil,120,13.6,2.1,3.1,7.9,0.0,0.0,0.0,0.0,0.0,0.0,0.0,0.0,0.0,0.0,0.0,0.0,0.0,0.0,0.0,0.0,0.0,1.1,0.064,0.0,0.0,0.048,0.0,0.0,0.0,0.0,0.0,0.095,13.67,FOOD-DATA-GROUP5,0.0,0.0,100.0,0.0,120,0.0,0.0,0.0,0.0,0.0,0,0,0,0,Healthy,48.4
390,390,meatless chicken,376,21.4,3.1,4.6,12.2,6.1,0.0,39.7,6.0,0.0,1.2,98.9,0.0,0.1,0.1,0.068,0.4,2.4,1.0,1.2,0.0,0.0,4.5,0.0,58.8,1.2,5.5,28.6,2.0,562.8,90.7,0.012,1.2,137.5,FOOD-DATA-GROUP5,59.07738095238096,9.077380952380953,31.84523809523809,5.591549295774649,376,10.53050397877984,1.5915119363395225,0.0,10.0,0.003183023872679,0,0,0,0,Healthy,71.7
391,391,soybean cooked,296,15.4,2.2,3.4,8.7,17.1,5.2,28.6,10.3,0.0,0.075,107.6,0.0,0.0,0.3,0.022,0.0,0.5,0.7,0.3,0.4,2.9,0.0,0.6,0.099,175.4,0.7,8.8,147.9,1.4,421.4,885.8,0.064,72.517,FOOD-DATA-GROUP5,46.80851063829788,27.986906710310965,25.20458265139116,1.580110497237569,296,9.62962962962963,3.468013468013468,28.7292817679558,10.0,0.0002525252525252,0,0,0,0,Healthy,76.3
392,392,soymilk nonfat,68,0.046,0.0,0.0,0.046,10.1,8.9,6.0,0.5,0.0,0.1,225.2,0.1,0.064,0.092,0.063,0.4,0.8,0.0,0.084,0.0,0.071,0.2,0.063,281.9,0.3,0.9,24.3,0.0,211.4,255.2,0.046,0.2,299.508,FOOD-DATA-GROUP5,37.16090672612412,62.55419298897559,0.2849002849002848,0.5405405405405406,68,8.695652173913043,0.7246376811594203,80.18018018018019,1.0,0.0014492753623188,0,0,0,0,Healthy,51.7
393,393,soy flour,23,1.1,0.2,0.2,0.6,1.8,0.4,1.8,0.5,0.0,0.023,0.3,0.0,0.0,0.062,0.058,0.0,0.002,0.2,0.069,0.009,0.0,0.0,0.1,0.061,10.7,0.2,0.3,22.3,0.1,25.7,130.8,0.086,5.488,FOOD-DATA-GROUP5,38.297872340425535,38.297872340425535,23.404255319148938,0.6428571428571429,23,7.5,2.083333333333333,14.285714285714288,1.0,0.0009583333333333,0,0,0,0,Healthy,51.8
394,394,soybean lecithin oil,104,13.6,2.0,1.5,6.2,0.0,0.0,0.0,0.0,0.0,0.0,0.0,0.0,0.0,0.0,0.0,0.0,0.0,0.0,0.0,0.0,0.0,1.1,0.015,0.0,0.0,0.0,0.0,0.0,0.0,0.0,0.0,0.0,13.6,FOOD-DATA-GROUP5,0.0,0.0,100.0,0.0,104,0.0,0.0,0.0,0.0,0.0,0,0,0,0,Healthy,48.5
395,395,tofu raw,188,11.9,1.7,2.6,6.7,4.7,0.0,20.0,0.7,0.0,0.06,209.7,0.0,0.2,0.096,0.0,0.1,0.5,0.2,0.1,0.2,0.0,0.0,0.0,868.0,0.5,13.3,74.4,1.5,240.6,300.1,0.005,2.0,918.8,FOOD-DATA-GROUP5,54.64480874316939,12.841530054644808,32.51366120218579,3.508771929824561,188,10.582010582010582,0.3703703703703703,0.0,1.4,0.0003174603174603,0,0,0,0,Healthy,64.8
396,396,soy chips,109,2.1,0.3,0.5,1.1,15.0,0.5,7.5,1.0,0.0,0.2,2.4,0.0,0.02,0.098,0.0,0.076,0.8,0.4,0.1,0.0,0.0,0.3,0.048,48.4,0.7,1.5,48.1,0.6,2.0,2.0,0.099,0.4,75.5,FOOD-DATA-GROUP5,30.48780487804878,60.97560975609756,8.536585365853657,0.46875,109,6.8181818181818175,0.9090909090909092,3.125,2.0,0.0018181818181818,0,0,0,0,Healthy,56.7
397,397,green soybean raw,376,17.4,2.0,3.3,8.2,28.3,0.0,33.2,10.8,0.0,0.017,172.8,0.0,1.1,0.4,0.0,0.4,4.2,0.4,0.2,74.2,0.0,0.0,0.0,504.3,0.3,9.1,166.4,1.4,496.6,1587.2,0.081,2.5,677.3,FOOD-DATA-GROUP5,42.07858048162231,35.868187579214194,22.053231939163496,1.1331058020477816,376,8.806366047745358,2.864721485411141,0.0,10.0,4.509283819628648e-05,0,0,0,0,Healthy,78.5
398,398,soy proteins concentrate,93,0.1,0.04,0.092,0.099,7.2,0.0,18.0,1.6,0.0,0.3,1.6,0.0,0.076,0.087,0.0,0.078,0.2,0.007,0.015,0.0,0.0,0.0,0.0,102.7,0.3,3.1,39.6,1.2,237.4,127.4,0.019,1.2,132.7,FOOD-DATA-GROUP5,71.14624505928853,28.458498023715418,0.3952569169960474,2.1951219512195124,93,19.148936170212767,1.702127659574468,0.0,3.2,0.0031914893617021,0,0,0,0,Healthy,65.9
399,399,soybean margarine,34,3.8,0.8,1.8,1.0,0.043,0.0,0.052,0.0,0.0,0.005,0.7,0.067,0.06,0.013,0.049,0.051,0.033,0.012,0.054,0.077,0.0,0.1,0.0,1.4,0.0,0.0,0.1,0.0,1.1,2.0,0.0,0.0,5.309,FOOD-DATA-GROUP5,1.3350449293966624,1.10397946084724,97.5609756097561,0.049856184084372,34,0.1485714285714285,0.0,0.0,0.0,0.0001428571428571,0,0,0,0,Healthy,49.4
400,400,chocolate soymilk nonfat,107,0.046,0.0,0.0,0.012,20.7,8.9,6.0,0.5,0.0,0.1,214.8,0.1,0.001,0.03,0.005,0.4,1.2,0.0,0.037,0.0,0.062,0.3,0.021,281.9,0.5,0.9,24.3,0.0,211.4,255.2,0.027,0.2,310.107,FOOD-DATA-GROUP5,22.433261048381063,77.39475061691468,0.1719883347042548,0.2764976958525346,107,5.555555555555555,0.4629629629629629,41.01382488479263,1.0,0.0009259259259259,0,0,0,0,Healthy,51.7
401,401,okara,93,2.1,0.2,0.4,0.9,15.3,0.0,3.9,0.0,0.0,0.07,99.6,0.0,0.0,0.035,0.017,0.0,0.063,0.1,0.1,0.1,0.0,0.0,0.0,0.0,97.6,0.2,1.6,31.7,0.5,73.2,259.9,0.048,21.6,FOOD-DATA-GROUP5,18.309859154929576,71.83098591549296,9.859154929577466,0.2392638036809815,93,4.148936170212766,0.0,0.0,0.0,0.0007446808510638,0,0,0,0,Healthy,52.8
402,402,meatless meatballs,284,13.0,2.1,3.2,6.7,11.5,1.8,30.2,6.6,0.0,0.8,83.5,0.0,1.4,0.1,0.073,0.3,3.6,0.7,0.3,0.0,0.0,2.5,0.0,36.0,1.0,3.1,25.9,0.0,495.4,259.2,0.016,2.6,100.4,FOOD-DATA-GROUP5,55.21023765996343,21.02376599634369,23.76599634369287,2.416,284,10.596491228070176,2.31578947368421,14.400000000000002,10.0,0.0028070175438596,0,0,0,0,Healthy,72.6
403,403,vanilla soymilk,131,4.3,0.5,1.0,2.3,15.3,9.7,7.9,1.5,0.0,0.1,214.0,0.0,0.1,0.032,0.0,0.2,1.2,0.9,0.2,0.0,0.0,0.3,0.042,60.8,0.3,1.6,60.8,0.5,126.4,286.7,0.08,0.3,91.4,FOOD-DATA-GROUP5,28.727272727272723,55.636363636363626,15.636363636363637,0.4846625766871165,131,5.984848484848485,1.1363636363636365,59.50920245398772,3.0,0.0007575757575757,0,0,0,0,Healthy,53.9
404,404,soy meal raw,414,2.9,0.3,0.5,1.3,49.0,0.0,54.8,0.0,0.0,0.017,8.5,0.0,0.8,0.4,0.0,0.3,3.2,2.4,0.7,0.0,0.0,0.0,0.0,297.7,2.4,16.7,373.3,4.6,855.2,3037.8,0.018,6.2,421.1,FOOD-DATA-GROUP5,51.35895032802249,45.92314901593252,2.7179006560449857,1.096,414,13.204819277108436,0.0,0.0,0.0,4.096385542168675e-05,0,0,0,0,Healthy,64.8
405,405,soymilk low fat,104,1.5,0.0,0.5,1.0,17.5,8.5,4.0,1.9,0.0,0.04,218.4,0.0,0.0,0.0,0.0,0.0,0.0,0.0,0.0,0.0,0.032,0.0,0.0,199.3,0.0,1.1,0.0,0.0,150.7,155.5,0.0,0.0,225.3,FOOD-DATA-GROUP5,17.391304347826086,76.08695652173914,6.521739130434782,0.2162162162162162,104,3.8095238095238098,1.809523809523809,45.94594594594595,3.8,0.0003809523809523,0,0,0,0,Healthy,52.4
406,406,sprouted soybean raw,85,4.7,0.7,1.1,2.6,6.7,0.0,9.2,0.8,0.0,0.005,48.3,0.0,0.0,0.2,0.1,0.0,0.045,0.8,0.7,0.1,10.7,0.0,0.0,0.0,46.9,0.3,1.5,50.4,0.5,114.8,338.8,0.045,21.8,FOOD-DATA-GROUP5,44.66019417475729,32.5242718446602,22.81553398058253,1.1948051948051948,85,10.69767441860465,0.9302325581395348,0.0,1.6,5.813953488372093e-05,0,0,0,0,Healthy,57.6
407,407,soybean raw,830,37.1,5.4,8.2,20.9,56.1,13.6,67.9,17.3,0.0,0.023,15.9,0.0,1.6,0.7,0.0,1.6,3.0,1.5,0.7,11.2,0.0,1.6,0.099,515.2,3.1,29.2,520.8,4.7,1309.4,3342.4,0.071,9.1,734.0,FOOD-DATA-GROUP5,42.14773432650528,34.82309124767225,23.02917442582247,1.1891418563922942,830,8.170878459687124,2.081829121540313,23.81786339754816,10.0,2.767749699157641e-05,0,0,1,0,Healthy,70.5
408,408,tempeh cooked,55,3.2,1.0,1.1,0.7,2.6,0.0,5.1,0.0,0.0,0.084,16.9,0.0,0.021,0.022,0.07,0.1,0.6,0.1,0.079,0.0,0.0,0.0,0.0,27.2,0.2,0.6,21.8,0.4,71.6,113.5,0.0,0.4,38.7,FOOD-DATA-GROUP5,46.78899082568808,23.85321100917432,29.357798165137623,1.4166666666666663,55,9.107142857142856,0.0,0.0,0.0,0.0015,0,0,0,0,Healthy,53.1
409,409,vanilla soymilk light,83,2.1,0.2,0.6,1.4,9.4,1.0,6.4,1.5,0.0,0.2,223.6,0.0,0.0,0.062,0.09,0.4,0.0,0.0,0.0,0.0,0.025,0.0,0.0,298.9,0.0,1.1,31.6,0.0,250.3,284.3,0.0,0.2,319.4,FOOD-DATA-GROUP5,35.75418994413408,52.513966480446925,11.731843575418994,0.6153846153846154,83,7.6190476190476195,1.7857142857142856,9.615384615384617,3.0,0.0023809523809523,0,0,0,0,Healthy,56.5
410,410,chocolate soymilk,153,3.7,0.6,0.9,2.0,24.2,19.1,5.5,1.0,0.0,0.1,208.0,0.0,0.2,0.098,0.079,0.056,0.6,1.2,0.2,0.2,4.1,0.026,0.3,0.074,306.2,0.5,1.2,36.5,0.0,123.9,347.5,0.023,35.156,FOOD-DATA-GROUP5,16.46706586826347,72.45508982035929,11.077844311377246,0.2182539682539682,153,3.571428571428571,0.6493506493506493,75.7936507936508,2.0,0.0006493506493506,0,1,0,0,Limit,47.5
411,411,soy oil,120,13.6,3.4,8.3,1.3,0.0,0.0,0.0,0.0,0.0,0.0,0.0,0.0,0.0,0.0,0.0,0.0,0.0,0.0,0.0,0.0,0.0,1.1,0.076,0.0,0.0,0.0,0.0,0.0,0.0,0.0,0.0,0.0,13.6,FOOD-DATA-GROUP5,0.0,0.0,100.0,0.0,120,0.0,0.0,0.0,0.0,0.0,0,0,0,0,Healthy,47.5
412,412,natto,169,8.8,1.3,1.9,5.0,11.5,3.9,14.2,4.3,0.0,0.026,44.0,0.0,0.0,0.1,0.089,0.0,0.2,0.0,0.2,0.1,10.4,0.0,0.009,0.085,173.6,0.5,6.9,92.0,1.2,139.2,583.2,0.033,39.429,FOOD-DATA-GROUP5,41.15942028985507,33.33333333333333,25.5072463768116,1.136,169,8.352941176470589,2.5294117647058822,31.2,8.6,0.0001529411764705,0,0,0,0,Healthy,64.6
413,413,chrysanthemum raw,12,0.3,0.0,0.0,0.0,1.5,0.0,1.7,1.5,0.0,0.012,46.6,0.0,0.0,0.07,0.084,0.0,0.097,0.3,0.1,0.061,0.7,0.0,0.0,0.2,59.7,0.044,1.2,16.3,0.5,27.5,289.2,0.0,5.285,FOOD-DATA-GROUP5,48.57142857142857,42.85714285714285,8.571428571428571,0.6799999999999999,12,13.076923076923078,11.538461538461538,0.0,3.0,0.0009230769230769,0,0,0,0,Healthy,53.5
414,414,gourd cooked,100,0.6,0.035,0.1,0.3,25.5,9.2,1.2,5.2,0.0,0.065,150.0,0.0,0.0,0.092,0.036,0.0,0.036,0.5,0.9,0.2,10.1,0.0,0.4,0.03,16.0,0.2,0.6,35.6,0.4,55.2,806.3,0.021,32.903,FOOD-DATA-GROUP5,4.395604395604395,93.4065934065934,2.197802197802197,0.0452830188679245,100,1.188118811881188,5.148514851485149,34.71698113207547,10.0,0.0006435643564356,0,0,0,0,Healthy,55.0
415,415,cauliflower raw,3,0.081,0.094,0.061,0.07,0.6,0.2,0.2,0.3,0.0,0.042,12.0,0.0,0.0,0.085,0.012,0.0,0.082,0.014,0.087,0.019,6.3,0.0,0.055,0.033,2.9,0.01,0.077,2.0,0.003,5.7,38.9,0.05,1.337,FOOD-DATA-GROUP5,22.701475595913735,68.1044267877412,9.19409761634506,0.125,3,5.0,7.5,12.5,0.6,0.0105,0,0,0,0,Healthy,50.4
416,416,red cabbage raw,53,0.3,0.002,0.028,0.1,12.5,6.5,2.4,3.6,0.0,0.079,153.7,0.0,0.1,0.088,0.0,0.1,0.7,0.2,0.4,96.9,0.0,0.2,0.082,76.5,0.004,1.4,27.2,0.4,51.0,413.1,0.039,0.4,193.6,FOOD-DATA-GROUP5,15.789473684210526,82.23684210526315,1.973684210526316,0.1777777777777777,53,4.444444444444445,6.666666666666667,48.14814814814815,7.2,0.0014629629629629,0,0,0,0,Healthy,54.6
417,417,broccoli raab raw,9,0.2,0.047,0.027,0.097,1.1,0.2,1.3,1.1,0.0,0.04,37.0,0.0,0.0,0.06,0.039,0.0,0.056,0.5,0.1,0.064,8.1,0.0,0.6,0.074,43.2,0.022,0.9,8.8,0.2,29.2,78.4,0.072,3.861,FOOD-DATA-GROUP5,49.99999999999999,42.3076923076923,7.692307692307692,0.6190476190476191,9,13.0,11.000000000000002,9.523809523809524,2.2,0.004,0,0,0,0,Healthy,52.5
418,418,napa cabbage cooked,13,0.2,0.0,0.0,0.0,2.4,0.0,1.2,0.0,0.0,0.012,105.0,0.0,0.051,0.094,0.0,0.096,0.5,0.07,0.052,3.5,0.0,0.0,0.0,31.6,0.1,0.8,8.7,0.2,20.7,94.8,0.025,0.2,39.7,FOOD-DATA-GROUP5,31.57894736842105,63.1578947368421,5.2631578947368425,0.3529411764705882,13,8.571428571428571,0.0,0.0,0.0,0.0008571428571428,0,0,0,0,Healthy,50.9
419,419,kelp,2,0.067,0.037,0.064,0.044,0.5,0.069,0.07,0.018,0.0,0.019,4.1,0.0,0.031,0.006,0.0,0.005,0.027,0.061,0.07,0.2,0.0,0.04,0.015,8.4,0.021,0.1,6.1,0.017,2.1,4.5,0.07,0.038,9.303,FOOD-DATA-GROUP5,10.98901098901099,78.49293563579278,10.518053375196232,0.0466666666666666,2,2.333333333333333,0.6,4.6000000000000005,0.036,0.0063333333333333,0,0,0,0,Healthy,50.0
420,420,shallots raw,18,0.061,0.041,0.015,0.074,4.2,2.0,0.6,0.8,0.0,0.044,20.0,0.0,0.0,0.04,0.083,0.0,0.07,0.089,0.003,0.016,2.0,0.0,0.025,0.007,9.3,0.004,0.3,5.3,0.046,15.0,83.5,0.091,5.833,FOOD-DATA-GROUP5,12.343139271754785,86.40197490228348,1.2548858259617364,0.1153846153846153,18,3.1578947368421053,4.2105263157894735,38.46153846153846,1.6,0.0023157894736842,0,0,0,0,Healthy,50.8
421,421,bamboo shoots raw,49,0.5,0.1,0.054,0.2,9.4,5.4,4.7,4.0,0.0,0.067,163.8,0.0,0.0,0.3,0.087,0.0,0.1,1.1,0.3,0.4,7.2,0.0,1.8,0.0,23.4,0.3,0.9,5.4,0.5,106.2,959.4,0.001,19.3,FOOD-DATA-GROUP5,32.1917808219178,64.3835616438356,3.4246575342465757,0.4519230769230769,49,9.4,8.0,51.92307692307693,8.0,0.00134,0,0,0,0,Healthy,57.3
422,422,jute cooked,32,0.2,0.004,0.022,0.022,6.3,0.9,3.2,1.7,0.0,0.043,75.8,0.0,0.021,0.076,0.0,0.2,0.8,0.02,0.5,28.7,0.0,0.083,0.059,183.6,0.2,2.7,53.9,0.1,62.6,478.5,0.052,0.7,226.4,FOOD-DATA-GROUP5,32.98969072164949,64.94845360824742,2.061855670103093,0.4383561643835617,32,9.696969696969695,5.151515151515151,12.328767123287673,3.4,0.0013030303030303,0,0,0,0,Healthy,54.6
423,423,red lettuce,4,0.08,0.036,0.056,0.024,0.6,0.1,0.4,0.3,0.0,0.057,26.8,0.0,0.0,0.041,0.007,0.0,0.061,0.097,0.1,0.026,1.0,0.0,0.067,0.021,9.2,0.093,0.3,3.4,0.095,7.8,52.4,0.044,1.595,FOOD-DATA-GROUP5,37.03703703703704,55.55555555555555,7.4074074074074066,0.25,4,8.0,6.0,6.25,0.6,0.0114,0,0,0,0,Healthy,50.7
424,424,broccoli cooked,98,1.1,0.2,0.1,0.5,20.1,3.9,6.7,9.2,0.0,0.1,249.9,0.0,0.0,0.2,0.3,0.0,0.3,1.5,1.7,0.6,181.7,0.0,4.1,0.4,112.0,0.2,1.9,58.8,0.5,187.6,820.4,0.008,38.3,FOOD-DATA-GROUP5,24.014336917562723,72.04301075268818,3.942652329749104,0.3175355450236967,98,6.767676767676768,9.292929292929292,18.48341232227488,10.0,0.001010101010101,0,0,0,0,Healthy,67.1
425,425,romanesco raw,20,0.2,0.038,0.085,0.006,3.9,1.9,1.9,2.0,0.0,0.025,57.5,0.0,0.025,0.091,0.0,0.094,0.5,0.4,0.1,56.4,0.0,0.095,0.085,21.1,0.051,0.5,12.8,0.2,39.7,192.0,0.087,0.4,86.0,FOOD-DATA-GROUP5,31.666666666666664,65.0,3.333333333333333,0.3877551020408162,20,9.047619047619047,9.523809523809524,38.77551020408163,4.0,0.0011904761904761,0,0,0,0,Healthy,53.6
426,426,eggplant raw,115,0.8,0.2,0.047,0.3,26.9,16.2,4.5,13.7,0.0,0.028,422.7,0.0,0.2,0.1,0.0,0.2,3.0,1.3,0.4,10.1,0.0,1.4,0.052,41.2,0.4,1.1,64.1,1.1,109.9,1048.8,0.074,0.7,98.3,FOOD-DATA-GROUP5,13.975155279503108,83.54037267080746,2.4844720496894417,0.1612903225806451,115,3.8793103448275854,11.810344827586206,58.06451612903226,10.0,0.0002413793103448,0,1,0,0,Limit,61.7
427,427,leeks raw,54,0.3,0.049,0.076,0.1,12.6,3.5,1.3,1.6,0.0,0.003,73.9,0.0,0.0,0.056,0.087,0.0,0.038,0.4,0.1,0.2,10.7,0.0,0.8,0.011,52.5,0.1,1.9,24.9,0.4,31.2,160.2,0.03,16.132,FOOD-DATA-GROUP5,9.15492957746479,88.73239436619717,2.112676056338028,0.0955882352941176,54,2.363636363636364,2.909090909090909,25.73529411764706,3.2,5.454545454545455e-05,0,0,0,0,Healthy,51.9
428,428,lemongrass citronella,5,0.076,0.067,0.091,0.082,1.2,0.0,0.038,0.0,0.0,0.024,3.4,0.0,0.05,0.011,0.0,0.097,0.018,0.082,0.034,0.1,0.0,0.0,0.0,3.1,0.082,0.4,2.9,0.3,4.8,34.7,0.031,0.1,4.937,FOOD-DATA-GROUP5,2.89193302891933,91.324200913242,5.78386605783866,0.0172727272727272,5,0.6333333333333333,0.0,0.0,0.0,0.004,0,0,0,0,Healthy,50.0
429,429,pumpkin cooked,49,0.2,0.019,0.1,0.085,12.0,5.1,1.8,2.7,0.0,0.006,229.5,0.0,0.0,0.004,0.057,0.0,0.2,1.0,0.5,0.1,11.5,0.0,2.0,0.098,36.8,0.2,1.4,22.1,0.2,73.5,563.5,0.054,17.005,FOOD-DATA-GROUP5,12.85714285714286,85.71428571428571,1.4285714285714286,0.1384615384615384,49,3.6000000000000005,5.4,39.23076923076923,5.4,0.00012,0,0,0,0,Healthy,53.3
430,430,celery cooked,7,0.098,0.064,0.018,0.024,1.5,0.9,0.3,0.6,0.0,0.093,35.3,0.0,0.081,0.021,0.0,0.071,0.1,0.049,0.022,2.3,0.0,0.1,0.061,15.8,0.08,0.2,4.5,0.025,9.4,106.5,0.086,0.098,20.767,FOOD-DATA-GROUP5,15.806111696522654,79.03055848261327,5.163329820864067,0.12,7,3.75,7.5,36.0,1.2,0.011625,0,0,0,0,Healthy,50.7
431,431,serrano pepper,2,0.075,0.072,0.002,0.028,0.4,0.2,0.1,0.2,0.0,0.067,5.5,0.0,0.0,0.09,0.015,0.0,0.009,0.059,0.095,0.099,2.7,0.0,0.088,0.021,0.7,0.063,0.083,1.3,0.058,2.4,18.6,0.047,0.902,FOOD-DATA-GROUP5,17.39130434782609,69.56521739130436,13.043478260869565,0.0714285714285714,2,3.333333333333333,6.666666666666667,14.285714285714288,0.4,0.0223333333333333,0,0,0,0,Healthy,50.2
432,432,nopales raw,14,0.063,0.018,0.039,0.044,2.9,1.0,1.1,1.9,0.0,0.076,80.9,0.0,0.024,0.059,0.0,0.07,0.4,0.1,0.079,8.0,0.0,0.0,0.039,141.0,0.06,0.5,44.7,0.4,13.8,221.0,0.099,0.2,155.484,FOOD-DATA-GROUP5,27.07359094265321,71.37583066699483,1.5505783903519568,0.2820512820512821,14,7.333333333333333,12.666666666666664,25.64102564102565,3.8,0.0050666666666666,0,0,0,0,Healthy,53.3
433,433,sweet potato leaves cooked,22,0.2,0.099,0.008,0.006,4.7,3.5,1.4,1.2,0.0,0.2,57.1,0.0,0.057,0.016,0.0,0.2,0.6,0.1,0.1,1.0,0.0,0.6,0.012,21.1,0.008,0.4,30.7,0.1,25.6,199.7,0.083,0.2,30.0,FOOD-DATA-GROUP5,22.22222222222222,74.60317460317461,3.1746031746031758,0.2456140350877192,22,6.08695652173913,5.217391304347826,61.40350877192983,2.4,0.008695652173913,0,0,0,0,Healthy,51.4
434,434,eggplant cooked,33,0.2,0.049,0.056,0.09,8.1,3.2,0.8,2.5,0.0,0.2,88.8,0.0,0.066,0.086,0.0,0.028,0.6,0.008,0.081,1.3,0.0,0.4,0.021,5.9,0.042,0.2,10.9,0.1,14.9,121.8,0.0,0.1,19.0,FOOD-DATA-GROUP5,8.791208791208792,89.01098901098901,2.197802197802198,0.0879120879120879,33,2.3529411764705883,7.352941176470589,35.16483516483517,5.0,0.0058823529411764,0,0,0,0,Healthy,53.0
435,435,asparagus cooked,3,0.074,0.004,0.0,0.063,0.6,0.2,0.4,0.3,0.0,0.0,13.9,0.0,0.0,0.065,0.036,0.0,0.025,0.2,0.036,0.022,1.2,0.0,0.2,0.099,3.5,0.031,0.1,2.1,0.063,8.1,33.6,0.049,1.458,FOOD-DATA-GROUP5,37.243947858473,55.865921787709496,6.890130353817504,0.25,3,10.0,7.5,12.5,0.6,0.0,0,0,0,0,Healthy,50.7
436,436,rutabaga cooked,72,0.4,0.007,0.037,0.2,16.4,9.5,2.2,4.3,0.0,0.049,219.7,0.0,0.2,0.069,0.0,0.091,1.7,0.4,0.2,45.1,0.0,0.6,0.03,43.2,0.052,0.4,24.0,0.2,98.4,518.4,0.022,0.3,112.0,FOOD-DATA-GROUP5,11.578947368421057,86.31578947368422,2.1052631578947376,0.1264367816091954,72,3.0136986301369864,5.89041095890411,54.59770114942529,8.6,0.0006712328767123,0,0,0,0,Healthy,54.3
437,437,parsnips raw,128,0.5,0.1,0.2,0.023,30.6,8.2,2.0,8.3,0.0,0.068,135.2,0.0,0.0,0.2,0.1,0.0,0.036,1.2,1.0,0.2,28.9,0.0,2.5,0.055,61.2,0.2,1.0,49.3,1.0,120.7,637.5,0.094,41.83,FOOD-DATA-GROUP5,6.042296072507552,92.44712990936556,1.510574018126888,0.0632911392405063,128,1.550387596899225,6.434108527131784,25.949367088607588,10.0,0.0005271317829457,0,0,0,0,Healthy,60.6
438,438,sour pickles,17,0.3,0.079,0.018,0.1,3.5,1.6,0.5,1.9,0.0,1.9,145.8,0.0,0.0,0.013,0.0,0.006,0.0,0.069,0.096,1.6,0.0,0.1,0.038,0.0,0.1,0.6,6.2,0.036,21.7,35.7,0.0,0.079,8.4,FOOD-DATA-GROUP5,11.627906976744184,81.3953488372093,6.976744186046512,0.1111111111111111,17,2.7777777777777777,10.555555555555555,35.55555555555556,3.8,0.1055555555555555,0,0,0,0,Healthy,52.5
439,439,turnip greens cooked,29,0.3,0.091,0.065,0.1,6.3,0.8,1.6,5.0,0.0,0.4,134.2,0.0,0.077,0.2,0.0,0.1,0.6,0.4,0.3,39.5,0.0,2.7,0.5,197.3,0.4,1.2,31.7,0.5,41.8,292.3,0.013,0.2,251.2,FOOD-DATA-GROUP5,19.51219512195122,76.82926829268291,3.658536585365853,0.2191780821917808,29,5.333333333333334,16.666666666666664,10.958904109589042,10.0,0.0133333333333333,0,0,0,0,Healthy,58.3
440,440,jerusalem artichokes,110,0.047,0.0,0.065,0.036,26.2,14.4,3.0,2.4,0.0,0.011,117.0,0.0,0.3,0.052,0.0,0.049,2.0,0.6,0.1,6.0,0.0,0.3,0.014,21.0,0.2,5.1,25.5,0.014,117.0,643.5,0.083,0.2,63.742,FOOD-DATA-GROUP5,10.257462303826031,89.58183745341402,0.1607002427599412,0.1102941176470588,110,2.702702702702702,2.162162162162162,52.94117647058824,4.8,9.909909909909908e-05,0,0,0,0,Healthy,50.1
441,441,collard raw,12,0.2,0.026,0.049,0.075,2.0,0.2,1.1,1.4,0.0,0.014,32.3,0.0,0.0,0.007,0.033,0.0,0.068,0.3,0.06,0.003,12.7,0.0,0.8,0.2,83.5,0.004,0.2,9.7,0.2,9.0,76.7,0.041,5.001,FOOD-DATA-GROUP5,33.33333333333333,60.6060606060606,6.0606060606060606,0.3666666666666667,12,8.461538461538462,10.769230769230768,6.666666666666667,2.8,0.001076923076923,0,0,0,0,Healthy,52.8
442,442,chrysanthemum cooked,20,0.036,0.0,0.0,0.0,4.3,2.0,1.6,2.3,0.0,0.042,92.5,0.0,0.0,0.086,0.092,0.0,0.2,0.7,0.061,0.1,23.9,0.0,2.5,0.1,69.0,0.1,3.7,18.0,0.4,43.0,569.0,0.001,8.597,FOOD-DATA-GROUP5,26.954177897574127,72.43935309973045,0.6064690026954178,0.3018867924528302,20,7.6190476190476195,10.95238095238095,37.735849056603776,4.6,0.002,0,0,0,0,Healthy,53.8
443,443,oriental radish dried,314,0.8,0.3,0.1,0.4,73.5,43.3,9.2,27.7,0.0,0.3,22.8,0.0,0.3,0.3,0.0,0.8,3.9,2.2,0.7,0.0,0.0,0.008,0.031,729.6,1.9,7.8,197.2,0.6,236.6,4053.0,0.091,2.5,848.6,FOOD-DATA-GROUP5,11.017964071856287,88.02395209580838,0.9580838323353292,0.123489932885906,314,2.9206349206349205,8.793650793650794,58.12080536912752,10.0,0.0009523809523809,0,1,0,0,Healthy,54.4
444,444,tomatillos,42,1.3,0.2,0.2,0.6,7.7,5.2,1.3,2.5,0.0,0.019,121.0,0.0,0.088,0.093,0.0,0.099,2.4,0.2,0.074,15.4,0.0,0.5,0.033,9.2,0.1,0.8,26.4,0.2,51.5,353.8,0.055,0.3,38.2,FOOD-DATA-GROUP5,12.62135922330097,74.75728155339806,12.62135922330097,0.1494252873563218,42,3.0232558139534884,5.813953488372093,59.77011494252874,5.0,0.0004418604651162,0,0,0,0,Healthy,52.5
445,445,taro shoots raw,9,0.069,0.016,0.071,0.042,2.0,0.0,0.8,0.0,0.0,0.056,82.4,0.0,0.024,0.04,0.0,0.014,0.7,0.074,0.035,18.1,0.0,0.0,0.0,10.3,0.099,0.5,6.9,0.1,24.1,285.5,0.002,0.4,31.723,FOOD-DATA-GROUP5,27.884280237016384,69.71070059254096,2.405019170442664,0.2666666666666666,9,8.0,0.0,0.0,0.0,0.0056,0,0,0,0,Healthy,50.6
446,446,acorn squash raw,172,0.4,0.091,0.086,0.2,44.9,0.0,3.4,6.5,0.0,0.017,378.3,0.0,0.6,0.06,0.0,0.071,3.0,1.7,0.7,47.4,0.0,0.0,0.0,142.2,0.3,3.0,137.9,0.7,155.2,1495.6,0.077,0.6,247.8,FOOD-DATA-GROUP5,6.981519507186859,92.19712525667352,0.8213552361396306,0.074074074074074,172,1.9653179190751449,3.757225433526012,0.0,10.0,9.826589595375724e-05,0,0,0,0,Healthy,62.2
447,447,leeks dried,10,0.026,0.08,0.055,0.031,2.4,0.0,0.5,0.3,0.0,0.077,0.018,0.0,0.056,0.089,0.0,0.008,0.1,0.076,0.023,3.8,0.0,0.0,0.0,11.5,0.047,0.2,5.2,0.014,11.1,76.8,0.092,0.096,18.709,FOOD-DATA-GROUP5,17.088174982911827,82.02323991797677,0.888585099111415,0.1470588235294117,10,4.545454545454546,2.727272727272727,0.0,0.6,0.007,0,0,0,0,Healthy,50.8
448,448,cabbage raw,70,0.3,0.054,0.066,0.021,16.2,9.0,3.6,7.0,0.0,0.006,258.1,0.0,0.0,0.2,0.1,0.0,0.1,0.7,0.6,0.3,102.5,0.0,0.4,0.2,112.0,0.083,1.3,33.6,0.4,72.8,476.0,0.057,27.635,FOOD-DATA-GROUP5,17.91044776119403,80.59701492537312,1.4925373134328357,0.2093023255813953,70,5.070422535211268,9.859154929577464,52.32558139534884,10.0,8.450704225352113e-05,0,0,0,0,Healthy,59.6
449,449,sweet red peppers cooked,19,0.1,0.012,0.094,0.087,4.5,3.2,0.7,0.9,0.0,0.2,67.1,0.0,0.041,0.055,0.0,0.049,0.3,0.066,0.2,124.8,0.0,1.2,0.016,6.6,0.069,0.3,7.3,0.023,13.1,121.2,0.059,0.055,137.9,FOOD-DATA-GROUP5,13.20754716981132,84.90566037735849,1.886792452830189,0.1272727272727272,19,3.5,4.5,58.18181818181819,1.8,0.01,0,0,0,0,Healthy,50.6
450,450,sweet red peppers raw,46,0.4,0.088,0.016,0.1,9.0,6.3,1.5,3.1,0.0,0.092,137.4,0.0,0.094,0.089,0.0,0.1,1.5,0.5,0.4,190.3,0.0,2.4,0.095,10.4,0.037,0.6,17.9,0.2,38.7,314.4,0.081,0.4,215.3,FOOD-DATA-GROUP5,13.761467889908255,82.56880733944953,3.669724770642202,0.15,46,3.191489361702128,6.595744680851063,63.0,6.2,0.0019574468085106,0,0,0,0,Healthy,53.2
451,451,cucumber peeled,16,0.2,0.1,0.068,0.087,2.9,1.8,0.8,0.9,0.0,0.098,128.7,0.0,0.0,0.049,0.066,0.0,0.095,0.048,0.3,0.082,4.3,0.0,0.006,0.052,18.6,0.018,0.3,16.0,0.058,27.9,180.9,0.027,4.903,FOOD-DATA-GROUP5,20.51282051282051,74.35897435897435,5.128205128205128,0.2051282051282051,16,4.705882352941177,5.294117647058823,46.15384615384615,1.8,0.0057647058823529,0,0,0,0,Healthy,51.2
452,452,purslane raw,9,0.2,0.0,0.0,0.0,1.5,0.0,0.9,0.0,0.0,0.066,39.9,0.0,0.097,0.059,0.0,0.015,0.2,0.094,0.003,9.0,0.0,0.0,0.0,28.0,0.08,0.9,29.2,0.1,18.9,212.4,0.03,0.063,40.5,FOOD-DATA-GROUP5,34.61538461538461,57.692307692307686,7.6923076923076925,0.36,9,9.0,0.0,0.0,0.0,0.0066,0,0,0,0,Healthy,50.7
453,453,peas onions cooked,81,0.4,0.055,0.049,0.2,15.5,6.8,4.6,4.0,0.0,0.5,158.7,0.0,0.3,0.078,0.0,0.1,1.9,0.2,0.2,12.4,0.0,0.019,0.053,25.2,0.1,1.7,23.4,0.3,61.2,210.6,0.042,0.5,63.8,FOOD-DATA-GROUP5,22.4390243902439,75.60975609756098,1.951219512195122,0.2787878787878787,81,5.609756097560975,4.878048780487805,41.21212121212121,8.0,0.0060975609756097,0,0,0,0,Healthy,56.7
454,454,tomato cooked,22,0.1,0.086,0.069,0.041,4.9,3.1,1.2,0.9,0.0,0.029,116.0,0.0,0.0,0.054,0.052,0.0,0.074,0.7,0.2,0.096,28.0,0.0,0.7,0.054,13.5,0.052,0.8,11.1,0.1,34.4,268.1,0.0,7.36,FOOD-DATA-GROUP5,19.35483870967742,79.03225806451614,1.6129032258064515,0.2033898305084745,22,5.217391304347826,3.91304347826087,52.54237288135592,1.8,0.0012608695652173,0,0,0,0,Healthy,50.9
455,455,taro shoots cooked,20,0.1,0.068,0.003,0.037,4.5,0.0,1.0,0.0,0.0,0.3,133.4,0.0,0.024,0.014,0.0,0.035,1.1,0.1,0.2,26.5,0.0,0.0,0.0,19.6,0.1,0.6,11.2,0.2,36.4,481.6,0.083,0.8,52.3,FOOD-DATA-GROUP5,17.857142857142858,80.35714285714286,1.785714285714286,0.1818181818181818,20,4.761904761904762,0.0,0.0,0.0,0.0142857142857142,0,0,0,0,Healthy,50.7
456,456,scots kale raw,28,0.4,0.072,0.015,0.2,5.6,0.0,1.9,1.1,0.0,0.059,58.3,0.0,0.05,0.08,0.0,0.09,0.9,0.057,0.2,87.1,0.0,0.0,0.0,137.4,0.2,2.0,59.0,0.4,41.5,301.5,0.011,0.2,235.5,FOOD-DATA-GROUP5,24.0506329113924,70.88607594936708,5.063291139240507,0.2878787878787879,28,6.551724137931034,3.793103448275863,0.0,2.2,0.0020344827586206,0,0,0,0,Healthy,53.0
457,457,artichoke raw,60,0.2,0.056,0.019,0.01,13.5,1.3,4.2,6.9,0.0,0.1,108.7,0.0,0.0,0.097,0.058,0.0,0.03,1.3,0.4,0.1,15.0,0.0,0.2,0.045,56.3,0.3,1.6,76.8,0.3,115.2,473.6,0.056,25.274,FOOD-DATA-GROUP5,23.46368715083799,75.41899441340783,1.11731843575419,0.2896551724137931,60,6.885245901639345,11.311475409836069,8.96551724137931,10.0,0.001639344262295,0,0,0,0,Healthy,62.9
458,458,navy bean sprouts raw,70,0.7,0.05,0.042,0.4,13.6,0.0,6.4,0.0,0.0,0.063,82.3,0.0,0.4,0.1,0.0,0.2,1.3,0.9,0.2,19.6,0.0,0.0,0.0,15.6,0.4,2.0,105.0,0.4,104.0,319.3,0.001,0.9,57.9,FOOD-DATA-GROUP5,30.917874396135268,65.70048309178745,3.3816425120772946,0.4383561643835617,70,9.014084507042254,0.0,0.0,0.0,0.0008873239436619,0,0,0,0,Healthy,54.8
459,459,sweet pickles,146,0.7,0.1,0.021,0.2,33.8,29.2,0.9,1.6,0.0,0.7,121.9,0.0,0.079,0.077,0.0,0.006,0.2,0.037,0.005,1.1,0.0,0.6,0.018,97.6,0.021,0.4,11.2,0.1,28.8,160.0,0.0,0.2,136.1,FOOD-DATA-GROUP5,2.5423728813559325,95.48022598870055,1.9774011299435024,0.0258620689655172,146,0.6122448979591837,1.08843537414966,83.9080459770115,3.2,0.0047619047619047,0,1,0,0,Avoid,41.3
460,460,oriental radish cooked,25,0.4,0.1,0.026,0.2,5.0,2.7,1.0,2.4,0.0,0.4,139.7,0.0,0.0,0.059,0.0,0.089,0.2,0.2,0.021,22.2,0.0,0.0,0.016,25.0,0.1,0.2,13.2,0.041,35.3,419.0,0.019,0.2,56.2,FOOD-DATA-GROUP5,15.625,78.125,6.25,0.1666666666666666,25,3.8461538461538463,9.23076923076923,45.0,4.8,0.0153846153846153,0,0,0,0,Healthy,53.2
461,461,sweet potato leaves raw,15,0.2,0.088,0.045,0.049,3.1,0.0,0.9,1.9,0.0,0.073,30.4,0.0,0.031,0.0,0.0,0.1,0.4,0.07,0.042,3.9,0.0,0.0,0.1,27.3,0.0,0.3,24.5,0.0,28.4,177.8,0.068,0.0,37.6,FOOD-DATA-GROUP5,21.428571428571427,73.80952380952381,4.761904761904762,0.2195121951219512,15,5.625,11.875,0.0,3.8,0.0045625,0,0,0,0,Healthy,53.5
462,462,irishmoss,2,0.049,0.06,0.096,0.091,0.6,0.098,0.037,0.082,0.0,0.084,4.1,0.0,0.004,0.02,0.0,0.027,0.009,0.036,0.061,0.2,0.0,0.04,0.012,3.6,0.055,0.4,7.2,0.029,7.9,3.2,0.098,0.052,4.975,FOOD-DATA-GROUP5,5.393586005830904,87.46355685131194,7.142857142857142,0.0231249999999999,2,1.2333333333333334,2.7333333333333334,6.125,0.164,0.028,0,0,0,0,Healthy,50.1
463,463,drumstick leaves cooked,25,0.4,0.0,0.0,0.0,4.7,0.4,2.2,0.8,0.0,0.1,34.3,0.0,0.041,0.091,0.0,0.2,0.8,0.007,0.4,13.0,0.0,0.084,0.085,63.4,0.004,1.0,63.4,0.4,28.1,144.5,0.042,0.2,85.5,FOOD-DATA-GROUP5,30.136986301369863,64.3835616438356,5.47945205479452,0.3859649122807018,25,8.461538461538462,3.076923076923077,7.017543859649122,1.6,0.0038461538461538,0,0,0,0,Healthy,52.7
464,464,winter squash raw,39,0.2,0.019,0.089,0.086,10.0,2.6,1.1,1.7,0.0,0.027,104.1,0.0,0.054,0.08,0.0,0.001,0.6,0.2,0.2,14.3,0.0,0.1,0.021,32.5,0.051,0.7,16.2,0.2,26.7,406.0,0.049,0.2,60.5,FOOD-DATA-GROUP5,9.734513274336283,88.49557522123894,1.769911504424779,0.1,39,2.7500000000000004,4.25,23.63636363636364,3.4,0.000675,0,0,0,0,Healthy,52.3
465,465,pumpkin raw,30,0.1,0.065,0.044,0.004,7.5,3.2,1.2,0.6,0.0,0.062,106.3,0.0,0.009,0.036,0.0,0.1,0.7,0.3,0.071,10.4,0.0,1.2,0.012,24.4,0.1,0.9,13.9,0.1,51.0,394.4,0.093,0.4,45.1,FOOD-DATA-GROUP5,13.636363636363638,85.22727272727273,1.1363636363636365,0.1411764705882353,30,3.870967741935484,1.935483870967742,37.64705882352941,1.2,0.002,0,0,0,0,Healthy,50.5
466,466,chicory greens,7,0.096,0.078,0.06,0.018,1.4,0.2,0.5,1.2,0.0,0.017,26.7,0.0,0.0,0.033,0.021,0.0,0.008,0.1,0.3,0.062,7.0,0.0,0.7,0.079,29.0,0.081,0.3,8.7,0.1,13.6,121.8,0.015,3.279,FOOD-DATA-GROUP5,25.0501002004008,70.14028056112224,4.809619238476954,0.2083333333333333,7,6.25,15.0,8.333333333333334,2.4,0.002125,0,0,0,0,Healthy,52.0
467,467,spinach cooked,41,0.5,0.042,0.01,0.2,6.8,0.8,5.3,4.3,0.0,0.1,164.2,0.0,0.0,0.2,0.3,0.0,0.4,0.9,0.3,0.4,17.6,0.0,3.7,0.9,244.8,0.3,6.4,156.6,1.7,100.8,838.8,0.029,18.5,FOOD-DATA-GROUP5,42.06349206349206,53.96825396825397,3.968253968253968,0.6794871794871795,41,12.61904761904762,10.238095238095235,10.256410256410255,8.6,0.0023809523809523,0,0,0,0,Healthy,60.1
468,468,radish pickled,42,0.5,0.1,0.068,0.2,7.8,3.0,1.7,3.3,0.0,1.2,137.3,0.0,0.054,0.001,0.0,0.021,0.5,0.3,0.2,0.0,0.0,0.0,0.008,42.0,0.3,0.3,12.0,0.072,46.5,499.5,0.054,0.3,55.6,FOOD-DATA-GROUP5,17.0,78.0,5.0,0.1931818181818181,42,3.953488372093023,7.674418604651162,34.090909090909086,6.6,0.027906976744186,0,0,0,0,Healthy,54.9
469,469,sweet onion,106,0.3,0.0,0.0,0.0,25.0,16.6,2.6,3.0,0.0,0.063,302.0,0.0,0.0,0.1,0.047,0.0,0.062,0.4,0.3,0.4,15.9,0.0,0.038,0.033,66.2,0.2,0.9,29.8,0.3,89.4,393.9,0.067,31.6,FOOD-DATA-GROUP5,9.31899641577061,89.60573476702508,1.075268817204301,0.1,106,2.4299065420560746,2.803738317757009,63.846153846153854,6.0,0.0005887850467289,0,1,0,0,Limit,49.8
470,470,salsify cooked,92,0.2,0.0,0.0,0.0,20.7,3.9,3.7,4.2,0.0,0.028,109.4,0.0,0.042,0.031,0.0,0.2,0.5,0.4,0.3,6.2,0.0,0.3,0.099,63.5,0.05,0.7,24.3,0.3,75.6,382.1,0.002,0.4,99.2,FOOD-DATA-GROUP5,15.040650406504067,84.14634146341464,0.8130081300813009,0.1705069124423963,92,3.978494623655914,4.516129032258065,17.972350230414747,8.4,0.0003010752688172,0,0,0,0,Healthy,57.5
471,471,radish seeds sprouted,16,1.0,0.3,0.2,0.4,1.4,0.0,1.4,0.0,0.0,0.067,34.2,0.0,0.006,0.077,0.0,0.054,1.1,0.3,0.1,11.0,0.0,0.0,0.0,19.4,0.07,0.3,16.7,0.082,42.9,32.7,0.073,0.2,34.5,FOOD-DATA-GROUP5,36.84210526315789,36.84210526315789,26.31578947368421,0.5833333333333334,16,8.235294117647058,0.0,0.0,0.0,0.0039411764705882,0,0,0,0,Healthy,50.8
472,472,turnips raw,51,0.2,0.074,0.098,0.04,11.8,7.0,1.6,3.3,0.0,0.1,168.1,0.0,0.0,0.054,0.083,0.0,0.047,0.7,0.4,0.2,38.4,0.0,0.088,0.057,54.9,0.2,0.5,20.1,0.2,49.4,349.5,0.055,17.384,FOOD-DATA-GROUP5,11.764705882352942,86.76470588235294,1.4705882352941178,0.125,51,3.076923076923077,6.346153846153846,54.6875,6.6,0.0019230769230769,0,0,0,0,Healthy,53.3
473,473,burdock root raw,85,0.2,0.069,0.056,0.094,20.5,3.4,1.8,3.9,0.0,0.008,94.5,0.0,0.021,0.088,0.0,0.057,0.4,0.4,0.3,3.5,0.0,0.4,0.061,48.4,0.073,0.9,44.8,0.3,60.2,363.4,0.097,0.4,79.2,FOOD-DATA-GROUP5,8.0,91.11111111111111,0.8888888888888888,0.0837209302325581,85,2.0930232558139537,4.534883720930232,15.813953488372093,7.8,9.30232558139535e-05,0,0,0,0,Healthy,55.8
474,474,red cabbage cooked,49,0.2,0.058,0.001,0.095,11.8,5.6,2.6,4.4,0.0,0.047,154.4,0.0,0.0,0.1,0.098,0.0,0.1,0.6,0.3,0.4,18.4,0.0,0.2,0.049,71.4,0.032,1.1,28.9,0.4,56.1,445.4,0.068,19.534,FOOD-DATA-GROUP5,17.808219178082194,80.82191780821918,1.3698630136986305,0.203125,49,5.2,8.8,43.74999999999999,8.8,0.00094,0,0,0,0,Healthy,56.3
475,475,jute raw,10,0.046,0.0,0.026,0.08,1.6,0.0,1.3,0.0,0.0,0.042,24.6,0.0,0.0,0.043,0.02,0.0,0.2,0.4,0.011,0.2,10.4,0.0,0.0,0.0,58.2,0.049,1.3,17.9,0.009,23.2,156.5,0.009,3.197,FOOD-DATA-GROUP5,44.12763068567549,54.31093007467753,1.561439239646979,0.5,10,11.818181818181818,0.0,0.0,0.0,0.0038181818181818,0,0,0,0,Healthy,51.0
476,476,hot chile pepper dried,2,0.054,0.001,0.011,0.077,0.3,0.2,0.054,0.1,0.0,0.041,0.087,0.0,0.071,0.048,0.0,0.028,0.085,0.091,0.023,0.2,0.0,0.079,0.046,0.2,0.016,0.062,0.4,0.076,0.8,9.4,0.043,0.059,1.07,FOOD-DATA-GROUP5,13.23529411764706,73.52941176470588,13.23529411764706,0.0415384615384615,2,1.7999999999999998,3.333333333333333,15.384615384615383,0.2,0.0136666666666666,0,0,0,0,Healthy,50.1
477,477,salsify raw,109,0.3,0.0,0.0,0.0,24.7,0.0,4.4,4.4,0.0,0.093,102.4,0.0,0.0,0.1,0.066,0.0,0.3,0.7,0.5,0.4,10.6,0.0,0.0,0.0,79.8,0.1,0.9,30.6,0.4,99.8,505.4,0.06,34.3,FOOD-DATA-GROUP5,14.965986394557824,84.01360544217687,1.020408163265306,0.1712062256809338,109,4.0,4.0,0.0,8.8,0.0008454545454545,0,0,0,0,Healthy,59.9
478,478,crookneck squash raw,24,0.3,0.1,0.057,0.1,4.9,4.5,1.3,1.3,0.0,0.047,119.7,0.0,0.085,0.076,0.0,0.079,0.6,0.2,0.1,24.5,0.0,0.2,0.097,26.7,0.1,0.6,25.4,0.2,40.6,281.9,0.094,0.4,59.6,FOOD-DATA-GROUP5,20.0,75.3846153846154,4.615384615384615,0.2203389830508474,24,5.2,5.2,76.27118644067797,2.6,0.00188,0,0,0,0,Healthy,51.0
479,479,indian squash cooked,38,0.4,0.0,0.0,0.0,7.6,4.7,0.7,3.5,0.0,0.0,226.1,0.0,0.064,0.098,0.0,0.016,0.2,0.1,0.025,0.0,0.0,0.0,0.0,0.0,0.0,0.0,0.0,0.0,0.0,0.0,0.0,0.0,12.2,FOOD-DATA-GROUP5,8.045977011494253,87.35632183908046,4.597701149425288,0.0813953488372093,38,1.7948717948717947,8.974358974358974,54.65116279069768,7.0,0.0,0,0,0,0,Healthy,53.9
480,480,poi,269,0.3,0.063,0.058,0.1,65.4,0.9,0.9,1.0,0.0,0.091,171.9,0.0,0.0,0.3,0.08,0.0,0.031,2.6,0.7,0.7,9.6,0.0,5.5,0.022,38.4,0.4,2.1,57.6,0.9,93.6,439.2,0.098,68.761,FOOD-DATA-GROUP5,1.351351351351351,98.1981981981982,0.4504504504504503,0.0135542168674698,269,0.3333333333333333,0.3703703703703704,1.3554216867469877,2.0,0.000337037037037,0,0,0,0,Healthy,51.8
481,481,sesbania flower cooked,22,0.007,0.0,0.0,0.0,5.3,0.0,1.2,0.0,0.0,0.3,97.0,0.0,0.028,0.005,0.0,0.012,0.3,0.0,0.0,38.5,0.0,0.0,0.0,22.9,0.0,0.6,12.5,0.0,21.8,111.3,0.025,0.0,68.544,FOOD-DATA-GROUP5,18.44167819271554,81.4507453511603,0.1075764561241739,0.1904761904761904,22,5.217391304347826,0.0,0.0,0.0,0.0130434782608695,0,0,0,0,Healthy,50.9
482,482,acorn squash cooked,115,0.3,0.023,0.072,0.1,29.9,0.0,2.3,9.0,0.0,0.5,169.9,0.0,0.3,0.031,0.0,0.008,1.8,1.0,0.4,22.1,0.0,0.0,0.0,90.2,0.2,1.9,88.2,0.5,92.3,895.9,0.07,0.3,155.7,FOOD-DATA-GROUP5,7.0769230769230775,92.0,0.9230769230769232,0.0744336569579288,115,1.982758620689655,7.758620689655173,0.0,10.0,0.0043103448275862,0,0,0,0,Healthy,65.2
483,483,cauliflower cooked,29,0.6,0.055,0.019,0.3,5.1,2.6,2.3,2.9,0.0,0.094,115.3,0.0,0.0,0.008,0.062,0.0,0.056,0.5,0.6,0.2,54.9,0.0,0.004,0.068,19.8,0.041,0.4,11.2,0.2,39.7,176.1,0.059,11.26,FOOD-DATA-GROUP5,28.750000000000004,63.75000000000001,7.500000000000001,0.3770491803278688,29,7.666666666666666,9.666666666666666,42.62295081967213,5.8,0.0031333333333333,0,0,0,0,Healthy,55.0
484,484,crookneck squash cooked,34,0.7,0.1,0.089,0.2,6.8,4.5,1.9,2.0,0.0,0.4,169.7,0.0,0.072,0.014,0.0,0.049,0.9,0.6,0.1,20.9,0.0,0.2,0.002,39.6,0.1,0.7,28.8,0.3,52.2,318.6,0.059,0.4,72.6,FOOD-DATA-GROUP5,20.21276595744681,72.3404255319149,7.446808510638299,0.2435897435897435,34,5.428571428571429,5.714285714285714,57.6923076923077,4.0,0.0114285714285714,0,0,0,0,Healthy,52.5
485,485,laver seaweed,1,0.012,0.066,0.045,0.052,0.1,0.071,0.2,0.09,0.0,0.075,2.2,0.0,0.005,0.089,0.0,0.096,0.057,0.068,0.013,1.0,0.0,0.062,0.052,1.8,0.073,0.087,0.049,0.021,1.5,9.3,0.08,0.09,3.176,FOOD-DATA-GROUP5,64.1025641025641,32.05128205128205,3.846153846153846,0.1818181818181818,1,10.0,4.5,6.454545454545453,0.18,0.0375,0,0,0,0,Healthy,50.2
486,486,mountain yam cooked,119,0.1,0.014,0.007,0.099,29.0,0.0,2.5,0.0,0.0,0.4,111.9,0.0,0.1,0.089,0.0,0.081,0.2,0.7,0.3,0.0,0.0,0.0,0.0,11.6,0.2,0.6,14.5,0.4,58.0,717.8,0.026,0.5,43.8,FOOD-DATA-GROUP5,7.911392405063291,91.77215189873418,0.3164556962025316,0.0833333333333333,119,2.083333333333333,0.0,0.0,0.0,0.0033333333333333,0,0,0,0,Healthy,51.9
487,487,pumpkin flowers raw,5,0.084,0.049,0.099,0.05,1.1,0.0,0.3,0.0,0.0,0.066,31.4,0.0,0.0,0.026,0.0,0.079,0.2,0.0,0.0,9.2,0.0,0.0,0.0,12.9,0.0,0.2,7.9,0.0,16.2,57.1,0.075,0.0,23.71,FOOD-DATA-GROUP5,20.21563342318059,74.12398921832883,5.660377358490566,0.1428571428571428,5,5.0,0.0,0.0,0.0,0.011,0,0,0,0,Healthy,50.2
488,488,mustard greens raw,15,0.2,0.072,0.071,0.035,2.6,0.7,1.6,1.8,0.0,0.004,50.8,0.0,0.088,0.026,0.0,0.097,0.4,0.1,0.1,39.2,0.0,1.1,0.1,64.4,0.018,0.9,17.9,0.0,32.5,215.0,0.076,0.1,110.7,FOOD-DATA-GROUP5,36.36363636363637,59.09090909090908,4.545454545454546,0.4444444444444445,15,10.0,11.25,19.444444444444443,3.6,0.00025,0,0,0,0,Healthy,53.6
489,489,arrowhead,12,0.084,0.0,0.0,0.0,2.4,0.0,0.6,0.0,0.0,0.082,8.7,0.0,0.029,0.06,0.0,0.084,0.2,0.09,0.012,0.1,0.0,0.0,0.0,1.2,0.066,0.3,6.1,0.072,20.9,110.6,0.09,0.094,4.68,FOOD-DATA-GROUP5,19.455252918287936,77.82101167315174,2.723735408560312,0.1764705882352941,12,4.615384615384615,0.0,0.0,0.0,0.0063076923076923,0,0,0,0,Healthy,50.4
490,490,japanese cabbage,45,0.2,0.092,0.081,0.092,8.5,2.0,2.4,4.7,0.0,0.4,137.1,0.0,0.0,0.094,0.0,0.029,0.3,0.3,0.2,1.1,0.0,0.2,0.2,72.0,0.037,0.7,18.0,0.4,64.5,1279.5,0.008,0.3,89.6,FOOD-DATA-GROUP5,21.62162162162162,76.57657657657658,1.8018018018018016,0.2526315789473684,45,5.217391304347826,10.217391304347826,21.052631578947366,9.4,0.008695652173913,0,0,0,0,Healthy,58.0
491,491,mung bean sprouts cooked,24,0.1,0.05,0.007,0.062,4.5,3.5,2.5,1.0,0.0,0.3,115.8,0.0,0.02,0.092,0.0,0.1,1.0,0.3,0.032,14.1,0.0,0.061,0.039,14.9,0.2,0.8,17.4,0.2,34.7,125.2,0.0,0.6,37.9,FOOD-DATA-GROUP5,35.21126760563381,63.38028169014085,1.4084507042253522,0.4545454545454545,24,10.0,4.0,63.63636363636363,2.0,0.012,0,0,0,0,Healthy,51.9
492,492,scallop squash cooked,29,0.3,0.034,0.081,0.1,5.9,2.7,1.9,3.4,0.0,0.4,171.0,0.0,0.085,0.037,0.0,0.036,0.8,0.1,0.2,19.4,0.0,0.2,0.035,27.0,0.1,0.6,34.2,0.2,50.4,252.0,0.055,0.4,58.5,FOOD-DATA-GROUP5,23.456790123456788,72.83950617283949,3.703703703703703,0.2753623188405796,29,6.333333333333332,11.333333333333332,39.130434782608695,6.8,0.0133333333333333,0,0,0,0,Healthy,55.4
493,493,pumpkin leaves cooked,15,0.2,0.092,0.017,0.093,2.4,0.5,1.9,1.9,0.0,0.2,65.7,0.0,0.096,0.027,0.0,0.053,0.6,0.078,0.1,0.7,0.0,0.7,0.049,30.5,0.029,2.3,27.0,0.3,56.1,311.0,0.083,0.1,39.9,FOOD-DATA-GROUP5,42.22222222222222,53.333333333333336,4.444444444444445,0.5588235294117647,15,11.875,11.875,14.705882352941178,3.8,0.0125,0,0,0,0,Healthy,54.0
494,494,hungarian pepper,8,0.1,0.082,0.086,0.099,1.8,1.0,0.2,0.3,0.0,0.028,24.7,0.0,0.021,0.053,0.0,0.008,0.3,0.064,0.1,25.1,0.0,0.1,0.064,3.2,0.017,0.1,4.3,0.007,7.8,54.5,0.058,0.047,30.8,FOOD-DATA-GROUP5,9.523809523809524,85.71428571428571,4.761904761904762,0.0714285714285714,8,2.2222222222222223,3.333333333333333,35.714285714285715,0.6,0.0031111111111111,0,0,0,0,Healthy,50.1
495,495,sweet potato baked,103,0.2,0.013,0.072,0.1,23.6,7.4,2.3,3.8,0.0,0.07,86.4,0.0,0.1,0.043,0.0,0.1,1.7,1.0,0.3,22.3,0.0,0.8,0.04,43.3,0.2,0.8,30.8,0.6,61.6,541.5,0.03,0.4,96.3,FOOD-DATA-GROUP5,8.812260536398467,90.42145593869732,0.7662835249042145,0.0934959349593495,103,2.211538461538461,3.653846153846153,30.081300813008127,7.6,0.0006730769230769,0,0,0,0,Healthy,54.5
496,496,chinese cabbage pe tsai raw,12,0.2,0.033,0.087,0.004,2.5,1.1,0.9,0.9,0.0,0.049,71.7,0.0,0.068,0.05,0.0,0.028,0.3,0.055,0.2,20.5,0.0,0.003,0.088,58.5,0.074,0.2,9.9,0.1,22.0,180.9,0.03,0.2,83.7,FOOD-DATA-GROUP5,25.0,69.44444444444444,5.555555555555556,0.2571428571428572,12,6.923076923076923,6.923076923076923,31.428571428571438,1.8,0.0037692307692307,0,0,0,0,Healthy,51.6
497,497,taro raw,116,0.2,0.099,0.062,0.01,27.5,0.4,1.6,4.3,0.0,0.054,73.5,0.0,0.028,0.024,0.0,0.059,0.6,0.3,0.3,4.7,0.0,2.5,0.001,44.7,0.2,0.6,34.3,0.4,87.4,614.6,0.097,0.2,83.6,FOOD-DATA-GROUP5,5.460750853242321,93.85665529010238,0.6825938566552902,0.0561403508771929,116,1.3675213675213675,3.675213675213676,1.4035087719298245,8.6,0.0004615384615384,0,0,0,0,Healthy,57.4
498,498,yam bean jicama,49,0.1,0.061,0.088,0.093,11.5,2.3,0.9,6.4,0.0,0.047,117.1,0.0,0.075,0.061,0.0,0.017,0.3,0.2,0.02,26.3,0.0,0.6,0.019,15.6,0.061,0.8,15.6,0.012,23.4,195.0,0.045,0.2,61.6,FOOD-DATA-GROUP5,7.200000000000001,92.0,0.8,0.072,49,1.8000000000000005,12.8,18.4,10.0,0.00094,0,0,0,0,Healthy,59.3
499,499,olives,10,0.9,0.2,0.6,0.043,0.5,0.0,0.09,0.1,0.0,0.001,6.7,0.0,0.06,0.0,0.0,0.0,0.022,0.056,0.086,0.03,0.0,0.1,0.042,7.4,0.068,0.5,0.3,0.089,0.3,0.7,0.01,0.085,9.479,FOOD-DATA-GROUP5,6.040268456375839,33.557046979865774,60.40268456375839,0.06,10,0.8181818181818181,0.9090909090909092,0.0,0.2,9.090909090909092e-05,0,0,0,0,Healthy,50.1
500,500,mustard greens cooked,36,0.7,0.053,0.2,0.008,6.3,2.0,3.6,2.8,0.0,0.4,128.5,0.0,0.008,0.007,0.0,0.042,0.6,0.2,0.1,35.4,0.0,2.5,0.8,165.2,0.1,1.2,18.2,0.0,58.8,226.8,0.059,0.2,215.2,FOOD-DATA-GROUP5,33.9622641509434,59.43396226415094,6.60377358490566,0.4931506849315069,36,9.72972972972973,7.567567567567567,27.3972602739726,5.6,0.0108108108108108,0,0,0,0,Healthy,56.1
501,501,pumpkin flowers cooked,20,0.1,0.057,0.007,0.084,4.4,3.2,1.5,1.2,0.0,0.082,127.6,0.0,0.019,0.049,0.0,0.041,0.4,0.0,0.094,6.7,0.0,0.061,0.0,49.6,0.1,1.2,33.5,0.0,45.6,142.0,0.007,0.1,64.7,FOOD-DATA-GROUP5,25.0,73.33333333333334,1.6666666666666667,0.2777777777777777,20,7.142857142857142,5.714285714285714,59.25925925925925,2.4,0.0039047619047619,0,0,0,0,Healthy,51.6
502,502,tree fern cooked,57,0.096,0.0,0.0,0.0,15.3,0.0,0.4,5.3,0.0,0.3,125.8,0.0,0.0,0.031,0.0,0.4,5.0,0.083,0.3,42.6,0.0,0.0,0.0,11.4,0.3,0.2,7.1,0.8,5.7,7.1,0.085,0.4,75.253,FOOD-DATA-GROUP5,2.532286654849329,96.85996454798683,0.6077487971638389,0.0245398773006134,57,0.6896551724137931,9.137931034482758,0.0,10.0,0.0051724137931034,0,0,0,0,Healthy,58.2
503,503,yellow corn raw,606,7.9,1.1,2.1,3.6,123.3,1.1,15.6,12.1,0.0,0.06,17.2,0.0,0.6,0.057,0.0,0.3,6.0,0.7,1.0,0.0,0.0,0.8,0.016,11.6,0.5,4.5,210.8,0.8,348.6,476.4,0.032,3.7,175.0,FOOD-DATA-GROUP5,10.626702997275205,83.991825613079,5.381471389645776,0.1255028157683025,606,2.57001647446458,1.9934102141680397,0.8849557522123895,10.0,9.884678747940691e-05,0,0,0,0,Healthy,75.4
504,504,endive,9,0.1,0.022,0.044,0.072,1.7,0.1,0.6,1.6,0.0,0.08,46.9,0.0,0.092,0.065,0.0,0.017,0.2,0.5,0.095,3.3,0.0,0.2,0.1,26.0,0.002,0.4,7.5,0.2,14.0,157.0,0.085,0.4,33.7,FOOD-DATA-GROUP5,25.0,70.83333333333334,4.166666666666667,0.2222222222222222,9,6.0,16.0,3.7037037037037033,3.2,0.008,0,0,0,0,Healthy,52.8
505,505,wakame,36,0.5,0.1,0.002,0.2,7.3,0.5,2.4,0.4,0.0,0.7,64.0,0.0,0.087,0.2,0.0,0.2,1.3,0.6,0.07,2.4,0.0,0.8,0.039,120.0,0.2,1.7,85.6,1.1,64.0,40.0,0.035,0.3,134.7,FOOD-DATA-GROUP5,23.52941176470588,71.56862745098039,4.901960784313726,0.2891566265060241,36,6.486486486486487,1.0810810810810811,6.024096385542168,0.8,0.0189189189189189,0,0,0,0,Healthy,52.1
506,506,tahitian taro raw,55,1.2,0.2,0.022,0.5,8.6,0.0,3.5,0.0,0.0,0.003,110.0,0.0,0.079,0.029,0.0,0.3,1.2,0.2,0.1,120.0,0.0,0.0,0.0,161.3,0.061,1.6,58.8,0.2,56.3,757.5,0.044,0.1,296.2,FOOD-DATA-GROUP5,26.315789473684216,64.66165413533835,9.022556390977444,0.3645833333333333,55,6.25,0.0,0.0,0.0,5.3571428571428575e-05,0,0,0,0,Healthy,52.5
507,507,broccoli raw,31,0.3,0.053,0.028,0.015,6.0,1.5,2.6,2.4,0.0,0.049,81.3,0.0,0.0,0.088,0.085,0.0,0.1,0.6,0.5,0.2,81.2,0.0,0.7,0.092,42.8,0.016,0.7,19.1,0.2,60.1,287.6,0.036,11.548,FOOD-DATA-GROUP5,29.21348314606741,67.41573033707866,3.3707865168539324,0.3714285714285714,31,8.125,7.5,21.428571428571427,4.8,0.00153125,0,0,0,0,Healthy,54.9
508,508,sweet green peppers raw,30,0.3,0.053,0.043,0.037,6.9,3.6,1.3,2.5,0.0,0.023,139.9,0.0,0.013,0.011,0.0,0.068,0.7,0.1,0.3,119.8,0.0,0.6,0.083,14.9,0.035,0.5,14.9,0.2,29.8,260.8,0.0,0.2,146.2,FOOD-DATA-GROUP5,15.294117647058822,81.17647058823529,3.529411764705882,0.1645569620253164,30,4.193548387096775,8.064516129032258,45.56962025316456,5.0,0.0007419354838709,0,0,0,0,Healthy,53.2
509,509,chinese cabbage pak choi cooked,20,0.3,0.014,0.046,0.1,3.0,1.4,2.7,1.7,0.0,0.5,162.4,0.0,0.068,0.012,0.0,0.1,0.7,0.1,0.3,44.2,0.0,0.2,0.049,158.1,0.088,1.8,18.7,0.2,49.3,630.7,0.055,0.3,211.8,FOOD-DATA-GROUP5,45.0,50.0,5.0,0.675,20,12.85714285714286,8.095238095238095,35.0,3.4,0.0238095238095238,0,0,0,0,Healthy,54.0
510,510,agar,1,0.058,0.087,0.01,0.028,0.3,0.005,0.053,0.027,0.0,0.049,4.6,0.0,0.0,0.027,0.08,0.0,0.097,0.006,0.091,0.066,0.0,0.0,0.003,0.075,2.7,0.002,0.046,3.4,0.027,0.3,11.3,0.1,0.587,FOOD-DATA-GROUP5,12.895377128953772,72.99270072992701,14.111922141119225,0.0407692307692307,1,2.65,1.35,0.3846153846153846,0.054,0.0245,0,0,0,0,Healthy,50.0
511,511,watercress,4,0.006,0.071,0.027,0.0,0.4,0.099,0.8,0.2,0.0,0.038,32.3,0.0,0.0,0.028,0.085,0.0,0.034,0.003,0.1,0.085,14.6,0.0,0.3,0.069,40.8,0.063,0.056,7.1,0.048,20.4,112.2,0.095,1.59,FOOD-DATA-GROUP5,66.33499170812604,33.16749585406302,0.4975124378109452,0.5714285714285715,4,16.0,4.0,7.071428571428571,0.4,0.0076,0,0,0,0,Healthy,50.8
512,512,beet greens cooked,39,0.3,0.025,0.067,0.1,7.9,0.9,3.7,4.2,0.0,0.3,128.3,0.0,0.2,0.009,0.0,0.4,0.7,0.5,0.2,35.9,0.0,2.6,0.7,164.2,0.4,2.7,97.9,0.7,59.0,1309.0,0.097,0.7,218.9,FOOD-DATA-GROUP5,31.092436974789912,66.38655462184873,2.521008403361344,0.4157303370786517,39,9.25,10.500000000000002,10.112359550561797,8.4,0.0075,0,0,0,0,Healthy,58.7
513,513,winter squash cooked,76,0.7,0.1,0.083,0.3,18.1,6.8,1.8,5.7,0.0,0.068,182.9,0.0,0.017,0.009,0.0,0.1,1.0,0.5,0.3,3.7,0.0,0.2,0.036,45.1,0.2,0.9,26.7,0.4,39.0,494.1,0.086,0.5,76.0,FOOD-DATA-GROUP5,8.737864077669903,87.86407766990291,3.3980582524271843,0.094240837696335,76,2.3376623376623376,7.402597402597403,35.602094240837694,10.0,0.0008831168831168,0,0,0,0,Healthy,57.1
514,514,new zealand spinach raw,8,0.1,0.077,0.078,0.043,1.4,0.2,0.8,0.8,0.0,0.017,52.6,0.0,0.051,0.063,0.0,0.003,0.3,0.2,0.2,16.8,0.0,0.8,0.2,32.5,0.07,0.4,21.8,0.4,15.7,72.8,0.006,0.2,52.8,FOOD-DATA-GROUP5,34.78260869565217,60.8695652173913,4.3478260869565215,0.3333333333333333,8,8.88888888888889,8.88888888888889,8.333333333333334,1.6,0.0018888888888888,0,0,0,0,Healthy,51.7
515,515,okra,4,0.082,0.001,0.019,0.053,0.9,0.2,0.2,0.4,0.0,0.098,10.7,0.0,0.041,0.067,0.0,0.024,0.1,0.018,0.044,2.7,0.0,0.001,0.085,9.8,0.038,0.082,6.8,0.031,7.3,35.6,0.066,0.04,14.081,FOOD-DATA-GROUP5,16.920473773265652,76.14213197969542,6.937394247038917,0.1052631578947368,4,4.0,8.0,10.526315789473683,0.8,0.0196,0,0,0,0,Healthy,50.7
516,516,yautia tannier,132,0.5,0.1,0.0,0.0,31.9,0.0,2.0,2.0,0.0,0.031,98.6,0.0,0.1,0.015,0.0,0.071,0.9,0.3,0.3,7.0,0.0,0.0,0.0,12.2,0.3,1.3,32.4,0.3,68.9,807.3,0.001,0.7,56.9,FOOD-DATA-GROUP5,5.813953488372093,92.73255813953487,1.4534883720930232,0.060790273556231,132,1.5037593984962403,1.5037593984962403,0.0,4.0,0.0002330827067669,0,0,0,0,Healthy,54.4
517,517,mustard spinach cooked,29,0.4,0.0,0.0,0.0,5.0,0.0,3.1,3.6,0.0,0.5,170.1,0.0,0.081,0.1,0.0,0.1,0.8,0.2,0.2,117.0,0.0,0.0,0.0,284.4,0.05,1.4,12.6,0.5,32.4,513.0,0.018,0.2,414.9,FOOD-DATA-GROUP5,36.47058823529412,58.82352941176471,4.705882352941177,0.5166666666666667,29,10.333333333333334,12.000000000000002,0.0,7.2,0.0166666666666666,0,0,0,0,Healthy,57.7
518,518,rhubarb cooked,278,0.1,0.08,0.009,0.067,74.9,68.9,0.9,4.8,0.0,0.007,162.7,0.0,0.0,0.071,0.066,0.0,0.06,0.5,0.1,0.041,7.9,0.0,0.5,0.081,348.0,0.024,0.5,28.8,0.2,19.2,230.4,0.057,80.893,FOOD-DATA-GROUP5,1.185770750988142,98.68247694334651,0.1317523056653491,0.0118577075098814,278,0.3225806451612903,1.7204301075268815,90.77733860342556,9.6,2.5089605734767022e-05,0,1,0,0,Limit,37.8
519,519,beets raw,58,0.2,0.028,0.032,0.067,13.0,9.2,2.2,3.8,0.0,0.1,119.1,0.0,0.0,0.096,0.1,0.0,0.077,0.5,0.2,0.026,6.7,0.0,0.064,0.079,21.8,0.1,1.1,31.3,0.4,54.4,442.0,0.096,19.395,FOOD-DATA-GROUP5,14.285714285714288,84.41558441558442,1.298701298701299,0.1571428571428571,58,3.728813559322034,6.440677966101695,65.71428571428571,7.6,0.0016949152542372,0,0,0,0,Healthy,53.6
520,520,drumstick pods raw,37,0.2,0.025,0.1,0.037,8.5,0.0,2.1,3.2,0.0,0.077,88.2,0.0,0.022,0.083,0.0,0.095,0.6,0.8,0.1,141.0,0.0,0.0,0.0,30.0,0.062,0.4,45.0,0.3,50.0,461.0,0.073,0.5,185.4,FOOD-DATA-GROUP5,19.444444444444446,78.70370370370371,1.851851851851852,0.2210526315789474,37,5.526315789473685,8.421052631578947,0.0,6.4,0.0020263157894736,0,0,0,0,Healthy,56.4
521,521,baby zucchini,2,0.089,0.02,0.047,0.006,0.3,0.0,0.3,0.1,0.0,0.041,10.2,0.0,0.06,0.035,0.0,0.092,0.063,0.052,0.009,3.8,0.0,0.0,0.0,2.3,0.019,0.098,3.6,0.035,10.2,50.5,0.057,0.084,6.89,FOOD-DATA-GROUP5,43.54136429608128,43.54136429608128,12.917271407837449,0.2307692307692307,2,10.0,3.333333333333333,0.0,0.2,0.0136666666666666,0,0,0,0,Healthy,50.4
522,522,onion raw,16,0.048,0.077,0.091,0.007,3.7,1.7,0.4,0.7,0.0,0.065,35.6,0.0,0.0,0.047,0.054,0.0,0.043,0.074,0.063,0.098,3.0,0.0,0.029,0.08,9.2,0.011,0.014,4.0,0.072,11.6,58.4,0.092,4.955,FOOD-DATA-GROUP5,9.643201542912246,89.19961427193827,1.1571841851494695,0.0851063829787234,16,2.3529411764705883,4.117647058823529,36.17021276595744,1.4,0.0038235294117647,0,0,0,0,Healthy,50.6
523,523,romanesco cooked,39,0.4,0.028,0.077,0.2,7.7,0.0,3.7,4.0,0.0,0.3,109.2,0.0,0.039,0.085,0.0,0.1,0.8,0.8,0.3,88.6,0.0,0.0,0.0,39.0,0.081,0.9,23.2,0.3,69.5,339.2,0.067,0.8,144.3,FOOD-DATA-GROUP5,31.35593220338983,65.25423728813558,3.389830508474576,0.4252873563218391,39,9.25,10.0,0.0,8.0,0.0075,0,0,0,0,Healthy,58.8
524,524,butternut squash raw,90,0.2,0.044,0.046,0.019,23.4,4.4,2.0,4.0,0.0,0.067,172.8,0.0,0.0,0.2,0.016,0.0,0.048,2.4,0.8,0.3,42.0,0.0,2.9,0.075,96.0,0.1,1.4,68.0,0.4,66.0,704.0,0.024,30.078,FOOD-DATA-GROUP5,7.8125,91.40625,0.7812500000000002,0.0819672131147541,90,2.197802197802198,4.395604395604396,18.032786885245905,8.0,0.0007362637362637,0,0,0,0,Healthy,55.7
525,525,amaranth leaves,6,0.075,0.072,0.033,0.025,1.1,0.0,0.7,0.0,0.0,0.071,25.7,0.0,0.046,0.029,0.0,0.042,0.2,0.039,0.009,12.1,0.0,0.0,0.3,60.2,0.052,0.6,15.4,0.2,14.0,171.1,0.058,0.3,74.73,FOOD-DATA-GROUP5,37.33333333333333,58.66666666666666,4.0,0.3333333333333333,6,10.0,0.0,0.0,0.0,0.0101428571428571,0,0,0,0,Healthy,50.5
526,526,turnip greens raw,18,0.2,0.009,0.04,0.066,3.9,0.4,0.8,1.8,0.0,0.012,49.3,0.0,0.015,0.1,0.0,0.015,0.3,0.2,0.1,33.0,0.0,1.6,0.1,104.5,0.2,0.6,17.1,0.3,23.1,162.8,0.026,0.1,144.8,FOOD-DATA-GROUP5,16.3265306122449,79.59183673469387,4.081632653061225,0.1632653061224489,18,4.2105263157894735,9.473684210526317,8.16326530612245,3.6,0.0006315789473684,0,0,0,0,Healthy,53.1
527,527,spaghetti squash raw,31,0.6,0.1,0.026,0.2,7.0,2.8,0.6,1.5,0.0,0.081,92.5,0.0,0.06,0.022,0.0,0.061,1.0,0.4,0.1,2.1,0.0,0.1,0.076,23.2,0.077,0.3,12.1,0.1,12.1,109.1,0.091,0.2,35.3,FOOD-DATA-GROUP5,7.3170731707317085,85.3658536585366,7.3170731707317085,0.075,31,1.875,4.6875,35.0,3.0,0.00253125,0,0,0,0,Healthy,51.5
528,528,seaweed dry,52,0.3,0.006,0.076,0.2,9.2,0.0,3.1,7.3,6.6,0.9,2.8,0.0,0.014,0.01,0.043,0.3,0.8,0.0,0.003,5.8,0.011,1.1,0.0,59.8,0.021,13.3,138.4,1.2,52.0,588.8,0.0,0.5,98.8,FOOD-DATA-GROUP5,24.603174603174605,73.01587301587301,2.380952380952381,0.303921568627451,52,5.849056603773585,13.773584905660377,0.0,10.0,0.0169811320754716,0,0,0,0,Healthy,63.3
529,529,yam cooked,158,0.2,0.061,0.018,0.059,37.4,0.7,2.0,5.3,0.0,0.017,95.4,0.0,0.0,0.1,0.035,0.0,0.088,0.8,0.4,0.3,16.5,0.0,0.5,0.083,19.0,0.2,0.7,24.5,0.5,66.6,911.2,0.006,45.477,FOOD-DATA-GROUP5,5.05050505050505,94.44444444444444,0.5050505050505051,0.0520833333333333,158,1.257861635220126,3.333333333333333,1.8229166666666667,10.0,0.0001069182389937,0,0,0,0,Healthy,59.1
530,530,corn dried,119,3.0,0.6,1.1,1.3,18.8,6.0,4.1,5.8,0.0,0.029,1.8,0.0,0.095,0.048,0.0,0.011,2.3,0.4,0.3,0.0,0.0,0.1,0.0,7.1,0.014,0.7,42.2,0.3,97.4,219.3,0.053,0.9,39.5,FOOD-DATA-GROUP5,15.83011583011583,72.5868725868726,11.583011583011585,0.207070707070707,119,3.4166666666666665,4.833333333333333,30.303030303030305,10.0,0.0002416666666666,0,0,0,0,Healthy,58.9
531,531,cucumber,23,0.2,0.068,0.044,0.041,5.4,2.5,1.0,0.8,0.0,0.061,142.8,0.0,0.064,0.08,0.0,0.066,0.1,0.4,0.046,4.2,0.0,0.049,0.038,24.0,0.065,0.4,19.5,0.1,36.0,220.5,0.082,0.3,36.0,FOOD-DATA-GROUP5,15.151515151515149,81.81818181818181,3.0303030303030303,0.15625,23,4.166666666666666,3.333333333333333,39.0625,1.6,0.0025416666666666,0,0,0,0,Healthy,50.9
532,532,arrowroot,78,0.2,0.094,0.083,0.1,16.1,0.0,5.1,1.6,0.0,0.052,96.9,0.0,0.2,0.4,0.0,0.06,2.0,0.4,0.3,2.3,0.0,0.0,0.0,7.2,0.1,2.7,30.0,0.2,117.6,544.8,0.061,0.8,35.2,FOOD-DATA-GROUP5,23.83177570093458,75.23364485981308,0.9345794392523364,0.2982456140350876,78,6.455696202531645,2.0253164556962027,0.0,3.2,0.0006582278481012,0,0,0,0,Healthy,56.2
533,533,cardoon raw,30,0.2,0.072,0.05,0.054,7.2,0.0,1.2,2.8,0.0,0.3,167.3,0.0,0.0,0.064,0.1,0.0,0.098,0.5,0.6,0.2,3.6,0.0,0.0,0.0,124.6,0.4,1.2,74.8,0.5,40.9,712.0,0.058,12.0,FOOD-DATA-GROUP5,13.953488372093023,83.72093023255815,2.3255813953488373,0.1463414634146341,30,3.870967741935484,9.032258064516128,0.0,5.6,0.0096774193548387,0,0,0,0,Healthy,55.0
534,534,bamboo shoots cooked,14,0.3,0.007,0.059,0.1,2.3,0.0,1.8,1.2,0.0,0.04,115.1,0.0,0.0,0.067,0.071,0.0,0.051,0.4,0.068,0.1,0.0,0.0,0.0,0.0,14.4,0.083,0.3,3.6,0.1,24.0,639.6,0.046,5.76,FOOD-DATA-GROUP5,40.90909090909092,52.27272727272727,6.818181818181819,0.5454545454545455,14,12.000000000000002,8.0,0.0,2.4,0.0026666666666666,0,0,0,0,Healthy,53.1
535,535,summer squash raw,42,0.5,0.1,0.048,0.2,8.7,5.7,3.1,2.9,0.0,0.051,246.1,0.0,0.0,0.1,0.019,0.0,0.4,1.3,0.4,0.6,44.2,0.0,0.3,0.009,39.0,0.1,0.9,44.2,0.5,98.8,681.2,0.096,15.958,FOOD-DATA-GROUP5,25.20325203252033,70.73170731707317,4.065040650406504,0.3195876288659794,42,7.209302325581396,6.744186046511628,58.76288659793815,5.8,0.0011860465116279,0,0,0,0,Healthy,54.3
536,536,sweet potato raw,112,0.002,0.036,0.008,0.015,26.2,5.4,2.0,3.9,0.0,0.079,100.5,0.0,0.0,0.1,0.049,0.0,0.081,0.7,1.0,0.3,3.1,0.0,0.3,0.048,39.0,0.2,0.8,32.5,0.3,61.1,438.1,0.044,32.696,FOOD-DATA-GROUP5,7.091695624423801,92.90121267995178,0.0070916956244238,0.0735294117647058,112,1.7699115044247788,3.4513274336283186,19.85294117647059,7.8,0.0006991150442477,0,0,0,0,Healthy,55.2
537,537,green tomato,42,0.4,0.024,0.018,0.1,9.3,7.3,2.2,2.0,0.0,0.055,169.3,0.0,0.1,0.027,0.0,0.017,0.9,0.9,0.1,42.6,0.0,0.7,0.003,23.7,0.2,0.9,18.2,0.2,51.0,371.3,0.051,0.1,81.1,FOOD-DATA-GROUP5,18.487394957983195,78.15126050420169,3.361344537815126,0.2135922330097087,42,5.116279069767442,4.651162790697675,70.87378640776699,4.0,0.0012790697674418,0,0,0,0,Healthy,51.7
538,538,beet greens raw,8,0.078,0.026,0.037,0.015,1.6,0.2,0.8,1.4,0.0,0.013,34.6,0.0,0.008,0.064,0.0,0.068,0.2,0.027,0.087,11.4,0.0,0.6,0.2,44.5,0.092,1.0,26.6,0.1,15.6,289.6,0.039,0.1,60.771,FOOD-DATA-GROUP5,32.284100080710246,64.56820016142049,3.147699757869249,0.3076923076923077,8,8.88888888888889,15.555555555555555,7.6923076923076925,2.8,0.0014444444444444,0,0,0,0,Healthy,52.6
539,539,savoy cabbage cooked,41,0.2,0.076,0.023,0.003,9.2,0.0,3.1,4.8,0.0,0.05,156.4,0.0,0.0,0.076,0.039,0.0,0.066,0.012,0.3,0.3,28.9,0.0,0.0,0.0,51.0,0.089,0.6,40.8,0.3,56.1,312.8,0.077,17.612,FOOD-DATA-GROUP5,24.800000000000004,73.60000000000001,1.6000000000000003,0.303921568627451,41,7.380952380952381,11.428571428571429,0.0,9.6,0.0011904761904761,0,0,0,0,Healthy,59.5
540,540,witloof chicory,9,0.031,0.076,0.077,0.027,2.1,0.0,0.5,1.6,0.0,0.022,50.1,0.0,0.029,0.016,0.0,0.068,0.015,0.053,0.096,1.5,0.0,0.0,0.0,10.1,0.083,0.1,5.3,0.063,13.8,111.8,0.035,0.079,15.994,FOOD-DATA-GROUP5,19.004180919802355,79.81755986316989,1.178259217027746,0.1612903225806451,9,5.0,16.0,0.0,3.2,0.0021999999999999,0,0,0,0,Healthy,52.7
541,541,turnips cooked,34,0.1,0.082,0.089,0.076,7.9,4.7,1.1,3.1,0.0,0.017,146.0,0.0,0.0,0.001,0.096,0.0,0.011,0.5,0.2,0.1,18.1,0.0,0.082,0.063,34.3,0.025,0.3,12.5,0.2,29.6,210.6,0.017,12.408,FOOD-DATA-GROUP5,12.08791208791209,86.81318681318682,1.098901098901099,0.1235955056179775,34,3.1428571428571432,8.857142857142858,52.80898876404494,6.2,0.0004857142857142,0,0,0,0,Healthy,53.5
542,542,dried tomatoes,5,0.053,0.032,0.032,0.086,1.1,0.8,0.3,0.2,0.0,0.069,0.3,0.0,0.013,0.022,0.0,0.056,0.2,0.072,0.034,0.8,0.0,0.079,0.09,2.2,0.082,0.2,3.9,0.065,7.1,68.5,0.061,0.085,4.838,FOOD-DATA-GROUP5,20.64693737095664,75.70543702684101,3.64762560220234,0.1428571428571428,5,5.0,3.333333333333333,38.095238095238095,0.4,0.0115,0,0,0,0,Healthy,50.2
543,543,radicchio,15,0.2,0.031,0.048,0.024,2.9,0.4,0.9,0.6,0.0,0.033,60.5,0.0,0.039,0.039,0.0,0.077,0.2,0.2,0.048,5.2,0.0,1.5,0.2,12.4,0.2,0.4,8.5,0.087,26.0,196.3,0.042,0.4,22.6,FOOD-DATA-GROUP5,22.5,72.5,5.0,0.2307692307692307,15,5.625,3.75,10.256410256410255,1.2,0.0020625,0,0,0,0,Healthy,51.4
544,544,mixed vegetables cooked,118,0.3,0.0,0.09,0.1,23.8,5.7,5.2,8.0,0.0,0.089,151.5,0.0,0.0,0.1,0.053,0.0,0.2,1.5,0.3,0.1,5.8,0.0,0.7,0.083,45.5,0.2,1.5,40.0,0.7,92.8,307.6,0.022,37.698,FOOD-DATA-GROUP5,17.747440273037544,81.22866894197952,1.023890784982935,0.2096774193548387,118,4.369747899159664,6.722689075630252,22.983870967741936,10.0,0.0007478991596638,0,0,0,0,Healthy,63.6
545,545,yellow tomato,32,0.6,0.03,0.003,0.2,6.3,0.0,2.1,1.5,0.0,0.088,202.0,0.0,0.0,0.056,0.067,0.0,0.089,2.5,0.2,0.1,19.1,0.0,0.0,0.0,23.3,0.2,1.0,25.4,0.3,76.3,547.0,0.071,10.8,FOOD-DATA-GROUP5,23.33333333333333,70.0,6.666666666666667,0.2876712328767123,32,6.363636363636364,4.545454545454546,0.0,3.0,0.0026666666666666,0,0,0,0,Healthy,53.8
546,546,cardoon cooked,26,0.1,0.014,0.058,0.092,6.4,0.0,0.9,2.0,0.0,0.2,112.2,0.0,0.047,0.081,0.0,0.044,0.4,0.1,0.009,2.0,0.0,0.0,0.0,86.4,0.011,0.9,51.6,0.2,27.6,470.4,0.088,0.2,98.7,FOOD-DATA-GROUP5,12.16216216216216,86.48648648648648,1.351351351351351,0.1216216216216216,26,3.333333333333333,7.4074074074074066,0.0,4.0,0.0074074074074074,0,0,0,0,Healthy,53.7
547,547,spinach raw,7,0.1,0.024,0.049,0.087,1.1,0.1,0.9,0.7,0.0,0.036,27.4,0.0,0.045,0.064,0.0,0.024,0.2,0.063,0.094,8.4,0.0,0.6,0.1,29.7,0.042,0.8,23.7,0.3,14.7,167.4,0.078,0.2,41.7,FOOD-DATA-GROUP5,42.85714285714285,52.38095238095239,4.761904761904762,0.4285714285714285,7,11.25,8.75,4.761904761904762,1.4,0.0045,0,0,0,0,Healthy,51.7
548,548,kale raw,7,0.3,0.057,0.014,0.1,0.9,0.2,0.6,0.9,0.0,0.045,18.8,0.092,0.042,0.048,0.0,0.055,0.2,0.058,0.088,19.6,0.0,0.1,0.018,53.3,0.3,0.3,6.9,0.1,11.6,73.1,0.078,0.082,75.973,FOOD-DATA-GROUP5,33.33333333333333,50.0,16.666666666666664,0.3157894736842105,7,7.5,11.25,10.526315789473683,1.8,0.005625,0,0,0,0,Healthy,51.7
549,549,drumstick pods cooked,42,0.2,0.0,0.0,0.0,9.7,0.0,2.5,5.0,0.0,0.3,104.3,0.0,0.08,0.039,0.0,0.037,0.7,0.8,0.1,114.5,0.0,0.0,0.0,23.6,0.028,0.5,49.6,0.3,57.8,539.3,0.028,0.5,156.0,FOOD-DATA-GROUP5,20.161290322580648,78.22580645161291,1.612903225806452,0.2336448598130841,42,5.813953488372093,11.627906976744184,0.0,10.0,0.0069767441860465,0,0,0,0,Healthy,59.4
550,550,kohlrabi raw,72,0.3,0.007,0.072,0.1,16.4,6.9,4.5,9.5,0.0,0.063,241.2,0.0,0.0,0.1,0.055,0.0,0.075,1.1,0.4,0.4,164.3,0.0,1.3,0.069,63.6,0.3,1.1,50.4,0.4,121.9,927.5,0.015,31.457,FOOD-DATA-GROUP5,21.22641509433962,77.35849056603773,1.4150943396226416,0.2586206896551724,72,6.164383561643835,13.013698630136986,39.65517241379311,10.0,0.0008630136986301,0,0,0,0,Healthy,64.9
551,551,lentil sprouts,82,0.4,0.067,0.053,0.2,17.0,0.0,6.9,0.0,0.0,0.044,51.9,0.0,0.2,0.046,0.0,0.082,0.9,0.4,0.1,12.7,0.0,0.0,0.0,19.3,0.3,2.5,28.5,0.4,133.2,247.9,0.089,1.2,58.8,FOOD-DATA-GROUP5,28.395061728395067,69.95884773662551,1.646090534979424,0.3833333333333333,82,8.313253012048193,0.0,0.0,0.0,0.0005301204819277,0,0,0,0,Healthy,55.1
552,552,carrots raw,25,0.1,0.046,0.043,0.069,5.8,2.9,0.6,1.7,0.0,0.024,53.9,0.0,0.0,0.064,0.034,0.0,0.033,0.6,0.2,0.084,3.6,0.0,0.4,0.028,20.1,0.022,0.2,7.3,0.004,21.4,195.2,0.012,8.43,FOOD-DATA-GROUP5,9.230769230769232,89.23076923076924,1.5384615384615388,0.088235294117647,25,2.3076923076923075,6.538461538461539,42.64705882352941,3.4,0.0009230769230769,0,0,0,0,Healthy,51.8
553,553,red chili peppers,18,0.2,0.088,0.05,0.1,4.0,2.4,0.8,0.7,0.0,0.03,39.6,0.0,0.076,0.085,0.0,0.036,0.6,0.04,0.2,64.7,0.0,0.3,0.039,6.3,0.042,0.5,10.4,0.071,19.4,144.9,0.014,0.1,77.2,FOOD-DATA-GROUP5,16.0,80.0,4.0,0.16,18,4.2105263157894735,3.684210526315789,48.0,1.4,0.001578947368421,0,0,0,0,Healthy,50.6
554,554,fennel,73,0.5,0.0,0.0,0.0,17.1,0.0,2.9,7.3,0.0,0.1,211.1,0.0,0.0,0.049,0.011,0.0,0.022,1.5,0.5,0.1,28.1,0.0,1.4,0.1,114.7,0.2,1.7,39.8,0.4,117.0,968.8,0.025,28.2,FOOD-DATA-GROUP5,14.146341463414632,83.41463414634147,2.4390243902439024,0.1602209944751381,73,3.9189189189189193,9.864864864864863,0.0,10.0,0.0013513513513513,0,0,0,0,Healthy,63.1
555,555,sweet corn white,63,0.9,0.1,0.3,0.4,13.9,2.4,2.4,2.0,0.0,0.016,55.5,0.0,0.0,0.1,0.06,0.0,0.03,1.2,0.6,0.074,5.0,0.0,0.079,0.084,1.5,0.049,0.4,27.0,0.1,65.0,197.1,0.094,19.356,FOOD-DATA-GROUP5,13.953488372093023,80.8139534883721,5.232558139534884,0.1610738255033557,63,3.75,3.125,16.10738255033557,4.0,0.00025,0,0,0,0,Healthy,53.8
556,556,celeriac raw,66,0.5,0.1,0.052,0.2,14.4,2.5,2.3,2.8,0.0,0.2,137.3,0.0,0.0,0.044,0.098,0.0,0.063,1.1,0.5,0.3,12.5,0.0,0.6,0.081,67.1,0.1,1.1,31.2,0.2,179.4,468.0,0.093,20.499,FOOD-DATA-GROUP5,13.372093023255813,83.72093023255815,2.9069767441860463,0.1493506493506493,66,3.4328358208955225,4.17910447761194,16.233766233766232,5.6,0.0029850746268656,0,0,0,0,Healthy,54.8
557,557,hubbard squash raw,46,0.6,0.1,0.096,0.2,10.1,4.6,2.3,4.5,0.0,0.094,102.1,0.0,0.0,0.066,0.098,0.0,0.025,0.6,0.5,0.2,12.8,0.0,0.2,0.086,16.2,0.033,0.5,22.0,0.2,24.4,371.2,0.02,17.795,FOOD-DATA-GROUP5,17.692307692307693,77.69230769230771,4.615384615384616,0.2072072072072072,46,4.893617021276596,9.574468085106384,41.44144144144144,9.0,0.002,0,0,0,0,Healthy,56.6
558,558,brussels sprouts cooked,8,0.1,0.099,0.044,0.062,1.5,0.4,0.5,0.5,0.0,0.051,18.7,0.0,0.012,0.0,0.0,0.079,0.1,0.022,0.043,13.0,0.0,0.076,0.059,7.6,0.074,0.3,4.2,0.017,11.8,66.6,0.055,0.067,23.5,FOOD-DATA-GROUP5,23.809523809523807,71.42857142857143,4.761904761904762,0.2,8,5.555555555555555,5.555555555555555,16.0,1.0,0.0056666666666666,0,0,0,0,Healthy,50.9
559,559,carrots cooked,16,0.092,0.096,0.074,0.008,3.8,1.6,0.3,1.4,0.0,0.025,41.5,0.0,0.053,0.063,0.0,0.051,0.3,0.1,0.036,1.7,0.0,0.5,0.036,13.8,0.036,0.2,4.6,0.084,13.8,108.1,0.021,0.073,21.214,FOOD-DATA-GROUP5,7.156488549618321,90.64885496183209,2.1946564885496187,0.0625,16,1.7647058823529411,8.235294117647058,33.333333333333336,2.8,0.0014705882352941,0,0,0,0,Healthy,51.6
560,560,lambs quarters raw,0,0.067,0.0,0.0,0.0,0.069,0.0,0.08,0.046,0.0,0.033,0.8,0.0,0.041,0.083,0.0,0.011,0.065,0.0,0.054,0.0,0.0,0.0,0.094,3.3,0.045,0.06,1.5,0.076,0.6,11.4,0.052,0.08,3.658,FOOD-DATA-GROUP5,37.03703703703704,31.944444444444443,31.01851851851852,0.0748362956033676,0,8.0,4.6,0.0,0.092,0.033,0,0,0,0,Healthy,50.1
561,561,lotus root cooked,6,0.056,0.029,0.092,0.016,1.4,0.0,0.1,0.3,0.0,0.0,7.2,0.0,0.023,0.015,0.0,0.022,0.007,0.083,0.053,2.4,0.0,0.0,0.0,2.3,0.032,0.059,2.0,0.042,6.9,32.3,0.029,0.097,6.591,FOOD-DATA-GROUP5,6.426735218508997,89.97429305912596,3.5989717223650386,0.0416666666666666,6,1.4285714285714286,4.285714285714286,0.0,0.6,0.0,0,0,0,0,Healthy,50.5
562,562,split peas raw,672,2.3,0.3,0.5,1.0,118.9,15.8,48.4,50.2,0.0,0.075,22.2,0.0,1.4,0.5,0.0,0.4,5.7,3.5,0.3,3.5,0.0,0.2,0.037,108.4,1.7,8.7,226.6,2.7,721.0,1932.6,0.037,5.9,340.4,FOOD-DATA-GROUP5,28.5377358490566,70.10613207547169,1.356132075471698,0.4036697247706421,672,7.191679049034175,7.459138187221397,13.17764804003336,10.0,0.000111441307578,0,1,0,0,Healthy,73.5
563,563,scots kale cooked,36,0.5,0.014,0.0,0.3,7.3,0.0,2.5,0.0,0.0,0.4,118.6,0.0,0.068,0.042,0.0,0.056,1.0,0.08,0.2,68.6,0.0,0.0,0.0,171.6,0.2,2.5,74.1,0.5,49.4,356.2,0.037,0.3,253.0,FOOD-DATA-GROUP5,24.271844660194173,70.87378640776699,4.854368932038835,0.3012048192771084,36,6.756756756756757,0.0,0.0,0.0,0.0108108108108108,0,0,0,0,Healthy,51.9
564,564,corn cooked,99,1.5,0.2,0.4,0.6,21.6,4.7,3.5,2.5,0.0,0.039,75.6,0.0,0.0,0.006,0.053,0.0,0.017,1.7,0.8,0.1,5.7,0.0,0.006,0.055,3.1,0.025,0.5,26.8,0.2,79.3,224.5,0.084,29.288,FOOD-DATA-GROUP5,13.157894736842104,81.203007518797,5.639097744360902,0.1548672566371681,99,3.5000000000000004,2.5,20.79646017699115,5.0,0.00039,0,0,0,0,Healthy,54.3
565,565,radish raw,1,0.026,0.084,0.086,0.021,0.2,0.066,0.042,0.002,0.0,0.033,4.3,0.0,0.0,0.066,0.088,0.0,0.082,0.004,0.073,0.096,0.7,0.0,0.0,0.002,1.1,0.052,0.026,0.5,0.084,0.9,10.5,0.013,0.556,FOOD-DATA-GROUP5,15.671641791044776,74.6268656716418,9.701492537313433,0.035,1,2.1,0.1,5.500000000000001,0.004,0.0165,0,0,0,0,Healthy,49.9
566,566,stinging nettles,37,0.007,0.0,0.0,0.0,6.7,0.2,2.4,6.1,0.0,0.09,78.0,0.0,0.027,0.099,0.0,0.1,0.3,0.0,0.098,0.0,0.0,0.0,0.4,428.1,0.012,1.5,50.7,0.7,63.2,297.3,0.045,0.3,444.816,FOOD-DATA-GROUP5,26.353354562424503,73.56978148676842,0.0768639508070715,0.3116883116883117,37,6.315789473684211,16.05263157894737,2.5974025974025974,10.0,0.0023684210526315,0,0,0,0,Healthy,60.9
567,567,baby carrots,5,0.053,0.015,0.043,0.002,1.2,0.7,0.031,0.4,0.0,0.097,13.6,0.0,0.002,0.035,0.0,0.035,0.095,0.09,0.092,0.4,0.0,0.0,0.053,4.8,0.089,0.1,1.5,0.001,4.2,35.6,0.081,0.025,6.999,FOOD-DATA-GROUP5,2.414330218068536,93.45794392523364,4.12772585669782,0.014090909090909,5,0.5166666666666666,6.666666666666667,31.818181818181813,0.8,0.0161666666666666,0,0,0,0,Healthy,50.3
568,568,sweet yellow peppers,50,0.4,0.012,0.0,0.0,11.8,0.0,1.9,1.7,0.0,0.017,171.2,0.0,0.08,0.064,0.0,0.052,1.7,0.3,0.3,341.3,0.0,0.0,0.0,20.5,0.2,0.9,22.3,0.2,44.6,394.3,0.047,0.3,378.5,FOOD-DATA-GROUP5,13.475177304964536,83.68794326241135,2.8368794326241136,0.1484374999999999,50,3.725490196078432,3.333333333333333,0.0,3.4,0.0003333333333333,0,0,0,0,Healthy,54.0
569,569,taro leaves raw,12,0.2,0.013,0.075,0.043,1.9,0.8,1.4,1.0,0.0,0.083,24.0,0.0,0.041,0.041,0.0,0.1,0.4,0.035,0.096,14.6,0.0,0.6,0.047,30.0,0.079,0.6,12.6,0.2,16.8,181.4,0.064,0.1,49.7,FOOD-DATA-GROUP5,40.0,54.285714285714285,5.714285714285714,0.4827586206896551,12,10.769230769230768,7.6923076923076925,27.58620689655172,2.0,0.0063846153846153,0,0,0,0,Healthy,52.2
570,570,corn raw,123,1.9,0.5,0.6,0.7,26.7,9.0,4.7,2.9,0.0,0.083,108.8,0.0,0.0,0.2,0.08,0.0,0.032,2.5,1.0,0.1,9.7,0.0,0.1,0.054,2.9,0.076,0.7,52.9,0.2,127.3,386.1,0.022,36.328,FOOD-DATA-GROUP5,14.114114114114114,80.18018018018019,5.705705705705706,0.1696750902527076,123,3.790322580645161,2.338709677419355,32.49097472924188,5.8,0.0006693548387096,0,0,0,0,Healthy,53.9
571,571,roselle,28,0.4,0.0,0.0,0.0,6.4,0.0,0.5,0.0,0.0,0.079,49.4,0.0,0.005,0.0,0.0,0.017,0.2,0.0,0.0,6.8,0.0,0.0,0.0,122.6,0.0,0.8,29.1,0.0,21.1,118.6,0.0,0.0,137.5,FOOD-DATA-GROUP5,6.849315068493151,87.67123287671232,5.47945205479452,0.0675675675675675,28,1.7241379310344829,0.0,0.0,0.0,0.0027241379310344,0,0,0,0,Healthy,50.4
572,572,drumstick leaves raw,13,0.3,0.0,0.0,0.0,1.7,0.0,2.0,0.4,0.0,0.071,16.5,0.0,0.026,0.031,0.0,0.1,0.5,0.065,0.3,10.9,0.0,0.0,0.0,38.9,0.074,0.8,30.9,0.2,23.5,70.8,0.084,0.1,55.0,FOOD-DATA-GROUP5,50.0,42.5,7.5,0.7407407407407407,13,14.285714285714285,2.857142857142857,0.0,0.8,0.0050714285714285,0,0,0,0,Healthy,52.1
573,573,scallop squash raw,23,0.3,0.097,0.018,0.1,5.0,3.1,1.6,1.6,0.0,0.075,122.4,0.0,0.002,0.08,0.0,0.01,0.8,0.1,0.1,23.4,0.0,0.2,0.038,24.7,0.1,0.5,29.9,0.2,46.8,236.6,0.017,0.4,57.1,FOOD-DATA-GROUP5,23.188405797101453,72.46376811594205,4.3478260869565215,0.2666666666666666,23,6.666666666666667,6.666666666666667,51.66666666666667,3.2,0.0031249999999999,0,0,0,0,Healthy,52.3
574,574,chicory roots,65,0.2,0.052,0.054,0.041,15.8,7.9,1.3,1.4,0.0,0.055,72.0,0.0,0.0,0.08,0.007,0.0,0.029,0.4,0.3,0.2,4.5,0.0,0.0,0.0,36.9,0.051,0.7,19.8,0.2,54.9,261.0,0.076,18.997,FOOD-DATA-GROUP5,7.514450867052023,91.32947976878611,1.1560693641618496,0.0773809523809523,65,1.96969696969697,2.121212121212121,47.023809523809526,2.8,0.0008333333333333,0,0,0,0,Healthy,49.9
575,575,brussels sprouts raw,8,0.077,0.072,0.028,0.026,1.7,0.4,0.6,0.7,0.0,0.049,16.3,0.0,0.054,0.018,0.0,0.011,0.1,0.038,0.02,16.2,0.0,0.2,0.032,8.0,0.077,0.3,4.4,0.019,13.1,73.9,0.06,0.059,27.553,FOOD-DATA-GROUP5,25.24190155658393,71.5187210769878,3.2393773664282715,0.2222222222222222,8,6.666666666666667,7.777777777777778,14.814814814814811,1.4,0.0054444444444444,0,0,0,0,Healthy,51.3
576,576,kale cooked,42,1.4,0.2,0.1,0.8,6.3,1.4,3.5,4.7,0.0,0.018,106.0,0.0,0.2,0.028,0.058,0.0,0.2,0.5,0.049,0.069,21.0,0.0,1.9,0.5,177.0,0.2,1.0,29.5,0.5,49.6,169.9,0.082,16.697,FOOD-DATA-GROUP5,31.249999999999996,56.24999999999999,12.499999999999998,0.4794520547945206,42,8.13953488372093,10.930232558139537,19.17808219178082,9.4,0.0004186046511627,0,0,0,0,Healthy,59.0
577,577,pupusas con frijoles,289,11.4,2.8,3.8,3.7,39.7,1.6,7.0,7.3,0.0,0.4,65.7,0.0,0.061,0.0,0.0,0.026,1.1,0.4,0.2,0.0,0.0,0.5,0.099,64.3,0.2,1.8,68.0,0.4,181.4,384.3,0.07,1.2,131.5,FOOD-DATA-GROUP5,12.048192771084338,68.33046471600689,19.62134251290878,0.1719901719901719,289,2.413793103448276,2.5172413793103448,3.9312039312039313,10.0,0.0013793103448275,0,0,0,0,Healthy,63.5
578,578,mustard cabbage,36,0.1,0.016,0.057,0.033,7.2,1.8,1.4,4.0,0.0,0.9,117.9,0.0,0.0,0.031,0.093,0.0,0.1,0.9,0.2,0.4,0.0,0.0,0.049,0.1,85.8,0.077,0.9,19.2,0.3,34.6,314.9,0.024,13.276,FOOD-DATA-GROUP5,16.091954022988507,82.75862068965519,1.149425287356322,0.1707317073170731,36,3.7837837837837833,10.81081081081081,21.951219512195124,8.0,0.0243243243243243,0,0,0,0,Healthy,56.3
579,579,gourd raw,19,0.2,0.07,0.076,0.041,4.1,1.9,1.1,1.0,0.0,0.03,89.2,0.0,0.0,0.035,0.059,0.0,0.084,0.4,0.2,0.022,11.4,0.0,0.062,0.047,19.0,0.016,0.3,13.3,0.029,30.4,132.1,0.032,6.584,FOOD-DATA-GROUP5,20.37037037037037,75.92592592592592,3.703703703703704,0.2156862745098039,19,5.500000000000001,5.0,37.25490196078432,2.0,0.0015,0,0,0,0,Healthy,51.5
580,580,butternut squash cooked,80,0.2,0.013,0.076,0.036,21.0,3.9,1.8,6.4,0.0,0.002,175.6,0.0,0.1,0.022,0.0,0.033,1.9,0.7,0.2,30.2,0.0,2.6,0.029,82.0,0.1,1.2,58.0,0.3,54.0,568.0,0.065,0.3,142.8,FOOD-DATA-GROUP5,7.82608695652174,91.30434782608695,0.8695652173913043,0.0818181818181818,80,2.2222222222222223,7.901234567901234,17.727272727272727,10.0,2.469135802469136e-05,0,0,0,0,Healthy,59.4
581,581,burdock root cooked,146,0.2,0.0,0.0,0.0,35.1,5.9,3.5,3.0,0.0,0.4,125.6,0.0,0.005,0.067,0.0,0.079,0.5,0.6,0.5,4.3,0.0,0.8,0.063,81.3,0.1,1.3,64.7,0.4,154.4,597.6,0.053,0.6,128.7,FOOD-DATA-GROUP5,9.020618556701027,90.46391752577318,0.5154639175257731,0.0969529085872576,146,2.380952380952381,2.0408163265306123,16.343490304709142,6.0,0.0027210884353741,0,0,0,0,Healthy,54.8
582,582,cassava,330,0.6,0.2,0.2,0.061,78.4,3.5,2.8,3.7,0.0,0.099,122.9,0.0,0.0,0.2,0.051,0.0,0.082,1.8,0.2,0.2,42.4,0.0,0.4,0.011,33.0,0.2,0.6,43.3,0.8,55.6,558.3,0.086,85.964,FOOD-DATA-GROUP5,3.4229828850855744,95.8435207823961,0.7334963325183375,0.035264483627204,330,0.8459214501510574,1.1178247734138975,4.408060453400504,7.4,0.0002990936555891,0,0,0,0,Healthy,56.1
583,583,peas carrots cooked,77,0.7,0.1,0.004,0.3,16.2,7.0,4.9,5.0,0.0,0.5,137.3,0.0,0.4,0.016,0.0,0.1,1.8,0.3,0.1,13.0,0.0,0.8,0.057,36.8,0.1,1.5,25.6,0.3,78.4,252.8,0.035,0.7,78.1,FOOD-DATA-GROUP5,22.47706422018349,74.31192660550458,3.211009174311926,0.2848837209302325,77,6.282051282051282,6.41025641025641,40.69767441860465,10.0,0.0064102564102564,0,0,0,0,Healthy,58.3
584,584,romaine lettuce,8,0.1,0.049,0.085,0.079,1.5,0.6,0.6,1.0,0.0,0.083,44.5,0.0,0.09,0.051,0.0,0.006,0.1,0.092,0.026,1.9,0.0,0.011,0.099,15.5,0.07,0.5,6.6,0.002,14.1,116.1,0.045,0.1,21.1,FOOD-DATA-GROUP5,27.27272727272727,68.18181818181817,4.545454545454546,0.24,8,6.666666666666667,11.11111111111111,24.0,2.0,0.0092222222222222,0,0,0,0,Healthy,51.7
585,585,yam raw,177,0.3,0.067,0.019,0.1,41.8,0.8,2.3,6.2,0.0,0.017,104.4,0.0,0.0,0.2,0.002,0.0,0.001,0.8,0.5,0.4,25.7,0.0,0.5,0.025,25.5,0.3,0.8,31.5,0.6,82.5,1224.0,0.1,51.39,FOOD-DATA-GROUP5,5.180180180180181,94.14414414414416,0.6756756756756758,0.0537383177570093,177,1.292134831460674,3.48314606741573,1.869158878504673,10.0,9.550561797752808e-05,0,0,0,0,Healthy,60.7
586,586,chowchow pickles,296,2.2,0.4,0.4,1.0,65.3,58.5,3.7,3.7,0.0,1.3,168.8,0.0,0.0,0.067,0.0,0.066,0.0,0.2,0.022,14.7,0.0,0.4,0.2,56.4,0.2,3.4,51.5,0.2,53.9,490.0,0.091,0.6,149.4,FOOD-DATA-GROUP5,5.196629213483146,91.7134831460674,3.0898876404494384,0.0558069381598793,296,1.2457912457912457,1.2457912457912457,88.23529411764707,7.4,0.0043771043771043,0,1,0,0,Limit,38.0
587,587,prairie turnips raw,20,0.029,0.0,0.0,0.0,4.5,0.1,0.3,1.0,0.0,0.059,7.7,0.0,0.019,0.051,0.0,0.02,0.1,0.0,0.027,0.7,0.0,0.0,0.0,16.5,0.037,0.2,8.0,0.097,3.9,19.8,0.087,0.05,23.255,FOOD-DATA-GROUP5,6.212466349140609,93.18699523710914,0.600538413750259,0.0545454545454545,20,1.4285714285714286,4.761904761904762,1.8181818181818183,2.0,0.0028095238095238,0,0,0,0,Healthy,51.7
588,588,savoy cabbage raw,19,0.017,0.091,0.008,0.014,4.3,1.6,1.4,2.2,0.0,0.007,63.7,0.0,0.0,0.003,0.06,0.0,0.094,0.2,0.1,0.1,21.7,0.0,0.1,0.066,24.5,0.071,0.3,19.6,0.1,29.4,161.0,0.014,8.199,FOOD-DATA-GROUP5,24.48836802518804,75.21427322022039,0.297358754591569,0.2641509433962264,19,6.999999999999999,11.000000000000002,30.188679245283023,4.4,0.00035,0,0,0,0,Healthy,53.6
589,589,celery raw,6,0.045,0.005,0.033,0.091,1.2,0.5,0.3,0.6,0.0,0.019,38.2,0.0,0.0,0.041,0.041,0.0,0.002,0.1,0.032,0.007,1.2,0.0,0.1,0.086,16.0,0.056,0.063,4.4,0.01,9.6,104.0,0.031,2.212,FOOD-DATA-GROUP5,19.41747572815534,77.66990291262135,2.912621359223301,0.1363636363636363,6,4.285714285714286,8.571428571428571,22.727272727272727,1.2,0.0027142857142857,0,0,0,0,Healthy,50.9
590,590,celeriac cooked,42,0.3,0.0,0.0,0.0,9.1,0.0,1.5,0.0,0.0,0.084,143.1,0.0,0.033,0.091,0.0,0.065,0.7,0.3,0.2,5.6,0.0,0.0,0.0,40.3,0.044,0.7,18.6,0.1,102.3,268.2,0.093,0.3,57.5,FOOD-DATA-GROUP5,13.761467889908255,83.4862385321101,2.7522935779816518,0.1485148514851485,42,3.488372093023256,0.0,0.0,0.0,0.001953488372093,0,0,0,0,Healthy,51.1
591,591,mustard spinach raw,33,0.5,0.087,0.2,0.073,5.9,0.0,3.3,4.2,0.0,0.025,138.3,0.0,0.1,0.2,0.0,0.1,1.0,0.3,0.2,195.0,0.0,0.0,0.0,315.0,0.1,2.3,16.5,0.6,42.0,673.5,0.054,0.3,526.2,FOOD-DATA-GROUP5,34.02061855670103,60.82474226804124,5.154639175257732,0.4782608695652173,33,9.705882352941176,12.352941176470589,0.0,8.4,0.000735294117647,0,0,0,0,Healthy,58.7
592,592,zucchini raw,44,0.8,0.2,0.074,0.2,8.1,6.5,3.1,2.6,0.0,0.023,246.5,0.0,0.0,0.1,0.096,0.0,0.2,1.2,0.5,0.4,46.5,0.0,0.3,0.033,41.6,0.1,1.0,46.8,0.5,98.8,678.6,0.05,15.151,FOOD-DATA-GROUP5,25.833333333333336,67.5,6.666666666666667,0.3406593406593406,44,6.888888888888889,5.777777777777779,71.42857142857143,5.2,0.0005111111111111,0,0,0,0,Healthy,53.5
593,593,okra cooked,35,0.3,0.032,0.033,0.034,7.2,3.8,3.0,4.0,0.0,0.4,148.1,0.0,0.2,0.097,0.0,0.024,1.4,0.3,0.3,26.1,0.0,0.4,0.057,123.2,0.1,0.4,57.6,0.5,51.2,216.0,0.065,0.7,164.2,FOOD-DATA-GROUP5,28.57142857142857,68.57142857142857,2.857142857142857,0.3658536585365854,35,8.333333333333332,11.11111111111111,46.34146341463415,8.0,0.0111111111111111,0,0,0,0,Healthy,56.7
594,594,white icicle radish,14,0.1,0.076,0.083,0.091,2.6,0.0,1.1,1.4,0.0,0.049,95.4,0.0,0.002,0.097,0.0,0.095,0.3,0.2,0.079,29.0,0.0,0.0,0.0,27.0,0.036,0.8,9.0,0.047,28.0,280.0,0.044,0.1,62.0,FOOD-DATA-GROUP5,28.947368421052637,68.42105263157895,2.631578947368421,0.3055555555555556,14,7.333333333333333,9.333333333333332,0.0,2.8,0.0032666666666666,0,0,0,0,Healthy,52.9
595,595,orange tomato,18,0.2,0.097,0.062,0.046,3.5,0.0,1.3,1.0,0.0,0.001,105.2,0.0,0.0,0.067,0.06,0.0,0.027,0.7,0.2,0.071,17.8,0.0,0.0,0.0,5.6,0.079,0.5,8.9,0.099,32.2,235.3,0.006,6.093,FOOD-DATA-GROUP5,26.0,70.0,4.0,0.2888888888888889,18,6.842105263157896,5.263157894736842,0.0,2.0,5.263157894736842e-05,0,0,0,0,Healthy,52.4
596,596,pumpkin leaves raw,7,0.2,0.053,0.063,0.039,0.9,0.0,1.2,0.0,0.0,0.057,36.2,0.0,0.049,0.042,0.0,0.055,0.4,0.022,0.015,4.3,0.0,0.0,0.0,15.2,0.063,0.9,14.8,0.1,40.6,170.0,0.085,0.045,22.7,FOOD-DATA-GROUP5,52.17391304347825,39.13043478260869,8.695652173913043,0.631578947368421,7,15.0,0.0,0.0,0.0,0.007125,0,0,0,0,Healthy,50.9
597,597,spaghetti squash cooked,42,0.4,0.091,0.0,0.2,10.0,3.9,1.0,2.2,0.0,0.4,143.1,0.0,0.026,0.099,0.0,0.017,1.3,0.6,0.2,5.4,0.0,0.2,0.083,32.6,0.097,0.5,17.1,0.2,0.0,181.4,0.056,0.3,52.1,FOOD-DATA-GROUP5,8.771929824561402,87.71929824561403,3.508771929824561,0.0909090909090909,42,2.3255813953488373,5.116279069767442,35.45454545454545,4.4,0.0093023255813953,0,0,0,0,Healthy,52.4
598,598,white corn cooked,100,1.5,0.2,0.4,0.6,22.4,8.0,3.4,2.8,0.0,0.082,75.0,0.0,0.0,0.099,0.093,0.0,0.05,1.7,0.8,0.1,6.4,0.0,0.037,0.017,2.1,0.052,0.6,31.9,0.2,94.8,259.6,0.056,30.302,FOOD-DATA-GROUP5,12.454212454212456,82.05128205128206,5.494505494505495,0.1452991452991453,100,3.3663366336633667,2.772277227722772,34.18803418803419,5.6,0.0008118811881188,0,0,0,0,Healthy,53.4
599,599,artichoke cooked,64,0.4,0.059,0.077,0.2,14.3,1.2,3.5,10.3,0.0,0.087,100.9,0.0,0.0,0.017,0.1,0.0,0.1,1.3,0.3,0.028,8.9,0.0,0.2,0.035,25.2,0.2,0.7,50.4,0.3,87.6,343.2,0.074,28.845,FOOD-DATA-GROUP5,19.230769230769237,78.57142857142858,2.197802197802198,0.2287581699346405,64,5.384615384615385,15.846153846153848,7.84313725490196,10.0,0.0013384615384615,0,0,0,0,Healthy,67.1
600,600,avocado,432,39.6,5.7,26.5,4.9,23.0,1.8,5.4,18.1,0.0,0.045,197.7,0.0,0.0,0.2,0.2,0.0,0.4,4.7,3.8,0.7,27.0,0.0,5.6,0.078,32.4,0.5,1.5,78.3,0.4,140.4,1309.5,0.052,87.302,FOOD-DATA-GROUP5,7.941176470588236,33.82352941176471,58.235294117647065,0.225,432,1.2471131639722866,4.180138568129331,7.5,10.0,0.0001039260969976,0,0,1,0,Healthy,64.1
601,601,string beans wellsley farms,8,0.0,0.0,0.0,0.0,1.7,0.3,0.3,0.087,1.0,0.0,0.0,0.0,0.0,0.0,0.0,0.0,0.0,0.0,0.0,0.0,0.0,0.0,0.0,0.0,0.0,0.0,0.0,0.0,0.0,0.0,0.0,0.0,2.09,FOOD-DATA-GROUP5,15.0,85.0,0.0,0.1111111111111111,8,3.333333333333333,0.9666666666666666,11.11111111111111,0.174,0.0,0,0,0,0,Healthy,50.2
602,602,lambs quarters cooked,58,1.3,0.085,0.2,0.6,9.0,1.1,5.8,3.8,0.0,0.5,160.0,0.0,0.2,0.077,0.0,0.5,1.6,0.1,0.3,66.6,0.0,0.0,0.9,464.4,0.4,1.3,41.4,0.9,81.0,518.4,0.005,0.5,552.2,FOOD-DATA-GROUP5,36.02484472049689,55.90062111801242,8.074534161490684,0.58,58,9.83050847457627,6.440677966101695,11.000000000000002,7.6,0.0084745762711864,0,0,0,0,Healthy,59.5
603,603,peas cooked,134,0.4,0.065,0.05,0.2,25.0,9.5,8.6,8.8,0.0,0.074,124.6,0.0,0.0,0.4,0.1,0.0,0.2,3.2,0.2,0.3,22.7,0.0,0.2,0.011,43.2,0.3,2.5,62.4,0.8,187.2,433.6,0.005,43.499,FOOD-DATA-GROUP5,25.294117647058822,73.52941176470588,1.1764705882352942,0.3307692307692307,134,6.37037037037037,6.518518518518519,36.53846153846153,10.0,0.0005481481481481,0,0,0,0,Healthy,65.8
604,604,beets cooked,22,0.085,0.026,0.024,0.07,5.0,4.0,0.8,1.0,0.0,0.035,43.5,0.0,0.0,0.033,0.023,0.0,0.065,0.2,0.079,0.026,1.8,0.0,0.016,0.099,8.0,0.021,0.4,11.5,0.2,19.0,152.5,0.009,7.012,FOOD-DATA-GROUP5,13.593882752761258,84.96176720475786,1.4443500424808835,0.1333333333333333,22,3.4782608695652173,4.3478260869565215,66.66666666666666,2.0,0.0015217391304347,0,0,0,0,Healthy,50.5
605,605,shallots dried,3,0.013,0.063,0.043,0.061,0.7,0.3,0.1,0.1,0.0,0.059,0.087,0.0,0.0,0.044,0.02,0.0,0.013,0.018,0.05,0.096,0.4,0.0,0.093,0.043,1.6,0.082,0.021,0.9,0.088,2.7,14.9,0.032,1.07,FOOD-DATA-GROUP5,12.300123001230014,86.10086100861008,1.5990159901599017,0.0588235294117647,3,2.5,2.5,17.647058823529413,0.2,0.01475,0,0,0,0,Healthy,50.1
606,606,green lettuce,23,0.2,0.027,0.075,0.1,4.3,1.2,2.0,2.0,0.0,0.05,142.5,0.0,0.0,0.1,0.077,0.0,0.1,0.6,0.2,0.1,13.8,0.0,0.3,0.2,54.0,0.012,1.3,19.5,0.4,43.5,291.0,0.086,8.829,FOOD-DATA-GROUP5,30.76923076923077,66.15384615384615,3.076923076923077,0.3773584905660377,23,8.333333333333332,8.333333333333332,22.641509433962263,4.0,0.0020833333333333,0,0,0,0,Healthy,54.0
607,607,kohlrabi cooked,48,0.2,0.041,0.004,0.094,11.0,4.6,3.0,1.8,0.0,0.035,149.0,0.0,0.0,0.013,0.029,0.0,0.037,0.6,0.3,0.3,89.1,0.0,0.9,0.008,41.3,0.2,0.7,31.4,0.2,74.3,561.0,0.037,16.506,FOOD-DATA-GROUP5,21.126760563380284,77.46478873239437,1.4084507042253522,0.25,48,6.122448979591836,3.673469387755103,38.33333333333333,3.6,0.0007142857142857,0,0,0,0,Healthy,53.1
608,608,kanpyo dried,139,0.3,0.041,0.012,0.1,35.1,0.0,4.6,5.3,0.0,0.056,10.8,0.0,0.0,0.0,0.087,0.0,0.085,1.6,1.4,0.3,0.1,0.0,0.0,0.0,151.2,0.2,2.8,67.5,0.6,101.5,854.3,0.058,45.8,FOOD-DATA-GROUP5,11.5,87.75,0.75,0.1274238227146814,139,3.2857142857142856,3.785714285714285,0.0,10.0,0.0004,0,0,0,0,Healthy,61.4
609,609,prairie turnips boiled,18,0.086,0.0,0.0,0.0,4.2,0.7,0.2,1.0,0.0,0.012,9.5,0.0,0.009,0.0,0.0,0.041,0.088,0.0,0.026,0.3,0.0,0.0,0.0,14.4,0.045,0.1,6.9,0.008,2.8,15.1,0.0,0.035,20.299,FOOD-DATA-GROUP5,4.458314757021845,93.62460989745875,1.9170753455193932,0.0384615384615384,18,1.0526315789473684,5.263157894736842,13.461538461538462,2.0,0.0006315789473684,0,0,0,0,Healthy,51.4
610,610,broccoli raab cooked,21,0.4,0.086,0.017,0.1,2.7,0.5,3.3,2.4,0.0,0.077,77.7,0.0,0.0,0.1,0.004,0.0,0.1,1.7,0.4,0.2,31.5,0.0,2.2,0.2,100.3,0.06,1.1,23.0,0.3,69.7,291.6,0.069,9.289,FOOD-DATA-GROUP5,51.56249999999999,42.1875,6.25,0.8918918918918918,21,15.0,10.909090909090908,13.513513513513512,4.8,0.0035,0,0,0,0,Healthy,55.8
611,611,summer squash cooked,49,1.0,0.2,0.031,0.3,9.9,6.4,2.7,2.9,0.0,0.036,245.1,0.0,0.1,0.1,0.095,0.0,0.023,1.3,0.4,0.2,30.2,0.0,0.3,0.028,57.2,0.3,1.0,41.6,0.6,75.4,460.2,0.032,17.09,FOOD-DATA-GROUP5,19.852941176470587,72.79411764705883,7.352941176470587,0.2477064220183486,49,5.4,5.8,58.71559633027523,5.8,0.0007199999999999,0,0,0,0,Healthy,53.7
612,612,taro cooked,187,0.1,0.012,0.064,0.056,45.7,0.6,0.7,6.7,0.0,0.055,84.2,0.0,0.0,0.1,0.042,0.0,0.002,0.7,0.4,0.4,6.6,0.0,3.9,0.073,23.8,0.3,1.0,39.6,0.6,100.3,638.9,0.005,53.993,FOOD-DATA-GROUP5,1.5053763440860213,98.2795698924731,0.2150537634408602,0.0149892933618843,187,0.3723404255319149,3.563829787234043,1.2847965738758027,10.0,0.0002925531914893,0,0,0,0,Healthy,60.3
613,613,spring onion scallions,6,0.077,0.029,0.055,0.031,1.5,0.5,0.4,0.5,0.0,0.048,18.0,0.0,0.0,0.025,0.06,0.0,0.043,0.1,0.097,0.055,3.8,0.0,0.1,0.006,14.4,0.057,0.3,4.0,0.09,7.4,55.2,0.056,2.554,FOOD-DATA-GROUP5,20.23267577137077,75.87253414264038,3.894790085988872,0.16,6,5.714285714285714,7.142857142857142,20.0,1.0,0.0068571428571428,0,0,0,0,Healthy,50.8
614,614,hubbard squash cooked,57,0.7,0.1,0.042,0.3,12.3,5.6,2.8,5.5,0.0,0.5,173.1,0.0,0.0,0.084,0.001,0.0,0.064,0.6,0.6,0.2,12.4,0.0,0.2,0.029,19.0,0.095,0.5,24.7,0.2,26.6,406.6,0.053,21.554,FOOD-DATA-GROUP5,17.72151898734177,77.84810126582279,4.430379746835443,0.2105263157894736,57,4.827586206896552,9.482758620689657,42.10526315789473,10.0,0.0086206896551724,0,0,0,0,Healthy,58.0
615,615,jalapeno pepper,4,0.002,0.06,0.018,0.095,0.9,0.6,0.1,0.4,0.0,0.028,12.8,0.0,0.0,0.066,0.048,0.0,0.023,0.2,0.074,0.079,16.6,0.0,0.5,0.011,1.7,0.045,0.033,2.1,0.059,3.6,34.7,0.069,1.593,FOOD-DATA-GROUP5,9.98003992015968,89.82035928143712,0.1996007984031935,0.0526315789473684,4,2.0,8.0,31.57894736842105,0.8,0.0056,0,0,0,0,Healthy,50.4
616,616,new zealand spinach cooked,22,0.3,0.027,0.028,0.1,3.8,0.5,2.3,2.5,0.0,0.6,170.6,0.0,0.022,0.038,0.0,0.2,0.7,0.5,0.4,28.8,0.0,2.2,0.5,86.4,0.1,1.2,57.6,0.9,39.6,183.6,0.055,0.6,125.3,FOOD-DATA-GROUP5,35.9375,59.375,4.6875,0.4791666666666666,22,10.0,10.869565217391305,10.416666666666668,5.0,0.0260869565217391,0,0,0,0,Healthy,55.2
617,617,sesbania flower raw,1,0.095,0.0,0.0,0.0,0.2,0.0,0.012,0.0,0.0,0.007,2.7,0.0,0.066,0.07,0.0,0.098,0.027,0.0,0.0,2.2,0.0,0.0,0.0,0.6,0.0,0.091,0.4,0.0,0.9,5.5,0.037,0.0,3.181,FOOD-DATA-GROUP5,3.908794788273615,65.14657980456026,30.94462540716612,0.01,1,0.6,0.0,0.0,0.0,0.0035,0,0,0,0,Healthy,50.0
618,618,spirulina dried,20,0.5,0.2,0.019,0.1,1.7,0.2,4.0,0.3,0.0,0.031,0.3,0.0,0.2,0.014,0.0,0.3,0.9,0.2,0.037,0.7,0.0,0.4,0.08,8.4,0.4,2.0,13.7,0.1,8.3,95.4,0.03,0.1,17.6,FOOD-DATA-GROUP5,64.51612903225806,27.41935483870968,8.064516129032258,1.4814814814814814,20,19.047619047619047,1.4285714285714286,7.4074074074074066,0.6,0.0014761904761904,0,0,0,0,Healthy,53.2
619,619,chinese cabbage pe tsai cooked,17,0.2,0.011,0.059,0.086,2.9,0.0,1.8,2.0,0.0,0.3,113.3,0.0,0.021,0.044,0.0,0.008,0.6,0.042,0.2,18.8,0.0,0.0,0.0,38.1,0.022,0.4,11.9,0.2,46.4,267.8,0.075,0.2,64.2,FOOD-DATA-GROUP5,36.73469387755102,59.18367346938776,4.081632653061225,0.4615384615384615,17,10.0,11.11111111111111,0.0,4.0,0.0166666666666666,0,0,0,0,Healthy,54.3
620,620,zucchini cooked,27,0.6,0.1,0.095,0.3,4.8,3.1,2.1,1.8,0.0,0.077,171.4,0.0,0.008,0.097,0.0,0.039,0.9,0.5,0.1,23.2,0.0,0.2,0.075,32.4,0.075,0.7,34.2,0.3,66.6,475.2,0.025,0.6,65.6,FOOD-DATA-GROUP5,28.000000000000004,64.0,8.0,0.3620689655172414,27,7.5,6.42857142857143,53.448275862068975,3.6,0.00275,0,0,0,0,Healthy,53.0
621,621,green olives pickled,4,0.4,0.064,0.3,0.047,0.1,0.051,0.073,0.057,0.0,0.1,2.0,0.0,0.0,0.068,0.033,0.0,0.088,0.062,0.078,0.012,0.0,0.0,0.1,0.072,1.4,0.071,0.045,0.3,0.0,0.1,1.1,0.017,0.801,FOOD-DATA-GROUP5,12.739965095986038,17.452006980802796,69.80802792321118,0.0663636363636363,4,1.4599999999999995,1.14,4.636363636363636,0.114,0.02,0,0,0,0,Healthy,50.1
622,622,lotus root raw,85,0.1,0.057,0.089,0.04,19.8,0.0,3.0,5.6,0.0,0.06,91.0,0.0,0.2,0.007,0.0,0.3,0.5,0.4,0.3,50.6,0.0,0.0,0.0,51.8,0.3,1.3,26.5,0.3,115.0,639.4,0.042,0.4,132.2,FOOD-DATA-GROUP5,13.100436681222709,86.46288209606986,0.4366812227074235,0.1442307692307692,85,3.488372093023256,6.511627906976744,0.0,10.0,0.0006976744186046,0,0,0,0,Healthy,60.6
623,623,grape leaves,13,0.3,0.085,0.063,0.1,2.4,0.9,0.8,1.5,0.0,0.005,10.3,0.0,0.041,0.061,0.0,0.027,0.3,0.034,0.02,1.6,0.0,0.3,0.035,50.8,0.03,0.4,13.3,0.4,12.7,38.1,0.092,0.007,57.8,FOOD-DATA-GROUP5,22.857142857142858,68.57142857142857,8.571428571428571,0.2352941176470588,13,5.714285714285714,10.714285714285714,26.47058823529412,3.0,0.0003571428571428,0,0,0,0,Healthy,52.4
624,624,dill pickled cucumber,17,0.2,0.08,0.055,0.065,3.7,1.9,0.9,1.6,0.0,1.3,134.9,0.0,0.098,0.029,0.0,0.096,0.1,0.048,0.046,1.1,0.0,0.1,0.026,60.1,0.059,0.5,10.0,0.065,17.2,131.6,0.025,0.2,68.1,FOOD-DATA-GROUP5,18.75,77.08333333333333,4.166666666666666,0.1914893617021276,17,5.0,8.88888888888889,40.42553191489361,3.2,0.0722222222222222,0,0,0,0,Healthy,52.2
625,625,skunk cabbage,11,0.1,0.0,0.0,0.0,1.8,0.0,1.5,1.2,0.0,0.016,51.8,0.0,0.089,0.064,0.0,0.096,0.5,0.033,0.08,30.8,0.0,0.0,0.0,43.1,0.05,0.9,39.8,0.009,21.8,174.7,0.07,0.1,79.4,FOOD-DATA-GROUP5,44.11764705882353,52.94117647058824,2.9411764705882355,0.5357142857142857,11,12.5,10.0,0.0,2.4,0.0013333333333333,0,0,0,0,Healthy,52.9
626,626,banana pepper,9,0.1,0.018,0.073,0.098,1.8,0.6,0.5,1.1,0.0,0.039,30.3,0.0,0.04,0.082,0.0,0.064,0.4,0.098,0.1,27.3,0.0,0.2,0.033,4.6,0.058,0.2,5.6,0.028,10.6,84.5,0.032,0.097,35.6,FOOD-DATA-GROUP5,20.833333333333336,75.0,4.166666666666667,0.1785714285714285,9,5.0,11.000000000000002,21.42857142857143,2.2,0.0039,0,0,0,0,Healthy,51.8
627,627,oriental radish raw,61,0.3,0.1,0.01,0.2,13.9,8.5,2.0,5.4,0.0,0.014,319.8,0.0,0.006,0.073,0.0,0.035,0.7,0.5,0.2,74.4,0.0,0.0,0.059,91.3,0.4,1.4,54.1,0.1,77.7,767.3,0.096,0.5,188.7,FOOD-DATA-GROUP5,12.34567901234568,85.80246913580247,1.851851851851852,0.1342281879194631,61,3.225806451612903,8.709677419354838,57.04697986577181,10.0,0.0002258064516129,0,0,0,0,Healthy,56.1
628,628,purslane cooked,21,0.2,0.0,0.0,0.0,4.1,0.0,1.7,0.0,0.0,0.3,107.5,0.0,0.037,0.053,0.0,0.1,0.5,0.094,0.051,12.1,0.0,0.0,0.0,89.7,0.1,0.9,77.1,0.4,42.6,561.2,0.018,0.2,108.7,FOOD-DATA-GROUP5,28.33333333333333,68.33333333333333,3.333333333333333,0.3333333333333333,21,7.727272727272727,0.0,0.0,0.0,0.0136363636363636,0,0,0,0,Healthy,51.3
629,629,rhubarb raw,11,0.1,0.043,0.018,0.045,2.3,0.6,0.5,0.9,0.0,0.058,47.7,0.0,0.0,0.079,0.022,0.0,0.058,0.2,0.019,0.042,4.1,0.0,0.1,0.058,43.9,0.018,0.1,6.1,0.026,7.1,146.9,0.003,4.017,FOOD-DATA-GROUP5,17.24137931034483,79.31034482758619,3.4482758620689653,0.1515151515151515,11,4.166666666666666,7.5,18.181818181818183,1.8,0.0048333333333333,0,0,0,0,Healthy,51.5
630,630,swamp cabbage,20,0.2,0.0,0.0,0.0,3.6,0.0,2.0,1.9,0.0,0.4,91.1,0.0,0.045,0.063,0.0,0.034,0.5,0.1,0.086,15.7,0.0,0.0,0.0,52.9,0.097,1.3,29.4,0.1,41.2,278.3,0.087,0.2,77.6,FOOD-DATA-GROUP5,34.48275862068966,62.06896551724138,3.4482758620689653,0.4347826086956522,20,9.523809523809524,9.047619047619047,0.0,3.8,0.019047619047619,0,0,0,0,Healthy,54.3
631,631,mung bean sprouts raw,6,0.044,0.036,0.026,0.085,1.2,0.8,0.6,0.4,0.0,0.08,18.1,0.0,0.0,0.09,0.093,0.0,0.006,0.1,0.075,0.033,2.6,0.0,0.023,0.069,2.6,0.072,0.2,4.2,0.061,10.8,29.8,0.04,2.418,FOOD-DATA-GROUP5,32.53796095444685,65.0759219088937,2.386117136659436,0.2727272727272727,6,8.571428571428571,5.714285714285714,36.36363636363637,0.8,0.0114285714285714,0,0,0,0,Healthy,50.7
632,632,onion cooked,7,0.034,0.095,0.098,0.092,1.5,0.7,0.2,0.2,0.0,0.04,13.2,0.0,0.0,0.048,0.07,0.0,0.026,0.044,0.072,0.078,0.8,0.0,0.022,0.084,3.3,0.067,0.069,1.7,0.084,5.3,24.9,0.055,2.171,FOOD-DATA-GROUP5,11.534025374855826,86.50519031141869,1.9607843137254903,0.08,7,2.5,2.5,28.0,0.4,0.005,0,0,0,0,Healthy,50.1
633,633,swiss chard raw,7,0.042,0.065,0.092,0.013,1.3,0.4,0.6,0.6,0.0,0.089,33.4,0.0,0.02,0.007,0.0,0.052,0.1,0.057,0.045,10.8,0.0,0.7,0.3,18.4,0.073,0.6,29.2,0.1,16.6,136.4,0.047,0.1,32.314,FOOD-DATA-GROUP5,30.895983522142124,66.94129763130793,2.1627188465499487,0.2608695652173913,7,7.5,7.5,17.39130434782609,1.2,0.011125,0,0,0,0,Healthy,51.1
634,634,peas raw,117,0.6,0.1,0.086,0.3,21.0,8.2,7.9,7.4,0.0,0.017,114.3,0.0,0.4,0.021,0.0,0.2,3.0,0.2,0.2,58.0,0.0,0.2,0.077,36.3,0.3,2.1,47.9,0.6,156.6,353.8,0.067,1.8,133.3,FOOD-DATA-GROUP5,26.779661016949152,71.1864406779661,2.0338983050847457,0.3590909090909091,117,6.694915254237288,6.271186440677965,37.27272727272727,10.0,0.0001440677966101,0,0,0,0,Healthy,63.7
635,635,cabbage cooked,35,0.019,0.0,0.012,0.061,8.3,4.2,1.9,2.9,0.0,0.011,138.9,0.0,0.0,0.063,0.031,0.0,0.042,0.4,0.3,0.2,56.3,0.0,0.2,0.2,72.0,0.067,0.3,22.5,0.3,49.5,294.0,0.023,13.566,FOOD-DATA-GROUP5,18.59281730110578,81.22125452588315,0.1859281730110578,0.2043010752688172,35,5.277777777777778,8.055555555555555,45.16129032258064,5.8,0.0003055555555555,0,0,0,0,Healthy,54.1
636,636,taro leaves cooked,35,0.6,0.1,0.065,0.2,5.6,0.0,3.9,2.9,0.0,0.3,133.6,0.0,0.2,0.074,0.0,0.6,1.8,0.077,0.1,51.5,0.0,0.0,0.0,124.7,0.2,1.7,29.0,0.5,39.2,667.0,0.035,0.3,190.9,FOOD-DATA-GROUP5,38.613861386138616,55.44554455445544,5.9405940594059405,0.5909090909090909,35,10.833333333333334,8.055555555555555,0.0,5.8,0.0083333333333333,0,0,0,0,Healthy,57.2
637,637,leeks cooked,38,0.2,0.086,0.098,0.1,9.4,2.6,1.0,1.2,0.0,0.067,112.6,0.0,0.007,0.066,0.0,0.095,0.2,0.009,0.1,5.2,0.0,0.6,0.055,37.2,0.038,1.4,17.4,0.3,21.1,107.9,0.004,0.057,55.6,FOOD-DATA-GROUP5,9.433962264150944,88.67924528301887,1.886792452830189,0.0961538461538461,38,2.564102564102564,3.0769230769230766,25.0,2.4,0.0017179487179487,0,0,0,0,Healthy,51.4
638,638,split peas cooked,227,0.8,0.1,0.2,0.3,40.2,5.7,16.3,16.3,0.0,0.5,136.2,0.0,0.4,0.1,0.0,0.1,1.7,1.2,0.086,0.8,0.0,0.028,0.063,27.4,0.4,2.5,70.6,0.8,194.0,709.5,0.059,2.0,104.3,FOOD-DATA-GROUP5,28.44677137870855,70.15706806282724,1.3961605584642236,0.395631067961165,227,7.149122807017544,7.149122807017544,13.834951456310678,10.0,0.0021929824561403,0,0,0,0,Healthy,74.9
639,639,sweet corn yellow,58,0.4,0.029,0.1,0.2,14.2,2.6,4.1,1.5,0.0,0.05,55.9,0.0,0.0,0.079,0.016,0.0,0.093,0.9,0.5,0.068,5.9,0.0,0.086,0.0,3.7,0.075,0.3,16.8,0.014,46.7,135.8,0.029,20.347,FOOD-DATA-GROUP5,21.925133689839576,75.93582887700536,2.1390374331550808,0.2697368421052631,58,6.9491525423728815,2.5423728813559325,17.105263157894736,3.0,0.0008474576271186,0,0,0,0,Healthy,54.3
640,640,asparagus raw,2,0.037,0.012,0.0,0.083,0.5,0.2,0.3,0.3,0.0,0.047,11.2,0.0,0.0,0.073,0.064,0.0,0.061,0.1,0.004,0.067,0.7,0.0,0.1,0.088,2.9,0.039,0.3,1.7,0.068,6.2,24.2,0.058,1.326,FOOD-DATA-GROUP5,35.84229390681003,59.73715651135005,4.420549581839904,0.1999999999999999,2,10.0,10.0,13.333333333333334,0.6,0.0156666666666666,0,0,0,0,Healthy,50.6
641,641,collard cooked,63,1.4,0.049,0.095,0.3,10.7,0.0,5.1,7.6,0.0,0.013,171.3,0.0,0.082,0.046,0.0,0.2,1.1,0.4,0.2,34.6,0.0,1.7,0.8,267.9,0.077,2.1,39.9,1.0,60.8,222.3,0.062,0.4,329.4,FOOD-DATA-GROUP5,29.651162790697672,62.2093023255814,8.139534883720929,0.4358974358974359,63,7.968749999999999,11.875,0.0,10.0,0.000203125,0,0,0,0,Healthy,65.2
642,642,swiss chard cooked,35,0.1,0.0,0.0,0.0,7.2,1.9,3.3,3.7,0.0,0.7,162.1,0.0,0.01,0.076,0.0,0.2,0.6,0.3,0.1,31.5,0.0,3.3,0.6,101.5,0.3,4.0,150.5,0.6,57.8,960.8,0.083,0.6,151.3,FOOD-DATA-GROUP5,31.132075471698112,67.9245283018868,0.9433962264150944,0.4024390243902439,35,9.166666666666666,10.27777777777778,23.170731707317078,7.4,0.0194444444444444,0,0,0,0,Healthy,57.3
643,643,nopales cooked,22,0.003,0.064,0.007,0.071,4.9,1.7,2.0,3.0,0.0,0.087,140.5,0.0,0.043,0.042,0.0,0.039,0.4,0.2,0.004,7.9,0.0,0.0,0.031,244.4,0.05,0.7,70.0,0.6,23.8,290.6,0.043,0.3,262.963,FOOD-DATA-GROUP5,28.97291032884253,70.9836303056642,0.0434593654932638,0.3389830508474576,22,8.695652173913043,13.043478260869565,28.813559322033893,6.0,0.0037826086956521,0,0,0,0,Healthy,55.3
644,644,tahitian taro cooked,60,0.9,0.2,0.015,0.4,9.4,0.0,5.7,0.0,0.0,0.4,118.5,0.0,0.078,0.094,0.0,0.3,0.7,0.2,0.2,52.1,0.0,0.0,0.0,204.1,0.1,2.1,69.9,0.2,91.8,853.5,0.085,0.1,274.3,FOOD-DATA-GROUP5,35.625,58.75,5.625,0.5480769230769231,60,9.344262295081968,0.0,0.0,0.0,0.0065573770491803,0,0,0,0,Healthy,54.1
645,645,chinese cabbage pak choi raw,9,0.1,0.013,0.03,0.034,1.5,0.8,1.1,0.7,0.0,0.087,66.7,0.0,0.035,0.088,0.0,0.059,0.4,0.077,0.1,31.5,0.0,0.068,0.079,73.5,0.021,0.6,13.3,0.1,25.9,176.4,0.083,0.1,109.0,FOOD-DATA-GROUP5,40.74074074074075,55.55555555555555,3.7037037037037033,0.44,9,11.000000000000002,6.999999999999999,32.0,1.4,0.0087,0,0,0,0,Healthy,51.5
646,646,green chili pepper,18,0.097,0.067,0.088,0.034,4.3,2.3,0.9,0.7,0.0,0.023,39.5,0.0,0.0,0.051,0.041,0.0,0.035,0.4,0.073,0.1,109.1,0.0,0.3,0.017,8.1,0.059,0.5,11.3,0.1,20.7,153.0,0.055,6.188,FOOD-DATA-GROUP5,16.990749480838208,81.17802529733811,1.8312252218236733,0.169811320754717,18,4.736842105263158,3.684210526315789,43.39622641509433,1.4,0.0012105263157894,0,0,0,0,Healthy,50.8
647,647,mountain yam raw,91,0.1,0.015,0.047,0.027,22.2,0.4,1.8,3.4,0.0,0.021,110.8,0.0,0.1,0.057,0.0,0.093,0.7,0.6,0.2,3.5,0.0,0.3,0.078,35.4,0.1,0.6,16.3,0.3,46.2,568.5,0.056,0.4,67.0,FOOD-DATA-GROUP5,7.468879668049793,92.11618257261412,0.4149377593360996,0.0775862068965517,91,1.956521739130435,3.695652173913044,1.7241379310344829,6.8,0.0002282608695652,0,0,0,0,Healthy,56.3
648,648,parsnips cooked,114,0.5,0.081,0.2,0.018,27.2,7.7,2.1,6.4,0.0,0.021,128.4,0.0,0.0,0.1,0.037,0.0,0.01,1.2,0.9,0.1,20.8,0.0,1.6,0.065,59.2,0.2,0.9,46.4,0.5,110.4,587.2,0.056,36.576,FOOD-DATA-GROUP5,7.046979865771812,91.27516778523488,1.6778523489932886,0.0744680851063829,114,1.8260869565217392,5.565217391304348,27.30496453900709,10.0,0.0001826086956521,0,0,0,0,Healthy,58.0
649,649,tomato stewed,97,3.3,0.6,1.3,1.1,16.1,0.0,2.4,2.1,0.0,0.6,99.2,0.0,0.0,0.1,0.083,0.0,0.073,1.4,0.3,0.1,22.4,0.0,0.0,0.0,32.0,0.1,1.3,18.5,0.2,46.7,303.8,0.08,24.1,FOOD-DATA-GROUP5,11.009174311926603,73.85321100917432,15.13761467889908,0.1403508771929824,97,2.4489795918367347,2.142857142857143,0.0,4.2,0.0061224489795918,0,0,0,0,Healthy,54.5
650,650,sweet green peppers cooked,19,0.1,0.037,0.031,0.039,4.5,2.3,0.7,0.9,0.0,0.2,67.1,0.0,0.055,0.092,0.0,0.033,0.3,0.087,0.2,54.3,0.0,0.4,0.067,6.6,0.092,0.3,7.3,0.032,13.1,121.2,0.09,0.009,67.4,FOOD-DATA-GROUP5,13.20754716981132,84.90566037735849,1.886792452830189,0.1272727272727272,19,3.5,4.5,41.81818181818181,1.8,0.01,0,0,0,0,Healthy,50.9
651,651,white corn raw,143,2.0,0.3,0.6,0.9,31.6,5.3,5.3,4.5,0.0,0.088,126.1,0.0,0.0,0.3,0.096,0.0,0.065,2.8,0.7,0.08,11.3,0.0,0.1,0.081,3.3,0.5,0.9,61.4,0.8,147.7,448.2,0.096,43.973,FOOD-DATA-GROUP5,13.624678663239076,81.23393316195373,5.141388174807198,0.1625766871165644,143,3.680555555555556,3.125,16.25766871165644,9.0,0.0006111111111111,0,0,0,0,Healthy,58.4
652,652,rutabaga raw,286,1.2,0.2,0.2,0.7,66.5,34.4,8.3,17.8,0.0,0.061,690.4,0.0,0.7,0.2,0.0,0.3,5.4,1.2,0.8,193.0,0.0,2.3,0.048,332.0,0.2,3.4,154.4,1.0,409.2,2354.6,0.041,1.9,622.2,FOOD-DATA-GROUP5,10.921052631578949,87.5,1.5789473684210529,0.1229629629629629,286,2.8919860627177703,6.202090592334495,50.96296296296296,10.0,0.0002125435540069,0,1,0,0,Healthy,57.3
653,653,jalapeno peppers canned,37,1.3,0.1,0.031,0.7,6.4,2.9,1.3,3.5,0.0,2.3,120.9,0.0,0.017,0.092,0.0,0.046,0.5,0.6,0.3,13.6,0.0,0.9,0.06,31.3,0.2,2.6,20.4,0.2,24.5,262.5,0.03,0.5,60.0,FOOD-DATA-GROUP5,14.444444444444446,71.11111111111111,14.444444444444446,0.1756756756756756,37,3.421052631578948,9.210526315789473,39.18918918918919,7.0,0.0605263157894736,0,0,0,0,Healthy,55.0
654,654,pumpkin canned,83,0.7,0.4,0.098,0.032,19.8,8.1,2.7,7.1,0.0,0.6,220.4,0.0,0.092,0.015,0.0,0.1,0.9,1.0,0.1,10.3,0.0,2.6,0.067,63.7,0.3,3.4,56.4,0.4,85.8,504.7,0.064,0.4,107.7,FOOD-DATA-GROUP5,11.63793103448276,85.3448275862069,3.0172413793103448,0.1298076923076923,83,3.214285714285715,8.45238095238095,38.942307692307686,10.0,0.0071428571428571,0,0,0,0,Healthy,59.1
655,655,peas onions canned,61,0.5,0.064,0.009,0.2,10.3,0.0,3.9,2.8,0.0,0.5,103.7,0.0,0.1,0.089,0.0,0.055,1.5,0.2,0.2,3.6,0.0,0.0,0.0,20.4,0.1,1.0,19.2,0.3,61.2,115.2,0.061,0.7,42.5,FOOD-DATA-GROUP5,26.53061224489796,70.06802721088435,3.401360544217687,0.3451327433628318,61,6.290322580645161,4.516129032258064,0.0,5.6,0.0080645161290322,0,0,0,0,Healthy,57.1
656,656,sweet mashed potato canned,258,0.5,0.1,0.042,0.2,59.1,13.9,5.0,4.3,0.0,0.2,188.4,0.0,0.076,0.05,0.0,0.2,2.4,1.3,0.6,13.3,0.0,2.8,0.058,76.5,0.7,3.4,61.2,2.5,132.6,535.5,0.016,0.5,162.1,FOOD-DATA-GROUP5,7.739938080495357,91.48606811145513,0.7739938080495357,0.0831946755407653,258,1.9305019305019304,1.6602316602316602,23.128119800332776,8.6,0.0007722007722007,0,0,0,0,Healthy,54.6
657,657,hominy canned,119,1.5,0.2,0.4,0.7,23.5,3.0,2.4,4.1,0.0,0.6,136.2,0.0,0.055,0.084,0.0,0.066,0.003,0.3,0.032,0.0,0.0,0.037,0.026,16.5,0.081,1.0,26.4,0.1,57.8,14.9,0.03,1.7,49.0,FOOD-DATA-GROUP5,8.75912408759124,85.76642335766424,5.474452554744526,0.0979591836734693,119,2.0,3.4166666666666665,12.244897959183673,8.2,0.005,0,0,0,0,Healthy,56.6
658,658,tomato puree canned,95,0.5,0.098,0.028,0.2,22.5,12.1,4.1,4.8,0.0,0.002,219.7,0.0,0.0,0.056,0.076,0.0,0.2,3.7,1.1,0.3,26.5,0.0,4.9,0.038,45.0,0.7,4.5,57.5,0.4,100.0,1097.5,0.001,32.936,FOOD-DATA-GROUP5,15.129151291512914,83.02583025830258,1.8450184501845015,0.1744680851063829,95,4.270833333333333,5.0,51.48936170212765,9.6,2.0833333333333333e-05,0,0,0,0,Healthy,55.4
659,659,dried tomatoes canned in oil,6,0.4,0.072,0.3,0.076,0.7,0.0,0.2,0.2,0.0,0.056,1.6,0.0,0.005,0.026,0.0,0.038,0.1,0.095,0.062,3.1,0.0,0.0,0.0,1.4,0.032,0.057,2.4,0.084,4.2,47.0,0.063,0.038,6.037,FOOD-DATA-GROUP5,15.384615384615389,53.846153846153854,30.769230769230777,0.1176470588235294,6,2.857142857142857,2.857142857142857,0.0,0.4,0.008,0,0,0,0,Healthy,50.4
660,660,mixed vegetables canned,88,0.6,0.1,0.039,0.3,17.5,0.0,3.5,9.3,0.0,0.5,221.1,0.0,0.0,0.03,0.097,0.0,0.098,1.2,0.3,0.2,9.3,0.0,0.0,0.0,51.5,0.3,1.6,36.8,1.0,90.7,338.1,0.02,31.4,FOOD-DATA-GROUP5,16.203703703703702,81.0185185185185,2.7777777777777777,0.1891891891891892,88,3.932584269662921,10.449438202247192,0.0,10.0,0.0056179775280898,0,0,0,0,Healthy,66.5
661,661,straw mushrooms canned,2,0.09,0.1,0.06,0.027,0.3,0.0,0.2,0.1,0.0,0.049,4.9,0.0,0.0,0.012,0.012,0.0,0.021,0.016,0.065,0.099,0.0,0.0,0.0,0.0,0.6,0.06,0.015,0.4,0.088,3.4,4.3,0.083,0.771,FOOD-DATA-GROUP5,33.898305084745765,50.84745762711864,15.254237288135592,0.1538461538461538,2,6.666666666666667,3.333333333333333,0.0,0.2,0.0163333333333333,0,0,0,0,Healthy,50.2
662,662,capers canned,2,0.089,0.021,0.098,0.089,0.4,0.011,0.2,0.3,0.0,0.2,7.2,0.0,0.089,0.018,0.0,0.036,0.094,0.099,0.078,0.4,0.0,0.066,0.083,3.4,0.049,0.1,2.8,0.037,0.9,3.4,0.042,0.092,4.856,FOOD-DATA-GROUP5,29.02757619738752,58.05515239477504,12.917271407837443,0.1428571428571428,2,6.666666666666667,10.0,0.7857142857142858,0.6,0.0666666666666666,0,0,0,0,Healthy,50.6
663,663,red peppers canned,15,0.058,0.03,0.069,0.098,3.7,2.4,0.7,0.9,0.0,0.9,67.5,0.0,0.05,0.017,0.0,0.016,0.6,0.002,0.1,49.6,0.0,0.5,0.037,5.1,0.076,0.4,10.2,0.1,12.4,136.5,0.027,0.1,60.443,FOOD-DATA-GROUP5,15.70210856886496,82.99685957828623,1.3010318528488112,0.1489361702127659,15,4.375,5.625,51.06382978723404,1.8,0.05625,0,0,0,0,Healthy,50.9
664,664,carrots canned,104,0.6,0.1,0.009,0.3,24.4,11.2,2.6,8.2,0.0,0.2,422.2,0.0,0.0,0.061,0.069,0.0,0.1,1.9,0.6,0.5,9.1,0.0,3.3,0.028,140.7,0.5,2.4,40.9,2.0,90.8,717.3,0.1,36.875,FOOD-DATA-GROUP5,9.420289855072465,88.40579710144927,2.1739130434782608,0.1023622047244094,104,2.4761904761904763,7.809523809523809,44.09448818897638,10.0,0.0019047619047619,0,0,0,0,Healthy,59.7
665,665,tomatoes in tomato juice canned,41,0.3,0.08,0.013,0.1,9.6,5.7,1.9,2.4,0.0,0.3,226.3,0.0,0.1,0.083,0.0,0.1,1.7,0.3,0.3,22.3,0.0,1.6,0.024,74.4,0.2,2.3,26.4,0.2,45.6,451.2,0.06,0.3,113.2,FOOD-DATA-GROUP5,16.101694915254235,81.35593220338983,2.542372881355932,0.1792452830188679,41,4.523809523809524,5.714285714285714,53.77358490566038,4.8,0.0071428571428571,0,0,0,0,Healthy,52.7
666,666,asparagus canned,62,0.7,0.2,0.015,0.3,10.2,4.1,7.4,4.1,0.0,0.1,387.7,0.0,0.2,0.3,0.0,0.4,3.5,0.5,0.4,67.8,0.0,1.2,0.2,61.7,0.4,2.5,37.0,0.6,156.2,706.9,0.025,1.9,154.4,FOOD-DATA-GROUP5,40.43715846994536,55.73770491803278,3.825136612021857,0.6607142857142858,62,11.746031746031743,6.507936507936507,36.60714285714285,8.2,0.0015873015873015,0,0,0,0,Healthy,59.9
667,667,sweet red peppers canned,25,0.4,0.013,0.006,0.2,5.5,0.0,1.1,1.7,0.0,1.9,127.8,0.0,0.066,0.097,0.0,0.088,0.8,0.024,0.2,65.1,0.0,0.0,0.0,57.4,0.2,1.1,15.4,0.2,28.0,204.4,0.088,0.3,132.3,FOOD-DATA-GROUP5,15.714285714285715,78.57142857142857,5.714285714285714,0.1692307692307692,25,4.230769230769231,6.538461538461539,0.0,3.4,0.073076923076923,0,0,0,0,Healthy,53.3
668,668,onions canned,12,0.084,0.045,0.06,0.042,2.5,1.4,0.5,0.8,0.0,0.2,59.3,0.0,0.049,0.022,0.0,0.001,0.062,0.048,0.095,2.7,0.0,0.038,0.087,28.4,0.042,0.011,3.8,0.074,17.6,69.9,0.025,0.2,34.925,FOOD-DATA-GROUP5,16.212710765239947,81.06355382619974,2.723735408560312,0.1428571428571428,12,3.8461538461538463,6.153846153846154,40.0,1.6,0.0153846153846153,0,0,0,0,Healthy,51.0
669,669,turnip greens canned,27,0.4,0.1,0.047,0.2,4.0,0.6,2.0,1.9,0.0,0.082,136.4,0.0,0.017,0.1,0.0,0.078,0.5,0.3,0.098,22.3,0.0,2.1,0.4,169.9,0.1,2.2,28.8,0.4,30.2,203.0,0.066,0.3,202.7,FOOD-DATA-GROUP5,31.25,62.5,6.25,0.4,27,7.142857142857142,6.785714285714286,12.0,3.8,0.0029285714285714,0,0,0,0,Healthy,54.0
670,670,hearts of palm,9,0.2,0.056,0.029,0.02,1.5,0.0,0.8,0.8,0.0,0.1,29.8,0.0,0.054,0.018,0.0,0.012,0.1,0.072,0.08,2.6,0.0,0.0,0.0,19.1,0.066,1.0,12.5,0.5,21.5,58.4,0.09,0.4,26.0,FOOD-DATA-GROUP5,32.0,60.0,8.0,0.32,9,8.0,8.0,0.0,1.6,0.01,0,0,0,0,Healthy,51.8
671,671,spinach canned,44,0.9,0.1,0.074,0.4,6.8,0.0,4.9,3.7,0.0,0.7,218.1,0.0,0.014,0.1,0.0,0.2,0.6,0.073,0.2,31.6,0.0,0.0,0.0,194.2,0.3,3.7,131.0,1.2,74.9,538.2,0.053,1.0,245.8,FOOD-DATA-GROUP5,38.88888888888889,53.96825396825397,7.142857142857144,0.6282051282051283,44,10.88888888888889,8.222222222222223,0.0,7.4,0.0155555555555555,0,0,0,0,Healthy,59.1
672,672,sweet potato canned,568,1.3,0.3,0.08,0.5,133.5,98.3,6.3,16.0,0.0,0.3,493.7,0.0,0.2,0.074,0.0,0.3,2.9,2.1,0.3,67.0,0.0,6.0,0.098,95.7,0.8,5.1,82.9,3.2,172.3,1180.3,0.037,1.2,324.9,FOOD-DATA-GROUP5,4.4649184975194895,94.61374911410346,0.9213323883770376,0.0468401486988847,568,1.1072056239015815,2.81195079086116,73.08550185873605,10.0,0.0005272407732864,0,1,0,0,Limit,49.5
673,673,corn canned,49,0.6,0.032,0.1,0.2,11.1,3.3,1.6,1.4,0.0,0.2,66.1,0.0,0.0,0.065,0.07,0.0,0.022,0.7,0.4,0.011,2.1,0.0,0.098,0.0,3.2,0.02,0.3,12.0,0.085,36.8,108.8,0.051,14.834,FOOD-DATA-GROUP5,12.030075187969928,83.45864661654136,4.511278195488722,0.1322314049586777,49,3.2,2.8,27.27272727272727,2.8,0.004,0,0,0,0,Healthy,52.0
674,674,peas carrots canned,97,0.7,0.1,0.052,0.3,21.6,7.2,5.5,8.4,0.0,0.7,224.8,0.0,0.0,0.2,0.091,0.0,0.1,1.5,0.3,0.2,16.8,0.0,1.0,0.059,58.7,0.3,1.9,35.7,0.9,117.3,255.0,0.05,36.729,FOOD-DATA-GROUP5,19.784172661870503,77.6978417266187,2.517985611510791,0.243362831858407,97,5.612244897959184,8.571428571428571,31.858407079646017,10.0,0.0071428571428571,0,0,0,0,Healthy,63.8
675,675,crookneck squash canned,27,0.1,0.088,0.065,0.027,6.2,2.5,1.3,2.9,0.0,0.006,201.7,0.0,0.039,0.013,0.0,0.034,0.9,0.1,0.018,5.7,0.0,0.3,0.052,25.2,0.2,1.5,27.3,0.2,44.1,201.6,0.026,0.6,42.9,FOOD-DATA-GROUP5,17.105263157894736,81.57894736842107,1.3157894736842106,0.1805555555555555,27,4.642857142857143,10.357142857142856,34.72222222222222,5.8,0.0002142857142857,0,0,0,0,Healthy,54.3
676,676,tomatoes canned,77,0.7,0.062,0.1,0.3,17.6,10.6,4.0,4.6,0.0,0.3,216.4,0.0,0.2,0.083,0.0,0.1,3.0,0.7,0.4,22.3,0.0,3.0,0.038,82.3,0.4,3.1,48.4,0.4,77.4,709.1,0.096,0.7,134.6,FOOD-DATA-GROUP5,17.937219730941703,78.9237668161435,3.1390134529147984,0.2150537634408602,77,5.128205128205128,5.897435897435897,56.98924731182795,9.2,0.0038461538461538,0,0,0,0,Healthy,55.6
677,677,pimento canned,44,0.6,0.004,0.081,0.3,9.8,5.2,2.1,3.6,0.0,0.006,178.8,0.0,0.061,0.016,0.0,0.1,1.2,0.068,0.4,163.0,0.0,1.3,0.098,11.5,0.071,3.2,11.5,0.2,32.6,303.4,0.099,0.4,193.8,FOOD-DATA-GROUP5,16.8,78.4,4.8,0.1944444444444444,44,4.666666666666667,8.0,48.14814814814815,7.2,0.0001333333333333,0,0,0,0,Healthy,54.9
678,678,sweet green peppers canned,25,0.4,0.037,0.015,0.2,5.5,0.0,1.1,1.7,0.0,1.9,127.8,0.0,0.077,0.026,0.0,0.012,0.8,0.087,0.2,65.1,0.0,0.0,0.0,57.4,0.2,1.1,15.4,0.2,28.0,204.4,0.061,0.3,132.3,FOOD-DATA-GROUP5,15.714285714285715,78.57142857142857,5.714285714285714,0.1692307692307692,25,4.230769230769231,6.538461538461539,0.0,3.4,0.073076923076923,0,0,0,0,Healthy,53.3
679,679,peas canned,57,0.8,0.1,0.021,0.4,9.5,0.0,3.5,0.0,0.0,0.2,65.5,0.0,0.0,0.088,0.019,0.0,0.04,0.8,0.0,0.0,7.4,0.0,0.0,0.0,19.2,0.091,0.9,14.4,0.2,52.0,84.0,0.0,13.89,FOOD-DATA-GROUP5,25.362318840579707,68.84057971014492,5.797101449275362,0.3333333333333333,57,6.0344827586206895,0.0,0.0,0.0,0.0034482758620689,0,0,0,0,Healthy,52.5
680,680,chili peppers canned,29,0.4,0.013,0.053,0.2,6.4,0.0,1.0,2.4,0.0,0.6,129.6,0.0,0.054,0.039,0.0,0.07,0.9,0.1,0.2,47.5,0.0,0.0,0.0,50.0,0.0,1.8,5.6,0.0,15.3,157.1,0.043,0.1,109.5,FOOD-DATA-GROUP5,12.82051282051282,82.05128205128204,5.128205128205128,0.1351351351351351,29,3.333333333333333,8.0,0.0,4.8,0.02,0,0,0,0,Healthy,54.3
681,681,green peppers canned,15,0.074,0.096,0.015,0.062,3.7,2.3,0.7,0.9,0.0,0.9,67.5,0.0,0.052,0.037,0.0,0.01,0.6,0.093,0.1,49.6,0.0,0.5,0.003,5.1,0.062,0.4,10.2,0.1,12.4,136.5,0.034,0.1,60.468,FOOD-DATA-GROUP5,15.645954403218596,82.70004470272687,1.6540008940545372,0.1489361702127659,15,4.375,5.625,48.93617021276595,1.8,0.05625,0,0,0,0,Healthy,50.9
682,682,grape leaves canned,20,0.6,0.065,0.016,0.3,3.3,0.0,1.2,2.8,0.0,0.8,21.5,0.0,0.083,0.054,0.0,0.1,1.3,1.2,0.01,3.2,0.0,0.5,0.075,81.8,0.5,0.8,4.0,0.004,9.6,8.2,0.044,0.1,93.7,FOOD-DATA-GROUP5,23.52941176470588,64.70588235294117,11.76470588235294,0.2790697674418604,20,5.714285714285714,13.333333333333334,0.0,5.6,0.0380952380952381,0,0,0,0,Healthy,55.0
683,683,sauerkraut canned,27,0.2,0.023,0.056,0.01,6.1,2.5,1.3,4.1,0.0,0.9,131.4,0.0,0.0,0.047,0.041,0.0,0.052,0.2,0.1,0.2,20.9,0.0,0.2,0.096,42.6,0.1,2.1,18.5,0.2,28.4,241.4,0.094,12.078,FOOD-DATA-GROUP5,17.105263157894736,80.26315789473684,2.631578947368421,0.1830985915492957,27,4.642857142857143,14.64285714285714,35.21126760563381,8.2,0.0321428571428571,0,0,0,0,Healthy,56.1
684,684,beets canned,69,0.2,0.017,0.06,0.099,16.2,13.2,2.0,3.0,0.0,0.02,225.4,0.0,0.077,0.093,0.0,0.037,0.4,0.4,0.1,6.9,0.0,0.051,0.028,32.0,0.2,1.5,39.4,0.6,39.4,349.3,0.063,0.6,61.8,FOOD-DATA-GROUP5,10.869565217391305,88.04347826086956,1.0869565217391306,0.1162790697674418,69,2.857142857142857,4.285714285714286,76.74418604651163,6.0,0.0002857142857142,0,0,0,0,Healthy,50.7
685,685,stewed tomatoes canned,66,0.5,0.078,0.058,0.2,15.8,9.0,2.3,2.6,0.0,0.6,233.4,0.0,0.0,0.1,0.057,0.0,0.02,1.8,0.3,0.091,20.1,0.0,2.1,0.039,86.7,0.3,3.4,30.6,0.2,51.0,527.9,0.082,21.684,FOOD-DATA-GROUP5,12.36559139784946,84.94623655913979,2.6881720430107525,0.1369047619047619,66,3.4328358208955225,3.880597014925373,53.57142857142857,5.2,0.008955223880597,0,0,0,0,Healthy,52.0
686,686,tomato paste canned,215,1.2,0.3,0.2,0.4,49.5,31.9,11.3,10.7,0.0,2.1,192.6,0.0,0.2,0.018,0.0,0.4,8.1,0.4,0.6,57.4,0.0,11.3,0.005,94.3,1.0,7.8,110.0,0.8,217.5,2656.7,0.07,1.7,232.2,FOOD-DATA-GROUP5,18.225806451612904,79.83870967741935,1.935483870967742,0.2237623762376237,215,5.231481481481482,4.953703703703703,63.16831683168317,10.0,0.0097222222222222,0,1,0,0,Healthy,60.5
687,687,bacon ranch salad mcdonalds,389,20.1,5.2,7.9,5.2,19.4,4.9,28.1,3.2,70.2,0.9,246.8,0.0,0.2,0.0,0.0,0.2,9.6,1.8,0.0,30.9,0.0,0.0,0.0,146.7,0.0,1.9,0.0,0.0,0.0,0.0,0.0,0.0,250.3,FOOD-DATA-GROUP5,41.56804733727812,28.698224852071007,29.73372781065089,1.377450980392157,389,7.205128205128205,0.8205128205128205,24.01960784313726,6.4,0.0023076923076923,0,0,1,0,Healthy,63.9
688,688,caesar salad with grilled chicken mcdonalds,201,5.6,3.0,1.5,0.6,11.3,4.8,29.1,3.3,71.0,0.6,245.5,0.0,0.2,0.0,0.0,0.2,11.3,1.5,0.0,31.4,0.0,0.0,0.0,189.4,0.0,1.8,0.0,0.0,0.0,754.8,0.0,0.0,271.9,FOOD-DATA-GROUP5,63.26086956521738,24.565217391304344,12.173913043478258,2.365853658536585,201,14.405940594059407,1.6336633663366338,39.02439024390244,6.6,0.0029702970297029,0,0,0,0,Healthy,65.8
689,689,caesar salad mcdonalds,94,4.4,2.5,1.0,0.3,9.1,4.4,6.8,3.4,10.7,0.2,191.1,0.0,0.018,0.1,0.0,0.016,0.5,0.0,0.0,30.0,0.0,0.0,0.0,183.2,0.0,1.3,19.2,0.0,168.3,460.1,0.068,0.0,238.2,FOOD-DATA-GROUP5,33.49753694581281,44.82758620689656,21.674876847290644,0.6732673267326733,94,7.157894736842104,3.578947368421052,43.56435643564357,6.8,0.0021052631578947,0,0,0,0,Healthy,56.6
690,690,vegetable salad,22,0.054,0.053,0.03,0.016,4.4,0.0,1.7,0.0,0.0,0.025,131.8,0.0,0.065,0.027,0.0,0.007,0.8,0.2,0.1,32.0,0.0,0.0,0.0,17.9,0.053,0.9,15.2,0.2,53.8,237.4,0.055,0.3,56.916,FOOD-DATA-GROUP5,27.62430939226519,71.49821254468638,0.8774780630484237,0.3148148148148147,22,7.391304347826087,0.0,0.0,0.0,0.0010869565217391,0,0,0,0,Healthy,51.2
691,691,vegetable salad with chicken,70,1.5,0.4,0.5,0.4,2.5,0.0,11.6,0.0,47.9,0.1,126.5,0.077,0.034,0.032,0.056,0.068,3.9,0.4,0.3,11.6,0.0,0.0,0.0,24.7,0.08,0.7,21.8,0.2,113.3,297.9,0.014,0.6,52.69,FOOD-DATA-GROUP5,74.35897435897436,16.025641025641026,9.615384615384617,3.314285714285714,70,16.338028169014084,0.0,0.0,0.0,0.0014084507042253,0,0,0,0,Healthy,58.4
692,692,potato salad,358,20.5,3.6,6.2,9.3,27.9,0.0,6.7,3.3,170.0,1.3,190.0,0.048,0.2,0.038,0.0,0.2,2.2,1.3,0.4,25.0,0.0,0.0,0.0,47.5,0.3,1.6,37.5,0.3,130.0,635.0,0.081,0.8,132.547,FOOD-DATA-GROUP5,12.159709618874771,50.63520871143376,37.20508166969147,0.2318339100346021,358,1.8662952646239557,0.9192200557103064,0.0,6.6,0.0036211699164345,0,0,0,1,Healthy,57.3
693,693,taco salad taco bell,906,48.9,15.9,21.2,4.0,80.5,0.0,35.7,16.0,101.3,1.9,358.8,0.0,0.8,0.2,0.09,0.6,8.0,1.1,0.5,0.0,0.0,2.9,0.072,506.4,0.8,9.4,143.9,1.4,549.0,1220.6,0.095,6.2,696.9,FOOD-DATA-GROUP5,21.62325863113265,48.75832828588735,29.618413082980013,0.4380368098159509,906,3.936052921719956,1.7640573318632855,0.0,10.0,0.0020948180815876,0,0,1,1,Healthy,68.1
694,694,iceberg lettuce,8,0.045,0.089,0.015,0.076,1.7,1.1,0.5,0.7,0.0,0.022,54.5,0.0,0.0,0.015,0.07,0.0,0.059,0.061,0.046,0.042,1.6,0.0,0.1,0.079,10.3,0.033,0.2,4.0,0.061,11.4,80.4,0.007,3.064,FOOD-DATA-GROUP5,22.271714922049,75.7238307349666,2.0044543429844097,0.1851851851851851,8,5.555555555555555,7.777777777777778,40.74074074074075,1.4,0.0024444444444444,0,0,0,0,Healthy,50.9
695,695,cornsalad,12,0.2,0.0,0.0,0.0,2.0,0.0,1.1,0.0,0.0,0.067,52.0,0.0,0.0,0.096,0.002,0.0,0.072,0.2,0.024,0.2,21.4,0.0,0.0,0.0,21.3,0.092,1.2,7.3,0.2,29.7,257.0,0.006,3.593,FOOD-DATA-GROUP5,33.33333333333333,60.6060606060606,6.0606060606060606,0.3666666666666667,12,8.461538461538462,0.0,0.0,0.0,0.0051538461538461,0,0,0,0,Healthy,50.8
696,696,potato salad with egg,393,23.5,3.6,5.0,12.5,40.5,12.4,4.9,3.3,42.5,0.8,177.5,0.09,0.002,0.046,0.003,0.063,2.0,1.1,0.3,2.0,0.083,1.7,0.047,37.5,0.1,1.3,37.5,0.3,132.5,605.0,0.039,0.8,113.038,FOOD-DATA-GROUP5,7.111756168359943,58.78084179970971,34.10740203193033,0.1180722891566265,393,1.2436548223350254,0.8375634517766496,29.87951807228916,6.6,0.0020304568527918,0,0,0,0,Healthy,51.0
697,697,side salad mcdonalds,17,0.2,0.014,0.061,0.031,3.7,1.9,0.9,1.4,0.0,0.037,81.7,0.0,0.098,0.059,0.0,0.042,0.2,0.0,0.0,13.7,0.0,0.0,0.0,20.9,0.0,0.6,0.0,0.0,0.0,191.4,0.0,0.0,41.4,FOOD-DATA-GROUP5,18.75,77.08333333333333,4.166666666666666,0.1914893617021276,17,5.0,7.777777777777778,40.42553191489361,2.8,0.0020555555555555,0,0,0,0,Healthy,52.0
698,698,caesar salad with crispy chicken mcdonalds,349,16.4,4.3,6.5,4.7,19.2,4.5,25.7,3.4,55.6,0.7,243.4,0.0,0.2,0.0,0.0,0.2,9.6,1.8,0.0,30.9,0.0,0.0,0.0,188.5,0.0,1.8,0.0,0.0,0.0,784.9,0.0,0.0,285.9,FOOD-DATA-GROUP5,41.92495921696574,31.321370309951064,26.7536704730832,1.2722772277227723,349,7.3428571428571425,0.9714285714285712,22.27722772277228,6.8,0.002,0,0,0,0,Healthy,65.1
699,699,grape apple salad with walnuts,191,8.2,1.1,1.4,5.3,25.6,20.3,3.5,3.6,1.6,0.087,124.7,0.069,0.063,0.051,0.008,0.1,0.3,0.3,0.2,7.8,0.0,0.2,0.077,70.1,0.2,0.5,27.7,0.3,97.8,264.1,0.016,0.6,119.357,FOOD-DATA-GROUP5,9.383378016085793,68.63270777479894,21.983914209115284,0.131578947368421,191,1.8229166666666667,1.875,76.31578947368422,7.2,0.0004531249999999,0,1,0,0,Limit,49.1
700,700,vegetable salad with cheese egg,68,3.9,2.0,1.2,0.3,3.2,0.0,5.8,0.0,65.1,0.044,130.8,0.01,0.013,0.056,0.012,0.1,0.7,0.3,0.002,6.5,0.0,0.0,0.0,66.5,0.083,0.4,15.9,0.2,88.2,247.3,0.036,0.7,86.317,FOOD-DATA-GROUP5,44.96124031007752,24.8062015503876,30.23255813953488,1.380952380952381,68,8.405797101449275,0.0,0.0,0.0,0.0006376811594202,0,0,0,0,Healthy,52.8
701,701,celtuce,1,0.088,0.0,0.0,0.0,0.3,0.0,0.071,0.1,0.0,0.094,7.6,0.0,0.033,0.091,0.0,0.031,0.02,0.047,0.034,1.6,0.0,0.0,0.0,3.1,0.047,0.079,2.2,0.049,3.1,26.4,0.074,0.045,5.255,FOOD-DATA-GROUP5,15.468409586056644,65.359477124183,19.172113289760347,0.0546153846153846,1,3.55,5.0,0.0,0.2,0.047,0,0,0,0,Healthy,50.2
702,702,arugula,5,0.1,0.029,0.015,0.057,0.7,0.4,0.5,0.3,0.0,0.018,18.3,0.0,0.015,0.055,0.0,0.053,0.07,0.035,0.044,3.0,0.0,0.043,0.067,32.0,0.072,0.3,9.4,0.095,10.4,73.8,0.011,0.091,36.9,FOOD-DATA-GROUP5,38.46153846153846,53.84615384615385,7.6923076923076925,0.2941176470588235,5,8.333333333333332,5.0,23.529411764705884,0.6,0.0029999999999999,0,0,0,0,Healthy,50.6
703,703,vegetable salad with shrimp,71,1.7,0.4,0.5,0.3,4.4,0.0,9.7,0.0,119.5,0.3,140.2,0.0,0.049,0.018,0.058,0.1,0.8,0.3,0.099,6.1,0.0,0.0,0.0,39.3,0.1,0.6,25.2,0.082,107.0,269.0,0.088,0.8,61.8,FOOD-DATA-GROUP5,61.392405063291136,27.848101265822788,10.759493670886076,1.796296296296296,71,13.47222222222222,0.0,0.0,0.0,0.0041666666666666,0,0,0,1,Healthy,57.0
704,704,coleslaw,292,18.9,3.1,5.1,10.2,28.4,23.3,1.8,3.6,7.6,0.4,140.2,0.018,0.075,0.03,0.0,0.0,0.017,0.4,0.5,0.2,27.9,0.0,1.0,0.1,57.3,0.039,0.4,15.3,0.2,38.2,246.4,0.0,53.118,FOOD-DATA-GROUP5,3.6659877800407337,57.84114052953158,38.4928716904277,0.0612244897959183,292,0.6143344709897611,1.2286689419795225,79.25170068027212,7.2,0.0013651877133105,0,1,0,0,Limit,45.1
705,705,shiitake mushrooms cooked,10,0.007,0.061,0.051,0.064,2.6,0.7,0.3,0.4,0.0,0.048,15.0,0.0,0.0,0.038,0.098,0.0,0.063,0.3,0.6,0.064,0.032,0.08,0.0,0.0,0.5,0.2,0.042,2.5,0.086,5.2,21.1,0.055,3.573,FOOD-DATA-GROUP5,10.319917440660474,89.43928448572412,0.240798073615411,0.0833333333333333,10,2.727272727272727,3.6363636363636367,19.444444444444443,0.8,0.0043636363636363,0,0,0,0,Healthy,50.5
706,706,shiitake mushrooms raw,6,0.039,0.0,0.0,0.0,1.3,0.5,0.4,0.5,0.0,0.096,17.1,0.0,0.012,0.05,0.0,0.023,0.7,0.3,0.053,0.0,0.038,0.0,0.0,0.4,0.015,0.05,3.8,0.09,21.3,57.8,0.014,0.2,2.788,FOOD-DATA-GROUP5,23.001725129384702,74.75560667050028,2.242668200115008,0.1739130434782609,6,5.714285714285714,7.142857142857142,21.73913043478261,1.0,0.0137142857142857,0,0,0,0,Healthy,50.8
707,707,crimini mushrooms,1,0.018,0.054,0.014,0.025,0.3,0.1,0.2,0.064,0.0,0.086,5.5,0.0,0.0,0.087,0.074,0.041,0.076,0.2,0.094,0.001,0.0,0.099,0.015,0.0,1.1,0.098,0.007,0.5,0.048,7.2,26.9,0.038,0.681,FOOD-DATA-GROUP5,38.61003861003861,57.91505791505791,3.474903474903474,0.1538461538461538,1,10.0,3.2,7.6923076923076925,0.128,0.043,0,0,0,0,Healthy,50.2
708,708,mushrooms raw,15,0.2,0.052,0.0,0.1,2.3,1.4,2.2,0.7,0.0,0.053,64.7,0.0,0.05,0.093,0.0,0.3,2.5,1.0,0.025,1.5,0.005,0.026,0.0,2.1,0.2,0.4,6.3,0.042,60.2,222.6,0.061,0.4,9.4,FOOD-DATA-GROUP5,46.80851063829788,48.93617021276595,4.25531914893617,0.6666666666666667,15,13.750000000000002,4.375,42.42424242424242,1.4,0.0033125,0,0,0,0,Healthy,52.1
709,709,portabella mushrooms grilled,35,0.7,0.023,0.021,0.3,5.4,2.7,4.0,2.7,0.0,0.047,109.7,0.0,0.0,0.07,0.04,0.0,0.5,7.6,1.5,0.1,0.0,0.093,0.0,0.0,3.6,0.5,0.5,15.7,0.012,163.4,528.8,0.074,13.4,FOOD-DATA-GROUP5,39.6039603960396,53.46534653465347,6.93069306930693,0.625,35,11.11111111111111,7.500000000000001,42.1875,5.4,0.0013055555555555,0,0,0,0,Healthy,56.0
710,710,maitake mushrooms,0,0.017,0.011,0.059,0.022,0.072,0.043,0.016,0.041,0.0,0.059,1.0,0.0,0.0,0.003,0.064,0.0,0.003,0.03,0.026,0.08,0.0,0.042,0.034,0.0,0.063,0.013,0.088,0.1,0.082,0.8,2.2,0.035,0.374,FOOD-DATA-GROUP5,15.23809523809524,68.57142857142857,16.19047619047619,0.0149253731343283,0,1.6,4.1000000000000005,4.0111940298507465,0.082,0.059,0,0,0,0,Healthy,50.0
711,711,shiitake mushrooms dried,11,0.061,0.014,0.004,0.058,2.7,0.046,0.3,0.4,0.0,0.086,0.3,0.0,0.039,0.094,0.0,0.063,0.5,0.8,0.042,0.1,0.056,0.0,0.0,0.4,0.2,0.022,4.8,0.051,10.6,55.2,0.091,0.3,4.01,FOOD-DATA-GROUP5,9.800718719372757,88.20646847435479,1.99281280627246,0.081081081081081,11,2.5,3.333333333333333,1.2432432432432432,0.8,0.0071666666666666,0,0,0,0,Healthy,50.8
712,712,chanterelle mushrooms,2,0.063,0.0,0.0,0.0,0.4,0.076,0.033,0.2,0.0,0.028,4.9,0.0,0.0,0.002,0.077,0.0,0.052,0.2,0.083,0.01,0.0,0.048,0.0,0.0,0.8,0.067,0.2,0.7,0.024,3.1,27.3,0.064,0.757,FOOD-DATA-GROUP5,6.653225806451612,80.64516129032258,12.701612903225806,0.0235714285714285,2,1.1,6.666666666666667,5.428571428571429,0.4,0.0093333333333333,0,0,0,0,Healthy,50.3
713,713,cloud ear fungus dried,80,0.2,0.0,0.0,0.0,20.4,0.0,2.6,19.6,0.0,0.036,4.1,0.0,0.097,0.038,0.0,0.2,1.8,0.1,0.099,0.0,0.0,0.0,0.0,44.5,0.022,1.6,23.2,0.5,51.5,211.1,0.089,0.4,88.9,FOOD-DATA-GROUP5,11.20689655172414,87.93103448275862,0.8620689655172413,0.1214953271028037,80,3.2098765432098766,24.19753086419753,0.0,10.0,0.0004444444444444,0,0,0,0,Healthy,66.9
714,714,mushrooms cooked,44,0.7,0.05,0.004,0.3,8.3,3.7,3.4,3.4,0.0,0.011,142.1,0.0,0.0,0.1,0.016,0.0,0.5,7.0,3.4,0.1,6.2,0.043,0.091,0.0,9.4,0.8,2.7,18.7,0.2,135.7,555.4,0.05,16.7,FOOD-DATA-GROUP5,27.41935483870968,66.93548387096774,5.64516129032258,0.3655913978494623,44,7.555555555555555,7.555555555555555,39.784946236559136,6.8,0.0002444444444444,0,0,0,0,Healthy,56.1
715,715,pepeao dried,72,0.1,0.0,0.0,0.0,19.4,0.0,1.2,0.0,0.0,0.072,2.7,0.0,0.0,0.2,0.091,0.0,0.056,0.7,5.2,0.2,0.3,0.0,0.0,0.0,27.1,1.2,1.5,35.0,0.3,27.8,169.9,0.022,22.1,FOOD-DATA-GROUP5,5.797101449275362,93.71980676328502,0.4830917874396135,0.0588235294117647,72,1.643835616438356,0.0,0.0,0.0,0.000986301369863,0,0,0,0,Healthy,50.9
716,716,truffles,61,4.1,2.2,1.5,0.1,5.4,4.6,0.7,0.3,6.4,0.034,1.6,0.064,0.049,0.082,0.061,0.028,0.086,0.013,0.045,0.019,0.0,0.2,0.082,18.8,0.005,0.2,5.8,0.09,20.5,35.6,0.032,0.2,29.59,FOOD-DATA-GROUP5,6.862745098039216,52.941176470588246,40.19607843137255,0.1093749999999999,61,1.129032258064516,0.4838709677419355,71.87499999999999,0.6,0.0005483870967741,0,0,0,0,Healthy,47.5
717,717,jews ear,25,0.095,0.0,0.0,0.0,6.7,0.0,0.5,0.0,0.0,0.027,91.7,0.0,0.002,0.009,0.0,0.2,0.012,2.0,0.082,0.6,0.0,0.0,0.0,15.8,0.4,0.6,24.8,0.04,13.9,42.6,0.034,0.7,24.249,FOOD-DATA-GROUP5,6.854009595613434,91.84372858122002,1.3022618231665526,0.0649350649350649,25,1.9230769230769231,0.0,0.0,0.0,0.0010384615384615,0,0,0,0,Healthy,50.4
718,718,enoki mushrooms,1,0.099,0.027,0.0,0.01,0.2,0.034,0.062,0.089,0.0,0.084,2.7,0.0,0.0,0.087,0.031,0.0,0.021,0.2,0.0,0.095,0.0,0.072,0.088,0.0,0.0,0.099,0.034,0.5,0.015,3.2,10.8,0.096,0.433,FOOD-DATA-GROUP5,17.174515235457065,55.4016620498615,27.42382271468145,0.0516666666666666,1,3.1,4.45,2.833333333333333,0.178,0.042,0,0,0,0,Healthy,50.1
719,719,morel mushrooms,4,0.07,0.056,0.031,0.007,0.7,0.096,0.4,0.4,0.0,0.08,11.6,0.0,0.0,0.062,0.074,0.0,0.008,0.3,0.028,0.055,0.0,0.005,0.0,0.0,5.5,0.056,1.6,2.5,0.06,25.0,53.0,0.069,1.727,FOOD-DATA-GROUP5,34.18803418803418,59.829059829059815,5.982905982905982,0.2352941176470588,4,8.0,8.0,5.647058823529412,0.8,0.016,0,0,0,0,Healthy,50.8
720,720,portabella mushrooms raw,19,0.3,0.036,0.016,0.1,3.3,2.2,1.8,1.1,0.0,0.014,79.8,0.0,0.064,0.075,0.06,0.1,3.9,1.0,0.1,0.0,0.08,0.049,0.0,2.6,0.2,0.3,0.0,0.092,92.9,313.0,0.015,0.5,9.4,FOOD-DATA-GROUP5,33.333333333333336,61.11111111111112,5.555555555555556,0.4186046511627907,19,9.0,5.500000000000001,51.16279069767442,2.2,0.0007,0,0,0,0,Healthy,52.1
721,721,oyster mushroom,5,0.035,0.016,0.039,0.099,0.9,0.2,0.5,0.3,0.0,0.098,13.4,0.0,0.0,0.016,0.017,0.0,0.077,0.7,0.2,0.056,0.0,0.097,0.0,0.0,0.5,0.008,0.2,2.7,0.055,18.0,63.0,0.048,1.804,FOOD-DATA-GROUP5,34.84320557491289,62.71777003484321,2.439024390243903,0.2631578947368421,5,8.333333333333332,5.0,10.526315789473683,0.6,0.0163333333333333,0,0,0,0,Healthy,50.7
