Unnamed: 0.1,Unnamed: 0,food,Caloric Value,Fat,Saturated Fats,Monounsaturated Fats,Polyunsaturated Fats,Carbohydrates,Sugars,Protein,Dietary Fiber,Cholesterol,Sodium,Water,Vitamin A,Vitamin B1,Vitamin B11,Vitamin B12,Vitamin B2,Vitamin B3,Vitamin B5,Vitamin B6,Vitamin C,Vitamin D,Vitamin E,Vitamin K,Calcium,Copper,Iron,Magnesium,Manganese,Phosphorus,Potassium,Selenium,Zinc,Nutrition Density,source_group,feat_protein_pct,feat_carbs_pct,feat_fat_pct,feat_protein_carb_ratio,feat_calorie_density,feat_protein_density,feat_fiber_density,feat_sugar_pct,feat_fiber_score,feat_sodium_per_cal,feat_high_sodium,feat_high_sugar,feat_high_sat_fat,feat_high_cholesterol
0,0,cream cheese,51,5.0,2.9,1.3,0.2,0.8,0.5,0.9,0.0,14.6,0.016,7.6,0.2,0.033,0.064,0.092,0.097,0.084,0.052,0.096,0.004,0.0,0.0,0.1,0.008,14.1,0.082,0.027,1.3,0.091,15.5,19.1,0.039,7.07,FOOD-DATA-GROUP1,13.432835820895523,11.940298507462686,74.62686567164178,0.5,51,1.7307692307692308,0.0,27.77777777777778,0.0,0.0003076923076923077,0,0,0,0
1,1,neufchatel cheese,215,19.4,10.9,4.9,0.8,3.1,2.7,7.8,0.0,62.9,0.3,53.6,0.2,0.099,0.079,0.09,0.1,0.2,0.5,0.078,0.0,0.0,0.3,0.045,99.5,0.034,0.1,8.5,0.088,117.3,129.2,0.054,0.7,130.1,FOOD-DATA-GROUP1,25.742574257425744,10.231023102310232,64.02640264026402,1.902439024390244,215,3.6111111111111107,0.0,65.85365853658539,0.0,0.001388888888888889,0,0,1,0
2,2,requeijao cremoso light catupiry,49,3.6,2.3,0.9,0.0,0.9,3.4,0.8,0.1,0.0,0.0,0.0,0.0,0.0,0.0,0.0,0.0,0.0,0.0,0.0,0.0,0.0,0.0,0.0,0.0,0.0,0.0,0.0,0.0,0.0,0.0,0.0,0.0,5.4,FOOD-DATA-GROUP1,15.09433962264151,16.9811320754717,67.9245283018868,0.4210526315789474,49,1.6,0.2,178.94736842105263,0.2,0.0,0,0,0,0
3,3,ricotta cheese,30,2.0,1.3,0.5,0.002,1.5,0.091,1.5,0.0,9.8,0.017,14.7,0.075,0.019,0.079,0.091,0.027,0.041,0.016,0.007,0.006,0.0,0.001,0.011,0.097,41.2,0.097,0.096,4.0,0.024,30.8,43.8,0.035,5.196,FOOD-DATA-GROUP1,30.0,30.0,40.0,0.6,30,4.838709677419355,0.0,3.64,0.0,0.0005483870967741936,0,0,0,0
4,4,cream cheese low fat,30,2.3,1.4,0.6,0.042,1.2,0.9,1.2,0.0,8.1,0.046,10.0,0.016,0.08,0.062,0.049,0.026,0.08,0.1,0.003,0.0,0.036,0.009,0.019,22.2,0.072,0.008,1.2,0.098,22.8,37.1,0.034,0.053,27.007,FOOD-DATA-GROUP1,25.531914893617024,25.531914893617024,48.93617021276596,0.5454545454545454,30,3.870967741935484,0.0,40.90909090909091,0.0,0.0014838709677419354,0,0,0,0
5,5,cream cheese fat free,19,0.2,0.1,0.091,0.075,1.4,1.0,2.8,0.0,2.2,0.1,12.9,0.063,0.02,0.089,0.092,0.021,0.025,0.2,0.038,0.0,0.0,0.049,0.059,63.2,0.039,0.053,4.0,0.028,94.1,50.0,0.013,0.3,67.679,FOOD-DATA-GROUP1,63.63636363636363,31.818181818181817,4.545454545454546,1.1666666666666667,19,13.999999999999998,0.0,41.66666666666667,0.0,0.005,0,0,0,0
6,6,gruyere cheese,116,9.1,5.3,2.8,0.5,0.1,0.1,8.3,0.0,30.8,0.2,9.3,0.061,0.021,0.072,0.078,0.004,0.043,0.2,0.051,0.0,0.034,0.035,0.048,283.1,0.033,0.094,10.1,0.002,169.4,22.7,0.079,1.1,300.694,FOOD-DATA-GROUP1,47.42857142857143,0.5714285714285714,52.0,7.545454545454546,116,7.0940170940170955,0.0,9.090909090909092,0.0,0.0017094017094017094,0,0,1,0
7,7,cheddar cheese,113,9.3,5.3,2.6,0.3,0.9,0.1,6.4,0.0,27.7,0.2,10.3,0.054,0.031,0.005,0.073,0.1,0.01,0.1,0.005,0.0,0.06,0.2,0.035,198.8,0.099,0.077,7.6,0.063,127.4,21.3,0.009,1.0,215.53,FOOD-DATA-GROUP1,38.554216867469876,5.421686746987951,56.024096385542165,3.368421052631579,113,5.614035087719298,0.0,5.2631578947368425,0.0,0.0017543859649122807,0,0,1,0
8,8,parmesan cheese,71,4.5,2.7,1.4,0.1,0.6,0.046,6.4,0.0,12.2,0.2,5.4,0.067,0.062,0.099,0.059,0.057,0.039,0.06,0.066,0.0,0.095,0.018,0.021,213.1,0.051,0.1,7.9,0.073,124.9,16.6,0.045,0.5,224.777,FOOD-DATA-GROUP1,55.65217391304348,5.217391304347826,39.130434782608695,4.0,71,8.88888888888889,0.0,2.875,0.0,0.002777777777777778,0,0,0,0
9,9,romano cheese,19,1.3,0.9,0.4,0.035,0.2,0.088,1.6,0.0,5.2,0.008,1.5,0.064,0.058,0.026,0.045,0.059,0.055,0.025,0.029,0.0,0.073,0.078,0.004,53.2,0.046,0.03,2.1,0.002,38.0,4.3,0.087,0.1,56.38,FOOD-DATA-GROUP1,51.61290322580645,6.451612903225806,41.935483870967744,1.3333333333333335,19,8.0,0.0,7.333333333333333,0.0,0.0004,0,0,0,0
10,10,parmesan cheese grated,21,1.4,0.8,0.4,0.036,0.7,0.075,1.4,0.0,4.3,0.043,1.1,0.017,0.003,0.015,0.091,0.081,0.077,0.057,0.077,0.007,0.0,0.002,0.014,0.012,42.7,0.094,0.094,1.7,0.026,31.4,9.0,0.038,3.745,FOOD-DATA-GROUP1,40.0,20.0,40.0,0.8235294117647058,21,6.363636363636363,0.0,4.411764705882353,0.0,0.0019545454545454545,0,0,0,0
11,11,port salut cheese,465,37.2,22.0,12.3,1.0,0.8,0.8,31.4,0.0,162.4,0.7,60.0,0.4,0.012,0.035,0.067,0.3,0.019,0.3,0.08,0.0,0.057,0.3,0.094,858.0,0.062,0.6,31.7,0.095,475.2,179.5,0.015,3.4,928.4,FOOD-DATA-GROUP1,45.24495677233429,1.1527377521613833,53.602305475504316,17.444444444444443,465,6.738197424892703,0.0,44.44444444444445,0.0,0.001502145922746781,0,0,1,1
12,12,swiss cheese,98,7.7,4.6,2.0,0.3,0.4,0.0,6.7,0.0,23.3,0.057,9.4,0.069,0.008,0.027,0.008,0.018,0.058,0.1,0.036,0.0,0.016,0.2,0.056,222.5,0.026,0.024,8.3,0.062,143.5,18.0,0.031,1.1,237.396,FOOD-DATA-GROUP1,45.27027027027027,2.7027027027027026,52.02702702702703,4.7857142857142865,98,6.767676767676768,0.0,0.0,0.0,0.0005757575757575758,0,0,0,0
13,13,goat cheese hard,128,10.1,7.0,2.3,0.2,0.6,0.6,8.6,0.0,29.7,0.076,8.2,0.1,0.071,0.035,0.093,0.3,0.7,0.1,0.007,0.0,0.044,0.083,0.039,253.3,0.2,0.5,15.3,0.088,206.3,13.6,0.082,0.4,273.2,FOOD-DATA-GROUP1,44.55958549222798,3.108808290155441,52.33160621761659,5.374999999999999,128,6.666666666666667,0.0,37.49999999999999,0.0,0.0005891472868217054,0,0,1,0
14,14,gouda cheese,100,7.7,4.9,2.2,0.2,0.6,0.6,7.0,0.0,31.9,0.2,11.6,0.053,0.016,0.042,0.01,0.009,0.081,0.011,0.053,0.0,0.04,0.026,0.074,196.0,0.013,0.06,8.1,0.08,152.9,33.9,0.05,1.1,211.424,FOOD-DATA-GROUP1,45.751633986928105,3.9215686274509802,50.326797385620914,4.375,100,6.9306930693069315,0.0,37.49999999999999,0.0,0.0019801980198019802,0,0,0,0
15,15,pepper jack cheese lucerne,75,6.0,4.0,0.0,0.0,0.0,0.0,5.0,2.5,0.0,0.0,0.0,0.0,0.0,0.0,0.0,0.0,0.0,0.0,0.0,0.0,0.0,0.0,0.0,0.0,0.0,0.0,0.0,0.0,0.0,0.0,0.0,0.0,13.5,FOOD-DATA-GROUP1,45.45454545454545,0.0,54.54545454545454,5.0,75,6.578947368421052,3.289473684210526,0.0,5.0,0.0,0,0,0,0
16,16,caraway cheese,106,8.3,5.3,2.3,0.2,0.9,0.0,7.1,0.0,26.3,0.2,11.1,0.014,0.077,0.066,0.038,0.1,0.04,0.022,0.086,0.0,0.0,0.0,0.0,190.5,0.007,0.2,6.2,0.002,138.7,26.3,0.009,0.8,207.072,FOOD-DATA-GROUP1,43.558282208588956,5.521472392638037,50.92024539877301,3.736842105263158,106,6.6355140186915875,0.0,0.0,0.0,0.001869158878504673,0,0,1,0
17,17,gjetost cheese,1058,67.0,43.5,17.9,2.1,96.8,0.0,21.9,0.0,213.4,1.4,30.5,0.8,0.7,0.076,0.047,3.1,1.8,7.6,0.6,0.0,0.0,0.0,0.0,908.0,0.2,1.2,158.9,0.035,1007.9,3198.4,0.039,2.6,1095.7,FOOD-DATA-GROUP1,11.793214862681744,52.127086698976846,36.07969843834141,0.22392638036809814,1058,2.0679886685552407,0.0,0.0,0.0,0.0013220018885741266,0,0,1,1
18,18,tilsit cheese,136,10.4,6.7,2.9,0.3,0.8,0.0,9.8,0.0,40.8,0.3,17.1,0.057,0.036,0.072,0.058,0.1,0.068,0.1,0.036,0.0,0.0,0.0,0.0,280.0,0.033,0.01,5.2,0.086,200.0,26.0,0.026,1.4,301.069,FOOD-DATA-GROUP1,46.666666666666664,3.8095238095238098,49.523809523809526,5.444444444444445,136,7.153284671532847,0.0,0.0,0.0,0.00218978102189781,0,0,1,0
19,19,goat cheese,103,8.4,5.8,1.9,0.2,0.009,0.031,6.1,0.0,22.4,0.1,12.9,0.1,0.013,0.011,0.086,0.2,0.3,0.03,0.087,0.0,0.078,0.082,0.046,84.3,0.2,0.5,8.2,0.008,106.1,44.7,0.005,0.2,99.494,FOOD-DATA-GROUP1,42.04286994279413,0.06203046385002412,57.895099593355845,6.045589692765114,103,5.865384615384615,0.0,3.072348860257681,0.0,0.0009615384615384616,0,0,1,0
20,20,brick cheese,111,8.9,5.6,2.6,0.2,0.8,0.2,7.0,0.0,28.2,0.2,12.3,0.016,0.042,0.059,0.074,0.1,0.085,0.086,0.033,0.0,0.042,0.072,0.064,202.2,0.093,0.1,7.2,0.085,135.3,40.8,0.056,0.8,219.002,FOOD-DATA-GROUP1,41.91616766467066,4.790419161676647,53.2934131736527,3.888888888888889,111,6.25,0.0,11.111111111111112,0.0,0.0017857142857142859,0,0,1,0
21,21,asadero cheese,402,31.9,20.3,9.1,1.0,3.2,3.2,25.5,0.0,118.7,0.7,47.6,0.098,0.034,0.005,0.043,0.3,0.2,0.3,0.024,0.0,0.071,0.3,0.02,746.9,0.067,0.6,29.4,0.024,500.6,97.2,0.096,3.4,808.175,FOOD-DATA-GROUP1,42.079207920792086,5.280528052805281,52.64026402640264,6.071428571428571,402,6.327543424317618,0.0,76.19047619047619,0.0,0.00173697270471464,0,0,1,1
22,22,camembert cheese,90,7.3,4.6,2.1,0.2,0.1,0.1,5.9,0.0,21.6,0.3,15.5,0.091,0.054,0.043,0.034,0.1,0.2,0.4,0.017,0.0,0.093,0.014,0.024,116.4,0.046,0.063,6.0,0.075,104.1,56.1,0.035,0.7,129.826,FOOD-DATA-GROUP1,44.3609022556391,0.7518796992481203,54.887218045112775,5.363636363636363,90,6.4835164835164845,0.0,9.090909090909092,0.0,0.0032967032967032967,0,0,0,0
23,23,provolone cheese reduced fat,310,19.9,12.8,5.5,0.6,4.0,0.6,27.9,0.0,62.2,1.0,57.2,0.2,0.05,0.063,0.079,0.4,0.2,0.5,0.061,0.0,0.027,0.2,0.076,854.3,0.077,0.6,31.6,0.096,560.5,155.9,0.054,3.6,906.9,FOOD-DATA-GROUP1,53.861003861003866,7.722007722007722,38.41698841698842,5.58,310,8.971061093247588,0.0,12.0,0.0,0.003215434083601286,0,0,1,0
24,24,roquefort cheese,314,26.0,16.4,7.2,1.1,1.7,0.0,18.3,0.0,76.5,1.5,33.5,0.2,0.092,0.037,0.002,0.5,0.6,1.5,0.1,0.0,0.0,0.0,0.0,562.7,0.005,0.5,25.5,0.036,333.2,77.4,0.081,1.8,609.4,FOOD-DATA-GROUP1,39.78260869565218,3.6956521739130435,56.52173913043478,6.777777777777778,314,5.809523809523809,0.0,0.0,0.0,0.004761904761904762,0,0,1,0
25,25,queso blanco cheese,366,28.7,16.1,7.6,1.4,3.0,2.1,24.0,0.0,82.6,0.8,57.5,0.2,0.097,0.0,0.022,0.3,0.038,0.5,0.1,0.0,0.05,0.6,0.061,814.2,0.098,0.2,34.2,0.067,551.1,148.7,0.016,3.6,870.3,FOOD-DATA-GROUP1,43.08797127468581,5.385996409335727,51.526032315978455,6.0,366,6.539509536784741,0.0,52.5,0.0,0.0021798365122615805,0,0,1,0
26,26,queso seco cheese,315,23.6,13.3,6.2,1.2,2.0,0.5,23.8,0.0,75.7,1.8,40.9,0.2,0.038,0.0,0.01,0.2,0.027,0.4,0.049,0.0,0.032,0.5,0.045,641.2,0.091,0.2,26.2,0.083,460.8,112.5,0.048,3.2,691.0,FOOD-DATA-GROUP1,48.17813765182186,4.048582995951416,47.773279352226716,7.933333333333334,315,7.531645569620253,0.0,16.666666666666664,0.0,0.00569620253164557,0,0,1,0
27,27,goat cheese soft,75,6.0,4.1,1.4,0.1,0.0,0.3,5.2,0.0,13.0,0.1,17.2,0.049,0.057,0.037,0.012,0.1,0.1,0.2,0.036,0.0,0.092,0.01,0.093,39.6,0.2,0.5,4.5,0.026,72.4,7.4,0.014,0.3,51.311,FOOD-DATA-GROUP1,46.42857142857144,0.0,53.57142857142857,5.2,75,6.842105263157896,0.0,30.0,0.0,0.0013157894736842105,0,0,0,0
28,28,mozzarella cheese,90,6.6,4.2,2.0,0.2,0.7,0.0,6.7,0.0,23.7,0.1,15.0,0.037,0.088,0.088,0.081,0.071,0.013,0.089,0.016,0.0,0.044,0.001,0.008,151.5,0.057,0.1,6.0,0.019,106.2,22.8,0.047,0.9,165.648,FOOD-DATA-GROUP1,47.85714285714286,5.0,47.14285714285714,3.9411764705882355,90,7.362637362637363,0.0,0.0,0.0,0.001098901098901099,0,0,0,0
29,29,chihuahua cheese,494,39.2,24.9,11.1,1.2,7.3,7.3,28.5,0.0,138.6,0.8,51.7,0.007,0.053,0.031,0.082,0.3,0.2,0.4,0.061,0.0,0.089,0.3,0.011,859.3,0.03,0.6,30.4,0.047,583.4,68.6,0.071,4.6,934.983,FOOD-DATA-GROUP1,38.0,9.733333333333333,52.26666666666667,3.4337349397590358,494,5.757575757575758,0.0,87.95180722891565,0.0,0.0016161616161616162,0,0,1,1
30,30,limburger cheese,98,8.2,5.0,2.6,0.1,0.1,0.1,6.0,0.0,27.0,0.2,14.5,0.1,0.021,0.095,0.082,0.2,0.009,0.4,0.002,0.0,0.004,0.055,0.046,149.1,0.036,0.011,6.3,0.054,117.9,38.4,0.029,0.6,163.575,FOOD-DATA-GROUP1,41.95804195804197,0.6993006993006994,57.34265734265735,5.454545454545454,98,6.0606060606060606,0.0,9.090909090909092,0.0,0.00202020202020202,0,0,0,0
31,31,muenster cheese,486,39.7,25.2,11.5,0.9,1.5,1.5,30.9,0.0,126.7,0.8,55.1,0.4,0.016,0.009,0.085,0.4,0.1,0.3,0.072,0.0,0.065,0.3,0.056,946.4,0.008,0.5,35.6,0.093,617.8,176.9,0.059,3.7,1019.4,FOOD-DATA-GROUP1,42.85714285714286,2.0804438280166435,55.062413314840505,12.36,486,6.344969199178645,0.0,60.0,0.0,0.001642710472279261,0,0,1,1
32,32,queso fresco cheese,365,29.1,15.8,7.3,1.3,3.6,2.8,22.1,0.0,84.2,0.9,62.7,0.3,0.019,0.029,0.076,0.2,0.05,0.4,0.06,0.0,0.055,0.5,0.087,690.5,0.025,0.2,29.3,0.053,469.7,157.4,0.073,3.1,745.8,FOOD-DATA-GROUP1,40.32846715328467,6.569343065693431,53.10218978102189,4.804347826086957,365,6.038251366120219,0.0,60.86956521739131,0.0,0.002459016393442623,0,0,1,0
33,33,brie cheese,100,8.3,5.2,2.4,0.2,0.1,0.1,6.2,0.0,30.0,0.2,14.5,0.014,0.04,0.025,0.073,0.2,0.1,0.2,0.001,0.0,0.068,0.078,0.056,55.2,0.015,0.2,6.0,0.047,56.4,45.6,0.04,0.7,70.096,FOOD-DATA-GROUP1,42.465753424657535,0.684931506849315,56.84931506849315,5.636363636363636,100,6.138613861386139,0.0,9.090909090909092,0.0,0.0019801980198019802,0,0,1,0
34,34,pimento cheese,525,43.7,27.5,12.5,1.4,2.4,0.9,31.0,0.1,131.6,2.0,54.7,0.3,0.023,0.043,0.016,0.5,0.1,0.7,0.011,3.2,0.099,0.4,0.086,859.6,0.032,0.6,30.8,0.031,1041.6,226.8,0.089,4.2,940.9,FOOD-DATA-GROUP1,40.20752269779507,3.11284046692607,56.67963683527887,9.117647058823529,525,5.893536121673003,0.019011406844106467,26.47058823529412,0.2,0.0038022813688212928,0,0,1,1
35,35,mexican cheese,316,21.7,13.0,5.6,0.8,3.8,0.6,27.7,0.0,69.4,0.9,54.0,0.2,0.091,0.027,0.05,0.3,0.017,0.0,0.04,0.0,0.087,0.2,0.073,1283.5,0.034,0.1,39.2,0.0,653.0,104.2,0.006,4.8,1337.0,FOOD-DATA-GROUP1,52.06766917293233,7.142857142857142,40.78947368421053,5.770833333333333,316,8.738170347003155,0.0,12.5,0.0,0.0028391167192429023,0,0,1,0
36,36,feta cheese,80,6.4,4.0,1.4,0.2,1.2,0.0,4.3,0.0,26.7,0.3,16.6,0.014,0.063,0.021,0.076,0.3,0.3,0.3,0.1,0.0,0.06,0.036,0.057,147.9,0.012,0.2,5.7,0.063,101.1,18.6,0.005,0.9,160.058,FOOD-DATA-GROUP1,36.134453781512605,10.084033613445378,53.78151260504202,1.9545454545454544,80,5.308641975308642,0.0,0.0,0.0,0.0037037037037037034,0,0,0,0
37,37,mozzarella cheese fat free,159,0.0,0.0,0.0,0.0,4.0,1.7,35.8,2.0,20.3,0.8,68.0,0.1,0.079,0.011,0.025,0.3,0.1,0.0,0.055,0.0,0.0,0.2,0.018,1085.9,0.077,0.4,37.3,0.0,741.3,119.8,0.035,4.4,1128.2,FOOD-DATA-GROUP1,89.9497487437186,10.050251256281408,0.0,7.159999999999999,159,22.374999999999996,1.25,34.0,4.0,0.005,0,0,0,0
38,38,provolone cheese,463,35.1,22.5,9.8,1.0,2.8,0.7,33.8,0.0,91.1,1.2,54.1,0.3,0.013,0.017,0.005,0.4,0.2,0.6,0.052,0.0,0.028,0.3,0.001,997.9,0.011,0.7,37.0,0.033,654.7,182.2,0.017,4.3,1070.6,FOOD-DATA-GROUP1,47.140864714086476,3.9051603905160395,48.9539748953975,8.894736842105262,463,7.284482758620689,0.0,18.421052631578945,0.0,0.002586206896551724,0,0,1,0
39,39,anejo cheese,492,39.6,25.1,11.3,1.2,6.1,6.1,28.3,0.0,138.6,1.5,50.2,0.098,0.069,0.081,0.077,0.3,0.088,0.3,0.011,0.0,0.032,0.3,0.078,897.6,0.058,0.6,37.0,0.067,586.1,114.8,0.095,3.9,972.205,FOOD-DATA-GROUP1,38.24324324324325,8.243243243243242,53.51351351351351,3.985915492957747,492,5.740365111561866,0.0,85.91549295774648,0.0,0.0030425963488843813,0,0,1,1
40,40,honey,64,0.0,0.0,0.0,0.0,17.3,17.2,0.08,0.025,0.0,0.011,3.6,0.0,0.0,0.022,0.0,0.003,0.012,0.03,0.004,0.1,0.0,0.0,0.0,1.3,0.061,0.017,0.4,0.098,0.8,10.9,0.021,0.008,18.892,FOOD-DATA-GROUP1,0.46029919447640966,99.5397008055236,0.0,0.004371584699453552,64,0.12307692307692308,0.038461538461538464,93.98907103825135,0.05,0.00016923076923076923,0,1,0,0
41,41,apple butter,35,0.063,0.038,0.066,0.064,8.5,7.1,0.045,0.3,0.0,0.003,11.3,0.0,0.078,0.02,0.0,0.053,0.092,0.005,0.057,0.1,0.0,0.06,0.075,2.8,0.085,0.025,0.8,0.093,1.6,18.2,0.078,0.095,11.836,FOOD-DATA-GROUP1,0.5227695167286245,98.74535315985129,0.7318773234200743,0.004736842105263157,35,0.125,0.8333333333333334,74.73684210526315,0.6,8.333333333333333e-05,0,0,0,0
42,42,fruit jam,56,0.095,0.021,0.065,0.0,13.8,9.7,0.0,0.2,0.0,0.052,6.1,0.0,0.083,0.076,0.0,0.024,0.07,0.045,0.037,1.8,0.0,0.062,0.0,4.0,0.022,0.07,0.8,0.002,3.8,15.4,0.054,0.03,19.919,FOOD-DATA-GROUP1,0.0,99.31630082763584,0.6836991723641597,0.0,56,0.0,0.3508771929824561,65.54054054054053,0.4,0.000912280701754386,0,0,0,0
43,43,chocolate hazelnut spread,100,5.5,5.3,0.0,0.0,11.5,10.0,1.0,1.0,0.0,0.099,0.2,0.0,0.005,0.02,0.042,0.036,0.072,0.1,0.056,0.0,0.0,0.9,0.071,20.0,0.061,0.8,11.8,0.2,28.1,75.3,0.021,0.2,39.8,FOOD-DATA-GROUP1,5.555555555555555,63.888888888888886,30.555555555555557,0.08,100,0.9900990099009901,0.9900990099009901,80.0,2.0,0.0009801980198019802,0,0,1,0
44,44,peanut butter,88,7.4,1.4,3.1,1.7,3.6,1.0,3.3,0.9,0.0,0.085,0.2,0.0,0.0,0.081,0.063,0.0,0.041,2.0,0.2,0.078,0.0,0.0,0.9,0.0,8.1,0.079,0.3,26.9,0.2,50.3,88.8,0.044,15.268,FOOD-DATA-GROUP1,23.076923076923077,25.174825174825173,51.74825174825175,0.717391304347826,88,3.707865168539325,1.0112359550561798,21.73913043478261,1.8,0.000955056179775281,0,0,0,0
45,45,peanut spread,101,8.5,1.6,4.2,2.5,2.2,0.5,3.8,1.2,0.0,0.028,0.3,0.0,0.091,0.079,0.0,0.025,2.5,0.2,0.049,0.0,0.0,1.2,0.046,11.2,0.1,0.4,25.4,0.3,54.3,126.8,0.078,0.5,27.3,FOOD-DATA-GROUP1,26.206896551724135,15.17241379310345,58.620689655172406,1.1874999999999998,101,3.7254901960784315,1.1764705882352942,15.625,2.4,0.0002745098039215686,0,0,0,0
46,46,chicken spread,88,9.8,1.8,2.7,1.3,2.3,0.3,10.1,0.2,31.4,0.4,32.1,0.076,0.06,0.048,0.064,0.003,1.5,0.2,0.016,0.0,0.0,0.0,0.0,9.0,0.049,0.5,6.7,0.083,49.8,59.4,0.029,0.6,31.972,FOOD-DATA-GROUP1,45.4954954954955,10.36036036036036,44.14414414414415,3.0606060606060606,88,11.348314606741573,0.22471910112359553,9.090909090909092,0.4,0.0044943820224719105,0,0,0,0
47,47,cheese spread,708,68.6,43.2,19.4,2.5,8.4,8.4,17.0,0.0,216.0,1.2,140.4,0.7,0.071,0.027,0.011,0.5,2.3,0.0,0.051,0.0,0.091,1.8,0.098,170.4,0.02,2.7,14.4,0.0,218.4,268.8,0.065,1.2,267.8,FOOD-DATA-GROUP1,18.085106382978726,8.936170212765958,72.9787234042553,1.8085106382978722,708,2.3977433004231314,0.0,89.36170212765957,0.0,0.001692524682651622,0,0,1,1
48,48,tahini,86,7.2,1.0,2.7,3.2,3.9,0.0,2.7,1.4,0.0,0.098,0.5,0.0,0.2,0.034,0.0,0.086,0.9,0.1,0.036,0.0,0.0,0.0,0.0,63.0,0.2,0.4,14.4,0.2,112.8,62.1,0.0,0.7,78.6,FOOD-DATA-GROUP1,19.565217391304348,28.26086956521739,52.17391304347826,0.5510204081632653,86,3.1034482758620694,1.6091954022988506,0.0,2.8,0.0011264367816091955,0,0,0,0
49,49,orange marmalade,49,0.0,0.0,0.0,0.0,13.3,12.0,0.014,0.1,0.0,0.016,6.6,0.0,0.098,0.06,0.0,0.075,0.065,0.028,0.046,1.0,0.0,0.089,0.0,7.6,0.076,0.053,0.4,0.055,0.8,7.4,0.057,0.046,22.119,FOOD-DATA-GROUP1,0.10515247108307045,99.89484752891693,0.0,0.000979020979020979,49,0.028000000000000004,0.2,83.91608391608392,0.2,0.00032,0,0,0,0
50,50,american cheese spread,46,3.4,2.1,1.0,0.062,1.4,1.2,2.6,0.0,8.8,0.3,7.6,0.043,0.012,0.066,0.022,0.076,0.089,0.1,0.086,0.0,0.014,0.022,0.046,89.9,0.061,0.079,4.6,0.062,140.0,38.7,0.052,0.4,97.357,FOOD-DATA-GROUP1,35.13513513513514,18.918918918918916,45.945945945945944,1.0833333333333335,46,5.531914893617022,0.0,50.0,0.0,0.006382978723404255,0,0,0,0
51,51,apricot jam,48,0.01,0.042,0.0,0.0,12.9,8.7,0.1,0.044,0.0,0.004,6.9,0.0,0.0,0.017,0.0,0.053,0.096,0.087,0.068,1.8,0.0,0.048,0.0,4.0,0.07,0.066,0.8,0.099,0.6,15.4,0.009,0.062,18.91,FOOD-DATA-GROUP1,0.7686395080707149,99.15449654112221,0.07686395080707148,0.007194244604316547,48,0.20408163265306123,0.08979591836734693,62.58992805755395,0.088,8.163265306122449e-05,0,0,0,0
52,52,chunky peanut butter,94,8.0,1.2,3.7,2.2,3.5,1.3,3.8,1.3,0.0,0.03,0.2,0.0,0.018,0.094,0.0,0.013,2.2,0.2,0.072,0.0,0.0,1.0,0.016,7.2,0.002,0.3,25.6,0.3,51.0,119.2,0.045,0.4,24.1,FOOD-DATA-GROUP1,24.83660130718954,22.875816993464053,52.28758169934641,0.8444444444444444,94,4.0,1.368421052631579,28.888888888888893,2.6,0.00031578947368421053,0,0,0,0
53,53,ham and cheese spread,37,2.8,1.3,1.1,0.2,0.3,0.0,2.4,0.0,9.2,0.2,8.9,0.03,0.0,0.094,0.035,0.066,0.3,0.098,0.041,0.0,0.0,0.0,0.0,32.6,0.087,0.1,2.7,0.063,74.3,24.3,0.065,0.3,38.238,FOOD-DATA-GROUP1,43.63636363636363,5.454545454545454,50.90909090909091,1.846153846153846,37,6.315789473684211,0.0,0.0,0.0,0.005263157894736842,0,0,0,0
54,54,chicken and rice casserole homade,27,1.0,0.0,0.0,0.0,2.4,0.0,2.0,0.3,0.0,0.0,0.0,0.0,0.0,0.0,0.0,0.0,0.0,0.0,0.0,0.0,0.0,0.0,0.0,0.0,0.0,0.0,0.0,0.0,0.0,0.0,0.0,0.0,5.7,FOOD-DATA-GROUP1,37.03703703703704,44.44444444444444,18.51851851851852,0.5882352941176471,27,7.142857142857142,1.0714285714285714,0.0,0.6,0.0,0,0,0,0
55,55,picnic loaf,65,4.7,1.7,2.2,0.5,1.3,0.0,4.2,0.0,10.6,0.3,16.9,0.0,0.1,0.005,0.004,0.01,0.6,0.2,0.083,0.0,0.025,0.0,0.0,13.2,0.078,0.3,4.2,0.094,35.0,74.8,0.025,0.6,23.7,FOOD-DATA-GROUP1,41.1764705882353,12.745098039215689,46.07843137254902,1.8260869565217392,65,6.363636363636364,0.0,0.0,0.0,0.004545454545454545,0,0,0,0
56,56,corn tamale,309,12.0,4.4,4.0,2.6,44.3,12.3,5.8,5.3,0.0,0.5,101.8,0.0,0.098,0.0,0.0,0.023,2.2,0.6,0.3,0.0,0.0,0.7,0.052,39.8,0.02,0.9,48.1,0.4,154.4,308.8,0.075,1.0,108.1,FOOD-DATA-GROUP1,9.339774557165862,71.3365539452496,19.323671497584545,0.12803532008830024,309,1.8709677419354835,1.7096774193548387,27.15231788079471,10.0,0.0016129032258064516,0,0,0,0
57,57,baked potato with cheese sauce bacon,451,25.9,10.1,9.7,4.8,44.4,0.0,18.4,0.0,29.9,1.0,194.4,0.2,0.3,0.011,0.007,0.2,4.0,1.3,0.7,28.7,0.0,0.0,0.0,308.0,0.6,3.1,68.8,0.5,346.8,1178.1,0.01,2.2,428.7,FOOD-DATA-GROUP1,20.744081172491548,50.05636978579482,29.199549041713645,0.4052863436123348,451,4.070796460176991,0.0,0.0,0.0,0.0022123893805309734,0,0,1,0
58,58,chinese egg roll,223,10.6,1.9,2.7,5.0,24.3,0.0,7.4,2.3,14.2,0.4,45.0,0.0,0.1,0.0,0.079,0.001,2.4,0.3,0.1,0.0,0.0,0.0,0.066,35.6,0.1,1.3,16.0,0.2,75.7,146.9,0.0,0.6,81.5,FOOD-DATA-GROUP1,17.494089834515368,57.44680851063829,25.059101654846334,0.29249011857707513,223,3.303571428571429,1.0267857142857142,0.0,4.6,0.0017857142857142859,0,0,0,0
59,59,butter croissant,231,12.0,6.6,3.1,0.6,26.1,6.4,4.7,1.5,38.2,0.2,13.2,0.1,0.2,0.021,0.092,0.1,1.2,0.5,0.095,0.1,0.0,0.5,0.022,21.1,0.07,1.2,9.1,0.2,59.9,67.3,0.054,0.4,66.8,FOOD-DATA-GROUP1,10.981308411214954,60.98130841121496,28.037383177570096,0.17343173431734318,231,2.0258620689655173,0.646551724137931,23.616236162361623,3.0,0.0008620689655172415,0,0,1,0
60,60,enchilada with cheese beef,323,17.6,9.0,6.1,1.4,30.5,0.0,11.9,0.0,40.3,1.3,128.4,0.016,0.056,0.075,0.036,0.4,2.5,1.4,0.3,1.3,0.0,0.0,0.0,228.5,0.5,3.1,82.6,0.6,167.0,574.1,0.092,2.7,292.933,FOOD-DATA-GROUP1,19.833333333333332,50.83333333333333,29.333333333333332,0.37777777777777777,323,3.67283950617284,0.0,0.0,0.0,0.004012345679012346,0,0,1,0
61,61,corned beef hash with potatoes,387,24.2,10.2,12.4,0.7,21.9,0.8,20.6,2.6,75.5,1.0,166.0,0.0,0.2,0.013,0.062,0.1,3.7,1.0,0.5,2.1,0.0,0.057,0.017,44.8,0.0,2.4,30.7,0.2,132.2,405.9,0.034,3.3,118.6,FOOD-DATA-GROUP1,30.884557721139434,32.8335832083958,36.28185907046477,0.8995633187772927,387,5.309278350515465,0.6701030927835052,3.4934497816593892,5.2,0.002577319587628866,0,0,1,0
62,62,biscuit with egg cheese bacon,436,25.3,8.5,11.7,2.8,35.4,2.5,17.4,0.3,240.7,1.2,62.3,0.1,0.4,0.097,0.067,0.4,3.4,1.1,0.2,0.0,0.095,1.5,0.098,149.4,0.4,2.3,21.8,0.2,526.4,190.0,0.087,1.6,230.2,FOOD-DATA-GROUP1,22.279129321382843,45.32650448143406,32.3943661971831,0.478021978021978,436,3.9816933638443937,0.06864988558352403,6.868131868131869,0.6,0.002745995423340961,0,0,1,1
63,63,bagel with ham egg cheese,483,18.5,7.9,5.7,3.3,52.4,7.0,26.7,0.4,242.6,1.3,88.7,0.2,0.7,0.1,0.048,0.6,6.0,1.4,0.1,0.0,0.001,1.2,0.018,185.3,0.4,4.1,40.1,0.4,397.3,261.7,0.098,2.4,287.6,FOOD-DATA-GROUP1,27.356557377049178,53.68852459016394,18.954918032786885,0.5,483,5.516528925619834,0.08264462809917356,13.108614232209739,0.8,0.0026859504132231405,0,0,1,1
64,64,quesadilla with chicken,529,27.5,11.1,6.8,7.4,43.3,3.4,27.1,3.1,66.6,1.3,76.7,0.1,0.4,0.073,0.012,0.3,7.6,0.0,0.1,0.2,0.1,0.5,0.03,484.2,0.1,3.2,45.0,0.5,563.4,329.4,0.025,2.6,588.7,FOOD-DATA-GROUP1,27.681307456588357,44.228804902962196,28.089887640449433,0.6117381489841988,529,5.113207547169812,0.5849056603773585,7.674943566591422,6.2,0.0024528301886792454,0,0,1,0
65,65,corn rice,110,0.3,0.02,0.0,0.1,25.2,3.0,1.8,0.4,0.0,0.2,1.1,0.2,1.8,0.0,0.0,1.1,8.6,0.007,1.7,11.2,0.0,0.035,0.0,2.9,0.013,9.9,5.5,0.2,22.3,30.5,0.043,2.2,51.9,FOOD-DATA-GROUP1,6.593406593406594,92.3076923076923,1.0989010989010988,0.06870229007633588,110,1.6216216216216217,0.36036036036036034,11.450381679389313,0.8,0.0018018018018018018,0,0,0,0
66,66,kung pao chicken,779,42.2,8.2,13.1,18.2,41.5,18.3,59.0,9.1,157.0,2.4,451.7,0.0,0.2,0.0,0.034,0.3,16.7,3.0,1.5,42.9,0.0,6.2,0.012,120.8,0.4,4.6,145.0,1.5,567.8,1316.7,0.097,4.5,320.1,FOOD-DATA-GROUP1,41.34548002803084,29.081990189208128,29.57252978276104,1.388235294117647,779,7.564102564102564,1.1666666666666665,43.05882352941177,10.0,0.003076923076923077,0,1,1,1
67,67,beef empanada,298,16.3,4.6,6.3,3.8,27.8,1.6,10.1,1.8,23.1,0.4,33.4,0.0,0.2,0.0,0.094,0.2,4.2,0.4,0.1,0.0,0.0,0.6,0.072,17.8,0.051,2.4,18.7,0.2,91.7,169.1,0.037,1.7,76.2,FOOD-DATA-GROUP1,18.634686346863464,51.29151291512915,30.073800738007378,0.3506944444444444,298,3.377926421404682,0.6020066889632106,5.555555555555556,3.6,0.0013377926421404684,0,0,0,0
68,68,frijoles with cheese,225,7.8,4.1,2.6,0.7,28.7,0.0,11.4,0.0,36.7,0.9,115.4,0.008,0.1,0.1,0.085,0.3,1.5,1.1,0.2,1.5,0.0,0.0,0.0,188.7,0.3,2.2,85.2,0.5,175.4,604.5,0.013,1.7,240.305,FOOD-DATA-GROUP1,23.799582463465555,59.91649269311065,16.2839248434238,0.38383838383838387,225,5.04424778761062,0.0,0.0,0.0,0.003982300884955752,0,0,0,0
69,69,burrito with beef,285,8.1,1.7,1.7,4.0,43.9,4.1,9.1,4.4,2.6,0.5,65.8,0.036,0.036,0.4,0.2,0.023,0.2,3.2,1.8,0.1,0.4,0.0,0.5,0.042,67.1,0.2,3.2,40.0,0.5,150.9,270.9,0.002,65.89,FOOD-DATA-GROUP1,14.893617021276595,71.8494271685761,13.256955810147296,0.2026726057906459,285,3.1818181818181817,1.5384615384615385,9.131403118040089,8.8,0.0017482517482517483,0,0,0,0
70,70,crispy chicken sandwich,350,17.6,3.3,4.0,8.4,33.2,3.9,14.8,0.0,0.0,0.7,57.9,0.0,0.0,0.0,0.0,0.0,0.0,0.0,0.0,0.0,0.0,0.0,0.0,46.6,0.09,1.9,25.2,0.3,229.3,233.1,0.0,0.7,114.1,FOOD-DATA-GROUP1,22.560975609756103,50.60975609756099,26.829268292682933,0.4327485380116959,350,4.216524216524217,0.0,11.403508771929824,0.0,0.001994301994301994,0,0,0,0
71,71,enchilada with cheese,374,25.3,11.5,6.4,3.8,21.2,3.6,15.4,2.6,57.5,0.7,71.8,0.7,0.3,0.081,0.073,0.036,0.3,0.9,1.3,0.2,0.8,0.0,1.8,0.0,430.2,0.2,0.9,39.7,0.2,367.2,191.8,0.03,65.6,FOOD-DATA-GROUP1,24.878836833602584,34.24878836833602,40.87237479806139,0.6936936936936937,374,4.1066666666666665,0.6933333333333334,16.216216216216218,5.2,0.0018666666666666666,0,0,1,0
72,72,pork egg roll,189,6.1,1.3,2.0,2.1,25.1,4.5,8.4,1.8,11.9,0.3,43.6,0.0,0.2,0.019,0.071,0.023,1.9,0.4,0.1,24.9,0.085,0.2,0.064,28.9,0.024,1.3,17.0,0.3,77.4,180.2,0.071,0.8,96.5,FOOD-DATA-GROUP1,21.21212121212121,63.38383838383839,15.404040404040403,0.3218390804597701,189,4.421052631578948,0.9473684210526316,17.241379310344826,3.6,0.0015789473684210526,0,0,0,0
73,73,corn on the cob with butter,155,3.4,1.6,1.0,0.6,31.9,0.0,4.5,0.0,5.8,0.056,105.2,0.004,0.2,0.045,0.0,0.1,2.2,0.4,0.3,6.9,0.0,0.0,0.0,4.4,0.0,0.9,40.9,0.0,108.0,359.2,0.034,0.9,52.078,FOOD-DATA-GROUP1,11.306532663316583,80.15075376884423,8.542713567839197,0.13677811550151978,155,2.8846153846153846,0.0,0.0,0.0,0.000358974358974359,0,0,0,0
74,74,pancakes with butter syrup,260,7.0,2.9,2.6,1.0,45.4,0.0,4.1,0.0,29.0,0.6,57.7,0.015,0.2,0.082,0.046,0.3,1.7,0.3,0.051,1.7,0.0,0.7,0.0,63.8,0.073,1.3,24.4,0.2,237.8,125.3,0.075,0.5,123.319,FOOD-DATA-GROUP1,7.256637168141593,80.35398230088495,12.389380530973451,0.08836206896551724,260,1.5708812260536398,0.0,0.0,0.0,0.0022988505747126436,0,0,0,0
75,75,burrito with beans,224,6.7,3.4,2.4,0.6,35.7,0.0,7.0,0.0,2.2,0.5,57.0,0.0,0.3,0.067,0.093,0.3,2.0,1.0,0.2,1.0,0.0,0.0,0.0,56.4,0.2,2.3,43.4,0.4,48.8,326.6,0.024,0.8,109.1,FOOD-DATA-GROUP1,14.170040485829958,72.2672064777328,13.562753036437245,0.19073569482288827,224,3.111111111111111,0.0,0.0,0.0,0.0022222222222222222,0,0,0,0
76,76,scrambled eggs,100,7.6,2.9,2.8,0.9,1.0,0.8,6.5,0.0,200.2,0.1,31.3,0.066,0.066,0.045,0.041,0.2,0.095,0.4,0.076,1.6,0.086,0.5,0.001,26.8,0.093,1.2,6.6,0.066,113.7,69.1,0.012,0.8,44.726,FOOD-DATA-GROUP1,43.046357615894046,6.622516556291391,50.331125827814574,3.25,100,6.435643564356436,0.0,40.0,0.0,0.0009900990099009901,0,0,0,1
77,77,baked potato with sour cream,393,22.3,10.0,7.9,3.3,50.0,0.0,6.7,0.0,24.2,0.2,209.7,0.2,0.3,0.086,0.009,0.2,3.7,1.5,0.8,33.8,0.0,0.0,0.0,105.7,0.7,3.1,69.5,0.6,184.2,1383.2,0.088,0.9,221.8,FOOD-DATA-GROUP1,8.481012658227849,63.29113924050633,28.227848101265824,0.13137254901960785,393,1.700507614213198,0.0,0.0,0.0,0.0005076142131979696,0,0,1,0
78,78,turkey and gravy,161,6.3,2.0,2.3,1.1,11.1,0.0,14.1,0.0,43.2,1.3,204.2,0.018,0.067,0.058,0.099,0.3,4.3,0.5,0.2,0.0,0.0,0.0,0.0,33.6,0.035,2.2,19.2,0.045,194.4,146.4,0.003,1.7,67.374,FOOD-DATA-GROUP1,44.76190476190476,35.238095238095234,20.0,1.1652892561983472,161,8.703703703703704,0.0,0.0,0.0,0.008024691358024692,0,0,0,0
79,79,chicken egg roll,158,3.6,0.8,1.1,1.5,22.8,4.5,8.4,1.9,11.2,0.4,43.3,0.085,0.2,0.013,0.019,0.1,2.9,0.5,0.2,9.0,0.0,0.3,0.072,37.6,0.056,1.4,24.0,0.3,94.4,224.8,0.032,0.4,84.75,FOOD-DATA-GROUP1,24.137931034482758,65.51724137931035,10.344827586206895,0.35294117647058826,158,5.283018867924529,1.1949685534591195,18.907563025210084,3.8,0.002515723270440252,0,0,0,0
80,80,vegetable egg roll,153,3.6,0.6,1.0,1.7,25.0,5.3,5.2,2.2,0.0,0.4,42.5,0.0,0.2,0.04,0.014,0.1,1.6,0.3,0.1,10.7,0.0,0.4,0.099,35.9,0.082,1.5,20.3,0.4,64.7,195.0,0.005,0.4,84.1,FOOD-DATA-GROUP1,15.384615384615385,73.96449704142013,10.650887573964498,0.2,153,3.376623376623377,1.4285714285714286,20.384615384615383,4.4,0.0025974025974025974,0,0,0,0
81,81,ham cheese roll,67,5.2,2.0,2.4,0.6,1.1,0.0,3.8,0.0,16.2,0.3,16.9,0.0,0.2,0.004,0.008,0.033,1.0,0.1,0.019,0.0,0.061,0.037,0.0,16.2,0.078,0.3,4.5,0.0,70.8,82.3,0.018,0.6,26.6,FOOD-DATA-GROUP1,37.62376237623762,10.891089108910892,51.485148514851474,1.8095238095238093,67,5.588235294117647,0.0,0.0,0.0,0.004411764705882353,0,0,0,0
82,82,biscuit with ham,386,18.4,11.4,4.8,1.0,43.8,2.2,13.4,0.8,24.9,1.1,32.1,0.05,0.5,0.003,0.0,0.3,3.5,0.4,0.1,0.1,0.08,1.4,0.089,160.5,0.054,2.7,22.6,0.4,553.7,196.6,0.011,1.6,239.732,FOOD-DATA-GROUP1,17.724867724867728,57.936507936507944,24.33862433862434,0.2991071428571429,386,3.4625322997416026,0.20671834625323,4.9107142857142865,1.6,0.0028423772609819124,0,0,1,0
83,83,lemon chicken,1440,74.9,12.2,16.4,36.7,122.0,55.2,68.6,7.0,203.8,1.5,363.6,0.099,0.3,0.069,0.028,0.4,23.3,3.1,1.5,15.9,0.045,8.1,0.2,248.4,0.2,8.4,95.6,0.6,821.7,987.4,0.001,3.2,545.212,FOOD-DATA-GROUP1,25.838041431261765,45.951035781544256,28.210922787193976,0.5577235772357723,1440,4.76058292852186,0.4857737682165163,44.87804878048781,10.0,0.001040943789035392,0,1,1,1
84,84,hummus,435,21.1,2.8,12.0,5.2,49.5,0.7,12.0,9.8,0.0,0.6,159.6,0.0,0.2,0.1,0.0,0.1,1.0,0.7,1.0,19.4,0.0,1.8,0.059,120.5,0.6,3.8,71.3,1.4,270.6,425.6,0.038,2.7,236.1,FOOD-DATA-GROUP1,14.527845036319615,59.9273607748184,25.544794188861992,0.2376237623762376,435,2.7522935779816518,2.2477064220183487,1.386138613861386,10.0,0.0013761467889908255,0,0,0,0
85,85,croissant with egg cheese,368,24.7,14.1,7.5,1.4,24.3,0.0,12.8,0.0,215.9,0.6,57.7,0.0,0.2,0.096,0.043,0.4,1.5,1.1,0.1,0.1,0.0,0.0,0.0,243.8,0.077,2.2,21.6,0.2,348.0,174.0,0.065,1.8,307.9,FOOD-DATA-GROUP1,20.711974110032365,39.320388349514566,39.967637540453076,0.5059288537549407,368,3.4688346883468837,0.0,0.0,0.0,0.0016260162601626016,0,0,1,1
86,86,enchirito with cheese beef beans,344,16.1,7.9,6.5,0.3,33.8,0.0,17.9,0.0,50.2,1.3,121.0,0.074,0.2,0.028,0.051,0.7,3.0,1.8,0.2,4.6,0.0,0.0,0.0,218.1,0.3,2.4,71.4,0.4,223.9,559.7,0.016,2.8,292.984,FOOD-DATA-GROUP1,26.40117994100295,49.852507374631266,23.746312684365783,0.514367816091954,344,5.188405797101449,0.0,0.0,0.0,0.0037681159420289855,0,0,1,0
87,87,sweet sour pork,38,2.2,0.4,0.5,1.0,3.3,1.4,1.2,0.1,3.4,0.003,7.1,0.003,0.073,0.0,0.002,0.053,0.3,0.086,0.003,0.3,0.0,0.1,0.058,6.4,0.024,0.4,1.8,0.054,18.6,21.3,0.053,0.1,13.977,FOOD-DATA-GROUP1,17.91044776119403,49.25373134328358,32.83582089552239,0.27906976744186046,38,3.0769230769230766,0.2564102564102564,32.558139534883715,0.2,7.692307692307693e-05,0,0,0,0
88,88,crab cake,160,10.4,2.2,4.3,3.1,5.1,0.0,11.3,0.2,82.2,0.5,32.0,0.062,0.039,0.07,0.019,0.016,1.2,0.3,0.1,0.2,0.0,0.0,0.0,202.2,0.4,1.1,25.2,0.3,226.8,162.0,0.029,2.1,230.596,FOOD-DATA-GROUP1,42.16417910447762,19.029850746268657,38.80597014925374,1.852459016393443,160,7.0186335403726705,0.12422360248447205,0.0,0.4,0.003105590062111801,0,0,0,0
89,89,egg dinner roll,107,2.2,0.6,1.0,0.4,18.2,1.5,3.3,1.3,17.5,0.2,10.6,0.051,0.2,0.096,0.06,0.2,1.2,0.2,0.065,0.0,0.0,0.1,0.082,20.7,0.04,1.2,8.8,0.2,35.4,36.4,0.066,0.4,46.913,FOOD-DATA-GROUP1,13.924050632911392,76.79324894514767,9.282700421940929,0.171875,107,3.0555555555555554,1.2037037037037037,7.8125,2.6,0.001851851851851852,0,0,0,0
90,90,english muffin with egg cheese sausage,472,29.9,11.4,11.2,4.6,28.8,2.5,22.1,0.3,269.0,0.8,80.6,0.1,0.6,0.001,0.093,0.4,5.3,1.8,0.1,0.0,0.063,1.6,0.051,277.2,0.3,4.3,28.1,0.3,297.0,242.6,0.064,1.7,362.7,FOOD-DATA-GROUP1,27.351485148514847,35.64356435643564,37.0049504950495,0.7416107382550335,472,4.6723044397463,0.06342494714587738,8.389261744966444,0.6,0.0016913319238900635,0,0,1,1
91,91,buttermilk pancakes,86,3.5,0.7,0.9,1.7,10.9,0.0,2.6,0.0,22.0,0.2,20.0,0.094,0.017,0.009,0.089,0.1,0.6,0.2,0.025,0.2,0.0,0.0,0.0,59.7,0.067,0.6,5.7,0.023,52.8,55.1,0.073,0.2,77.568,FOOD-DATA-GROUP1,15.294117647058824,64.11764705882354,20.588235294117645,0.2184873949579832,86,2.9885057471264367,0.0,0.0,0.0,0.0022988505747126436,0,0,0,0
92,92,omelet,94,7.1,2.0,3.0,1.7,0.4,0.2,6.4,0.0,190.9,0.013,46.4,0.4,0.1,0.006,0.041,0.055,0.2,0.09,0.8,0.003,0.0,0.098,0.8,0.05,29.3,0.07,0.9,6.7,0.031,101.9,71.4,0.03,14.377,FOOD-DATA-GROUP1,46.043165467625904,2.877697841726619,51.07913669064747,4.571428571428572,94,6.7368421052631575,0.0,14.285714285714288,0.0,0.0001368421052631579,0,0,0,1
93,93,taco with chicken cheese lettuce,185,6.2,2.5,1.6,1.6,19.3,1.3,13.0,1.2,28.4,0.6,57.3,0.014,0.2,0.029,0.094,0.1,5.1,0.0,0.1,0.2,0.017,0.2,0.075,119.6,0.012,1.6,23.5,0.2,239.1,212.7,0.093,0.7,161.153,FOOD-DATA-GROUP1,33.76623376623377,50.129870129870135,16.103896103896105,0.6403940886699507,185,6.989247311827956,0.6451612903225806,6.403940886699508,2.4,0.0032258064516129032,0,0,0,0
94,94,spinach souffle,230,17.6,10.1,5.0,1.0,8.0,2.5,10.7,1.0,160.5,0.8,96.2,0.2,0.1,0.025,0.061,0.4,0.7,0.6,0.1,9.9,0.063,1.3,0.2,224.4,0.093,1.6,40.8,0.4,189.0,314.2,0.01,1.2,273.4,FOOD-DATA-GROUP1,29.476584022038566,22.03856749311295,48.48484848484849,1.1888888888888889,230,4.632034632034632,0.4329004329004329,27.77777777777778,2.0,0.003463203463203463,0,0,1,1
95,95,english muffin with cheese sausage,365,22.3,8.8,8.5,3.4,27.3,2.1,14.3,0.5,46.4,0.7,41.0,0.074,0.5,0.046,0.042,0.2,4.6,0.8,0.096,0.0,0.085,0.6,0.01,226.8,0.3,3.4,22.7,0.3,181.4,193.3,0.036,1.3,294.696,FOOD-DATA-GROUP1,22.378716744913927,42.72300469483567,34.89827856025039,0.5053003533568905,365,3.9071038251366126,0.1366120218579235,7.420494699646643,1.0,0.0019125683060109287,0,0,1,0
96,96,potato gratin,328,18.6,11.6,5.3,0.7,27.6,0.0,12.4,4.4,56.4,1.1,181.3,0.2,0.2,0.053,0.0,0.3,2.4,0.9,0.4,24.3,0.0,0.0,0.0,291.6,0.4,1.6,49.0,0.4,276.9,970.2,0.036,1.7,380.7,FOOD-DATA-GROUP1,21.160409556313994,47.098976109215016,31.74061433447099,0.43356643356643354,328,3.7689969604863225,1.337386018237082,0.0,8.8,0.0033434650455927053,0,0,1,0
97,97,biscuit with egg,436,25.3,8.5,11.7,2.8,35.4,2.5,17.4,0.3,240.7,1.2,62.3,0.1,0.4,0.1,0.002,0.4,3.4,0.9,0.2,0.1,0.027,1.5,0.037,149.4,0.077,2.3,21.8,0.3,526.4,190.0,0.007,1.6,230.3,FOOD-DATA-GROUP1,22.279129321382843,45.32650448143406,32.3943661971831,0.478021978021978,436,3.9816933638443937,0.06864988558352403,6.868131868131869,0.6,0.002745995423340961,0,0,1,1
98,98,french fries deep fried,222,10.5,1.7,4.2,3.8,29.4,0.2,2.4,2.7,0.0,0.1,27.4,0.063,0.0,0.1,0.002,0.0,0.008,2.1,0.4,0.3,3.3,0.0,1.2,0.075,12.8,0.038,0.6,24.9,0.2,88.8,411.1,0.019,45.364,FOOD-DATA-GROUP1,5.673758865248227,69.50354609929079,24.822695035460995,0.07894736842105263,222,1.076233183856502,1.2107623318385652,0.6578947368421053,5.4,0.0004484304932735426,0,0,0,0
99,99,sweet sour chicken,46,2.3,0.4,0.5,1.2,4.4,2.1,1.8,0.2,4.9,0.043,9.5,0.031,0.002,0.0,0.057,0.015,0.7,0.1,0.024,0.4,0.0,0.2,0.098,8.2,0.098,0.4,2.7,0.1,24.7,28.9,0.04,0.057,17.773,FOOD-DATA-GROUP1,21.176470588235293,51.76470588235295,27.058823529411764,0.3333333333333333,46,3.829787234042553,0.425531914893617,38.88888888888889,0.4,0.0009148936170212765,0,0,0,0
100,100,burrito with beans beef,460,18.0,7.0,7.8,1.4,47.0,5.3,27.8,7.2,62.7,1.4,144.6,0.096,0.4,0.2,0.088,0.3,5.3,0.8,0.5,4.6,0.059,1.1,0.022,216.9,0.3,4.6,60.3,0.6,392.8,648.3,0.031,4.8,326.183,FOOD-DATA-GROUP1,29.95689655172414,50.646551724137936,19.396551724137932,0.5791666666666667,460,6.030368763557484,1.561822125813449,11.041666666666666,10.0,0.003036876355748373,0,0,1,0
101,101,nachos with cinnamon sugar,592,36.0,18.2,11.8,4.1,63.4,0.0,7.2,0.0,39.2,0.4,1.1,0.0,0.2,0.059,0.056,0.4,3.9,1.9,0.2,8.0,0.0,0.0,0.0,85.0,0.2,2.9,19.6,0.5,32.7,78.5,0.044,0.6,202.5,FOOD-DATA-GROUP1,6.75422138836773,59.47467166979362,33.77110694183865,0.11180124223602483,592,1.2141652613827993,0.0,0.0,0.0,0.0006745362563237774,0,0,1,0
102,102,arroz con grandules,209,5.7,0.9,1.2,2.7,35.4,0.0,4.0,1.6,0.0,0.7,67.7,0.0,0.01,0.0,0.0,0.076,0.6,0.3,0.026,0.0,0.0,0.8,0.066,9.2,0.1,0.3,16.1,0.7,62.1,96.6,0.0,0.9,56.2,FOOD-DATA-GROUP1,8.869179600886918,78.49223946784922,12.638580931263856,0.10989010989010989,209,1.9047619047619049,0.7619047619047619,0.0,3.2,0.003333333333333333,0,0,0,0
103,103,chili con carne,271,8.8,3.2,3.6,1.0,33.1,4.7,14.7,8.3,22.8,1.1,191.5,0.4,0.095,0.049,0.005,0.091,0.029,2.0,3.6,0.3,0.5,0.0,1.3,0.063,83.5,0.6,3.4,70.8,0.4,220.1,667.9,0.039,66.245,FOOD-DATA-GROUP1,25.97173144876325,58.48056537102474,15.547703180212016,0.43108504398826974,271,5.404411764705882,3.0514705882352944,13.78299120234604,10.0,0.004044117647058824,0,0,0,0
104,104,arroz con abichuelas,223,5.4,0.8,1.1,2.5,37.3,0.2,6.2,4.1,0.0,0.6,105.6,0.0,0.045,0.0,0.0,0.072,1.3,0.3,0.069,0.0,0.0,0.4,0.046,23.6,0.2,1.9,33.0,0.7,117.8,304.6,0.071,1.1,78.5,FOOD-DATA-GROUP1,12.678936605316974,76.27811860940696,11.042944785276076,0.1618798955613577,223,2.7678571428571432,1.8303571428571426,0.5221932114882507,8.2,0.0026785714285714286,0,0,0,0
105,105,biscuit with sausage,412,27.1,8.2,13.5,3.4,33.3,1.8,10.7,0.4,31.1,0.9,36.4,0.0,0.4,0.078,0.012,0.2,3.8,0.5,0.031,0.0,0.044,0.9,0.035,52.2,0.3,2.1,14.4,0.2,378.5,169.8,0.012,0.8,125.8,FOOD-DATA-GROUP1,15.049226441631506,46.835443037974684,38.11533052039381,0.3119533527696793,412,2.590799031476997,0.09685230024213075,5.2478134110787185,0.8,0.0021791767554479417,0,0,1,0
106,106,vegetarian stew,304,7.4,1.2,1.8,3.8,17.3,3.1,42.0,2.7,0.0,1.0,172.9,0.0,1.7,0.3,0.093,1.5,29.6,0.0,2.7,0.0,0.0,1.2,0.041,76.6,1.6,3.2,313.7,0.0,543.4,296.4,0.05,2.7,149.2,FOOD-DATA-GROUP1,62.96851574212893,25.937031484257872,11.094452773613193,2.2950819672131146,304,13.77049180327869,0.8852459016393444,16.939890710382514,5.4,0.003278688524590164,0,0,0,0
107,107,chicken sandwich with cheese,632,38.8,12.4,13.7,9.9,41.6,0.0,29.4,0.0,77.5,1.2,104.9,0.2,0.4,0.1,0.092,0.5,9.1,1.3,0.4,3.0,0.0,0.0,0.0,257.6,0.2,3.6,43.3,0.4,405.8,332.9,0.073,2.9,374.2,FOOD-DATA-GROUP1,26.775956284153008,37.88706739526412,35.33697632058288,0.6901408450704225,632,4.644549763033176,0.0,0.0,0.0,0.001895734597156398,0,0,1,0
108,108,biscuit with egg steak,410,28.4,8.6,11.7,5.8,21.3,0.0,17.9,0.0,272.3,0.9,77.7,0.2,0.4,0.018,0.063,0.5,3.1,1.1,0.2,0.1,0.0,0.0,0.0,137.6,0.1,5.3,25.2,0.2,225.0,306.4,0.039,2.8,210.8,FOOD-DATA-GROUP1,26.479289940828405,31.508875739644974,42.01183431952663,0.8026905829596411,410,4.355231143552311,0.0,0.0,0.0,0.0021897810218978104,0,0,1,1
109,109,taco salad,212,11.2,5.2,3.9,1.3,17.9,0.0,10.0,0.0,33.0,0.6,108.5,0.0,0.091,0.072,0.097,0.3,1.9,1.0,0.2,2.7,0.0,0.0,0.0,145.5,0.2,1.7,39.0,0.3,108.0,315.0,0.001,2.0,189.0,FOOD-DATA-GROUP1,25.575447570332482,45.78005115089515,28.64450127877238,0.5291005291005292,212,4.694835680751173,0.0,0.0,0.0,0.002816901408450704,0,0,1,0
110,110,succotash,213,1.5,0.3,0.3,0.7,46.8,0.0,9.7,0.0,0.0,0.5,131.3,0.0,0.3,0.053,0.0,0.2,2.5,1.1,0.2,15.7,0.0,0.0,0.0,32.6,0.3,2.9,101.8,1.5,224.6,787.2,0.038,1.2,109.2,FOOD-DATA-GROUP1,16.724137931034484,80.6896551724138,2.586206896551724,0.20292887029288703,213,4.5327102803738315,0.0,0.0,0.0,0.002336448598130841,0,0,0,0
111,111,nachos with cheese jalapeno peppers,608,34.1,14.0,14.4,4.0,60.1,0.0,16.8,0.0,83.6,1.7,87.1,0.4,0.1,0.044,0.05,0.5,2.8,2.4,0.4,1.0,0.0,0.0,0.0,620.2,0.2,2.4,108.1,0.4,393.7,293.8,0.083,2.9,735.0,FOOD-DATA-GROUP1,15.135135135135137,54.14414414414415,30.720720720720724,0.27495908346972175,608,2.7586206896551726,0.0,0.0,0.0,0.002791461412151067,0,0,1,0
112,112,biscuit with egg ham,442,27.0,5.9,11.0,7.7,31.4,4.2,20.4,0.8,299.5,1.4,108.7,0.1,0.7,0.058,0.062,0.6,2.0,1.7,0.3,0.0,0.093,2.1,0.057,220.8,0.1,4.6,30.7,0.3,316.8,318.7,0.005,2.2,305.1,FOOD-DATA-GROUP1,25.888324873096447,39.847715736040605,34.263959390862944,0.6296296296296297,442,4.604966139954853,0.18058690744920994,12.962962962962965,1.6,0.0031602708803611735,0,0,1,1
113,113,ladyfingers,103,2.6,0.9,1.1,0.4,16.9,7.2,3.0,0.3,62.5,0.016,5.5,0.0,0.096,0.078,0.05,0.1,0.6,0.3,0.077,1.0,0.033,0.2,0.002,13.3,0.063,1.0,3.4,0.063,49.0,32.0,0.037,0.3,38.1,FOOD-DATA-GROUP1,13.333333333333334,75.1111111111111,11.555555555555557,0.1675977653631285,103,2.8846153846153846,0.28846153846153844,40.22346368715084,0.6,0.00015384615384615385,0,0,0,0
114,114,mozzarella steak fried,102,5.9,2.2,1.5,1.6,7.7,0.7,4.6,0.6,10.2,0.2,11.8,0.023,0.025,0.097,0.045,0.088,0.3,0.1,0.018,0.0,0.096,0.3,0.071,107.9,0.02,0.2,6.8,0.052,99.8,35.7,0.094,0.6,126.963,FOOD-DATA-GROUP1,25.274725274725267,42.3076923076923,32.417582417582416,0.5287356321839081,102,4.466019417475728,0.5825242718446602,8.045977011494253,1.2,0.0019417475728155341,0,0,0,0
115,115,tamale navajo,285,11.4,4.5,5.1,1.3,33.7,1.8,11.7,5.8,31.6,0.8,126.7,0.0,0.057,0.069,0.032,0.1,3.0,0.4,0.3,3.2,0.0,0.0,0.0,53.9,0.1,2.3,40.9,0.3,184.1,243.7,0.053,2.8,122.0,FOOD-DATA-GROUP1,20.598591549295772,59.33098591549296,20.070422535211264,0.3371757925072046,285,4.090909090909091,2.027972027972028,5.187319884726224,10.0,0.002797202797202797,0,0,0,0
116,116,blueberry pancakes,84,3.5,0.8,0.9,1.6,11.0,0.0,2.3,0.0,21.3,0.2,20.2,0.023,0.016,0.093,0.044,0.1,0.6,0.2,0.054,0.8,0.0,0.0,0.0,78.3,0.031,0.7,6.1,0.089,57.4,52.4,0.01,0.2,96.631,FOOD-DATA-GROUP1,13.69047619047619,65.47619047619048,20.833333333333332,0.19166666666666665,84,2.705882352941176,0.0,0.0,0.0,0.0023529411764705885,0,0,0,0
117,117,chimichanga with beef cheese,443,23.4,11.2,9.4,0.7,39.3,0.0,20.1,0.0,51.2,1.0,96.4,0.1,0.4,0.052,0.012,0.9,4.7,1.8,0.2,2.7,0.0,0.0,0.0,237.9,0.4,3.8,60.4,0.5,186.7,203.1,0.085,3.4,327.3,FOOD-DATA-GROUP1,24.275362318840582,47.46376811594203,28.26086956521739,0.49875930521091816,443,4.527027027027027,0.0,0.0,0.0,0.0022522522522522522,0,0,1,0
118,118,egg cheese sandwich,340,19.4,6.6,8.3,2.6,25.9,0.0,15.6,0.0,290.5,0.8,82.2,0.2,0.3,0.021,0.028,0.6,2.1,0.9,0.1,1.5,0.0,0.0,0.0,224.8,0.1,3.0,21.9,0.2,302.2,188.3,0.067,1.6,290.4,FOOD-DATA-GROUP1,25.615763546798032,42.5287356321839,31.85550082101806,0.5799256505576208,340,4.574780058651026,0.0,0.0,0.0,0.002346041055718475,0,0,1,1
119,119,biscuit with egg bacon,458,31.1,8.0,13.4,7.5,28.6,3.3,17.0,0.8,352.5,1.3,70.0,0.082,0.1,0.038,0.04,0.2,2.4,1.2,0.1,2.7,0.066,2.0,0.098,189.0,0.1,3.7,24.0,0.3,238.5,250.5,0.059,1.6,272.958,FOOD-DATA-GROUP1,22.164276401564535,37.28813559322034,40.547588005215125,0.5743243243243243,458,3.7037037037037033,0.17429193899782136,11.148648648648647,1.6,0.002832244008714597,0,0,1,1
120,120,pupusas con queso,300,15.5,7.6,4.0,1.8,26.2,1.4,13.7,3.4,37.4,0.5,58.9,0.1,0.099,0.0,0.066,0.1,0.6,0.4,0.2,0.0,0.0,0.5,0.073,380.3,0.081,0.7,42.1,0.1,317.1,140.4,0.07,2.2,439.9,FOOD-DATA-GROUP1,24.729241877256317,47.292418772563174,27.97833935018051,0.5036764705882353,300,4.5514950166112955,1.1295681063122924,5.147058823529411,6.8,0.0016611295681063123,0,0,1,0
121,121,apple croissant,145,5.0,2.8,1.4,0.4,21.1,0.0,4.2,1.4,17.7,0.2,26.0,0.031,0.1,0.022,0.035,0.022,0.9,0.3,0.038,0.3,0.0,0.0,0.0,17.1,0.006,0.6,7.4,0.1,33.1,51.3,0.024,0.6,49.733,FOOD-DATA-GROUP1,13.861386138613863,69.63696369636963,16.5016501650165,0.19004524886877827,145,2.8767123287671232,0.9589041095890409,0.0,2.8,0.0013698630136986301,0,0,0,0
122,122,refried red beans,336,16.1,2.2,3.9,10.2,36.0,0.0,11.7,11.0,0.0,0.9,164.8,0.0,0.053,0.094,0.0,0.092,1.5,0.4,0.2,0.0,0.0,2.4,0.0,76.9,0.5,4.5,83.9,0.7,212.0,722.3,0.058,1.6,156.2,FOOD-DATA-GROUP1,18.338557993730404,56.42633228840125,25.235109717868337,0.3162162162162162,336,3.4718100890207717,3.2640949554896146,0.0,10.0,0.0026706231454005935,0,0,0,0
123,123,tostada with guacamole,180,11.6,4.9,4.2,1.5,16.0,0.0,6.2,0.0,19.6,0.4,94.6,0.016,0.092,0.004,0.047,0.3,1.0,1.0,0.1,1.8,0.0,0.0,0.0,211.4,0.1,0.8,36.5,0.2,116.1,324.9,0.096,2.0,247.853,FOOD-DATA-GROUP1,18.34319526627219,47.337278106508876,34.31952662721894,0.3647058823529412,180,3.4254143646408846,0.0,0.0,0.0,0.0022099447513812156,0,0,0,0
124,124,chicken sandwich,468,20.9,4.0,8.4,5.9,39.1,6.8,30.4,2.6,65.5,1.4,91.5,0.077,0.03,0.4,0.1,0.053,0.6,14.4,0.6,0.7,1.5,0.031,4.5,0.012,108.5,0.2,3.3,44.9,0.5,346.0,458.2,0.064,94.051,FOOD-DATA-GROUP1,33.62831858407079,43.25221238938053,23.11946902654867,0.7581047381546134,468,6.4818763326226,0.5543710021321961,16.957605985037404,5.2,0.0029850746268656712,0,0,0,0
125,125,fried rice,228,3.2,0.7,0.8,1.3,43.4,0.6,6.5,1.5,32.2,0.6,85.4,0.076,0.052,0.076,0.0,0.088,0.9,0.0,0.066,0.0,0.059,0.2,0.081,19.6,0.1,1.0,14.0,0.6,77.0,123.2,0.062,1.1,75.203,FOOD-DATA-GROUP1,12.24105461393597,81.73258003766477,6.026365348399247,0.1463963963963964,228,2.8384279475982535,0.6550218340611353,1.3513513513513513,3.0,0.0026200873362445414,0,0,0,0
126,126,pupusas del cerdo,283,12.7,3.9,4.8,2.7,28.1,1.8,14.0,3.2,35.4,0.5,64.8,0.064,0.1,0.0,0.057,0.1,2.9,0.8,0.3,0.0,0.0,0.4,0.016,59.8,0.06,1.2,46.4,0.2,197.6,311.1,0.091,2.0,119.087,FOOD-DATA-GROUP1,25.547445255474454,51.277372262773724,23.175182481751825,0.4810996563573883,283,4.929577464788732,1.1267605633802817,6.185567010309278,6.4,0.0017605633802816902,0,0,0,0
127,127,turkey pot pie,699,34.9,11.4,13.7,5.5,70.3,0.0,25.8,4.4,63.5,1.4,260.8,0.0,0.0,0.0,0.0,0.0,0.0,0.0,0.0,0.0,0.0,0.0,0.0,0.0,0.0,4.0,0.0,0.0,0.0,0.0,0.0,0.0,139.4,FOOD-DATA-GROUP1,19.69465648854962,53.66412213740458,26.6412213740458,0.361851332398317,699,3.685714285714286,0.6285714285714286,0.0,8.8,0.002,0,0,1,0
128,128,cheese croissant,331,16.7,8.5,5.2,1.9,37.6,9.1,7.4,2.1,45.6,0.3,16.8,0.2,0.4,0.025,0.068,0.3,1.7,0.7,0.064,0.2,0.0,1.2,0.022,42.4,0.018,1.7,19.2,0.3,104.0,105.6,0.027,0.8,108.3,FOOD-DATA-GROUP1,11.9935170178282,60.94003241491086,27.066450567260937,0.1917098445595855,331,2.2289156626506026,0.6325301204819277,23.575129533678755,4.2,0.0009036144578313252,0,0,1,0
129,129,chimichanga with beef,425,19.7,8.5,8.1,1.1,42.8,0.0,19.6,0.0,8.7,0.9,88.2,0.0,0.5,0.068,0.042,0.6,5.8,2.1,0.3,4.7,0.0,0.0,0.0,62.6,0.4,4.5,62.6,0.6,123.5,586.4,0.029,5.0,153.9,FOOD-DATA-GROUP1,23.873325213154693,52.131546894031665,23.995127892813642,0.44748858447488593,425,4.600938967136151,0.0,0.0,0.0,0.0021126760563380284,0,0,1,0
130,130,french toast with butter,178,9.4,3.9,3.5,1.2,18.0,0.0,5.2,0.0,58.1,0.3,34.2,0.088,0.3,0.083,0.084,0.2,2.0,0.3,0.004,0.004,0.0,0.0,0.0,36.5,0.072,0.9,8.1,0.1,72.9,88.4,0.065,0.3,70.093,FOOD-DATA-GROUP1,15.950920245398773,55.21472392638036,28.834355828220858,0.2736842105263158,178,2.905027932960894,0.0,0.0,0.0,0.0016759776536312849,0,0,0,0
131,131,ham egg cheese sandwich,347,16.3,7.4,5.7,1.7,30.9,0.0,19.2,0.0,246.0,1.0,73.1,0.2,0.4,0.042,0.095,0.6,4.2,0.9,0.2,2.7,0.0,0.0,0.0,211.6,0.1,3.1,25.7,0.2,346.1,210.2,0.067,2.0,284.0,FOOD-DATA-GROUP1,28.915662650602414,46.536144578313255,24.54819277108434,0.6018808777429467,347,5.517241379310345,0.0,0.0,0.0,0.0028735632183908046,0,0,1,1
132,132,english muffin with butter,189,5.8,2.4,1.5,1.3,30.4,0.0,4.9,0.0,12.6,0.4,20.6,0.089,0.3,0.098,0.0,0.3,2.6,0.1,0.005,0.8,0.0,0.1,0.0,102.7,0.098,1.6,13.2,0.2,85.1,69.3,0.092,0.4,146.209,FOOD-DATA-GROUP1,11.922141119221413,73.96593673965938,14.111922141119223,0.15605095541401276,189,2.578947368421053,0.0,0.0,0.0,0.002105263157894737,0,0,0,0
133,133,savoury noodle one pan dinner tandaco,172,1.2,0.5,32.9,3.6,5.5,0.0,0.0,0.0,0.0,0.0,0.0,0.0,0.0,0.0,0.0,0.0,0.0,0.0,0.0,0.0,0.0,0.0,0.0,0.0,0.0,0.0,0.0,0.0,0.0,0.0,0.0,0.0,6.7,FOOD-DATA-GROUP1,0.0,82.08955223880596,17.91044776119403,0.0,172,0.0,0.0,0.0,0.0,0.0,0,0,0,0
134,134,ham cheese sandwich,352,15.5,6.4,6.7,1.4,33.3,0.0,20.7,0.0,58.4,0.8,74.2,0.019,0.3,0.07,0.026,0.5,2.7,1.0,0.2,2.8,0.0,0.3,0.0,129.9,0.2,3.2,16.1,0.1,151.8,290.5,0.078,1.4,205.416,FOOD-DATA-GROUP1,29.7841726618705,47.9136690647482,22.302158273381295,0.6034985422740525,352,5.864022662889519,0.0,0.0,0.0,0.00226628895184136,0,0,1,0
135,135,sweet gefilte fish,35,0.7,0.2,0.3,0.1,3.1,0.0,3.8,0.0,12.6,0.2,33.7,0.062,0.028,0.064,0.076,0.024,0.4,0.085,0.067,0.3,0.0,0.0,0.0,9.7,0.01,1.0,3.8,0.051,30.7,38.2,0.038,0.3,18.677,FOOD-DATA-GROUP1,49.99999999999999,40.78947368421053,9.210526315789473,0.926829268292683,35,10.555555555555555,0.0,0.0,0.0,0.005555555555555556,0,0,0,0
136,136,poached egg,72,4.7,1.6,1.8,1.0,0.4,0.2,6.3,0.0,185.0,0.1,37.9,0.088,0.059,0.051,0.061,0.2,0.022,0.8,0.09,0.0,0.084,0.5,0.032,28.0,0.071,0.9,6.0,0.044,98.5,69.0,0.014,0.6,40.398,FOOD-DATA-GROUP1,55.263157894736835,3.508771929824561,41.228070175438596,4.5,72,8.63013698630137,0.0,14.285714285714288,0.0,0.0013698630136986301,0,0,0,1
137,137,tostada with beef cheese,315,16.3,10.4,3.3,1.0,22.8,0.0,19.0,0.0,40.8,0.9,101.1,0.022,0.034,0.076,0.069,0.6,3.1,1.9,0.2,2.6,0.0,0.0,0.0,216.8,0.3,2.9,63.6,0.5,179.3,572.1,0.093,3.7,280.498,FOOD-DATA-GROUP1,32.70223752151463,39.24268502581756,28.05507745266782,0.7983193277310924,315,6.012658227848101,0.0,0.0,0.0,0.002848101265822785,0,0,1,0
138,138,tostada with beans cheese,223,9.9,5.4,3.1,0.7,26.5,0.0,9.6,0.0,30.2,0.5,95.4,0.011,0.1,0.05,0.017,0.3,1.3,1.1,0.2,1.3,0.0,0.0,0.0,210.2,0.2,1.9,59.0,0.4,116.6,403.2,0.072,1.9,259.467,FOOD-DATA-GROUP1,20.869565217391305,57.608695652173914,21.521739130434785,0.34909090909090906,223,4.285714285714286,0.0,0.0,0.0,0.002232142857142857,0,0,1,0
139,139,pork tamale,247,12.8,3.8,4.6,2.9,22.4,0.7,10.4,3.4,28.4,0.7,93.8,0.037,0.045,0.0,0.045,0.05,1.8,0.5,0.2,0.0,0.0,0.8,0.033,106.5,0.043,1.2,36.9,0.3,170.4,215.8,0.048,1.7,156.766,FOOD-DATA-GROUP1,22.807017543859654,49.12280701754386,28.070175438596497,0.4444444444444445,247,4.193548387096775,1.370967741935484,2.9914529914529915,6.8,0.00282258064516129,0,0,0,0
140,140,nachos with cheese,274,17.2,1.7,11.2,4.0,27.9,1.7,3.5,2.6,2.4,0.3,29.9,0.044,0.09,0.065,0.041,0.006,0.1,0.5,0.9,0.2,0.9,0.0,3.3,0.05,50.4,0.029,0.6,33.6,0.2,158.4,289.6,0.068,51.581,FOOD-DATA-GROUP1,7.20164609053498,57.407407407407405,35.390946502057616,0.12110726643598617,274,1.2727272727272727,0.9454545454545455,5.88235294117647,5.2,0.001090909090909091,0,0,0,0
141,141,pulled pork in barbecue sauce,418,11.0,3.5,4.5,1.9,46.7,37.8,32.8,3.0,87.2,1.7,151.9,0.0,0.4,0.042,0.067,0.3,7.5,2.0,0.6,0.5,0.064,2.2,0.099,109.6,0.2,3.1,54.8,0.2,400.9,759.5,0.049,4.6,206.7,FOOD-DATA-GROUP1,36.24309392265193,51.60220994475139,12.154696132596685,0.6876310272536686,418,7.828162291169451,0.7159904534606205,79.24528301886792,6.0,0.004057279236276849,0,1,0,0
142,142,baked potato with cheese sauce,474,28.7,10.6,10.7,6.0,46.5,0.0,14.6,0.0,17.8,0.4,194.6,0.3,0.2,0.078,0.01,0.2,3.3,1.3,0.7,26.0,0.0,0.0,0.0,310.8,0.6,3.0,65.1,0.5,319.7,1166.2,0.042,1.9,429.9,FOOD-DATA-GROUP1,16.258351893095767,51.781737193763924,31.95991091314031,0.30736842105263157,474,3.0736842105263156,0.0,0.0,0.0,0.0008421052631578948,0,0,1,0
143,143,baked beans,310,10.3,3.9,4.3,1.5,43.3,0.0,11.1,11.0,10.0,0.8,130.3,0.0,0.0,0.3,0.031,0.0,0.036,0.8,0.3,0.2,2.2,0.0,0.0,0.0,122.0,0.3,4.0,86.0,0.5,218.0,716.0,0.052,76.2,FOOD-DATA-GROUP1,17.156105100463677,66.9242658423493,15.919629057187018,0.2505643340857788,310,3.569131832797427,3.536977491961415,0.0,10.0,0.002572347266881029,0,0,0,0
144,144,arroz con frijoles,220,5.6,1.1,1.3,2.3,35.6,1.3,6.8,5.0,0.0,0.6,95.6,0.0,0.2,0.0,0.0,0.024,1.5,0.4,0.071,0.0,0.0,0.7,0.096,54.0,0.2,2.3,38.0,0.6,127.0,327.0,0.069,1.1,109.3,FOOD-DATA-GROUP1,14.166666666666666,74.16666666666667,11.666666666666666,0.18579234972677594,220,3.0769230769230766,2.262443438914027,3.551912568306011,10.0,0.0027149321266968325,0,0,0,0
145,145,taco with beef cheese lettuce,156,8.8,3.0,3.0,2.1,13.7,0.6,6.1,2.7,19.3,0.3,39.3,0.043,0.07,0.025,0.075,0.098,1.1,0.0,0.056,0.3,0.06,0.4,0.057,61.4,0.005,0.8,22.1,0.2,122.8,144.2,0.083,1.2,93.825,FOOD-DATA-GROUP1,21.328671328671327,47.9020979020979,30.769230769230777,0.41496598639455784,156,3.8853503184713376,1.7197452229299364,4.081632653061225,5.4,0.001910828025477707,0,0,0,0
146,146,burrito with beans cheese beef,165,6.6,3.6,2.2,0.5,19.8,0.0,7.3,0.0,61.9,0.5,65.9,0.0,0.2,0.034,0.045,0.4,1.9,0.8,0.1,2.5,0.0,0.0,0.0,65.0,0.2,1.9,25.4,0.2,70.0,205.0,0.051,1.2,103.1,FOOD-DATA-GROUP1,21.661721068249257,58.753709198813056,19.58456973293768,0.35096153846153844,165,4.397590361445783,0.0,0.0,0.0,0.0030120481927710845,0,0,0,0
147,147,egg mix,30,2.2,0.8,0.8,0.4,0.098,0.091,2.4,0.0,81.5,0.012,0.1,0.078,0.092,0.091,0.085,0.069,0.093,0.073,0.3,0.034,0.0,0.049,0.2,0.078,12.2,0.055,0.4,1.7,0.015,31.5,27.0,0.043,4.876,FOOD-DATA-GROUP1,51.08556832694763,2.0859940400170283,46.828437633035335,2.1857923497267757,30,7.741935483870968,0.0,8.287795992714024,0.0,0.0003870967741935484,0,0,0,0
148,148,falafel,57,3.0,0.4,1.7,0.7,5.4,0.0,2.3,0.0,0.0,0.081,5.9,0.0,0.0,0.006,0.009,0.0,0.074,0.2,0.011,0.01,0.3,0.0,0.0,0.0,9.2,0.002,0.6,13.9,0.1,32.6,99.5,0.018,10.763,FOOD-DATA-GROUP1,21.49532710280374,50.46728971962617,28.037383177570096,0.35937499999999994,57,3.96551724137931,0.0,0.0,0.0,0.001396551724137931,0,0,0,0
149,149,taco salad with chili con carne,193,8.8,4.0,3.0,1.0,17.7,0.0,11.6,0.0,3.5,0.6,133.6,0.1,0.1,0.067,0.063,0.3,1.7,1.0,0.3,2.3,0.0,0.0,0.0,163.6,0.2,1.8,34.8,0.2,102.7,261.0,0.0,2.2,205.9,FOOD-DATA-GROUP1,30.44619422572179,46.45669291338584,23.097112860892395,0.6203208556149733,193,5.979381443298968,0.0,0.0,0.0,0.003092783505154639,0,0,0,0
150,150,wonton wrappers,93,0.5,0.022,0.033,0.2,18.5,0.0,3.1,0.6,2.9,0.2,9.2,0.097,0.2,0.082,0.0,0.1,1.7,0.051,0.007,0.0,0.0,0.0,0.0,15.0,0.039,1.1,6.4,0.2,25.9,26.2,0.02,0.2,38.815,FOOD-DATA-GROUP1,14.027149321266968,83.71040723981899,2.262443438914027,0.158974358974359,93,3.2978723404255317,0.6382978723404255,0.0,1.2,0.002127659574468085,0,0,0,0
151,151,hushpuppies,512,20.5,3.2,5.0,11.0,69.9,3.1,11.7,4.3,68.4,1.0,44.1,0.074,0.5,0.1,0.008,0.5,4.2,0.5,0.2,0.3,0.0,1.9,0.01,422.6,0.1,4.6,36.5,0.3,287.3,218.9,0.078,1.0,533.994,FOOD-DATA-GROUP1,11.45935357492654,68.46229187071499,20.078354554358473,0.1650211565585331,512,2.280701754385965,0.838206627680312,4.372355430183356,8.6,0.001949317738791423,0,0,0,0
152,152,chicken pot pie,598,34.6,12.6,11.9,8.3,57.3,7.2,14.6,3.0,51.3,1.2,191.6,0.0,0.2,0.1,0.024,0.03,4.5,1.1,0.2,3.0,0.024,1.1,0.034,63.4,0.1,1.8,33.2,0.6,226.5,317.1,0.003,1.3,177.7,FOOD-DATA-GROUP1,13.708920187793428,53.80281690140845,32.48826291079812,0.2504288164665523,598,2.4373956594323873,0.5008347245409015,12.349914236706692,6.0,0.002003338898163606,0,0,1,0
153,153,general tsos chicken,1578,87.5,14.8,20.8,40.1,128.3,62.1,69.0,4.8,283.6,2.3,241.6,0.081,0.1,0.049,0.08,0.6,15.3,3.3,1.1,8.6,0.015,6.5,0.2,64.2,0.2,6.2,96.3,0.4,679.5,1075.4,0.065,7.0,368.673,FOOD-DATA-GROUP1,24.22752808988764,45.04915730337079,30.72331460674157,0.5336426914153132,1578,4.369854338188727,0.3039898670044332,48.02784222737819,9.6,0.0014566181127295755,0,1,1,1
154,154,burrito with beans cheese,379,11.2,4.3,2.3,4.1,57.8,3.2,13.6,7.8,9.3,1.0,98.4,0.033,0.4,0.2,0.081,0.2,3.7,0.0,0.2,0.7,0.02,1.0,0.02,229.4,0.3,4.4,62.9,0.8,301.6,482.9,0.04,1.6,324.946,FOOD-DATA-GROUP1,16.46489104116223,69.97578692493947,13.559322033898304,0.23129251700680273,379,3.578947368421052,2.0526315789473686,5.4421768707483,10.0,0.002631578947368421,0,0,0,0
155,155,vegetarian fillets,247,15.3,2.4,3.7,7.9,7.7,0.7,19.6,5.2,0.0,0.4,38.3,0.0,0.9,0.026,0.014,0.8,10.2,0.0,1.3,0.0,0.0,2.9,0.0,80.8,0.8,1.7,19.6,0.0,382.5,510.0,0.043,1.2,130.3,FOOD-DATA-GROUP1,46.009389671361504,18.07511737089202,35.91549295774648,2.252873563218391,247,7.903225806451614,2.0967741935483875,8.045977011494253,10.0,0.0016129032258064516,0,0,0,0
156,156,biscuit with egg sausage,505,33.6,10.4,16.2,4.8,34.1,1.5,18.0,0.3,260.8,1.1,72.1,0.071,0.5,0.035,0.083,0.4,4.0,1.5,0.1,0.0,0.047,1.5,0.042,82.6,0.4,3.1,21.1,0.2,505.4,241.4,0.002,1.5,171.757,FOOD-DATA-GROUP1,21.003500583430572,39.78996499416569,39.206534422403735,0.5128205128205128,505,3.557312252964427,0.059288537549407105,4.273504273504273,0.6,0.002173913043478261,0,0,1,1
157,157,chicken chow mein,513,16.9,3.0,3.7,7.4,50.1,10.5,40.8,6.0,96.6,1.9,489.3,0.093,0.2,0.0,0.092,0.1,8.9,1.6,1.1,12.1,0.0,2.6,0.1,126.8,0.2,4.0,66.4,0.6,326.2,749.0,0.086,1.9,256.797,FOOD-DATA-GROUP1,37.84786641929499,46.474953617810755,15.677179962894245,0.7984344422700587,513,7.937743190661478,1.1673151750972763,20.54794520547945,10.0,0.003696498054474708,0,0,0,0
158,158,fruit burrito,231,9.5,4.6,3.4,1.1,35.0,0.0,2.5,0.0,3.7,0.2,26.4,0.0,0.2,0.029,0.015,0.2,1.9,0.9,0.079,0.7,0.0,0.0,0.0,15.5,0.051,1.1,7.4,0.1,14.8,104.3,0.024,0.4,64.3,FOOD-DATA-GROUP1,5.319148936170213,74.46808510638297,20.212765957446805,0.06944444444444445,231,1.0775862068965518,0.0,0.0,0.0,0.0008620689655172415,0,0,0,0
159,159,arroz con leche,369,9.3,4.8,2.6,1.1,63.0,38.6,8.1,1.3,20.2,0.3,170.5,0.0,0.088,0.0,0.062,0.2,0.8,1.3,0.018,0.0,0.0,0.5,0.0,227.7,0.03,0.6,27.8,0.3,210.0,359.3,0.006,1.3,310.0,FOOD-DATA-GROUP1,10.074626865671641,78.35820895522389,11.567164179104479,0.1265625,369,2.189189189189189,0.35135135135135137,60.3125,2.6,0.0008108108108108108,0,1,0,0
160,160,caramel custard flan,444,12.3,5.5,3.9,1.2,69.7,70.8,13.9,0.0,275.4,0.2,208.2,0.1,0.092,0.036,0.05,0.6,0.3,1.6,0.1,0.0,0.0,0.7,0.081,254.0,0.053,1.2,27.5,0.021,293.8,361.1,0.05,1.4,351.2,FOOD-DATA-GROUP1,14.494264859228362,72.67987486965589,12.825860271115747,0.1966053748231966,444,3.1235955056179776,0.0,100.14144271570014,0.0,0.00044943820224719103,0,1,1,1
161,161,gelatin dessert,167,0.0,0.0,0.0,0.0,38.3,36.4,3.3,0.0,0.0,0.2,227.9,0.0,0.0,0.064,0.0,0.015,0.062,0.071,0.0,0.0,0.0,0.0,0.0,8.1,0.087,0.094,2.7,0.021,59.4,2.7,0.079,0.014,49.792,FOOD-DATA-GROUP1,7.932692307692308,92.0673076923077,0.0,0.08396946564885496,167,1.9642857142857142,0.0,92.62086513994912,0.0,0.0011904761904761906,0,1,0,0
162,162,chocolate milk dessert,229,1.4,0.8,0.5,0.084,51.6,51.6,5.9,0.0,0.0,0.1,76.7,0.0,0.039,0.013,0.076,0.4,0.1,0.0,0.074,1.0,0.0,0.0,0.0,211.0,0.1,0.02,61.7,0.0,168.5,456.2,0.053,0.6,270.99,FOOD-DATA-GROUP1,10.0169779286927,87.60611205432937,2.3769100169779285,0.11216730038022814,229,2.565217391304348,0.0,98.09885931558935,0.0,0.0004347826086956522,0,1,0,0
163,163,chocolate mousse,338,24.0,13.7,7.5,1.3,24.1,22.2,6.2,0.9,210.0,0.081,94.4,0.2,0.058,0.03,0.099,0.3,0.2,0.8,0.022,0.2,0.0,0.8,0.044,144.0,0.1,0.8,30.0,0.023,175.5,214.5,0.047,1.0,200.4,FOOD-DATA-GROUP1,11.418047882136282,44.38305709023941,44.19889502762431,0.24701195219123506,338,1.8289085545722714,0.2654867256637168,88.44621513944222,1.8,0.00023893805309734513,0,1,1,1
164,164,dulce de leche,60,1.4,0.9,0.4,0.063,10.5,9.5,1.3,0.0,5.5,0.036,5.5,0.094,0.011,0.044,0.008,0.094,0.015,0.2,0.074,0.5,0.04,0.087,0.008,47.7,0.059,0.001,4.2,0.076,36.7,66.5,0.058,0.2,61.415,FOOD-DATA-GROUP1,9.848484848484848,79.54545454545455,10.606060606060606,0.11304347826086956,60,2.1311475409836067,0.0,82.6086956521739,0.0,0.0005901639344262294,0,0,0,0
165,165,apple crisp,454,9.7,1.9,3.8,3.2,87.0,55.5,4.9,3.9,0.0,1.0,177.4,0.001,0.2,0.039,0.0,0.2,2.4,0.3,0.1,6.2,0.0,1.1,0.056,98.7,0.2,2.3,22.6,0.4,79.0,220.0,0.055,0.5,212.724,FOOD-DATA-GROUP1,4.822834645669291,85.62992125984252,9.547244094488187,0.055681818181818186,454,1.076923076923077,0.8571428571428572,63.06818181818182,7.8,0.002197802197802198,0,1,0,0
166,166,spinach spaghetti cooked,182,0.9,0.1,0.1,0.4,36.6,0.0,6.4,0.0,0.0,0.061,95.4,0.0,0.1,0.086,0.0,0.1,2.1,0.3,0.1,0.0,0.0,0.0,0.0,42.0,0.3,1.5,86.8,2.1,151.2,81.2,0.045,1.5,87.4,FOOD-DATA-GROUP1,14.57858769931663,83.37129840546697,2.050113895216401,0.1702127659574468,182,3.4972677595628414,0.0,0.0,0.0,0.0003333333333333333,0,0,0,0
167,167,corn pasta cooked,176,1.0,0.1,0.3,0.5,39.1,0.0,3.7,6.7,0.0,0.0,95.6,0.0,0.074,0.015,0.0,0.032,0.8,0.2,0.03,0.0,0.0,0.0,0.0,1.4,0.002,0.4,50.4,0.2,106.4,43.4,0.081,0.9,52.3,FOOD-DATA-GROUP1,8.447488584474886,89.26940639269407,2.28310502283105,0.09226932668329177,176,2.0903954802259888,3.7853107344632773,0.0,10.0,0.0,0,0,0,0
168,168,spaghetti with meat sauce,255,2.9,1.0,0.9,0.9,43.1,7.4,14.3,5.1,17.0,0.7,220.2,0.0,0.3,0.1,0.077,3.8,0.5,0.2,0.2,15.3,0.0,1.4,0.002,50.9,0.4,3.5,42.5,0.6,138.7,407.5,0.061,1.4,135.1,FOOD-DATA-GROUP1,23.71475953565506,71.4759535655058,4.8092868988391375,0.3242630385487528,255,5.5859375,1.9921874999999998,16.780045351473923,10.0,0.002734375,0,0,0,0
169,169,pasta with meatballs in tomato sauce,273,13.0,5.0,5.7,0.9,28.3,7.2,10.6,6.9,23.0,0.7,199.5,0.052,0.2,0.089,0.042,0.3,5.1,0.5,0.2,7.7,0.061,2.0,0.027,30.6,0.2,3.3,35.7,0.6,117.3,359.6,0.023,1.5,100.474,FOOD-DATA-GROUP1,20.423892100192678,54.52793834296725,25.048169556840076,0.36177474402730375,273,3.8686131386861313,2.5182481751824817,24.573378839590443,10.0,0.0025547445255474453,0,0,0,0
170,170,cheese tortellini,332,7.8,3.9,2.2,0.5,50.8,1.0,14.6,2.1,45.4,0.4,32.9,0.079,0.3,0.051,0.038,0.3,2.9,0.0,0.015,0.0,0.0,0.2,0.087,164.2,0.053,1.6,22.7,0.0,229.0,96.1,0.064,1.1,241.181,FOOD-DATA-GROUP1,19.945355191256834,69.39890710382515,10.655737704918034,0.28185328185328185,332,4.384384384384385,0.6306306306306307,1.9305019305019304,4.2,0.0012012012012012014,0,0,0,0
171,171,pasta with sliced franks in tomato sauce,227,6.0,2.5,2.5,1.0,32.0,8.0,11.0,4.0,22.7,0.7,197.1,0.054,0.2,0.1,0.031,0.2,2.9,0.6,0.2,9.6,0.07,1.9,0.072,151.2,0.3,2.3,35.3,0.3,108.4,481.3,0.02,1.3,216.154,FOOD-DATA-GROUP1,22.448979591836736,65.3061224489796,12.244897959183673,0.3333333333333333,227,4.824561403508771,1.7543859649122806,24.242424242424242,8.0,0.0030701754385964912,0,0,0,0
172,172,lasagna,166,6.1,2.9,2.2,0.5,18.9,3.8,9.0,2.1,20.9,0.5,87.2,0.2,0.074,0.096,0.0,0.0,0.025,1.9,0.4,0.2,3.1,0.0,1.0,0.08,108.2,0.1,0.9,24.6,0.2,141.5,241.1,0.001,36.675,FOOD-DATA-GROUP1,26.47058823529412,55.58823529411764,17.941176470588236,0.45226130653266333,166,5.389221556886228,1.25748502994012,19.09547738693467,4.2,0.0029940119760479044,0,0,0,0
173,173,macaroni cheese,310,9.4,3.1,4.2,2.0,43.7,3.0,12.6,2.3,15.1,0.9,120.2,0.2,0.015,0.3,0.0,0.02,0.2,2.2,0.8,0.056,0.0,0.0,1.0,0.0,160.7,0.1,2.2,28.4,0.4,442.3,151.2,0.0,68.319,FOOD-DATA-GROUP1,19.17808219178082,66.5144596651446,14.30745814307458,0.28187919463087246,310,4.05144694533762,0.7395498392282958,6.7114093959731544,4.6,0.002893890675241158,0,0,0,0
174,174,vegetable lasagna,316,13.7,5.5,3.3,2.6,32.2,5.8,15.6,4.3,31.8,1.0,161.7,0.052,0.3,0.012,0.098,0.4,1.8,0.4,0.2,2.5,0.0,1.0,0.082,340.5,0.2,1.2,47.7,0.4,317.8,385.9,0.087,2.0,410.066,FOOD-DATA-GROUP1,25.365853658536587,52.35772357723578,22.27642276422764,0.4698795180722891,316,4.921135646687698,1.3564668769716088,17.469879518072286,8.6,0.0031545741324921135,0,0,1,0
175,175,spinach egg noodles cooked,211,2.5,0.6,0.8,0.6,38.8,1.1,8.1,3.7,52.8,0.068,109.6,0.037,0.4,0.1,0.071,0.2,2.4,0.4,0.2,0.0,0.053,0.9,0.2,30.4,0.1,1.7,38.4,0.5,91.2,59.2,0.028,1.0,85.297,FOOD-DATA-GROUP1,16.39676113360324,78.54251012145748,5.060728744939271,0.20351758793969849,211,3.820754716981132,1.7452830188679245,2.7638190954773876,7.4,0.0003207547169811321,0,0,0,0
176,176,cheese lasagna,316,13.0,5.1,3.8,2.5,33.6,10.3,15.9,4.1,31.6,0.7,176.9,0.084,0.3,0.036,0.093,0.4,3.3,0.5,0.2,41.6,0.0,2.1,0.097,269.7,0.3,3.1,51.0,0.5,260.0,442.3,0.059,2.2,381.08,FOOD-DATA-GROUP1,25.44,53.760000000000005,20.8,0.4595375722543352,316,5.0157728706624605,1.2933753943217665,29.76878612716763,8.2,0.0022082018927444794,0,0,1,0
177,177,pasta with tomato sauce,176,1.8,0.4,0.3,0.5,35.1,10.1,5.6,2.3,15.1,1.0,207.0,0.071,0.099,0.1,0.018,0.0,0.1,3.3,0.0,0.1,0.0,0.0,1.6,0.083,32.8,0.1,2.3,35.3,0.4,98.3,483.8,0.065,45.091,FOOD-DATA-GROUP1,13.176470588235292,82.58823529411765,4.235294117647059,0.15512465373961218,176,3.1638418079096042,1.2994350282485876,27.977839335180054,4.6,0.005649717514124294,0,0,0,0
178,178,spinach pasta cooked,37,0.3,0.078,0.073,0.043,7.1,0.0,1.4,0.0,9.3,0.004,19.4,0.039,0.084,0.041,0.069,0.091,0.3,0.079,0.071,0.0,0.0,0.0,0.0,5.1,0.093,0.3,6.8,0.044,16.1,10.5,0.0,0.2,14.201,FOOD-DATA-GROUP1,15.909090909090907,80.68181818181817,3.4090909090909087,0.1728395061728395,37,3.684210526315789,0.0,0.0,0.0,0.00010526315789473685,0,0,0,0
179,179,vegetable chicken soup,166,4.8,1.4,2.2,1.0,21.1,3.4,12.3,1.0,16.9,0.075,201.0,0.05,0.069,0.09,0.031,0.2,3.3,0.0,0.083,5.5,0.0,0.7,0.054,26.5,0.2,1.5,9.6,0.0,106.0,368.7,0.038,2.2,72.737,FOOD-DATA-GROUP1,32.19895287958115,55.23560209424083,12.56544502617801,0.5565610859728507,166,7.365269461077845,0.5988023952095809,15.384615384615383,2.0,0.0004491017964071856,0,0,0,0
180,180,bean ham soup,198,2.5,0.6,1.0,0.7,33.5,7.8,10.3,9.8,4.9,0.5,195.8,0.0,0.1,0.099,0.0,0.068,0.8,0.3,0.1,2.7,0.0,1.0,0.035,93.1,0.2,2.5,46.6,0.6,31.9,387.1,0.021,1.3,154.4,FOOD-DATA-GROUP1,22.246220302375814,72.35421166306696,5.399568034557236,0.2985507246376812,198,5.175879396984925,4.92462311557789,22.608695652173914,10.0,0.002512562814070352,0,0,0,0
181,181,cream of chicken soup,227,14.5,4.3,5.2,2.7,18.0,1.4,6.0,0.0,20.2,1.8,208.5,0.1,0.064,0.027,0.0,0.1,1.0,0.5,0.0,0.3,0.0,1.4,0.052,35.3,0.3,2.7,10.1,0.2,78.1,123.5,0.084,0.7,76.9,FOOD-DATA-GROUP1,15.584415584415584,46.75324675324675,37.66233766233766,0.3157894736842105,227,2.631578947368421,0.0,7.368421052631578,0.0,0.007894736842105263,0,0,0,0
182,182,tomato soup canned,139,3.3,1.8,0.8,0.3,22.6,16.5,6.3,1.5,10.1,0.5,216.7,0.014,0.036,0.097,0.061,0.3,1.4,0.5,0.2,15.9,0.07,0.5,0.083,173.9,0.2,1.4,30.2,0.2,156.2,461.2,0.067,0.9,224.932,FOOD-DATA-GROUP1,19.565217391304344,70.1863354037267,10.248447204968942,0.26694915254237284,139,4.5,1.0714285714285714,69.91525423728812,3.0,0.0035714285714285713,0,1,0,0
183,183,egg drop soup,65,1.5,0.4,0.5,0.3,10.3,0.2,2.8,1.0,55.4,0.9,223.8,0.002,0.013,0.021,0.0,0.079,0.4,0.3,0.096,15.7,0.08,0.3,0.041,16.9,0.081,0.6,4.8,0.023,36.2,53.0,0.028,0.2,48.808,FOOD-DATA-GROUP1,19.178082191780817,70.54794520547945,10.273972602739725,0.247787610619469,65,4.242424242424242,1.5151515151515151,1.7699115044247788,2.0,0.013636363636363637,0,0,0,0
184,184,scotch broth,197,6.4,2.7,1.9,1.3,23.0,0.0,12.1,3.0,11.9,2.1,249.7,0.0,0.059,0.085,0.031,0.1,2.8,0.8,0.2,2.1,0.0,0.2,0.0,35.8,0.6,2.0,8.9,0.9,134.1,387.4,0.026,3.9,84.4,FOOD-DATA-GROUP1,29.156626506024097,55.42168674698795,15.421686746987953,0.5041666666666667,197,6.111111111111111,1.5151515151515151,0.0,6.0,0.010606060606060607,0,0,0,0
185,185,cream of onion soup,268,12.8,3.6,5.1,3.5,31.7,11.1,6.7,1.2,36.6,1.9,247.1,0.08,0.1,0.049,0.0,0.2,1.2,0.7,0.007,3.1,0.0,1.3,0.035,82.4,0.3,1.5,15.3,0.6,91.5,298.9,0.095,0.4,139.473,FOOD-DATA-GROUP1,13.0859375,61.9140625,25.0,0.20489296636085624,268,2.4907063197026025,0.44609665427509293,33.944954128440365,2.4,0.007063197026022304,0,0,0,0
186,186,chicken broth dry,10,0.2,0.055,0.013,0.069,1.1,0.0,0.7,0.0,0.6,1.2,0.1,0.0,0.052,0.062,0.03,0.018,0.2,0.009,0.089,0.07,0.0,0.074,0.0,9.1,0.0,0.059,2.7,0.049,9.2,18.0,0.075,0.079,11.198,FOOD-DATA-GROUP1,35.0,55.00000000000001,10.0,0.3333333333333333,10,6.363636363636363,0.0,0.0,0.0,0.10909090909090909,0,0,0,0
187,187,vegetable soup with beef broth,162,3.8,0.9,1.1,1.6,26.3,4.0,6.0,3.2,2.5,1.3,204.8,0.2,0.1,0.008,0.0,0.04,1.9,0.7,0.1,4.7,0.0,0.3,0.065,34.4,0.3,1.9,12.3,0.7,78.7,386.2,0.041,1.6,80.5,FOOD-DATA-GROUP1,16.62049861495845,72.85318559556788,10.526315789473685,0.21978021978021978,162,3.6809815950920246,1.96319018404908,14.652014652014653,6.4,0.007975460122699387,0,0,0,0
188,188,chili with beans canned,287,14.1,6.0,6.0,0.9,30.5,3.0,14.6,11.3,43.5,1.3,193.3,0.0,0.1,0.018,0.0,0.3,0.9,3.6,0.3,4.4,0.0,1.3,0.074,120.3,0.3,8.8,115.2,0.3,394.2,934.4,0.018,5.1,204.0,FOOD-DATA-GROUP1,24.66216216216216,51.52027027027026,23.817567567567565,0.46349206349206346,287,5.069444444444445,3.923611111111111,9.523809523809524,10.0,0.004513888888888889,0,0,1,0
189,189,beef noodle soup,168,6.2,2.3,2.5,1.0,17.9,5.2,9.6,1.5,10.0,1.6,211.1,0.037,0.1,0.017,0.037,0.1,2.1,0.4,0.079,0.8,0.0,2.5,0.02,30.0,0.3,2.2,12.5,0.5,92.5,197.5,0.063,3.1,68.232,FOOD-DATA-GROUP1,28.486646884272993,53.11572700296735,18.397626112759642,0.5079365079365079,168,5.680473372781065,0.8875739644970414,27.513227513227516,3.0,0.009467455621301775,0,0,0,0
190,190,consomme dry,17,0.2,0.0,0.0,0.0,1.9,1.1,2.2,0.0,0.0,0.8,235.9,0.0,0.1,0.048,0.0,0.2,1.3,0.051,0.039,0.2,0.0,0.033,0.0,12.5,0.021,0.2,7.5,0.08,14.9,57.3,0.058,0.082,17.2,FOOD-DATA-GROUP1,51.162790697674424,44.18604651162791,4.651162790697675,0.7586206896551725,17,12.222222222222223,0.0,37.931034482758626,0.0,0.044444444444444446,0,0,0,0
191,191,chicken mushroom soup,126,6.1,1.6,2.7,1.5,15.1,1.0,2.0,4.0,10.1,0.8,101.3,0.04,0.019,0.065,0.03,0.1,1.6,0.3,0.046,0.0,0.0,0.8,0.061,29.0,0.048,0.9,8.8,0.1,27.7,158.8,0.046,1.0,57.171,FOOD-DATA-GROUP1,8.620689655172413,65.08620689655172,26.293103448275858,0.12422360248447203,126,1.574803149606299,3.149606299212598,6.211180124223602,8.0,0.006299212598425198,0,0,0,0
192,192,beef vegetable soup,120,2.9,1.0,0.7,0.9,15.4,3.1,8.0,3.0,17.5,0.8,220.6,0.3,0.094,0.085,0.027,0.086,2.4,0.0,0.3,9.0,0.0,1.1,0.04,45.0,0.049,1.3,25.0,0.2,120.0,435.0,0.002,1.4,84.9,FOOD-DATA-GROUP1,30.418250950570346,58.55513307984792,11.02661596958175,0.48780487804878053,120,6.6115702479338845,2.479338842975207,18.902439024390247,6.0,0.006611570247933885,0,0,0,0
193,193,black bean soup,234,3.4,0.9,1.2,1.1,39.6,6.4,12.4,17.5,0.0,2.5,193.6,0.0,0.1,0.2,0.0,0.1,1.1,0.4,0.2,0.5,0.0,0.9,0.035,90.0,0.8,3.9,84.8,1.3,192.8,642.5,0.0,2.8,167.3,FOOD-DATA-GROUP1,22.382671480144406,71.48014440433214,6.137184115523466,0.3054187192118227,234,5.276595744680851,7.446808510638298,15.763546798029557,10.0,0.010638297872340425,0,0,0,0
194,194,split pea soup with ham bacon,189,3.1,0.9,1.2,0.6,28.6,0.0,11.6,4.1,4.1,1.0,88.3,0.0,0.0,0.0,0.0,0.0,0.0,0.0,0.0,0.0,0.0,0.0,0.0,0.0,0.0,2.1,0.0,0.0,0.0,0.0,0.0,0.0,49.5,FOOD-DATA-GROUP1,26.78983833718244,66.05080831408776,7.159353348729791,0.3918918918918919,189,6.105263157894736,2.1578947368421053,0.0,8.2,0.005263157894736842,0,0,0,0
195,195,cream of mushroom soup,199,13.4,2.4,3.1,7.3,17.1,1.0,3.4,1.8,0.0,1.7,213.4,0.057,0.02,0.008,0.0,0.079,0.9,0.4,0.035,0.0,0.071,1.3,0.024,30.2,0.016,0.5,7.6,0.028,60.5,161.3,0.093,0.3,66.404,FOOD-DATA-GROUP1,10.029498525073747,50.44247787610621,39.52802359882006,0.1878453038674033,199,1.7000000000000002,0.9000000000000001,5.524861878453039,3.6,0.0085,0,0,0,0
196,196,green pea soup,320,5.7,2.7,1.9,0.7,51.7,16.7,16.7,10.0,0.0,1.7,175.5,0.067,0.2,0.072,0.0,0.1,2.4,0.3,0.1,3.3,0.0,0.5,0.024,53.8,0.7,3.8,76.8,1.3,243.2,371.2,0.099,3.3,145.005,FOOD-DATA-GROUP1,22.537112010796218,69.77058029689609,7.692307692307692,0.3168880455407969,320,5.202492211838006,3.115264797507788,31.68880455407969,10.0,0.00529595015576324,0,1,0,0
197,197,chicken broth soup,78,2.6,0.8,1.2,0.6,1.9,0.9,11.1,0.0,2.5,1.6,231.7,0.0,0.054,0.092,0.067,0.1,5.6,0.1,0.035,0.0,0.0,0.048,0.0,15.1,0.3,1.0,5.0,0.5,151.2,428.4,0.024,0.5,31.7,FOOD-DATA-GROUP1,71.15384615384616,12.179487179487179,16.666666666666668,3.8275862068965516,78,14.050632911392405,0.0,31.03448275862069,0.0,0.020253164556962026,0,0,0,0
198,198,chicken mushroom chowder soup,431,23.7,6.2,4.5,9.4,38.3,0.0,16.2,7.5,32.3,1.8,453.8,0.0,0.0,0.0,0.0,0.0,0.0,0.0,0.0,10.8,0.0,0.0,0.0,0.0,0.0,2.6,0.0,0.0,0.0,0.0,0.0,0.0,99.1,FOOD-DATA-GROUP1,20.71611253196931,48.97698209718669,30.30690537084399,0.4122137404580153,431,3.75,1.7361111111111112,0.0,10.0,0.004166666666666667,0,0,1,0
199,199,chicken dumplings soup,235,13.4,3.2,6.1,3.2,14.7,1.4,13.6,1.2,80.5,1.8,249.8,0.077,0.074,0.027,0.024,0.2,4.3,0.4,0.037,0.0,0.0,1.3,0.086,35.8,0.3,1.5,8.9,1.2,149.0,283.1,0.048,0.9,80.269,FOOD-DATA-GROUP1,32.61390887290168,35.251798561151084,32.13429256594725,0.8662420382165605,235,5.762711864406779,0.5084745762711864,8.9171974522293,2.4,0.007627118644067797,0,0,0,0
200,200,chicken vegetable soup,148,5.6,1.7,2.5,1.2,17.0,3.0,7.1,1.7,16.9,1.7,207.0,0.028,0.061,0.093,0.076,0.1,2.4,0.3,0.013,1.9,0.0,0.6,0.036,33.9,0.2,1.7,12.1,0.7,79.9,304.9,0.001,0.7,68.983,FOOD-DATA-GROUP1,23.905723905723903,57.23905723905723,18.85521885521885,0.39444444444444443,148,4.76510067114094,1.1409395973154361,16.666666666666664,3.4,0.011409395973154362,0,0,0,0
201,201,turkey vegetable soup,72,3.0,0.9,1.3,0.7,8.6,2.6,3.1,0.5,2.4,0.9,223.9,0.1,0.031,0.076,0.077,0.097,1.0,0.9,0.079,0.0,0.0,0.8,0.017,16.9,0.2,0.8,4.8,0.5,41.0,175.9,0.017,0.6,33.0,FOOD-DATA-GROUP1,21.08843537414966,58.50340136054422,20.408163265306122,0.3229166666666667,72,4.2465753424657535,0.684931506849315,27.083333333333336,1.0,0.012328767123287671,0,0,0,0
202,202,wonton soup,71,0.6,0.1,0.2,0.2,11.7,0.8,4.6,0.4,8.9,0.9,203.3,0.043,0.08,0.06,0.074,0.043,1.3,0.3,0.2,1.6,0.0,0.1,0.058,11.2,0.041,0.5,6.7,0.042,40.1,71.4,0.074,0.3,30.692,FOOD-DATA-GROUP1,27.218934911242602,69.23076923076923,3.5502958579881656,0.3622047244094488,71,6.388888888888888,0.5555555555555556,6.299212598425198,0.8,0.0125,0,0,0,0
203,203,beef stock,31,0.2,0.003,0.1,0.005,2.9,1.3,4.7,0.0,0.0,0.5,230.1,0.0,0.044,0.038,0.0,0.2,2.1,0.0,0.1,0.0,0.0,0.048,0.024,19.2,0.1,0.6,16.8,0.0,74.4,444.0,0.019,0.4,27.6,FOOD-DATA-GROUP1,60.25641025641026,37.17948717948718,2.5641025641025643,1.2051282051282053,31,14.6875,0.0,33.333333333333336,0.0,0.015625,0,0,0,0
204,204,mushroom barley soup,186,5.5,1.1,2.4,1.7,29.3,0.0,4.6,0.0,0.0,1.7,258.9,0.0,0.009,0.077,0.0,0.2,2.1,0.3,0.4,0.0,0.0,0.0,0.0,30.5,0.5,1.2,21.4,0.3,152.5,231.8,0.0,1.2,71.1,FOOD-DATA-GROUP1,11.675126903553299,74.36548223350255,13.959390862944163,0.1518151815181518,186,2.4598930481283423,0.0,0.0,0.0,0.00909090909090909,0,0,0,0
205,205,gazpacho soup,70,0.4,0.008,0.059,0.1,6.6,2.2,10.7,0.7,0.0,1.1,346.0,0.0,0.058,0.012,0.0,0.091,1.4,0.3,0.2,10.7,0.0,0.7,0.041,36.9,0.2,1.5,11.1,1.1,55.4,339.5,0.019,0.4,67.5,FOOD-DATA-GROUP1,60.45197740112995,37.288135593220346,2.259887005649718,1.4078947368421053,70,15.070422535211266,0.9859154929577464,28.947368421052634,1.4,0.015492957746478875,0,0,0,0
206,206,beef mushroom soup,186,7.3,3.7,3.1,0.3,15.9,0.0,14.0,0.6,15.3,2.2,260.8,0.0,0.071,0.044,0.035,0.2,2.7,0.6,0.1,0.0,0.0,0.0,0.0,12.2,0.6,2.1,21.4,0.9,88.5,384.3,0.0,3.4,52.1,FOOD-DATA-GROUP1,37.63440860215054,42.741935483870975,19.623655913978496,0.8284023668639054,186,7.4866310160427805,0.32085561497326204,0.0,1.2,0.011764705882352943,0,0,0,0
207,207,chicken rice soup,127,3.2,1.0,1.4,0.7,13.0,1.4,12.3,1.0,12.0,0.9,208.3,0.047,0.018,0.074,0.051,0.002,4.1,0.4,0.012,3.8,0.0,0.6,0.084,33.6,0.2,1.9,9.6,0.2,72.0,108.0,0.077,1.0,68.818,FOOD-DATA-GROUP1,43.15789473684211,45.614035087719294,11.228070175438596,0.8785714285714287,127,9.609375,0.78125,10.0,2.0,0.00703125,0,0,0,0
208,208,pepperpot soup,100,4.5,2.0,2.0,0.3,9.1,0.0,6.2,0.5,9.7,0.9,219.8,0.0,0.071,0.02,0.024,0.027,1.2,0.3,0.08,1.2,0.0,0.097,0.0,26.7,0.1,0.9,4.9,0.6,41.3,148.2,0.0,1.2,49.1,FOOD-DATA-GROUP1,31.313131313131315,45.95959595959596,22.727272727272727,0.6138613861386139,100,6.138613861386139,0.49504950495049505,0.0,1.0,0.008910891089108912,0,0,0,0
209,209,vegetable soup,149,4.0,0.6,1.7,1.5,24.6,7.9,4.3,1.3,0.0,1.3,214.0,0.0,0.1,0.051,0.0,0.049,1.9,0.7,0.1,3.0,0.0,2.9,0.041,42.8,0.3,2.2,15.1,0.9,70.6,430.9,0.088,1.0,82.2,FOOD-DATA-GROUP1,13.069908814589661,74.77203647416412,12.158054711246198,0.16796874999999997,149,2.8666666666666667,0.8666666666666666,30.859375,2.6,0.008666666666666666,0,0,0,0
210,210,chili beef soup,308,6.7,3.3,2.7,0.2,49.6,13.4,13.4,6.6,26.3,2.1,186.4,0.2,0.0,0.1,0.004,0.067,0.2,2.1,0.6,0.3,8.2,0.0,2.8,0.072,86.8,0.8,4.3,50.0,2.1,297.2,1052.0,0.001,77.607,FOOD-DATA-GROUP1,19.225251076040173,71.16212338593975,9.612625538020087,0.2648221343873518,308,4.3365695792880254,2.1359223300970873,26.48221343873518,10.0,0.006796116504854369,0,0,0,0
211,211,chicken soup,174,6.5,1.9,2.9,1.3,16.9,2.1,12.4,1.5,29.4,0.9,206.1,0.027,0.055,0.072,0.049,0.2,4.3,0.4,0.03,1.2,0.0,0.3,0.085,24.5,0.2,1.7,7.4,0.2,110.3,171.5,0.099,1.0,64.716,FOOD-DATA-GROUP1,34.63687150837989,47.20670391061452,18.156424581005588,0.6927374301675978,174,7.085714285714285,0.8571428571428572,11.731843575418996,3.0,0.005142857142857143,0,0,0,0
212,212,bean with frankfurters soup,188,7.0,2.1,2.7,1.7,22.0,0.0,10.0,0.0,12.5,1.1,207.6,0.0,0.1,0.038,0.0,0.018,1.0,0.1,0.1,1.0,0.0,0.0,0.0,87.5,0.4,2.4,47.5,0.8,165.0,477.5,0.073,1.2,129.9,FOOD-DATA-GROUP1,25.64102564102564,56.41025641025641,17.94871794871795,0.43478260869565216,188,5.291005291005291,0.0,0.0,0.0,0.005820105820105821,0,0,0,0
213,213,pea soup,161,2.8,1.4,1.0,0.4,25.6,8.3,8.3,4.9,0.0,0.015,219.0,0.055,0.1,0.008,0.0,0.074,1.2,0.0,0.008,1.6,0.0,0.2,0.066,31.1,0.4,1.9,38.9,0.0,121.7,183.9,0.041,1.7,76.26,FOOD-DATA-GROUP1,22.615803814713896,69.75476839237056,7.62942779291553,0.31203007518796994,161,5.123456790123457,3.0246913580246915,31.203007518796994,9.8,9.259259259259259e-05,0,0,0,0
214,214,turkey soup,135,4.4,1.2,1.8,1.1,14.1,0.0,10.2,0.0,9.4,0.9,203.8,0.0,0.045,0.014,0.079,0.1,3.6,0.9,0.3,6.4,0.0,0.0,0.0,49.6,0.2,1.9,23.6,0.2,103.8,361.1,0.0,2.1,86.6,FOOD-DATA-GROUP1,35.54006968641115,49.128919860627185,15.331010452961676,0.6754966887417219,135,7.5,0.0,0.0,0.0,0.006617647058823529,0,0,0,0
215,215,stockpot soup,201,7.8,1.7,2.0,3.5,23.1,0.0,9.8,0.0,7.7,2.1,211.3,0.0,0.002,0.092,0.0,0.1,2.5,0.7,0.2,4.1,0.0,0.0,0.0,43.9,0.3,1.8,7.7,0.5,108.4,477.3,0.0,2.3,90.5,FOOD-DATA-GROUP1,24.078624078624077,56.75675675675676,19.16461916461916,0.4066390041493776,201,4.851485148514851,0.0,0.0,0.0,0.010396039603960397,0,0,0,0
216,216,hot sour soup,91,2.8,0.5,0.7,0.7,10.1,1.0,6.0,1.2,48.9,0.9,211.2,0.088,0.032,0.021,0.006,0.03,1.2,0.5,0.1,0.0,0.017,0.9,0.059,44.3,0.032,1.5,21.0,0.2,74.6,128.2,0.084,0.5,65.954,FOOD-DATA-GROUP1,31.746031746031743,53.43915343915343,14.814814814814811,0.5405405405405406,91,6.521739130434782,1.3043478260869565,9.00900900900901,2.4,0.009782608695652175,0,0,0,0
217,217,cheese soup,203,9.7,6.1,2.7,0.3,28.0,9.3,2.0,5.5,7.4,1.7,202.6,0.2,0.023,0.055,0.0,0.3,0.8,0.2,0.034,0.0,0.0,1.4,0.074,89.3,0.2,0.4,29.8,0.5,81.8,91.8,0.036,0.4,135.1,FOOD-DATA-GROUP1,5.037783375314861,70.52896725440806,24.433249370277075,0.06896551724137931,203,0.9803921568627451,2.696078431372549,32.06896551724138,10.0,0.008333333333333333,0,0,1,0
218,218,cream of potato soup,186,4.7,2.4,1.1,0.8,32.2,3.6,3.8,3.3,2.5,1.5,215.2,0.087,0.012,0.067,0.0,0.096,1.1,1.8,0.0,0.5,0.0,0.2,0.056,42.8,0.5,0.9,32.8,0.8,103.3,415.8,0.05,0.4,88.202,FOOD-DATA-GROUP1,9.336609336609335,79.11547911547912,11.547911547911548,0.11445783132530118,186,2.0320855614973263,1.7647058823529411,10.843373493975902,6.6,0.008021390374331552,0,0,0,0
219,219,bean with bacon soup,106,2.1,1.0,0.9,0.2,16.4,0.6,5.5,9.0,2.7,0.9,237.8,0.0,0.086,0.069,0.0,0.3,0.4,0.084,0.099,1.1,0.0,0.6,0.009,55.7,0.3,1.3,29.2,0.5,90.1,326.0,0.015,0.7,91.1,FOOD-DATA-GROUP1,22.916666666666664,68.33333333333333,8.75,0.3160919540229885,106,5.14018691588785,8.411214953271028,3.4482758620689653,10.0,0.008411214953271028,0,0,0,0
220,220,fish stock,40,1.9,0.5,0.5,0.3,0.0,0.0,5.3,0.0,2.3,0.4,225.9,0.036,0.009,0.072,0.047,0.2,2.8,0.8,0.086,0.2,0.0,0.4,0.0,7.0,0.1,0.019,16.3,0.1,130.5,335.5,0.068,0.1,14.488,FOOD-DATA-GROUP1,73.61111111111111,0.0,26.38888888888889,5.3,40,12.926829268292684,0.0,0.0,0.0,0.00975609756097561,0,0,0,0
221,221,split pea soup with ham,381,8.9,3.5,3.6,1.3,56.2,0.0,20.7,4.6,16.2,1.7,177.3,0.0,0.3,0.041,0.0,0.2,3.0,0.5,0.1,3.0,0.0,0.0,0.0,43.2,0.7,4.6,97.2,1.4,429.3,801.9,0.081,2.7,141.2,FOOD-DATA-GROUP1,24.125874125874123,65.50116550116549,10.372960372960371,0.3618881118881119,381,5.418848167539267,1.2041884816753925,0.0,9.2,0.004450261780104712,0,0,0,0
222,222,beef broth soup,17,0.5,0.3,0.2,0.049,0.01,0.0,2.7,0.0,0.0,0.9,234.1,0.0,0.023,0.095,0.072,0.055,1.9,0.011,0.054,0.0,0.0,0.0,0.0,14.4,0.0,0.4,4.8,0.035,31.2,129.6,0.023,0.0,18.049,FOOD-DATA-GROUP1,84.11214953271029,0.3115264797507788,15.57632398753894,2.6732673267326734,17,15.000000000000002,0.0,0.0,0.0,0.05,0,0,0,0
223,223,lentil soup with ham,139,2.8,1.1,1.3,0.3,20.2,0.0,9.3,0.0,7.4,1.3,212.7,0.0,0.2,0.036,0.056,0.1,1.4,0.3,0.2,4.2,0.0,0.0,0.0,42.2,0.2,2.7,22.3,0.3,183.5,357.1,0.011,0.7,81.4,FOOD-DATA-GROUP1,28.79256965944273,62.538699690402474,8.6687306501548,0.43867924528301894,139,6.642857142857143,0.0,0.0,0.0,0.009285714285714286,0,0,0,0
224,224,tomato soup,98,0.7,0.2,0.2,0.2,22.5,12.2,2.2,1.6,0.0,0.6,119.6,0.0,0.044,0.0,0.0,0.076,1.3,0.0,0.1,19.1,0.0,0.5,0.034,19.2,0.012,0.9,20.7,0.2,45.9,831.8,0.081,0.3,66.2,FOOD-DATA-GROUP1,8.661417322834646,88.58267716535434,2.7559055118110236,0.09361702127659575,98,2.2222222222222223,1.6161616161616161,51.91489361702127,3.2,0.006060606060606061,0,0,0,0
225,225,fish broth,39,1.5,0.3,0.3,0.6,1.0,0.2,4.9,0.0,0.0,0.5,234.2,0.068,0.0,0.055,0.022,0.089,3.3,0.0,0.057,0.0,0.0,0.4,0.094,73.2,0.1,0.5,2.4,0.0,73.2,209.8,0.071,0.2,81.193,FOOD-DATA-GROUP1,66.21621621621621,13.513513513513512,20.27027027027027,2.45,39,12.250000000000002,0.0,10.0,0.0,0.0125,0,0,0,0
226,226,chili without beans canned,283,17.0,5.4,5.9,1.1,14.6,0.0,18.1,0.0,50.4,0.9,186.4,0.0,0.044,0.0,0.039,0.3,3.0,0.4,0.3,4.3,0.0,0.0,0.0,72.0,0.5,4.8,48.0,0.7,184.8,444.0,0.043,2.7,130.8,FOOD-DATA-GROUP1,36.41851106639839,29.376257545271628,34.20523138832998,1.1602564102564104,283,6.373239436619718,0.0,0.0,0.0,0.0031690140845070424,0,0,1,0
227,227,minestrone soup,167,5.0,1.1,1.4,2.2,22.6,3.7,8.6,2.0,2.5,1.3,204.1,0.0,0.1,0.086,0.0,0.008,1.9,0.7,0.2,2.2,0.0,1.1,0.052,68.9,0.2,1.8,14.8,0.7,113.2,627.3,0.029,1.5,111.1,FOOD-DATA-GROUP1,23.756906077348063,62.430939226519335,13.812154696132595,0.3644067796610169,167,5.119047619047619,1.1904761904761905,15.677966101694915,4.0,0.007738095238095238,0,0,0,0
228,228,clam chowder soup,154,4.4,0.8,0.8,2.6,24.5,6.8,4.4,3.0,5.0,1.8,212.4,0.051,0.087,0.053,0.065,0.086,1.6,0.4,0.2,8.1,0.0,2.6,0.011,47.9,0.3,3.3,20.2,0.8,83.2,378.0,0.057,1.9,95.69,FOOD-DATA-GROUP1,13.213213213213216,73.57357357357358,13.213213213213216,0.17254901960784316,154,2.838709677419355,1.935483870967742,26.666666666666668,6.0,0.011612903225806452,0,0,0,0
229,229,tomato vegetable soup,54,0.8,0.4,0.3,0.054,9.9,2.4,1.9,0.7,0.0,0.3,230.9,0.0,0.088,0.03,0.0,0.091,1.2,0.1,0.095,2.9,0.0,0.4,0.079,19.6,0.1,0.6,9.8,0.1,34.3,164.2,0.06,0.2,36.4,FOOD-DATA-GROUP1,15.079365079365076,78.57142857142857,6.349206349206349,0.17431192660550457,54,3.4545454545454546,1.2727272727272725,22.01834862385321,1.4,0.005454545454545454,0,0,0,0
230,230,cream of rice coup,127,0.2,0.07,0.071,0.032,28.1,0.022,2.2,0.2,0.0,0.4,213.5,0.0,0.0,0.028,0.0,0.0,1.0,0.2,0.029,0.0,0.0,0.092,0.0,7.3,0.004,0.5,7.3,0.4,41.5,48.8,0.008,0.4,38.5,FOOD-DATA-GROUP1,7.213114754098362,92.13114754098362,0.6557377049180327,0.07560137457044674,127,1.7187500000000002,0.15625,0.07560137457044673,0.4,0.003125,0,0,0,0
231,231,cream of celery soup,181,11.2,2.8,2.6,5.0,17.7,3.4,3.3,1.5,27.7,1.3,214.1,0.042,0.069,0.052,0.0,0.049,0.7,2.3,0.001,0.5,0.0,3.5,0.002,80.6,0.3,1.3,12.6,0.5,75.6,247.0,0.051,0.3,116.189,FOOD-DATA-GROUP1,10.248447204968942,54.96894409937888,34.782608695652165,0.1764705882352941,181,1.813186813186813,0.8241758241758242,18.181818181818183,3.0,0.0071428571428571435,0,0,0,0
232,232,chicken gravy,188,13.6,3.4,6.1,3.6,12.9,1.9,4.6,1.0,4.8,1.0,203.1,0.088,0.091,0.02,0.057,0.1,1.1,0.076,0.012,0.0,0.0,0.3,0.046,47.6,0.2,1.1,4.8,0.5,69.0,259.4,0.02,1.9,80.872,FOOD-DATA-GROUP1,14.790996784565916,41.47909967845659,43.72990353697749,0.3309352517985611,188,2.4338624338624335,0.5291005291005291,13.669064748201437,2.0,0.005291005291005291,0,0,0,0
233,233,tomato rice soup,240,5.5,1.0,1.2,2.7,44.1,15.2,4.2,3.4,2.6,1.6,199.0,0.042,0.1,0.049,0.0,0.1,2.1,0.3,0.2,29.7,0.0,4.5,0.081,46.4,0.3,1.6,10.3,0.8,67.1,663.1,0.098,1.0,134.933,FOOD-DATA-GROUP1,7.806691449814126,81.97026022304831,10.223048327137546,0.09312638580931264,240,1.7427385892116183,1.4107883817427387,33.70288248337028,6.8,0.006639004149377594,0,1,0,0
234,234,vegetable beef soup,128,2.0,0.6,0.7,0.3,9.6,0.0,18.1,4.4,8.8,1.1,258.7,0.0,0.0,0.0,0.0,0.0,0.0,0.0,0.0,0.0,0.0,0.0,0.0,0.0,0.0,0.0,0.0,0.0,0.0,0.0,0.0,0.0,34.1,FOOD-DATA-GROUP1,60.94276094276094,32.32323232323232,6.7340067340067336,1.707547169811321,128,14.031007751937985,3.4108527131782944,0.0,8.8,0.008527131782945736,0,0,0,0
235,235,tomato beef noodle soup,281,8.6,3.2,3.5,1.4,42.3,0.0,8.9,3.0,7.5,1.8,185.9,0.0,0.2,0.05,0.077,0.2,3.7,0.4,0.2,0.0,0.0,1.6,0.0,35.1,0.3,2.2,15.1,0.5,113.0,441.8,0.037,1.5,100.1,FOOD-DATA-GROUP1,14.88294314381271,70.73578595317726,14.381270903010032,0.20554272517321018,281,3.1560283687943267,1.0638297872340425,0.0,6.0,0.006382978723404256,0,0,0,0
236,236,oyster stew soup,118,7.7,5.0,1.8,0.3,8.2,0.0,4.2,0.0,27.1,1.8,221.1,0.0,0.068,0.028,0.061,0.077,0.5,0.2,0.058,6.4,0.0,0.0,0.0,44.3,3.2,2.0,9.8,0.7,95.9,98.4,0.035,20.7,72.8,FOOD-DATA-GROUP1,20.895522388059703,40.79601990049751,38.30845771144279,0.4565217391304348,118,3.5294117647058822,0.0,0.0,0.0,0.015126050420168067,0,0,0,0
237,237,ramen noodle soup dry,371,13.3,6.4,5.6,1.2,53.9,1.3,8.9,2.0,0.0,1.7,4.2,0.0,0.9,0.008,0.035,0.2,3.5,0.2,0.014,0.3,0.0,1.3,0.038,24.7,0.1,3.4,19.6,0.4,101.2,152.2,0.021,0.7,106.5,FOOD-DATA-GROUP1,11.695137976346913,70.82785808147175,17.477003942181344,0.1621129326047359,371,2.39247311827957,0.5376344086021506,2.3679417122040074,4.0,0.00456989247311828,0,0,1,0
238,238,chicken noodle soup,145,4.7,1.2,1.6,1.0,18.4,0.0,7.2,2.7,24.2,2.1,267.2,0.029,0.011,0.2,0.097,0.001,0.2,3.7,0.5,0.1,0.0,0.0,0.2,0.0,18.2,0.4,2.0,24.2,0.3,115.1,145.4,0.095,33.513,FOOD-DATA-GROUP1,23.762376237623766,60.726072607260726,15.511551155115514,0.3711340206185567,145,4.931506849315069,1.8493150684931507,0.0,5.4,0.014383561643835616,0,0,0,0
239,239,chicken bouillon dry,11,0.6,0.1,0.2,0.2,0.7,0.7,0.7,0.0,0.5,1.0,0.043,0.0,0.078,0.086,0.004,0.008,0.016,0.085,0.026,0.048,0.0,0.06,0.0,7.5,0.0,0.061,2.2,0.048,6.6,12.4,0.079,0.083,9.502,FOOD-DATA-GROUP1,35.0,35.0,30.0,0.4117647058823529,11,5.833333333333333,0.0,41.17647058823529,0.0,0.08333333333333333,0,0,0,0
240,240,cream of asparagus soup,174,8.2,2.1,1.9,3.7,21.5,1.8,4.6,1.0,10.1,1.7,211.8,0.091,0.1,0.089,0.0,0.2,1.6,0.3,0.033,5.5,0.0,1.2,0.01,58.0,0.3,1.6,7.6,0.8,78.1,347.8,0.009,1.8,100.43,FOOD-DATA-GROUP1,13.411078717201166,62.68221574344024,23.9067055393586,0.20444444444444443,174,2.6285714285714286,0.5714285714285714,8.0,2.0,0.009714285714285713,0,0,0,0
241,241,turkey noodle soup,139,4.0,1.1,1.6,1.0,17.3,1.0,7.8,1.5,10.1,1.6,217.7,0.082,0.1,0.06,0.052,0.1,2.8,0.4,0.017,0.3,0.0,0.4,0.062,22.7,0.3,1.9,10.1,0.5,95.8,151.2,0.028,1.2,55.582,FOOD-DATA-GROUP1,26.804123711340207,59.450171821305844,13.745704467353951,0.4262295081967213,139,5.571428571428571,1.0714285714285714,5.46448087431694,3.0,0.011428571428571429,0,0,0,0
242,242,cream of shrimp soup,181,10.4,6.5,3.0,0.4,16.5,0.0,5.6,0.5,32.8,1.7,213.8,0.026,0.085,0.08,0.015,0.029,0.9,0.3,0.054,0.0,0.0,0.0,0.0,35.3,0.3,1.1,17.6,0.8,65.5,118.4,0.024,1.5,69.41,FOOD-DATA-GROUP1,17.23076923076923,50.76923076923077,32.0,0.32,181,3.0769230769230766,0.27472527472527475,0.0,1.0,0.00934065934065934,0,0,1,0
243,243,bean with pork soup,335,11.5,3.0,4.2,3.5,44.1,7.8,15.3,15.3,5.2,1.7,182.4,0.021,0.2,0.054,0.0,0.03,1.1,0.029,0.036,3.1,0.0,2.3,0.011,156.0,0.4,4.0,85.8,0.6,254.8,975.0,0.052,2.0,249.324,FOOD-DATA-GROUP1,21.57968970380818,62.2002820874471,16.22002820874471,0.3392461197339246,335,4.553571428571429,4.553571428571429,17.29490022172949,10.0,0.00505952380952381,0,0,0,0
244,244,chicken broth,12,0.5,0.008,0.1,0.042,1.0,0.0,1.0,0.0,0.0,0.9,229.8,0.0,0.028,0.0,0.0,0.03,1.2,0.04,0.072,16.5,0.0,0.0,0.0,14.1,0.077,0.5,2.4,0.1,30.6,188.0,0.0,0.2,33.6,FOOD-DATA-GROUP1,40.0,40.0,20.0,0.5,12,7.6923076923076925,0.0,0.0,0.0,0.06923076923076923,0,0,0,0
245,245,beef broth powder,8,0.3,0.2,0.1,0.04,0.6,0.6,0.6,0.0,0.4,0.9,0.1,0.0,0.029,0.073,0.008,0.075,0.2,0.075,0.044,0.0,0.0,0.068,0.016,2.2,0.0,0.03,1.8,0.033,11.5,16.1,0.032,0.0,3.739,FOOD-DATA-GROUP1,40.0,40.0,20.0,0.37499999999999994,8,6.666666666666667,0.0,37.49999999999999,0.0,0.1,0,0,0,0
246,246,split pea soup,180,2.3,0.8,0.9,0.4,29.9,12.8,9.7,4.8,5.1,0.4,208.5,0.0,0.2,0.019,0.0,0.079,1.2,0.6,0.2,0.0,0.0,0.5,0.022,43.0,0.3,1.9,35.4,0.5,136.6,463.0,0.088,1.0,91.6,FOOD-DATA-GROUP1,23.150357995226734,71.36038186157519,5.489260143198091,0.313915857605178,180,5.359116022099447,2.6519337016574585,41.42394822006473,9.6,0.0022099447513812156,0,0,0,0
247,247,escarole soup,61,4.0,1.2,1.8,0.8,4.0,0.0,3.4,0.0,5.5,2.3,535.8,0.0,0.2,0.058,0.06,0.1,5.1,0.4,0.5,10.0,0.0,0.0,0.0,71.9,0.8,1.7,11.1,2.8,177.0,591.7,0.0,5.0,95.0,FOOD-DATA-GROUP1,29.82456140350877,35.08771929824561,35.08771929824561,0.6799999999999999,61,5.483870967741936,0.0,0.0,0.0,0.037096774193548385,0,0,0,0
248,248,chicken stock,86,2.9,0.8,1.4,0.5,8.5,3.8,6.0,0.0,7.2,0.3,221.2,0.009,0.073,0.059,0.0,0.2,3.8,0.0,0.1,0.5,0.0,0.046,0.081,7.2,0.1,0.5,9.6,0.0,64.8,252.0,0.091,0.3,25.696,FOOD-DATA-GROUP1,34.48275862068966,48.85057471264368,16.666666666666668,0.631578947368421,86,6.896551724137931,0.0,40.0,0.0,0.0034482758620689655,0,0,0,0
249,249,tomato bisque soup,248,5.0,1.1,1.4,2.2,47.7,0.0,4.5,2.1,10.3,1.8,194.3,0.017,0.1,0.097,0.0,0.1,2.3,0.3,0.2,11.9,0.0,0.0,0.0,80.0,0.3,1.7,18.1,0.5,121.3,838.5,0.0,1.2,152.913,FOOD-DATA-GROUP1,7.8671328671328675,83.3916083916084,8.741258741258742,0.09240246406570841,248,1.8072289156626504,0.8433734939759037,0.0,4.2,0.007228915662650603,0,0,0,0
250,250,shark fin soup,99,4.3,1.1,1.3,0.7,8.2,0.0,6.9,0.0,4.3,1.1,194.7,0.0,0.019,0.048,0.009,0.086,1.1,0.3,0.017,0.2,0.0,0.0,0.0,21.6,0.2,2.0,15.1,0.002,45.4,114.5,0.0,1.8,43.2,FOOD-DATA-GROUP1,35.56701030927836,42.2680412371134,22.16494845360825,0.7500000000000001,99,6.9,0.0,0.0,0.0,0.011000000000000001,0,0,0,0
251,251,onion soup,113,3.5,0.5,1.5,1.3,16.4,6.7,7.5,1.7,0.0,1.3,212.4,0.02,0.022,0.099,0.0,0.016,1.2,0.0,0.095,2.5,0.0,0.5,0.088,54.1,0.2,1.4,4.9,0.5,22.1,137.8,0.073,1.2,87.173,FOOD-DATA-GROUP1,27.37226277372263,59.85401459854014,12.773722627737227,0.4310344827586207,113,6.578947368421052,1.4912280701754386,38.50574712643679,3.4,0.011403508771929825,0,0,0,0
252,252,chicken gumbo soup,113,2.9,0.7,1.3,0.7,16.8,4.9,5.3,4.0,7.6,1.7,221.8,0.0,0.5,0.041,0.0,0.8,1.3,0.4,0.1,10.1,0.0,0.9,0.024,47.9,0.3,1.8,7.6,0.5,50.4,151.2,0.084,0.8,88.8,FOOD-DATA-GROUP1,21.2,67.2,11.6,0.29775280898876405,113,4.649122807017544,3.508771929824561,27.52808988764045,8.0,0.014912280701754385,0,0,0,0
253,253,crab soup,95,0.8,0.2,0.2,0.3,12.5,0.0,10.4,2.4,41.5,0.6,217.4,0.0,0.064,0.07,0.088,0.1,2.5,0.3,0.1,9.3,0.0,0.0,0.041,83.0,0.5,1.9,41.5,0.5,153.7,434.3,0.049,1.9,120.3,FOOD-DATA-GROUP1,43.88185654008439,52.742616033755276,3.375527426160338,0.7703703703703704,95,10.833333333333334,2.5,0.0,4.8,0.0062499999999999995,0,0,0,0
254,254,tripe soup,148,5.2,2.1,2.2,0.6,8.1,0.0,17.2,0.0,118.0,0.8,166.8,0.0,0.041,0.0,0.093,0.011,1.0,0.3,0.013,0.0,0.0,0.8,0.031,44.0,0.049,1.4,20.0,0.1,84.0,162.0,0.039,2.1,75.9,FOOD-DATA-GROUP1,56.39344262295083,26.55737704918033,17.049180327868854,1.89010989010989,148,11.543624161073824,0.0,0.0,0.0,0.005369127516778524,0,0,0,1
255,255,little india little lunch,164,10.6,15.6,12.2,1.4,2.0,0.0,0.0,0.0,0.0,0.0,0.0,0.0,0.0,0.0,0.0,0.0,0.0,0.0,0.0,0.0,0.0,0.0,0.0,0.0,0.0,0.0,0.0,0.0,0.0,0.0,0.0,0.0,12.6,FOOD-DATA-GROUP1,0.0,15.873015873015872,84.12698412698413,0.0,164,0.0,0.0,0.0,0.0,0.0,0,0,1,0
256,256,original chicken sandwich chick fil a,125,5.1,11.6,7.9,0.6,0.0,0.0,0.0,0.0,0.0,0.0,0.0,0.0,0.0,0.0,0.0,0.0,0.0,0.0,0.0,0.0,0.0,0.0,0.0,0.0,0.0,0.0,0.0,0.0,0.0,0.0,0.0,0.0,5.1,FOOD-DATA-GROUP1,0.0,0.0,100.0,0.0,125,0.0,0.0,0.0,0.0,0.0,0,0,1,0
257,257,sausage mcmuffin mcdonalds,383,24.2,8.3,8.9,3.7,28.2,2.2,14.6,1.6,44.9,0.8,44.8,0.0,0.4,0.008,0.03,0.3,4.8,0.6,0.2,0.0,0.0,0.3,0.0,257.6,0.1,2.3,24.2,0.3,187.5,216.2,0.0,1.5,328.5,FOOD-DATA-GROUP1,21.791044776119403,42.08955223880597,36.11940298507463,0.5,383,3.802083333333333,0.4166666666666667,7.534246575342467,3.2,0.0020833333333333333,0,0,1,0
258,258,sausage mcgriddles mcdonalds,421,24.0,7.3,10.2,3.5,42.2,15.2,11.4,1.4,32.4,1.0,54.1,0.0,0.3,0.037,0.038,0.2,4.2,0.5,0.1,0.0,0.0,0.0,0.0,85.1,0.1,1.9,18.9,0.3,426.6,195.8,0.0,1.0,166.0,FOOD-DATA-GROUP1,14.690721649484537,54.38144329896908,30.927835051546392,0.2638888888888889,421,2.7014218009478674,0.33175355450236965,35.18518518518518,2.8,0.002369668246445498,0,1,1,0
259,259,crispy chicken drumstick kentucky fried chicken,70,3.0,0.8,1.2,0.8,0.0,0.0,10.6,0.0,56.2,0.2,26.6,0.025,0.08,0.0,0.08,0.1,2.2,0.5,0.1,0.0,0.0,0.0,0.0,6.6,0.098,0.4,9.4,0.091,91.8,111.9,0.015,1.0,20.632,FOOD-DATA-GROUP1,77.94117647058823,0.0,22.058823529411764,10.6,70,14.929577464788732,0.0,0.0,0.0,0.0028169014084507044,0,0,0,0
260,260,chicken crispy drumsticks kentucky fried chicken,156,10.1,2.2,3.4,3.6,4.5,0.0,11.8,0.0,62.1,0.4,29.3,0.071,0.045,0.0,0.028,0.1,2.6,0.6,0.1,0.0,0.0,0.0,0.0,14.3,0.2,0.5,12.0,0.06,112.9,135.1,0.064,1.0,41.248,FOOD-DATA-GROUP1,44.6969696969697,17.045454545454547,38.25757575757576,2.1454545454545455,156,7.515923566878982,0.0,0.0,0.0,0.002547770700636943,0,0,0,0
261,261,biscuit kentucky fried chicken,185,9.1,2.2,6.1,0.6,22.1,1.7,3.8,0.8,0.5,0.5,15.1,0.0,0.2,0.0,0.074,0.1,1.7,0.2,0.035,0.0,0.0,0.7,0.071,31.2,0.009,1.5,7.8,0.2,304.7,59.8,0.076,0.3,68.5,FOOD-DATA-GROUP1,10.857142857142858,63.142857142857146,26.0,0.16450216450216448,185,2.043010752688172,0.43010752688172044,7.359307359307358,1.6,0.002688172043010753,0,0,0,0
262,262,english muffin mcdonalds,97,2.3,1.1,15.4,1.1,2.9,1.5,5.7,0.2,20.7,0.031,0.0,0.3,0.004,0.0,0.2,2.7,0.3,0.036,0.0,0.0,0.3,0.0,166.4,0.08,1.8,13.1,0.3,68.4,73.0,0.0,0.5,0.0,24.548,FOOD-DATA-GROUP1,52.29357798165138,26.605504587155966,21.100917431192663,1.4615384615384617,97,5.816326530612245,0.20408163265306123,38.46153846153847,0.4,0.0003163265306122449,0,0,0,0
263,263,french fries mcdonalds,378,18.1,2.7,8.6,5.5,49.8,0.2,4.0,4.6,0.0,0.2,42.9,0.052,0.0,0.2,0.0,0.0,0.037,3.8,0.7,0.4,6.6,0.0,1.6,0.003,22.2,0.1,0.9,43.3,0.3,148.6,697.3,0.07,77.129,FOOD-DATA-GROUP1,5.563282336578581,69.26286509040332,25.17385257301808,0.07874015748031496,378,1.0554089709762533,1.213720316622691,0.3937007874015749,9.2,0.0005277044854881266,0,0,0,0
264,264,hotdog,383,23.0,8.1,10.8,2.7,28.5,0.0,16.4,0.0,69.8,1.1,83.6,0.0,0.4,0.096,0.043,0.4,5.8,0.8,0.094,0.2,0.0,0.0,0.0,37.2,0.1,3.7,20.2,0.1,153.5,226.3,0.09,3.1,109.0,FOOD-DATA-GROUP1,24.153166421207654,41.97349042709867,33.87334315169366,0.5559322033898305,383,4.270833333333333,0.0,0.0,0.0,0.0028645833333333336,0,0,1,0
265,265,french fries burger king,207,9.2,1.6,2.4,4.4,28.6,0.4,2.4,2.1,0.0,0.2,32.5,0.085,0.0,0.1,0.0,0.0,0.026,1.6,0.4,0.2,1.6,0.0,1.8,0.083,12.6,0.005,0.5,20.0,0.2,88.1,345.6,0.0,42.635,FOOD-DATA-GROUP1,5.970149253731343,71.14427860696517,22.885572139303477,0.08108108108108107,207,1.1538461538461537,1.0096153846153846,1.3513513513513513,4.2,0.0009615384615384616,0,0,0,0
266,266,original taco with beef cheese lettuce taco bell,158,8.8,3.0,3.0,2.1,13.7,0.6,6.1,2.7,19.3,0.3,39.3,0.0,0.056,0.056,0.052,0.065,1.1,0.0,0.086,0.3,0.0,0.4,0.068,61.4,0.094,0.8,22.1,0.2,122.8,144.2,0.021,1.2,93.8,FOOD-DATA-GROUP1,21.328671328671327,47.9020979020979,30.769230769230777,0.41496598639455784,158,3.8364779874213837,1.6981132075471699,4.081632653061225,5.4,0.0018867924528301887,0,0,0,0
267,267,hotdog with chili,296,13.4,4.9,6.6,1.2,31.3,0.0,13.5,0.0,51.3,0.5,54.5,0.0,0.2,0.031,0.017,0.4,3.7,0.5,0.003,2.7,0.0,0.0,0.0,19.4,0.1,3.3,10.3,0.1,191.5,166.4,0.038,0.8,83.6,FOOD-DATA-GROUP1,23.195876288659793,53.780068728522345,23.02405498281787,0.4179566563467493,296,4.545454545454546,0.0,0.0,0.0,0.0016835016835016834,0,0,0,0
268,268,chicken crispy wings kentucky fried chicken,148,10.1,2.1,3.3,3.8,5.1,0.0,9.2,0.0,47.1,0.3,18.4,0.033,0.029,0.0,0.051,0.033,2.4,0.5,0.1,0.0,0.0,0.0,0.0,15.4,0.2,0.3,9.7,0.015,84.5,98.1,0.003,0.5,40.161,FOOD-DATA-GROUP1,37.704918032786885,20.901639344262296,41.39344262295082,1.5081967213114753,148,6.174496644295301,0.0,0.0,0.0,0.002013422818791946,0,0,0,0
269,269,egg white delight mcdonalds,250,16.0,4.0,18.0,4.0,0.0,0.0,0.0,0.0,0.0,0.0,0.0,0.0,0.0,0.0,0.0,0.0,0.0,0.0,0.0,0.0,0.0,0.0,0.0,0.0,0.0,0.0,0.0,0.0,0.0,0.0,0.0,0.0,16.0,FOOD-DATA-GROUP1,0.0,0.0,100.0,0.0,250,0.0,0.0,0.0,0.0,0.0,0,0,0,0
270,270,french toast sticks burger king,73,3.7,0.8,2.0,0.5,8.7,2.1,1.3,0.3,0.0,0.014,7.0,0.0,0.066,0.0,0.0,0.039,0.5,0.072,0.037,0.0,0.0,0.2,0.009,11.1,0.036,0.4,4.0,0.068,18.3,23.3,0.049,0.1,25.5,FOOD-DATA-GROUP1,9.489051094890511,63.503649635036496,27.00729927007299,0.13402061855670105,73,1.7567567567567568,0.40540540540540543,21.64948453608248,0.6,0.0001891891891891892,0,0,0,0
271,271,mcchicken mcdonalds,358,17.3,3.1,5.8,6.5,36.6,4.7,13.7,1.7,35.4,0.8,60.4,0.1,0.0,0.3,0.0,0.034,0.3,5.2,0.0,0.0,0.0,0.0,0.0,0.0,115.3,0.1,2.3,26.2,0.5,182.1,226.6,0.0,69.5,FOOD-DATA-GROUP1,20.266272189349113,54.14201183431954,25.591715976331365,0.36436170212765956,358,3.816155988857939,0.4735376044568245,12.5,3.4,0.0022284122562674096,0,0,0,0
272,272,nachos supreme taco bell,480,26.6,7.8,13.7,2.8,45.0,0.0,14.8,8.0,37.1,0.8,104.9,0.0,0.2,0.031,0.044,0.3,1.9,0.5,0.3,0.0,0.0,1.4,0.074,142.4,0.2,4.2,89.7,0.5,384.2,471.9,0.055,2.7,241.0,FOOD-DATA-GROUP1,17.129629629629626,52.08333333333333,30.787037037037035,0.32173913043478264,480,3.076923076923077,1.6632016632016633,0.0,10.0,0.0016632016632016633,0,0,1,0
273,273,crispy chicken wing kentucky fried chicken,104,5.3,1.1,1.7,1.8,1.3,0.0,12.6,0.0,64.2,0.3,23.7,0.019,0.029,0.0,0.023,0.032,3.1,0.5,0.2,0.0,0.0,0.0,0.0,13.2,0.006,0.4,11.0,0.085,99.4,116.6,0.033,0.8,32.851,FOOD-DATA-GROUP1,65.625,6.770833333333334,27.604166666666668,5.478260869565218,104,12.0,0.0,0.0,0.0,0.002857142857142857,0,0,0,0
274,274,chicken strips burger king,105,5.5,1.0,1.5,2.7,7.4,0.0,6.6,0.5,15.8,0.3,15.5,0.055,0.076,0.08,0.02,0.065,0.046,2.9,0.2,0.1,0.4,0.0,1.4,0.046,4.7,0.005,0.2,9.7,0.036,104.8,113.4,0.07,20.168,FOOD-DATA-GROUP1,33.84615384615384,37.948717948717956,28.205128205128204,0.7857142857142856,105,6.226415094339623,0.4716981132075472,0.0,1.0,0.002830188679245283,0,0,0,0
275,275,crispy chicken breast kentucky fried chicken,214,6.7,1.7,2.4,2.3,0.4,0.0,38.2,0.0,121.8,0.7,92.0,0.061,0.049,0.0,0.055,0.2,15.3,2.3,0.6,0.0,0.0,0.0,0.0,28.0,0.008,0.7,39.2,0.092,354.2,432.6,0.042,1.2,74.065,FOOD-DATA-GROUP1,84.32671081677704,0.8830022075055187,14.790286975717438,27.28571428571429,214,17.767441860465116,0.0,0.0,0.0,0.003255813953488372,0,0,0,1
276,276,sausage biscuit mcdonalds,440,29.7,12.5,10.3,4.0,31.8,2.3,11.3,1.4,33.9,1.0,40.6,0.049,0.5,0.1,0.029,0.3,5.0,0.6,0.1,0.0,0.0,0.9,0.0,64.4,0.031,2.4,15.2,0.2,377.9,207.1,0.0,1.0,141.05,FOOD-DATA-GROUP1,15.521978021978022,43.68131868131868,40.7967032967033,0.34451219512195125,440,2.562358276643991,0.31746031746031744,7.01219512195122,2.8,0.0022675736961451248,0,0,1,0
277,277,sausage burrito mcdonalds,339,17.1,6.1,6.5,2.4,24.2,1.4,13.0,1.2,172.9,0.8,55.8,0.004,0.2,0.045,0.036,0.3,1.9,0.9,0.4,0.9,0.0,0.2,0.0,203.4,0.005,1.8,19.2,0.2,247.5,154.8,0.0,1.3,261.627,FOOD-DATA-GROUP1,23.941068139963164,44.567219152854506,31.491712707182323,0.5158730158730159,339,3.823529411764706,0.3529411764705882,5.555555555555555,2.4,0.0023529411764705885,0,0,1,1
278,278,onion rings fried,27,1.6,0.3,0.4,0.8,2.8,0.4,0.3,0.2,0.0,0.015,1.6,0.0,0.045,0.0,0.0,0.07,0.001,0.076,0.076,0.055,0.0,0.3,0.0,7.5,0.075,0.038,1.2,0.021,10.3,10.9,0.011,0.007,12.551,FOOD-DATA-GROUP1,6.382978723404256,59.57446808510639,34.04255319148937,0.07894736842105263,27,1.0714285714285714,0.7142857142857143,10.526315789473685,0.4,0.0005357142857142857,0,0,0,0
279,279,onion rings burger king,379,23.0,3.8,6.3,11.1,39.7,4.9,3.5,2.5,0.0,0.7,22.3,0.0,0.1,0.0,0.0,0.063,0.6,0.3,0.1,1.3,0.0,4.5,0.0,104.7,0.012,0.7,17.3,0.3,143.8,152.0,0.023,0.5,175.4,FOOD-DATA-GROUP1,5.287009063444108,59.96978851963747,34.74320241691843,0.08599508599508598,379,0.9210526315789472,0.6578947368421052,12.039312039312039,5.0,0.0018421052631578947,0,0,0,0
280,280,turkey patty fried,79,5.0,1.3,2.1,1.3,4.4,0.053,3.9,0.1,21.0,0.2,13.9,0.088,0.096,0.083,0.054,0.032,0.6,0.1,0.069,0.0,0.078,0.3,0.074,3.9,0.027,0.6,4.2,0.049,75.6,77.0,0.054,0.4,17.934,FOOD-DATA-GROUP1,29.32330827067669,33.08270676691729,37.59398496240601,0.7222222222222222,79,4.875,0.125,0.9814814814814814,0.2,0.0025,0,0,0,0
281,281,hotcakes with syrup mcdonalds,601,17.8,1.8,1.9,4.6,101.8,45.5,9.0,2.0,19.9,0.6,89.7,0.0,0.4,0.1,0.0,0.4,3.2,1.1,0.1,0.0,0.0,0.0,0.0,126.0,0.1,2.8,28.7,0.4,391.2,276.3,0.0,0.6,259.4,FOOD-DATA-GROUP1,6.998444790046657,79.16018662519441,13.841368584758943,0.08754863813229573,601,1.495016611295681,0.33222591362126247,44.26070038910506,4.0,0.0009966777408637873,0,1,0,0
282,282,crispy chicken thigh kentucky fried chicken,163,9.1,2.5,3.8,2.1,0.0,0.0,20.4,0.0,107.4,0.5,59.8,0.078,0.043,0.0,0.057,0.2,4.8,1.2,0.3,0.0,0.0,0.0,0.0,19.1,0.037,0.9,20.0,0.095,202.9,246.6,0.04,1.7,49.591,FOOD-DATA-GROUP1,69.15254237288136,0.0,30.84745762711864,20.4,163,12.439024390243901,0.0,0.0,0.0,0.003048780487804878,0,0,0,1
283,283,corn dog,195,9.4,2.7,3.7,2.6,21.0,5.9,6.7,0.8,34.3,0.5,39.2,0.1,0.028,0.1,0.014,0.023,0.1,2.2,0.6,0.059,0.4,0.044,0.5,0.086,56.2,0.1,1.5,13.3,0.029,174.7,97.5,0.012,38.257,FOOD-DATA-GROUP1,18.059299191374663,56.60377358490566,25.336927223719673,0.30454545454545456,195,3.4183673469387754,0.40816326530612246,26.81818181818182,1.6,0.002551020408163265,0,0,0,0
284,284,chicken box mcdonalds,70,4.0,0.8,2.8,0.011,5.5,0.5,0.2,0.0,0.0,0.0,0.0,0.0,0.0,0.0,0.0,0.0,0.0,0.0,0.0,0.0,0.0,0.0,0.0,0.0,0.0,0.0,0.0,0.0,0.0,0.0,0.0,0.0,9.7,FOOD-DATA-GROUP1,2.061855670103093,56.70103092783506,41.23711340206186,0.03076923076923077,70,0.28169014084507044,0.0,7.6923076923076925,0.0,0.0,0,0,0,0
285,285,potato wedges kentucky fried chicken,379,19.8,4.0,11.9,2.4,45.0,0.0,5.4,4.2,0.0,1.0,59.2,0.0,0.2,0.0,0.0,0.026,2.9,0.8,0.3,0.0,0.0,1.1,0.068,34.8,0.2,1.4,40.2,0.4,142.0,699.5,0.0,0.6,110.6,FOOD-DATA-GROUP1,7.6923076923076925,64.1025641025641,28.205128205128204,0.11739130434782609,379,1.4210526315789473,1.105263157894737,0.0,8.4,0.002631578947368421,0,0,0,0
286,286,scrambled eggs mcdonalds,98,7.5,2.1,2.7,1.1,0.9,0.1,7.7,0.0,217.8,0.04,34.1,0.046,0.018,0.029,0.008,0.3,0.034,0.6,0.011,0.0,0.0,0.7,0.0,33.7,0.096,1.1,6.1,0.049,133.1,70.9,0.0,0.7,50.931,FOOD-DATA-GROUP1,47.826086956521735,5.590062111801242,46.58385093167701,4.052631578947369,98,7.777777777777778,0.0,5.2631578947368425,0.0,0.00040404040404040404,0,0,0,1
287,287,egg mcmuffin mcdonalds,287,12.2,4.5,3.4,2.2,27.3,2.7,17.2,1.4,207.9,0.8,66.3,0.1,0.0,0.3,0.038,0.0,0.5,3.9,1.1,0.2,1.5,0.0,0.7,0.0,241.9,0.1,2.9,25.2,0.3,252.0,218.0,0.0,58.5,FOOD-DATA-GROUP1,30.335097001763668,48.148148148148145,21.516754850088184,0.607773851590106,287,5.972222222222221,0.4861111111111111,9.540636042402827,2.8,0.002777777777777778,0,0,0,1
288,288,nachos taco bell,362,21.9,4.7,12.6,2.6,36.0,0.0,5.1,3.8,4.0,0.5,33.9,0.0,0.1,0.036,0.0,0.1,0.9,0.3,0.2,0.0,0.0,1.0,0.07,88.1,0.1,1.1,51.5,0.3,280.2,180.2,0.048,1.1,156.0,FOOD-DATA-GROUP1,8.095238095238095,57.14285714285714,34.76190476190476,0.13783783783783782,362,1.4049586776859504,1.046831955922865,0.0,7.6,0.0013774104683195593,0,0,0,0
289,289,biscuit large mcdonalds,310,14.4,8.3,3.4,2.0,39.4,2.7,5.5,1.8,0.0,0.9,27.6,0.095,0.4,0.1,0.046,0.3,3.7,0.4,0.088,0.0,0.0,1.1,0.0,68.4,0.091,2.5,9.9,0.2,397.8,108.0,0.0,0.4,132.022,FOOD-DATA-GROUP1,9.274873524451941,66.44182124789208,24.283305227655987,0.13613861386138615,310,1.7684887459807075,0.5787781350482315,6.683168316831684,3.6,0.002893890675241158,0,0,1,0
290,290,crispy chicken strips kentucky fried chicken,129,7.2,1.4,2.0,3.2,6.4,0.0,9.5,0.7,24.0,0.4,22.5,0.0,0.075,0.0,0.006,0.015,4.0,0.6,0.2,0.0,0.0,0.4,0.092,11.8,0.014,0.3,15.5,0.1,140.1,156.5,0.067,0.3,35.9,FOOD-DATA-GROUP1,41.12554112554112,27.705627705627705,31.16883116883117,1.2837837837837838,129,7.307692307692308,0.5384615384615384,0.0,1.4,0.003076923076923077,0,0,0,0
291,291,hotcakes mcdonalds,113,2.9,0.6,0.6,1.5,19.0,4.4,3.0,0.7,6.4,0.2,23.9,0.0,0.1,0.088,0.0,0.1,1.1,0.4,0.005,0.0,0.0,0.3,0.0,41.7,0.054,0.9,9.4,0.1,129.0,85.8,0.0,0.2,68.2,FOOD-DATA-GROUP1,12.048192771084338,76.30522088353415,11.646586345381527,0.15,113,2.631578947368421,0.6140350877192983,22.000000000000004,1.4,0.0017543859649122807,0,0,0,0
292,292,chicken crispy breast kentucky fried chicken,375,23.2,5.0,7.6,8.8,11.9,0.0,29.7,0.0,106.4,0.8,72.0,0.023,0.067,0.0,0.083,0.1,11.4,1.9,0.4,0.0,0.0,0.0,0.0,37.8,0.6,0.8,33.6,0.2,301.0,361.2,0.09,1.1,103.428,FOOD-DATA-GROUP1,45.83333333333333,18.3641975308642,35.80246913580247,2.302325581395349,375,7.898936170212766,0.0,0.0,0.0,0.002127659574468085,0,0,0,1
293,293,hotcakes sausage mcdonalds,776,34.9,7.3,9.0,6.5,102.4,45.7,15.5,2.1,50.2,0.9,107.4,0.0,0.6,0.1,0.004,0.5,5.2,1.4,0.2,0.0,0.0,0.0,0.0,134.6,0.2,3.2,37.0,0.4,451.4,390.7,0.0,1.3,292.7,FOOD-DATA-GROUP1,10.143979057591622,67.01570680628272,22.840314136125652,0.14990328820116053,776,1.9948519948519947,0.2702702702702703,44.197292069632496,4.2,0.0011583011583011582,0,1,1,0
294,294,chicken mcnuggets mcdonalds,48,3.2,0.5,1.3,0.9,2.4,0.025,2.5,0.0,7.0,0.009,7.5,0.071,0.0,0.023,0.0,0.005,0.049,1.2,0.1,0.072,0.2,0.0,0.0,0.0,1.8,0.017,0.1,3.8,0.073,43.5,40.3,0.0,8.181,FOOD-DATA-GROUP1,30.86419753086419,29.629629629629623,39.50617283950617,0.7352941176470589,48,5.1020408163265305,0.0,0.7352941176470589,0.0,0.0001836734693877551,0,0,0,0
295,295,chips chipotle,151,7.1,0.9,19.3,1.1,2.1,2.1,0.2,0.0,0.0,0.0,0.0,0.0,0.0,0.0,0.0,0.0,0.0,0.0,0.0,0.0,0.0,0.0,0.0,0.0,0.0,0.0,0.0,0.0,0.0,0.0,0.0,0.0,9.4,FOOD-DATA-GROUP1,2.127659574468085,22.340425531914892,75.53191489361701,0.06451612903225806,151,0.13157894736842105,0.0,67.74193548387098,0.0,0.0,0,0,0,0
296,296,biscuit mcdonalds,261,12.2,7.0,2.8,1.7,33.3,2.2,4.7,1.5,0.0,0.7,23.3,0.07,0.4,0.1,0.022,0.3,3.1,0.3,0.049,0.0,0.0,0.9,0.0,57.8,0.049,2.1,8.4,0.2,335.9,91.2,0.0,0.3,111.687,FOOD-DATA-GROUP1,9.362549800796813,66.33466135458166,24.30278884462151,0.1370262390670554,261,1.7938931297709924,0.5725190839694656,6.4139941690962115,3.0,0.0026717557251908397,0,0,1,0
297,297,rice bowl with chicken,36,0.4,0.01,0.1,0.1,6.4,1.2,1.6,0.2,4.5,0.064,19.6,0.026,0.068,0.094,0.014,0.07,0.6,0.1,0.07,0.8,0.0,0.08,0.043,3.7,0.057,0.008,4.0,0.075,26.6,34.8,0.035,0.1,13.178,FOOD-DATA-GROUP1,19.047619047619047,76.19047619047619,4.761904761904762,0.21621621621621623,36,4.324324324324325,0.5405405405405406,16.216216216216214,0.4,0.0017297297297297297,0,0,0,0
298,298,spaghetti with meatballs,200,8.2,2.9,3.3,1.1,22.9,5.8,8.7,5.4,14.0,0.6,157.6,0.2,0.072,0.2,0.08,0.083,0.1,4.0,0.6,0.1,3.8,0.049,1.0,0.036,58.0,0.1,2.1,26.0,0.3,114.0,434.0,0.057,45.656,FOOD-DATA-GROUP1,21.85929648241206,57.537688442211056,20.603015075376884,0.36401673640167365,200,4.3283582089552235,2.6865671641791047,24.267782426778243,10.0,0.0029850746268656717,0,0,0,0
299,299,meat ravioli canned,259,8.9,3.7,4.2,0.6,36.0,6.3,8.9,4.2,13.1,0.9,205.1,0.088,0.1,0.039,0.063,0.2,3.4,0.0,0.2,0.0,0.0,1.4,0.09,34.1,0.1,2.8,34.1,0.4,112.7,442.8,0.019,1.2,94.963,FOOD-DATA-GROUP1,16.54275092936803,66.91449814126395,16.54275092936803,0.24054054054054055,259,3.4230769230769234,1.6153846153846154,17.027027027027025,8.4,0.0034615384615384616,0,0,0,0
300,300,cheese ravioli canned,186,3.5,1.7,1.0,0.4,33.0,9.0,6.0,3.1,7.3,0.7,195.8,0.0,0.2,0.011,0.0,0.2,2.6,0.7,0.2,0.0,0.0,2.1,0.067,79.9,0.3,1.8,36.3,0.4,121.0,561.4,0.043,0.9,127.3,FOOD-DATA-GROUP1,14.117647058823529,77.64705882352942,8.235294117647058,0.17647058823529413,186,3.2085561497326207,1.6577540106951874,26.47058823529412,6.2,0.0037433155080213902,0,0,0,0
301,301,premium crispy chicken ranch blt sandwich mcdonalds,586,22.9,4.7,9.1,7.8,59.8,13.3,35.3,3.4,72.0,1.2,116.7,0.0,0.5,0.0,0.0,0.4,12.6,2.3,0.0,10.3,0.0,0.0,0.0,84.0,0.0,3.4,0.0,0.0,0.0,0.0,0.0,0.0,219.1,FOOD-DATA-GROUP1,29.915254237288135,50.67796610169491,19.406779661016948,0.5805921052631579,586,6.013628620102214,0.5792163543441227,21.875000000000004,6.8,0.0020442930153321977,0,0,0,0
302,302,steak sandwich,459,14.1,3.8,5.3,3.3,52.0,0.0,30.3,0.0,73.4,0.8,104.2,0.0,0.4,0.004,0.038,0.4,7.3,0.9,0.4,5.5,0.0,0.0,0.0,91.8,0.2,5.2,49.0,0.4,297.8,524.3,0.008,4.5,198.9,FOOD-DATA-GROUP1,31.43153526970955,53.94190871369295,14.626556016597512,0.5716981132075472,459,6.586956521739131,0.0,0.0,0.0,0.0017391304347826088,0,0,0,0
303,303,cheeseburger burger king,380,19.7,9.1,7.6,2.0,31.5,6.0,19.4,3.7,59.9,0.8,59.3,0.0,0.4,0.0,0.0,0.3,4.5,0.3,0.1,0.3,0.0,0.1,0.093,123.7,0.1,3.3,31.9,0.4,190.2,236.7,0.028,3.2,201.6,FOOD-DATA-GROUP1,27.47875354107649,44.61756373937678,27.90368271954674,0.5969230769230769,380,5.091863517060367,0.9711286089238845,18.461538461538463,7.4,0.002099737532808399,0,0,1,0
304,304,cheeseburger mcdonalds,313,14.0,5.3,4.3,0.4,33.1,7.4,15.4,1.3,41.7,0.7,53.6,0.0,0.3,0.095,0.02,0.3,4.8,0.0,0.0,0.7,0.0,0.0,0.0,198.7,0.1,2.8,23.8,0.3,166.6,238.0,0.0,2.3,266.0,FOOD-DATA-GROUP1,24.64,52.96000000000001,22.400000000000002,0.45161290322580644,313,4.904458598726115,0.4140127388535032,21.700879765395893,2.6,0.0022292993630573248,0,0,1,0
305,305,double cheeseburger,643,36.9,15.9,13.7,3.0,41.0,9.5,37.0,2.1,114.0,0.9,107.5,1.6,0.1,0.5,0.1,0.062,0.5,7.9,0.6,0.5,6.6,0.033,0.8,0.054,342.0,0.2,5.4,47.9,0.3,376.2,515.3,0.017,119.347,FOOD-DATA-GROUP1,32.20191470844212,35.68320278503046,32.114882506527415,0.8809523809523809,643,5.745341614906832,0.32608695652173914,22.61904761904762,4.2,0.0013975155279503106,0,0,1,1
306,306,double hamburger,942,58.6,21.6,22.9,11.3,51.4,13.2,52.1,5.2,172.0,1.1,206.8,1.5,0.0,0.7,0.2,0.036,0.7,12.1,0.7,0.4,0.7,0.059,2.5,0.094,130.9,0.4,10.5,67.3,0.7,415.1,718.1,0.026,169.626,FOOD-DATA-GROUP1,32.14065391733498,31.708821714990748,36.15052436767427,0.9942748091603054,942,5.524920466595971,0.5514316012725345,25.190839694656486,10.0,0.001166489925768823,0,0,1,1
307,307,premium grilled chicken classic sandwich mcdonalds,366,8.6,1.7,2.3,4.1,44.6,10.0,28.3,2.8,68.0,0.8,114.6,0.051,0.4,0.0,0.065,0.4,13.0,1.9,0.6,6.4,0.0,1.1,0.0,74.0,0.1,3.0,56.0,0.7,390.0,456.0,0.0,1.4,167.718,FOOD-DATA-GROUP1,34.7239263803681,54.723926380368106,10.552147239263803,0.6206140350877193,366,7.7111716621253406,0.7629427792915531,21.929824561403507,5.6,0.0021798365122615805,0,0,0,0
308,308,big n tasty with cheese mcdonalds,573,36.0,10.8,10.7,7.1,39.7,9.5,27.2,3.2,91.4,1.0,140.1,0.0,0.3,0.1,0.07,0.7,7.8,0.0,0.0,4.4,0.0,0.0,0.0,224.8,0.2,4.4,44.5,0.4,281.6,491.5,0.0,5.1,339.7,FOOD-DATA-GROUP1,26.433430515063165,38.58114674441205,34.98542274052478,0.6683046683046683,573,4.738675958188153,0.5574912891986062,23.34152334152334,6.4,0.0017421602787456446,0,0,1,0
309,309,premium grilled chicken club sandwich mcdonalds,493,18.0,6.4,5.6,4.8,44.3,6.4,38.3,2.7,102.6,1.0,117.1,0.0,0.4,0.0,0.0,0.4,12.4,1.8,0.0,9.8,0.0,0.0,0.0,211.9,0.0,3.1,0.0,0.0,0.0,0.0,0.0,0.0,328.1,FOOD-DATA-GROUP1,38.07157057654075,44.03578528827038,17.892644135188867,0.8454746136865342,493,7.753036437246963,0.5465587044534413,14.128035320088303,5.4,0.0020242914979757085,0,0,1,1
310,310,quarter pounder mcdonalds,417,19.8,6.9,7.2,0.5,37.9,8.8,24.1,2.7,66.7,0.7,86.1,0.0,0.3,0.052,0.029,0.6,7.6,0.0,0.0,1.5,0.0,0.0,0.0,143.6,0.2,4.1,37.6,0.3,212.0,388.2,0.0,4.6,233.7,FOOD-DATA-GROUP1,29.462102689486557,46.33251833740831,24.205378973105134,0.6195372750642674,417,5.76555023923445,0.645933014354067,22.62210796915167,5.4,0.0016746411483253587,0,0,1,0
311,311,premium crispy chicken classic sandwich mcdonalds,524,20.0,3.2,7.3,8.5,58.6,12.4,27.8,3.2,59.8,1.0,119.6,0.0,0.5,0.1,0.0,0.4,12.7,2.4,0.0,5.8,0.0,0.0,0.0,78.2,0.2,3.3,62.1,1.0,370.3,522.1,0.0,1.5,196.9,FOOD-DATA-GROUP1,26.12781954887218,55.07518796992481,18.796992481203006,0.4664429530201342,524,5.295238095238095,0.6095238095238096,20.80536912751678,6.4,0.0019047619047619048,0,0,0,0
312,312,veggie burger,124,4.4,1.0,1.2,1.4,10.0,0.7,11.0,3.4,3.5,0.4,42.8,0.0,1.9,0.045,0.02,0.2,2.6,0.2,0.2,3.2,0.0,0.2,0.069,95.2,0.1,1.7,39.2,0.7,144.2,233.1,0.017,0.9,128.9,FOOD-DATA-GROUP1,43.30708661417323,39.37007874015748,17.322834645669293,1.0,124,8.799999999999999,2.7199999999999998,6.363636363636363,6.8,0.0032,0,0,0,0
313,313,quarter pounder with cheese mcdonalds,513,28.3,11.2,9.2,0.9,39.7,9.8,29.0,2.8,93.5,1.2,97.3,0.0,0.3,0.1,0.068,0.7,7.7,0.0,0.0,1.6,0.0,0.0,0.0,286.6,0.2,4.2,43.8,0.3,320.4,435.8,0.0,5.2,392.2,FOOD-DATA-GROUP1,29.896907216494846,40.927835051546396,29.175257731958766,0.7125307125307124,513,5.642023346303502,0.5447470817120622,24.078624078624077,5.6,0.0023346303501945525,0,0,1,0
314,314,beef sandwich steak raw,173,15.1,6.5,6.2,0.3,0.0,0.0,9.2,0.0,39.8,0.043,31.4,0.0,0.066,0.076,0.041,0.065,2.6,0.2,0.1,0.0,0.077,0.1,0.046,6.7,0.068,1.0,9.0,0.092,74.5,130.5,0.078,2.0,32.0,FOOD-DATA-GROUP1,37.86008230452675,0.0,62.13991769547326,9.2,173,5.287356321839081,0.0,0.0,0.0,0.00024712643678160916,0,0,1,0
315,315,cheeseburger,292,13.2,6.0,5.1,1.4,28.7,5.9,15.0,1.6,41.4,0.6,55.3,0.5,0.087,0.4,0.083,0.091,0.2,3.5,0.3,1.1,0.7,0.042,0.3,0.04,105.8,0.1,3.2,25.3,0.3,154.1,204.7,0.021,60.289,FOOD-DATA-GROUP1,26.36203866432337,50.43936731107205,23.198594024604567,0.5050505050505051,292,5.1194539249146755,0.5460750853242321,19.865319865319865,3.2,0.0020477815699658703,0,0,1,0
316,316,premium grilled chicken ranch blt sandwich mcdonalds,412,10.9,3.0,3.8,3.4,44.3,10.5,33.7,2.8,76.8,1.0,108.3,0.0,0.4,0.0,0.0,0.4,12.5,1.8,0.0,9.9,0.0,0.0,0.0,76.8,0.0,3.0,0.0,0.0,0.0,0.0,0.0,0.0,181.4,FOOD-DATA-GROUP1,37.907761529808774,49.83127109111361,12.260967379077616,0.7439293598233997,412,8.159806295399516,0.6779661016949152,23.17880794701987,5.6,0.002421307506053269,0,0,0,0
317,317,double whopper with cheese burger king,1061,68.1,27.9,25.1,11.9,53.9,14.4,57.7,6.4,187.5,1.5,212.6,0.0,1.1,0.1,0.0,0.8,12.0,0.8,0.4,0.8,0.0,0.2,0.082,311.2,0.3,21.1,75.8,0.6,510.7,754.1,0.075,14.0,519.2,FOOD-DATA-GROUP1,32.10907067334446,29.994435169727325,37.89649415692821,1.0510018214936248,1061,5.4331450094161955,0.6026365348399246,26.229508196721312,10.0,0.0014124293785310734,0,0,1,1
318,318,big mac mcdonalds,563,32.8,8.3,7.6,0.7,44.0,8.7,25.9,3.5,78.8,1.0,112.3,0.0,0.4,0.1,0.048,0.5,7.4,0.0,0.0,0.9,0.0,0.0,0.0,254.0,0.2,4.4,43.8,0.5,267.2,396.4,0.0,4.2,365.5,FOOD-DATA-GROUP1,25.219084712755595,42.843232716650434,31.93768257059396,0.5755555555555555,563,4.592198581560283,0.6205673758865249,19.333333333333332,7.0,0.0017730496453900709,0,0,1,0
319,319,sandwich with cold cuts,833,39.3,13.9,14.5,7.5,79.9,12.4,41.1,4.7,105.6,2.2,221.0,0.5,0.004,1.3,0.4,0.051,1.0,16.9,1.5,0.8,29.3,0.012,1.6,0.023,668.6,0.5,7.1,78.2,0.9,437.9,1102.6,0.065,166.871,FOOD-DATA-GROUP1,25.6394260761073,49.84404242046163,24.516531503431064,0.5080346106304079,833,4.928057553956835,0.5635491606714629,15.327564894932014,9.4,0.0026378896882494006,0,0,1,1
320,320,filet o fish mcdonalds,378,19.6,3.8,5.4,8.0,35.4,4.9,15.1,1.9,42.9,0.6,61.3,0.0,0.3,0.073,0.054,0.2,3.0,0.0,0.0,0.4,0.0,1.6,0.058,160.8,0.025,2.1,36.2,0.4,183.6,294.8,0.017,0.8,235.3,FOOD-DATA-GROUP1,21.540656205420827,50.499286733238236,27.960057061340947,0.41483516483516486,378,3.9841688654353566,0.5013192612137203,13.461538461538463,3.8,0.0015831134564643799,0,0,0,0
321,321,hand breaded chicken tenders carls jr,57,2.9,0.6,2.9,5.5,0.2,0.0,0.0,0.0,0.0,0.0,0.0,0.0,0.0,0.0,0.0,0.0,0.0,0.0,0.0,0.0,0.0,0.0,0.0,0.0,0.0,0.0,0.0,0.0,0.0,0.0,0.0,0.0,3.1,FOOD-DATA-GROUP1,0.0,6.451612903225806,93.54838709677419,0.0,57,0.0,0.0,0.0,0.0,0.0,0,0,0,0
322,322,grilled chicken sandwich wendys,370,8.0,42.0,34.0,0.0,0.0,0.0,0.0,0.0,0.0,0.0,0.0,0.0,0.0,0.0,0.0,0.0,0.0,0.0,0.0,0.0,0.0,0.0,0.0,0.0,0.0,0.0,0.0,0.0,0.0,0.0,0.0,0.0,8.0,FOOD-DATA-GROUP1,0.0,0.0,100.0,0.0,370,0.0,0.0,0.0,0.0,0.0,0,0,1,0
323,323,sandwich with roast beef,410,13.0,7.1,1.8,2.6,44.3,0.0,28.6,0.0,73.4,0.8,127.4,0.03,0.4,0.053,0.015,0.4,6.0,0.8,0.3,5.6,0.0,0.0,0.0,41.0,0.4,2.8,67.0,0.4,192.2,330.5,0.073,4.4,135.393,FOOD-DATA-GROUP1,33.29452852153667,51.57159487776484,15.133876600698484,0.631346578366446,410,6.958637469586375,0.0,0.0,0.0,0.0019464720194647203,0,0,1,0
324,324,hamburger burger king,258,10.4,3.8,4.2,1.2,26.5,5.5,14.7,2.0,34.7,0.5,45.5,0.5,0.0,0.3,0.026,0.0,0.2,3.9,0.2,0.056,0.2,0.0,0.068,0.049,75.2,0.1,2.8,24.8,0.3,124.7,214.8,0.055,54.28,FOOD-DATA-GROUP1,28.48837209302325,51.356589147286826,20.155038759689923,0.5345454545454545,258,5.675675675675675,0.7722007722007722,20.0,4.0,0.0019305019305019305,0,0,0,0
325,325,big n tasty mcdonalds,524,31.7,8.6,9.7,6.9,38.5,8.8,24.7,3.2,76.6,0.7,133.9,0.0,0.3,0.1,0.017,0.6,7.7,0.0,0.0,4.4,0.0,0.0,0.0,150.8,0.2,4.4,41.8,0.4,227.4,464.0,0.0,4.8,257.7,FOOD-DATA-GROUP1,26.027397260273972,40.56902002107481,33.40358271865121,0.6253164556962025,524,4.704761904761905,0.6095238095238096,22.27848101265823,6.4,0.0013333333333333333,0,0,1,0
326,326,roast beef sandwich,364,15.3,5.1,5.9,2.6,33.1,5.7,22.6,1.9,44.7,1.0,74.4,0.6,0.035,0.3,0.015,0.012,0.4,6.5,0.9,0.3,0.0,0.0,0.6,0.039,82.0,0.1,3.9,34.3,0.1,298.0,333.8,0.055,73.951,FOOD-DATA-GROUP1,31.83098591549296,46.61971830985916,21.549295774647888,0.6627565982404692,364,6.191780821917808,0.5205479452054794,16.715542521994134,3.8,0.0027397260273972603,0,0,1,0
327,327,roast beef sandwich with cheese,473,18.0,9.0,3.7,3.5,45.4,0.0,32.2,0.0,77.4,1.6,76.6,0.082,0.4,0.065,0.063,0.5,5.9,0.7,0.3,0.0,0.0,0.0,0.0,183.0,0.2,5.1,40.5,0.3,401.3,345.0,0.021,5.4,283.72,FOOD-DATA-GROUP1,33.68200836820085,47.48953974895397,18.82845188284519,0.6939655172413794,473,6.79324894514768,0.0,0.0,0.0,0.0033755274261603376,0,0,1,0
328,328,hamburger,255,9.9,3.5,3.7,1.3,28.7,5.8,12.9,1.7,28.1,0.5,43.5,0.4,0.088,0.3,0.082,0.092,0.2,3.9,0.3,0.1,0.3,0.041,0.053,0.068,112.5,0.027,2.8,21.3,0.2,106.7,191.1,0.017,53.859,FOOD-DATA-GROUP1,25.04854368932039,55.72815533980583,19.223300970873787,0.43434343434343436,255,5.0390625,0.6640625,19.52861952861953,3.4,0.001953125,0,0,0,0
329,329,premium fish sandwich burger king,572,27.4,4.3,5.7,13.8,58.7,7.8,22.6,2.0,68.2,1.3,106.6,0.0,0.4,0.0,0.0,0.4,4.6,0.4,0.054,0.4,0.0,0.0,0.014,81.4,0.2,3.3,55.0,0.6,255.2,453.2,0.08,1.1,195.8,FOOD-DATA-GROUP1,20.791168353265867,54.00183992640294,25.206991720331178,0.3785594639865997,572,3.9441535776614316,0.34904013961605584,13.065326633165828,4.0,0.002268760907504363,0,0,0,0
330,330,whopper burger king,790,48.4,18.3,16.0,12.0,52.8,13.0,35.4,3.2,113.8,1.4,173.5,0.0,0.7,0.2,0.0,0.6,8.1,0.6,0.2,0.6,0.0,0.3,0.008,259.1,0.2,6.3,56.9,0.6,357.1,534.0,0.032,5.1,405.8,FOOD-DATA-GROUP1,25.91508052708638,38.65300146412884,35.43191800878478,0.6579925650557621,790,4.475347661188369,0.404551201011378,24.1635687732342,6.4,0.0017699115044247787,0,0,1,1
331,331,sandwich with tuna salad,584,28.0,5.3,13.4,7.3,55.4,0.0,29.7,0.0,48.6,1.3,139.0,0.004,0.5,0.1,0.076,0.3,11.3,1.9,0.2,3.6,0.0,0.0,0.0,74.2,0.4,2.6,79.4,0.5,220.2,335.4,0.019,1.9,193.569,FOOD-DATA-GROUP1,26.259946949602124,48.98320070733864,24.75685234305924,0.526595744680851,584,5.076923076923077,0.0,0.0,0.0,0.0022222222222222222,0,0,1,0
332,332,original chicken sandwich burger king,569,29.2,5.4,7.4,14.4,52.2,6.0,24.2,4.8,61.7,1.3,89.0,0.0,0.6,0.075,0.0,0.3,9.4,0.9,0.3,0.4,0.0,0.0,0.019,91.5,0.2,3.6,45.8,0.8,254.7,390.0,0.037,1.2,205.9,FOOD-DATA-GROUP1,22.916666666666664,49.43181818181818,27.65151515151515,0.45488721804511273,569,4.245614035087719,0.8421052631578947,11.278195488721805,9.6,0.002280701754385965,0,0,1,0
333,333,double whopper burger king,942,58.6,21.6,22.9,11.3,51.4,13.2,52.1,5.2,172.0,1.1,206.8,0.0,0.7,0.2,0.0,0.7,12.1,0.7,0.4,0.7,0.0,0.0,0.023,130.9,0.4,10.5,67.3,0.7,415.1,718.1,0.082,11.2,309.4,FOOD-DATA-GROUP1,32.14065391733498,31.708821714990748,36.15052436767427,0.9942748091603054,942,5.524920466595971,0.5514316012725345,25.190839694656486,10.0,0.001166489925768823,0,0,1,1
334,334,premium crispy chicken club sandwich mcdonalds,635,29.9,8.5,10.7,9.0,57.4,12.7,39.1,3.0,96.5,1.2,122.0,0.0,0.4,0.0,0.0,0.4,12.1,2.3,0.0,9.7,0.0,0.0,0.0,233.7,0.0,3.4,0.0,0.0,0.0,0.0,0.0,0.0,376.2,FOOD-DATA-GROUP1,30.93354430379747,45.41139240506329,23.65506329113924,0.6695205479452055,635,6.147798742138365,0.4716981132075472,21.74657534246575,6.0,0.0018867924528301887,0,0,1,0
335,335,hamburger mcdonalds,251,9.6,3.3,3.6,1.3,28.8,5.7,12.3,1.2,25.7,0.5,42.3,0.4,0.0,0.2,0.03,0.008,0.2,4.3,0.0,0.0,0.6,0.0,0.0,0.0,120.7,0.049,2.7,20.0,0.3,101.7,182.4,0.066,52.357,FOOD-DATA-GROUP1,24.2603550295858,56.80473372781065,18.93491124260355,0.412751677852349,251,4.880952380952381,0.47619047619047616,19.12751677852349,2.4,0.001984126984126984,0,0,0,0
336,336,pepperoni pizza dominos,308,12.6,5.4,3.8,2.4,36.0,4.2,12.7,2.4,28.3,0.7,49.0,0.0,0.4,0.0,0.014,0.2,3.9,0.0,0.024,0.9,0.0,1.1,0.034,159.3,0.1,2.6,27.1,0.4,215.8,206.8,0.038,1.5,226.5,FOOD-DATA-GROUP1,20.717781402936374,58.727569331158236,20.554649265905383,0.34324324324324323,308,4.110032362459546,0.7766990291262136,11.351351351351353,4.8,0.0022653721682847896,0,0,1,0
337,337,sausage pizza,325,14.3,5.8,4.7,2.7,35.5,3.9,13.3,2.7,26.7,0.7,49.9,0.3,0.019,0.4,0.1,0.055,0.2,4.4,0.0,0.099,2.0,0.0,1.1,0.078,167.0,0.1,2.8,27.8,0.4,223.9,228.5,0.003,66.337,FOOD-DATA-GROUP1,21.07765451664026,56.25990491283677,22.662440570522982,0.3643835616438356,325,4.079754601226994,0.8282208588957056,10.684931506849313,5.4,0.0021472392638036807,0,0,1,0
338,338,pepperoni pizza,313,13.2,5.7,4.3,2.3,35.5,3.6,13.0,2.6,27.8,0.8,46.4,0.3,0.035,0.5,0.1,0.001,0.2,4.6,0.0,0.093,1.0,0.0,1.0,0.05,169.8,0.1,2.8,26.6,0.4,219.8,216.5,0.022,64.836,FOOD-DATA-GROUP1,21.06969205834684,57.53646677471637,21.393841166936788,0.3561643835616438,313,4.140127388535031,0.8280254777070064,9.863013698630137,5.2,0.002547770700636943,0,0,1,0
339,339,pepperoni pizza pizza hut,269,10.9,5.0,3.9,2.0,30.3,3.5,12.3,1.6,25.0,0.8,39.7,0.087,0.3,0.0,0.073,0.3,3.9,0.4,0.1,0.0,0.0,0.7,0.037,148.8,0.038,2.1,22.1,0.4,209.3,198.7,0.021,1.6,206.086,FOOD-DATA-GROUP1,22.990654205607477,56.63551401869159,20.373831775700936,0.3929712460063898,269,4.555555555555555,0.5925925925925927,11.182108626198083,3.2,0.0029629629629629632,0,0,0,0
340,340,cheese pizza pizza hut,260,10.5,4.8,2.8,1.8,30.0,3.2,11.5,1.7,23.0,0.7,41.6,0.075,0.3,0.0,0.033,0.2,3.2,0.3,0.1,0.0,0.0,0.7,0.039,200.6,0.003,1.9,21.1,0.3,239.0,166.1,0.022,1.6,256.272,FOOD-DATA-GROUP1,22.115384615384613,57.692307692307686,20.192307692307693,0.3709677419354839,260,4.406130268199234,0.6513409961685823,10.32258064516129,3.4,0.0026819923371647508,0,0,0,0
341,341,cheese pizza,285,10.4,4.8,2.8,1.8,35.7,3.8,12.2,2.5,18.2,0.6,46.2,0.3,0.001,0.4,0.014,0.023,0.2,4.1,0.0,0.066,1.5,0.0,0.9,0.082,201.2,0.1,2.7,25.7,0.4,231.1,184.0,0.031,61.304,FOOD-DATA-GROUP1,20.926243567753,61.23499142367067,17.83876500857633,0.332425068119891,285,4.265734265734265,0.8741258741258742,10.354223433242506,5.0,0.002097902097902098,0,0,0,0
342,342,cheese pizza dominos,278,9.7,4.4,2.3,2.0,35.9,4.3,11.7,2.4,18.4,0.6,48.5,0.068,0.3,0.0,0.037,0.2,3.6,0.5,0.051,1.0,0.0,1.1,0.028,180.4,0.1,2.5,25.9,0.3,220.3,173.9,0.026,1.3,243.663,FOOD-DATA-GROUP1,20.418848167539267,62.652705061082024,16.92844677137871,0.3170731707317073,278,4.193548387096774,0.8602150537634409,11.653116531165312,4.8,0.002150537634408602,0,0,0,0
343,343,meat vegetable pizza,332,14.8,6.0,5.2,2.6,34.5,5.1,15.0,3.0,36.7,0.8,68.5,0.032,0.3,0.045,0.045,0.4,4.2,0.6,0.1,0.1,0.0,1.2,0.065,163.2,0.2,2.5,31.3,0.4,248.9,250.2,0.075,1.7,233.148,FOOD-DATA-GROUP1,23.32814930015552,53.654743390357694,23.017107309486782,0.4225352112676056,332,4.504504504504505,0.9009009009009009,14.366197183098592,6.0,0.0024024024024024027,0,0,1,0
344,344,sucker raw,146,3.7,0.7,1.1,1.3,0.0,0.0,26.6,0.0,65.2,0.0,126.7,0.041,0.095,0.028,0.063,0.1,1.9,1.2,0.3,0.0,0.0,0.0,0.0,111.3,0.3,2.1,47.7,1.0,333.9,604.2,0.056,1.2,143.779,FOOD-DATA-GROUP1,87.7887788778878,0.0,12.211221122112212,26.6,146,18.0952380952381,0.0,0.0,0.0,0.0,0,0,0,0
345,345,northern pike raw,348,2.7,0.5,0.6,0.8,0.0,0.0,76.3,0.0,154.4,0.2,312.5,0.059,0.2,0.077,0.078,0.2,9.1,3.0,0.5,15.0,0.025,0.8,0.089,225.7,0.2,2.2,122.8,1.0,871.2,1025.6,0.082,2.7,321.946,FOOD-DATA-GROUP1,96.58227848101265,0.0,3.4177215189873418,76.3,348,21.86246418338109,0.0,0.0,0.0,0.0005730659025787966,0,0,0,1
346,346,haddock cooked,135,0.8,0.2,0.1,0.3,0.0,0.0,30.0,0.0,99.0,0.4,119.5,0.012,0.099,0.035,0.045,0.1,6.2,0.7,0.5,0.0,0.064,0.8,0.004,21.0,0.042,0.3,39.0,0.06,417.0,526.5,0.055,0.6,52.159,FOOD-DATA-GROUP1,97.40259740259741,0.0,2.5974025974025974,30.0,135,22.058823529411764,0.0,0.0,0.0,0.0029411764705882353,0,0,0,0
347,347,burbot cooked,104,0.9,0.2,0.2,0.3,0.0,0.0,22.3,0.0,69.3,0.1,66.1,0.071,0.4,0.059,0.087,0.2,1.8,0.2,0.3,0.0,0.0,0.0,0.0,57.6,0.2,1.0,36.9,0.8,230.4,466.2,0.002,0.9,81.891,FOOD-DATA-GROUP1,96.12068965517241,0.0,3.8793103448275863,22.3,104,21.23809523809524,0.0,0.0,0.0,0.0009523809523809524,0,0,0,0
348,348,pollock cooked,356,3.8,0.5,0.4,1.9,0.0,0.0,75.3,0.0,274.8,0.3,217.5,0.045,0.2,0.092,0.093,0.7,12.0,1.2,1.0,0.0,0.0,0.0,0.0,232.5,0.2,1.8,259.7,0.026,854.7,1377.1,0.1,1.8,313.428,FOOD-DATA-GROUP1,95.19595448798988,0.0,4.804045512010114,75.3,356,21.092436974789916,0.0,0.0,0.0,0.0008403361344537815,0,0,0,1
349,349,rainbow smelt raw,27,0.7,0.1,0.2,0.3,0.0,0.0,5.0,0.0,19.8,0.019,22.3,0.036,0.071,0.057,0.056,0.024,0.4,0.2,0.095,0.0,0.045,0.1,0.068,17.0,0.041,0.3,8.5,0.2,65.1,82.1,0.036,0.5,23.004,FOOD-DATA-GROUP1,87.71929824561403,0.0,12.280701754385964,5.0,27,17.857142857142858,0.0,0.0,0.0,0.0006785714285714286,0,0,0,0
350,350,whitefish cooked,265,11.6,1.8,3.9,4.2,0.0,0.0,37.7,0.0,118.6,0.1,100.2,0.082,0.3,0.0,0.027,0.2,5.9,1.3,0.5,0.0,0.0,0.0,0.0,50.8,0.1,0.7,64.7,0.1,532.8,625.2,0.08,2.0,100.864,FOOD-DATA-GROUP1,76.47058823529412,0.0,23.52941176470588,37.7,265,14.172932330827068,0.0,0.0,0.0,0.00037593984962406017,0,0,0,1
351,351,walleye pike raw,148,1.9,0.4,0.5,0.7,0.0,0.0,30.4,0.0,136.7,0.011,126.1,0.083,0.4,0.032,0.006,0.3,3.7,1.2,0.2,0.0,0.0,0.0,0.0,174.9,0.3,2.1,47.7,1.3,333.9,618.5,0.011,1.0,209.316,FOOD-DATA-GROUP1,94.11764705882352,0.0,5.88235294117647,30.4,148,20.40268456375839,0.0,0.0,0.0,7.38255033557047e-05,0,0,0,1
352,352,carp cooked,275,12.2,2.4,5.1,3.1,0.0,0.0,38.9,0.0,142.8,0.1,118.4,0.02,0.2,0.056,0.09,0.1,3.6,1.5,0.4,2.7,0.0,0.0,0.0,88.4,0.1,2.7,64.6,0.074,902.7,725.9,0.082,3.2,144.989,FOOD-DATA-GROUP1,76.1252446183953,0.0,23.874755381604697,38.9,275,14.094202898550723,0.0,0.0,0.0,0.00036231884057971015,0,0,0,1
353,353,wolffish cooked,293,7.3,1.1,2.6,2.6,0.0,0.0,53.4,0.0,140.4,0.3,176.7,0.3,0.5,0.063,0.08,0.2,6.2,1.6,1.1,0.0,0.0,0.0,0.0,19.0,0.048,0.3,90.4,0.075,609.3,916.3,0.1,2.4,80.3,FOOD-DATA-GROUP1,87.97364085667216,0.0,12.026359143327843,53.4,293,18.163265306122447,0.0,0.0,0.0,0.001020408163265306,0,0,0,1
354,354,snapper cooked,218,2.9,0.6,0.5,1.0,0.0,0.0,44.7,0.0,79.9,0.066,119.6,0.071,0.009,0.094,0.05,0.065,0.6,1.5,0.8,2.7,0.0,0.0,0.0,68.0,0.027,0.4,62.9,0.034,341.7,887.4,0.07,0.7,118.742,FOOD-DATA-GROUP1,93.90756302521008,0.0,6.092436974789916,44.7,218,20.41095890410959,0.0,0.0,0.0,0.00030136986301369865,0,0,0,0
355,355,roe cooked,58,2.3,0.5,0.6,1.0,0.5,0.0,8.1,0.0,135.6,0.055,16.6,0.066,0.001,0.055,0.056,0.3,0.6,0.3,0.085,4.6,0.0,0.0,0.0,7.9,0.078,0.2,7.4,0.033,145.7,80.1,0.052,0.4,23.609,FOOD-DATA-GROUP1,74.3119266055046,4.587155963302752,21.100917431192663,5.3999999999999995,58,13.728813559322035,0.0,0.0,0.0,0.0009322033898305085,0,0,0,1
356,356,anchovy raw,37,1.4,0.4,0.3,0.5,0.0,0.0,5.8,0.0,17.0,0.012,20.8,0.097,0.055,0.029,0.032,0.009,4.0,0.2,0.067,0.0,0.0,0.2,0.015,41.6,0.071,0.9,11.6,0.025,49.2,108.4,0.045,0.5,49.714,FOOD-DATA-GROUP1,80.55555555555556,0.0,19.444444444444446,5.8,37,15.263157894736842,0.0,0.0,0.0,0.00031578947368421053,0,0,0,0
357,357,herring raw,291,16.6,3.8,6.9,3.9,0.0,0.0,33.0,0.0,110.4,0.2,132.6,0.027,0.2,0.084,0.016,0.4,5.9,1.2,0.6,1.3,0.005,2.0,0.033,104.9,0.2,2.0,58.9,0.098,434.2,601.7,0.022,1.8,157.898,FOOD-DATA-GROUP1,66.53225806451613,0.0,33.46774193548387,33.0,291,11.301369863013697,0.0,0.0,0.0,0.0006849315068493151,0,0,0,1
358,358,cod raw,189,1.5,0.3,0.2,0.5,0.0,0.0,41.1,0.0,99.3,0.1,187.6,0.045,0.2,0.016,0.061,0.2,4.8,0.4,0.6,2.3,0.083,1.5,0.021,37.0,0.023,0.9,73.9,0.013,468.9,954.0,0.096,1.0,82.88,FOOD-DATA-GROUP1,96.47887323943662,0.0,3.5211267605633805,41.1,189,21.63157894736842,0.0,0.0,0.0,0.0005263157894736842,0,0,0,0
359,359,tilapia raw,111,2.0,0.7,0.6,0.4,0.0,0.0,23.3,0.0,58.0,0.009,90.6,0.0,0.094,0.09,0.02,0.036,4.5,0.6,0.2,0.0,0.019,0.5,0.068,11.6,0.087,0.6,31.3,0.081,197.2,350.3,0.039,0.4,37.5,FOOD-DATA-GROUP1,92.09486166007905,0.0,7.905138339920949,23.3,111,20.80357142857143,0.0,0.0,0.0,8.035714285714285e-05,0,0,0,0
360,360,whiting cooked,84,1.2,0.3,0.3,0.4,0.0,0.0,16.9,0.0,60.5,0.018,53.8,0.064,0.04,0.075,0.045,0.05,1.2,0.2,0.1,0.0,0.027,0.3,0.075,44.6,0.01,0.3,19.4,0.017,205.2,312.5,0.077,0.4,63.037,FOOD-DATA-GROUP1,93.37016574585635,0.0,6.629834254143647,16.9,84,19.882352941176467,0.0,0.0,0.0,0.00021176470588235292,0,0,0,0
361,361,skipjack tuna cooked,407,4.0,1.3,0.7,1.2,0.0,0.0,86.9,0.0,184.8,0.1,191.8,0.059,0.1,0.06,0.041,0.4,57.8,1.5,3.0,3.1,0.0,0.0,0.0,114.0,0.3,4.9,135.5,0.067,877.8,1607.8,0.1,3.2,212.936,FOOD-DATA-GROUP1,95.59955995599559,0.0,4.4004400440044,86.9,407,21.29901960784314,0.0,0.0,0.0,0.00024509803921568627,0,0,0,1
362,362,salmon cooked,733,44.0,8.5,14.9,16.2,0.0,0.0,78.7,0.0,224.3,0.2,230.5,0.2,1.2,0.1,0.01,0.5,28.6,5.3,2.3,13.2,0.046,4.1,0.044,53.4,0.2,1.2,106.8,0.095,897.1,1367.0,0.1,1.5,190.7,FOOD-DATA-GROUP1,64.14017929910351,0.0,35.85982070089649,78.7,733,10.722070844686648,0.0,0.0,0.0,0.00027247956403269756,0,0,1,1
363,363,chum salmon cooked,474,14.9,3.3,6.1,3.5,0.0,0.0,79.5,0.0,292.6,0.2,210.8,0.1,0.3,0.045,0.017,0.7,26.3,2.7,1.4,0.0,0.0,0.0,0.0,43.1,0.2,2.2,86.2,0.09,1118.0,1694.0,0.1,1.8,139.8,FOOD-DATA-GROUP1,84.21610169491525,0.0,15.783898305084746,79.5,474,16.736842105263158,0.0,0.0,0.0,0.0004210526315789474,0,0,0,1
364,364,american shad cooked,363,25.4,0.0,0.0,0.0,0.0,0.0,31.3,0.0,138.2,0.043,85.3,0.031,0.3,0.008,0.065,0.4,15.5,1.2,0.7,0.0,0.0,0.0,0.0,86.4,0.1,1.8,54.7,0.027,502.6,708.5,0.035,0.7,144.967,FOOD-DATA-GROUP1,55.20282186948854,0.0,44.79717813051146,31.3,363,8.598901098901099,0.0,0.0,0.0,0.00011813186813186812,0,0,0,1
365,365,shark cooked,65,3.9,0.9,1.7,1.0,1.8,0.0,5.3,0.0,16.7,0.068,17.0,0.058,0.034,0.05,0.066,0.013,0.8,0.2,0.063,0.0,0.0,0.0,0.0,14.2,0.031,0.3,12.2,0.057,54.9,43.9,0.064,0.1,25.548,FOOD-DATA-GROUP1,48.18181818181818,16.363636363636363,35.45454545454545,1.892857142857143,65,8.030303030303031,0.0,0.0,0.0,0.0010303030303030305,0,0,0,0
366,366,trout cooked,118,5.3,0.9,2.6,1.2,0.0,0.0,16.5,0.0,45.9,0.027,39.3,0.02,0.3,0.019,0.026,0.3,3.6,1.4,0.1,0.3,0.0,0.0,0.0,34.1,0.1,1.2,17.4,0.7,194.7,287.1,0.096,0.5,57.496,FOOD-DATA-GROUP1,75.68807339449542,0.0,24.311926605504585,16.5,118,13.865546218487395,0.0,0.0,0.0,0.000226890756302521,0,0,0,0
367,367,swordfish raw,196,9.0,2.2,4.0,1.6,0.0,0.0,26.7,0.0,89.8,0.1,99.8,0.04,0.1,0.036,0.02,0.071,10.6,0.5,0.7,0.0,0.082,2.7,0.023,6.8,0.051,0.5,39.4,0.059,346.8,568.5,0.021,0.9,43.072,FOOD-DATA-GROUP1,74.78991596638654,0.0,25.210084033613445,26.7,196,13.553299492385786,0.0,0.0,0.0,0.0005076142131979696,0,0,0,0
368,368,rainbow trout cooked,119,5.2,1.2,1.7,1.3,0.0,0.0,16.9,0.0,49.7,0.041,48.8,0.09,0.024,0.1,0.035,0.011,0.077,4.7,1.4,0.3,2.1,0.092,2.0,0.003,21.3,0.093,0.3,21.3,0.043,191.7,319.5,0.059,22.557,FOOD-DATA-GROUP1,76.47058823529413,0.0,23.529411764705884,16.9,119,14.08333333333333,0.0,0.0,0.0,0.00034166666666666666,0,0,0,0
369,369,fish sandwich with cheese,374,19.6,3.8,5.4,8.0,35.4,4.9,15.1,0.0,49.6,0.6,61.3,0.0,0.3,0.0,0.007,0.3,3.1,0.3,0.044,2.0,0.0,0.0,0.0,160.8,0.092,2.1,36.2,0.4,183.6,294.8,0.0,0.8,235.0,FOOD-DATA-GROUP1,21.540656205420827,50.499286733238236,27.960057061340947,0.41483516483516486,374,4.026666666666666,0.0,13.461538461538463,0.0,0.0015999999999999999,0,0,0,0
370,370,jellyfish dried,21,0.8,0.2,0.1,0.3,0.0,0.0,3.2,0.0,2.9,5.6,39.4,0.024,0.082,0.033,0.0,0.05,0.1,0.0,0.054,0.0,0.0,0.05,0.059,1.2,0.08,1.3,1.2,0.0,11.6,1.7,0.014,0.2,6.517,FOOD-DATA-GROUP1,80.0,0.0,20.0,3.2,21,14.545454545454547,0.0,0.0,0.0,0.2545454545454545,0,0,0,0
371,371,mullet raw,139,4.5,1.3,1.3,0.9,0.0,0.0,23.0,0.0,58.3,0.098,91.6,0.048,0.1,0.002,0.092,0.07,6.2,0.9,0.5,1.4,0.065,1.2,0.066,48.8,0.0,1.2,34.5,0.005,263.0,424.8,0.053,0.6,78.949,FOOD-DATA-GROUP1,83.63636363636363,0.0,16.363636363636363,23.0,139,16.428571428571427,0.0,0.0,0.0,0.0007,0,0,0,0
372,372,halibut cooked,353,5.1,1.1,1.8,1.1,0.0,0.0,71.7,0.0,190.8,0.3,242.1,0.043,0.007,0.2,0.01,0.043,0.1,25.2,1.3,2.0,0.0,0.089,2.4,0.0,28.6,0.095,0.6,89.0,0.071,912.7,1679.0,0.2,78.934,FOOD-DATA-GROUP1,93.35937500000001,0.0,6.640625,71.7,353,20.25423728813559,0.0,0.0,0.0,0.000847457627118644,0,0,0,1
373,373,lingcod raw,213,2.7,0.5,0.9,0.8,0.0,0.0,44.2,0.0,130.0,0.1,202.6,0.079,0.067,0.04,0.093,0.3,4.8,1.9,0.8,0.0,0.0,0.0,0.0,35.0,0.024,0.8,65.0,0.035,502.5,1092.5,0.025,1.1,82.778,FOOD-DATA-GROUP1,94.24307036247335,0.0,5.756929637526651,44.2,213,20.654205607476637,0.0,0.0,0.0,0.00046728971962616824,0,0,0,1
374,374,orange roughy cooked,30,0.3,0.046,0.1,0.076,0.0,0.0,6.4,0.0,22.6,0.079,19.0,0.049,0.025,0.035,0.043,0.009,0.5,0.025,0.022,0.0,0.0,0.5,0.076,3.1,0.043,0.3,5.1,0.061,28.9,51.2,0.024,0.095,10.146,FOOD-DATA-GROUP1,95.52238805970148,0.0,4.477611940298507,6.4,30,20.64516129032258,0.0,0.0,0.0,0.0025483870967741937,0,0,0,0
375,375,cisco raw,77,1.5,0.3,0.4,0.5,0.0,0.0,15.0,0.0,39.5,0.042,62.4,0.022,0.098,0.016,0.023,0.024,2.0,0.6,0.2,0.0,0.0,0.0,0.0,9.5,0.029,0.3,13.4,0.019,120.1,279.7,0.08,0.3,26.367,FOOD-DATA-GROUP1,90.9090909090909,0.0,9.090909090909092,15.0,77,19.230769230769234,0.0,0.0,0.0,0.0005384615384615385,0,0,0,0
376,376,florida pompano cooked,186,10.7,4.0,2.9,1.3,0.0,0.0,20.8,0.0,56.3,0.05,55.4,0.025,0.6,0.055,0.006,0.1,3.3,0.8,0.2,0.0,0.0,0.0,0.0,37.8,0.087,0.6,27.3,0.023,300.1,559.7,0.089,0.6,69.911,FOOD-DATA-GROUP1,66.03174603174602,0.0,33.96825396825396,20.8,186,11.122994652406417,0.0,0.0,0.0,0.00026737967914438503,0,0,0,0
377,377,snapper raw,218,2.9,0.6,0.5,1.0,0.0,0.0,44.7,0.0,80.7,0.1,167.6,0.01,0.1,0.028,0.06,0.049,0.6,1.6,0.9,3.5,0.054,2.1,0.098,69.8,0.055,0.4,69.8,0.072,431.6,909.1,0.065,0.8,121.32,FOOD-DATA-GROUP1,93.90756302521008,0.0,6.092436974789916,44.7,218,20.41095890410959,0.0,0.0,0.0,0.0004566210045662101,0,0,0,0
378,378,fish sandwich,565,27.4,4.3,5.7,13.8,58.7,7.8,22.6,0.0,77.0,1.3,106.6,0.2,0.0,0.5,0.0,0.0,0.3,4.7,0.8,0.2,4.0,0.0,0.0,0.0,81.4,0.2,3.3,55.0,0.6,255.2,453.2,0.1,109.3,FOOD-DATA-GROUP1,20.791168353265867,54.00183992640294,25.206991720331178,0.3785594639865997,565,3.992932862190813,0.0,13.065326633165828,0.0,0.0022968197879858657,0,0,0,0
379,379,haddock raw,143,0.9,0.2,0.1,0.3,0.0,0.0,31.5,0.0,104.2,0.4,160.9,0.098,0.01,0.005,0.012,0.1,6.5,0.8,0.5,0.0,0.025,0.9,0.079,21.2,0.034,0.3,40.5,0.051,438.1,552.0,0.025,0.6,53.952,FOOD-DATA-GROUP1,97.22222222222221,0.0,2.777777777777778,31.5,143,21.875,0.0,0.0,0.0,0.002777777777777778,0,0,0,1
380,380,ocean perch raw,51,1.0,0.2,0.3,0.2,0.0,0.0,9.8,0.0,33.3,0.2,50.4,0.087,0.064,0.074,0.021,0.06,0.6,0.2,0.078,0.0,0.08,0.5,0.051,17.9,0.043,0.1,14.7,0.045,158.7,119.7,0.029,0.2,28.835,FOOD-DATA-GROUP1,90.74074074074075,0.0,9.25925925925926,9.8,51,18.84615384615385,0.0,0.0,0.0,0.0038461538461538464,0,0,0,0
381,381,cuttlefish cooked,45,0.4,0.08,0.061,0.061,0.5,0.0,9.2,0.0,63.4,0.2,17.3,0.05,0.07,0.046,0.057,0.5,0.6,0.3,0.015,2.4,0.0,0.0,0.0,50.9,0.3,3.1,17.0,0.056,164.1,180.3,0.037,1.0,66.521,FOOD-DATA-GROUP1,91.08910891089108,4.9504950495049505,3.9603960396039604,6.133333333333333,45,20.0,0.0,0.0,0.0,0.004347826086956522,0,0,0,0
382,382,cod cooked,189,1.5,0.3,0.2,0.5,0.0,0.0,41.1,0.0,99.0,0.1,136.7,0.077,0.2,0.024,0.071,0.1,4.5,0.3,0.5,1.8,0.097,1.5,0.028,25.2,0.01,0.9,75.6,0.016,248.4,439.2,0.09,1.0,70.534,FOOD-DATA-GROUP1,96.47887323943662,0.0,3.5211267605633805,41.1,189,21.63157894736842,0.0,0.0,0.0,0.0005263157894736842,0,0,0,0
383,383,seatrout raw,248,8.6,2.4,2.1,1.7,0.0,0.0,39.8,0.0,197.5,0.1,185.9,0.056,0.1,0.085,0.083,0.4,5.7,1.8,1.0,0.0,0.0,0.0,0.0,40.5,0.082,0.6,73.8,0.007,595.0,811.6,0.029,1.1,89.528,FOOD-DATA-GROUP1,82.23140495867767,0.0,17.768595041322314,39.8,248,15.983935742971886,0.0,0.0,0.0,0.00040160642570281126,0,0,0,1
384,384,flounder raw,114,3.1,0.7,0.9,0.6,0.0,0.0,20.2,0.0,73.4,0.5,137.9,0.036,0.053,0.048,0.072,0.091,1.7,0.3,0.2,0.0,0.059,1.0,0.074,34.2,0.038,0.3,29.3,0.074,410.8,260.8,0.014,0.5,57.837,FOOD-DATA-GROUP1,86.69527896995707,0.0,13.304721030042918,20.2,114,17.565217391304348,0.0,0.0,0.0,0.004347826086956522,0,0,0,0
385,385,spot cooked,79,3.1,0.9,0.9,0.7,0.0,0.0,11.9,0.0,38.5,0.022,34.6,0.051,0.051,0.036,0.093,0.1,4.3,0.4,0.2,0.0,0.0,0.0,0.0,9.0,0.025,0.2,27.0,0.098,119.0,318.0,0.029,0.3,24.239,FOOD-DATA-GROUP1,79.33333333333333,0.0,20.666666666666668,11.9,79,14.875,0.0,0.0,0.0,0.00027499999999999996,0,0,0,0
386,386,walleye pike cooked,148,1.9,0.4,0.5,0.7,0.0,0.0,30.4,0.0,136.4,0.069,91.1,0.085,0.4,0.032,0.047,0.2,3.5,1.1,0.2,0.0,0.0,0.0,0.0,174.8,0.3,2.1,47.1,1.3,333.6,618.8,0.073,1.0,209.213,FOOD-DATA-GROUP1,94.11764705882352,0.0,5.88235294117647,30.4,148,20.40268456375839,0.0,0.0,0.0,0.00046308724832214767,0,0,0,1
387,387,perch raw,55,0.6,0.1,0.081,0.2,0.0,0.0,11.6,0.0,54.0,0.037,47.5,0.052,0.03,0.041,0.034,0.001,0.9,0.5,0.091,1.0,0.084,0.1,0.092,48.0,0.077,0.5,18.0,0.4,120.0,161.4,0.031,0.7,61.715,FOOD-DATA-GROUP1,95.08196721311477,0.0,4.918032786885246,11.6,55,20.71428571428571,0.0,0.0,0.0,0.0006607142857142856,0,0,0,0
388,388,pumpkin seed sunfish raw,43,0.3,0.051,0.016,0.1,0.0,0.0,9.3,0.0,32.2,0.06,38.2,0.096,0.031,0.087,0.07,0.064,0.6,0.4,0.024,0.5,0.0,0.0,0.0,38.4,0.1,0.6,14.4,0.3,86.4,168.0,0.078,0.7,49.154,FOOD-DATA-GROUP1,96.87499999999999,0.0,3.124999999999999,9.3,43,21.13636363636364,0.0,0.0,0.0,0.0013636363636363635,0,0,0,0
389,389,salt mackerel,415,34.1,9.7,11.3,8.4,0.0,0.0,25.2,0.0,129.2,6.1,58.5,0.031,0.05,0.061,0.065,0.3,4.5,0.0,0.6,0.0,0.03,3.2,0.043,89.8,0.1,1.9,81.6,0.0,345.4,707.2,0.082,1.5,151.025,FOOD-DATA-GROUP1,42.49578414839797,0.0,57.50421585160203,25.2,415,6.0576923076923075,0.0,0.0,0.0,0.014663461538461538,0,0,1,1
390,390,mackerel cooked,231,15.7,3.7,6.2,3.8,0.0,0.0,21.0,0.0,66.0,0.064,46.9,0.065,0.1,0.014,0.097,0.4,6.0,0.9,0.4,0.4,0.0,0.0,0.0,13.2,0.086,1.4,85.4,0.008,244.6,352.9,0.038,0.8,51.733,FOOD-DATA-GROUP1,57.220708446866475,0.0,42.77929155313351,21.0,231,9.051724137931034,0.0,0.0,0.0,0.00027586206896551725,0,0,0,0
391,391,tilapia cooked,111,2.3,0.8,0.8,0.5,0.0,0.0,22.8,0.0,49.6,0.011,62.3,0.0,0.021,0.006,0.037,0.072,4.1,0.6,0.1,0.0,0.013,0.7,0.053,12.2,0.049,0.6,29.6,0.083,177.5,330.6,0.034,0.4,37.9,FOOD-DATA-GROUP1,90.83665338645417,0.0,9.163346613545816,22.8,111,20.357142857142858,0.0,0.0,0.0,9.82142857142857e-05,0,0,0,0
392,392,drum raw,236,9.8,2.2,4.3,2.3,0.0,0.0,34.7,0.0,126.7,0.1,153.1,0.1,0.1,0.07,0.03,0.3,4.7,1.5,0.6,2.0,0.0,0.0,0.0,118.8,0.5,1.8,59.4,1.4,356.4,544.5,0.071,1.3,167.2,FOOD-DATA-GROUP1,77.97752808988764,0.0,22.022471910112362,34.7,236,14.641350210970467,0.0,0.0,0.0,0.0004219409282700422,0,0,0,1
393,393,atlantic croaker fried,192,11.0,3.0,4.6,2.5,6.6,0.0,15.8,0.3,73.1,0.3,52.0,0.004,0.006,0.044,0.032,0.1,3.7,0.6,0.2,0.0,0.0,0.0,0.0,27.8,0.096,0.7,36.5,0.079,188.8,295.8,0.038,0.5,62.209,FOOD-DATA-GROUP1,47.305389221556894,19.760479041916167,32.93413173652694,2.0789473684210527,192,8.186528497409327,0.15544041450777202,0.0,0.6,0.0015544041450777201,0,0,0,0
394,394,pumpkin seed sunfish cooked,42,0.3,0.025,0.083,0.1,0.0,0.0,9.2,0.0,31.8,0.046,27.3,0.087,0.001,0.038,0.062,0.028,0.5,0.3,0.066,0.4,0.0,0.0,0.0,38.1,0.1,0.6,14.1,0.3,85.5,166.1,0.025,0.7,48.674,FOOD-DATA-GROUP1,96.84210526315789,0.0,3.1578947368421053,9.2,42,21.3953488372093,0.0,0.0,0.0,0.001069767441860465,0,0,0,0
395,395,wolffish raw,294,7.3,1.1,2.6,2.6,0.0,0.0,53.6,0.0,140.8,0.3,244.5,0.3,0.6,0.062,0.074,0.2,6.5,1.7,1.2,0.0,0.0,0.0,0.0,18.4,0.028,0.3,91.8,0.033,612.0,918.0,0.1,2.4,79.9,FOOD-DATA-GROUP1,88.01313628899837,0.0,11.986863711001643,53.6,294,18.169491525423727,0.0,0.0,0.0,0.001016949152542373,0,0,0,1
396,396,bluefin tuna cooked,276,9.4,2.4,3.1,2.8,0.0,0.0,44.9,0.0,73.5,0.02,88.6,1.1,0.4,0.034,0.062,0.5,15.8,2.1,0.8,0.0,0.0,0.0,0.0,15.0,0.2,2.0,96.0,0.028,489.0,484.5,0.036,1.2,72.4,FOOD-DATA-GROUP1,82.68876611418048,0.0,17.311233885819522,44.9,276,16.209386281588447,0.0,0.0,0.0,7.220216606498195e-05,0,0,0,0
397,397,scup cooked,68,1.8,0.0,0.0,0.0,0.0,0.0,12.1,0.0,33.5,0.061,34.2,0.093,0.004,0.051,0.037,0.044,2.5,0.4,0.2,0.0,0.0,0.0,0.0,25.5,0.078,0.3,14.5,0.034,118.5,184.0,0.015,0.3,39.718,FOOD-DATA-GROUP1,87.0503597122302,0.0,12.949640287769784,12.1,68,17.53623188405797,0.0,0.0,0.0,0.0008840579710144927,0,0,0,0
398,398,herring cooked,290,16.6,3.7,6.8,3.9,0.0,0.0,32.9,0.0,110.1,0.2,91.7,0.076,0.2,0.067,0.06,0.4,5.9,1.1,0.5,1.0,0.0,2.0,0.074,105.8,0.2,2.0,58.6,0.082,433.3,599.2,0.066,1.8,158.304,FOOD-DATA-GROUP1,66.46464646464646,0.0,33.53535353535354,32.9,290,11.305841924398626,0.0,0.0,0.0,0.0006872852233676976,0,0,0,1
399,399,bluefish raw,186,6.4,1.4,2.7,1.6,0.0,0.0,30.1,0.0,88.5,0.028,106.3,0.2,0.033,0.051,0.032,0.1,8.9,1.2,0.6,0.0,0.0,0.0,0.0,10.5,0.042,0.7,49.5,0.057,340.5,558.0,0.083,1.2,47.9,FOOD-DATA-GROUP1,82.46575342465754,0.0,17.534246575342465,30.1,186,16.09625668449198,0.0,0.0,0.0,0.00014973262032085563,0,0,0,0
400,400,sheepshead cooked,234,3.0,0.7,0.7,0.7,0.0,0.0,48.4,0.0,119.0,0.1,128.4,0.069,0.061,0.058,0.062,0.089,3.3,1.6,0.7,0.0,0.0,0.0,0.0,68.8,0.2,1.2,65.1,0.085,651.0,952.3,0.065,1.2,121.48,FOOD-DATA-GROUP1,94.16342412451361,0.0,5.836575875486381,48.4,234,20.595744680851062,0.0,0.0,0.0,0.00042553191489361707,0,0,0,1
401,401,bass cooked,91,2.9,0.6,1.1,0.8,0.0,0.0,15.0,0.0,53.9,0.078,42.6,0.073,0.081,0.085,0.002,0.009,0.9,0.5,0.023,1.3,0.0,0.0,0.0,63.9,0.047,1.2,23.6,0.7,158.7,282.7,0.026,0.5,84.379,FOOD-DATA-GROUP1,83.79888268156425,0.0,16.201117318435752,15.0,91,16.304347826086957,0.0,0.0,0.0,0.0008478260869565217,0,0,0,0
402,402,pout cooked,279,3.2,1.1,1.2,0.1,0.0,0.0,58.4,0.0,183.6,0.2,208.5,0.062,0.3,0.077,0.017,0.2,7.0,0.5,0.8,0.0,0.0,0.0,0.0,35.6,0.1,1.0,46.6,0.022,701.4,1405.6,0.1,3.6,98.207,FOOD-DATA-GROUP1,94.8051948051948,0.0,5.194805194805195,58.4,279,20.857142857142858,0.0,0.0,0.0,0.0007142857142857143,0,0,0,1
403,403,chinook salmon raw,709,41.3,12.3,17.4,11.1,0.0,0.0,78.9,0.0,198.0,0.2,283.7,0.5,0.2,0.1,0.077,0.4,33.3,3.0,1.6,15.8,0.0,4.8,0.0,103.0,0.2,1.0,376.2,0.034,1144.4,1560.2,0.1,1.7,240.5,FOOD-DATA-GROUP1,65.6405990016639,0.0,34.359400998336106,78.9,709,11.11267605633803,0.0,0.0,0.0,0.00028169014084507044,0,0,1,1
404,404,rockfish raw,172,2.6,0.7,0.7,0.8,0.0,0.0,35.1,0.0,95.5,0.1,151.0,0.007,0.039,0.045,0.092,0.4,4.6,0.6,0.4,0.0,0.027,0.7,0.0,26.7,0.021,0.6,51.6,0.064,391.6,737.3,0.1,0.7,65.002,FOOD-DATA-GROUP1,93.10344827586206,0.0,6.896551724137931,35.1,172,20.289017341040463,0.0,0.0,0.0,0.0005780346820809249,0,0,0,0
405,405,tilefish raw,371,8.9,1.7,2.2,2.3,0.0,0.0,67.6,0.0,193.0,0.2,304.6,0.057,0.5,0.042,0.057,0.6,11.2,2.9,1.0,0.0,0.0,0.0,0.0,100.4,0.2,1.0,108.1,0.008,721.8,1671.4,0.1,1.4,177.901,FOOD-DATA-GROUP1,88.36601307189542,0.0,11.633986928104575,67.6,371,18.172043010752688,0.0,0.0,0.0,0.0005376344086021505,0,0,0,1
406,406,scup raw,174,4.5,1.1,0.9,1.7,0.0,0.0,31.3,0.0,86.3,0.082,125.1,0.037,0.2,0.02,0.014,0.2,6.8,1.2,0.5,0.0,0.077,0.8,0.001,66.4,0.008,0.9,38.2,0.086,307.1,476.4,0.09,0.8,103.111,FOOD-DATA-GROUP1,87.43016759776538,0.0,12.569832402234638,31.3,174,17.885714285714286,0.0,0.0,0.0,0.0004685714285714286,0,0,0,0
407,407,sablefish cooked,755,59.3,12.4,31.2,7.9,0.0,0.0,51.9,0.0,190.3,0.2,189.8,0.3,0.4,0.085,0.046,0.3,15.5,2.6,1.0,0.0,0.0,0.0,0.0,135.9,0.013,5.0,214.4,0.095,649.3,1386.2,0.1,1.2,252.4,FOOD-DATA-GROUP1,46.6726618705036,0.0,53.327338129496404,51.9,755,6.865079365079365,0.0,0.0,0.0,0.00026455026455026457,0,0,1,1
408,408,tuna salad,383,19.0,3.2,5.9,8.5,19.3,0.0,32.9,0.0,26.7,0.8,129.5,0.004,0.028,0.059,0.049,0.1,13.7,0.5,0.2,4.5,0.0,0.0,0.0,34.9,0.3,2.1,39.0,0.082,364.9,364.9,0.001,1.1,112.727,FOOD-DATA-GROUP1,46.20786516853932,27.10674157303371,26.685393258426966,1.6206896551724137,383,8.567708333333334,0.0,0.0,0.0,0.0020833333333333333,0,0,0,0
409,409,coho salmon cooked,255,11.8,2.8,5.2,2.8,0.0,0.0,34.7,0.0,90.1,0.06,95.8,0.063,0.1,0.064,0.086,0.2,10.6,1.8,0.8,2.1,0.0,0.0,0.0,17.2,0.1,0.6,48.6,0.056,474.8,657.8,0.081,0.7,66.478,FOOD-DATA-GROUP1,74.62365591397851,0.0,25.376344086021508,34.7,255,13.554687500000002,0.0,0.0,0.0,0.000234375,0,0,0,0
410,410,roe raw,20,0.9,0.2,0.2,0.4,0.2,0.0,3.1,0.0,52.4,0.052,9.5,0.028,0.025,0.068,0.004,0.1,0.3,0.1,0.072,2.2,0.02,1.0,0.018,3.1,0.062,0.085,2.8,0.002,56.3,30.9,0.059,0.1,9.553,FOOD-DATA-GROUP1,73.80952380952381,4.761904761904762,21.428571428571427,2.5833333333333335,20,14.761904761904763,0.0,0.0,0.0,0.002476190476190476,0,0,0,0
411,411,sea bass raw,125,2.6,0.7,0.5,1.0,0.0,0.0,23.8,0.0,52.9,0.084,101.0,0.001,0.1,0.079,0.064,0.2,2.1,1.0,0.5,0.0,0.071,1.1,0.091,12.9,0.079,0.4,52.9,0.09,250.3,330.2,0.082,0.5,39.739,FOOD-DATA-GROUP1,90.15151515151516,0.0,9.848484848484848,23.8,125,18.88888888888889,0.0,0.0,0.0,0.0006666666666666668,0,0,0,0
412,412,pink salmon cooked,349,12.0,2.2,3.7,2.2,0.0,0.0,56.0,0.0,125.4,0.2,161.1,0.029,0.055,0.2,0.043,0.012,0.3,21.9,2.8,1.6,0.0,0.041,1.1,0.066,18.2,0.2,1.0,73.0,0.003,713.6,1000.9,0.089,69.873,FOOD-DATA-GROUP1,82.35294117647058,0.0,17.647058823529413,56.0,349,16.0,0.0,0.0,0.0,0.0005714285714285715,0,0,0,1
413,413,sockeye salmon cooked,493,17.3,3.0,5.8,4.1,0.0,0.0,82.1,0.0,189.1,0.3,208.7,0.087,0.2,0.5,0.035,0.04,0.8,31.4,4.3,2.6,0.0,0.016,3.1,0.089,34.1,0.2,1.6,111.6,0.096,945.5,1351.6,0.1,102.315,FOOD-DATA-GROUP1,82.59557344064386,0.0,17.40442655935614,82.1,493,16.619433198380566,0.0,0.0,0.0,0.0006072874493927126,0,0,0,1
414,414,whitefish raw,265,11.6,1.8,4.0,4.3,0.0,0.0,37.8,0.0,118.8,0.1,144.1,0.092,0.3,0.089,0.095,0.2,5.9,1.5,0.6,0.0,0.095,0.4,0.061,51.5,0.1,0.7,65.3,0.1,534.6,627.7,0.059,2.0,101.603,FOOD-DATA-GROUP1,76.51821862348179,0.0,23.481781376518217,37.8,265,14.210526315789473,0.0,0.0,0.0,0.00037593984962406017,0,0,0,1
415,415,greenland halibut cooked,760,56.4,9.9,34.2,5.6,0.0,0.0,58.6,0.0,187.6,0.3,196.8,0.093,0.2,0.07,0.004,0.3,6.1,0.9,1.5,0.0,0.0,0.0,0.0,12.7,0.1,2.7,104.9,0.075,667.8,1093.9,0.1,1.6,130.404,FOOD-DATA-GROUP1,50.95652173913044,0.0,49.04347826086956,58.6,760,7.700394218134034,0.0,0.0,0.0,0.00039421813403416555,0,0,1,1
416,416,northern pike cooked,350,2.7,0.5,0.6,0.8,0.0,0.0,76.5,0.0,155.0,0.2,226.2,0.095,0.2,0.098,0.088,0.2,8.7,2.7,0.4,11.8,0.0,0.0,0.0,226.3,0.2,2.2,124.0,1.0,874.2,1026.1,0.024,2.7,319.506,FOOD-DATA-GROUP1,96.59090909090908,0.0,3.4090909090909096,76.5,350,21.794871794871796,0.0,0.0,0.0,0.0005698005698005699,0,0,0,1
417,417,salmon raw,824,53.1,12.1,14.9,15.4,0.0,0.0,80.9,0.0,217.8,0.2,257.0,0.0,0.8,0.1,0.021,0.6,34.3,6.1,2.5,15.4,0.0,14.1,0.059,35.6,0.2,1.3,106.9,0.029,950.4,1437.5,0.014,1.4,186.3,FOOD-DATA-GROUP1,60.37313432835821,0.0,39.626865671641795,80.9,824,9.806060606060607,0.0,0.0,0.0,0.00024242424242424245,0,0,1,1
418,418,turbot cooked,388,12.0,0.0,0.0,0.0,0.0,0.0,65.4,0.0,197.2,0.6,224.0,0.02,0.2,0.04,0.026,0.3,8.5,2.1,0.8,5.4,0.0,0.0,0.0,73.1,0.1,1.5,206.7,0.064,524.7,969.9,0.1,0.9,157.453,FOOD-DATA-GROUP1,84.49612403100775,0.0,15.503875968992247,65.4,388,16.812339331619537,0.0,0.0,0.0,0.0015424164524421593,0,0,0,1
419,419,surimi,28,0.3,0.059,0.043,0.1,1.9,0.0,4.3,0.0,8.5,0.042,21.6,0.084,0.072,0.006,0.035,0.078,0.062,0.055,0.064,0.0,0.0,0.2,0.003,2.5,0.007,0.057,12.2,0.043,79.8,31.7,0.047,0.026,9.072,FOOD-DATA-GROUP1,66.15384615384616,29.230769230769234,4.615384615384616,1.4827586206896552,28,14.827586206896552,0.0,0.0,0.0,0.0014482758620689656,0,0,0,0
420,420,chinook salmon cooked,711,41.2,9.9,17.7,8.2,0.0,0.0,79.2,0.0,261.8,0.2,202.0,0.5,0.1,0.1,0.065,0.5,30.9,2.7,1.4,12.6,0.0,0.0,0.0,86.2,0.2,2.8,375.8,0.074,1142.7,1555.4,0.1,1.7,222.5,FOOD-DATA-GROUP1,65.78073089700996,0.0,34.21926910299003,79.2,711,11.123595505617978,0.0,0.0,0.0,0.0002808988764044944,0,0,1,1
421,421,mullet cooked,140,4.5,1.3,1.3,0.9,0.0,0.0,23.1,0.0,58.6,0.001,65.6,0.053,0.022,0.034,0.084,0.09,5.9,0.8,0.5,1.1,0.0,0.0,0.0,28.8,0.1,1.3,30.7,0.048,226.9,425.9,0.027,0.8,58.866,FOOD-DATA-GROUP1,83.69565217391305,0.0,16.304347826086957,23.1,140,16.382978723404257,0.0,0.0,0.0,7.092198581560284e-06,0,0,0,0
422,422,chum salmon raw,3,0.1,0.08,0.035,0.037,0.0,0.0,0.6,0.0,2.1,0.029,2.1,0.08,0.016,0.097,0.065,0.06,0.2,0.043,0.036,0.0,0.0,0.093,0.0,0.3,0.091,0.038,0.6,0.055,7.9,12.0,0.02,0.062,1.025,FOOD-DATA-GROUP1,85.71428571428572,0.0,14.285714285714288,0.6,3,15.0,0.0,0.0,0.0,0.00725,0,0,0,0
423,423,butterfish raw,47,2.6,1.1,1.1,0.2,0.0,0.0,5.5,0.0,20.8,0.072,23.7,0.031,0.073,0.04,0.048,0.077,1.4,0.2,0.03,0.0,0.0,0.0,0.0,7.0,0.065,0.2,8.0,0.091,76.8,120.0,0.067,0.2,15.332,FOOD-DATA-GROUP1,67.90123456790124,0.0,32.098765432098766,5.5,47,11.458333333333332,0.0,0.0,0.0,0.0014999999999999998,0,0,0,0
424,424,sea bass cooked,125,2.6,0.7,0.5,1.0,0.0,0.0,23.9,0.0,53.5,0.058,72.9,0.053,0.1,0.048,0.046,0.2,1.9,0.9,0.5,0.0,0.0,0.0,0.0,13.1,0.046,0.4,53.5,0.056,250.5,331.3,0.023,0.5,40.067,FOOD-DATA-GROUP1,90.18867924528301,0.0,9.811320754716983,23.9,125,18.96825396825397,0.0,0.0,0.0,0.00046031746031746033,0,0,0,0
425,425,greenland halibut raw,759,56.5,9.9,34.2,5.6,0.0,0.0,58.6,0.0,187.7,0.3,286.7,0.009,0.2,0.069,0.005,0.3,6.1,1.0,1.7,0.0,0.1,3.0,0.091,12.2,0.1,2.7,106.1,0.045,669.1,1093.4,0.1,1.6,130.06,FOOD-DATA-GROUP1,50.912250217202434,0.0,49.087749782797566,58.6,759,7.7105263157894735,0.0,0.0,0.0,0.00039473684210526315,0,0,1,1
426,426,halibut raw,371,5.4,1.2,1.9,1.2,0.0,0.0,75.7,0.0,199.9,0.3,327.8,0.072,0.2,0.079,0.015,0.1,26.6,1.4,2.2,0.0,0.031,2.5,0.0,28.6,0.08,0.7,93.8,0.02,962.9,1774.8,0.2,1.5,110.481,FOOD-DATA-GROUP1,93.34155363748458,0.0,6.658446362515413,75.7,371,20.349462365591396,0.0,0.0,0.0,0.0008064516129032258,0,0,0,1
427,427,sturgeon cooked,184,7.0,1.6,3.4,1.2,0.0,0.0,28.2,0.0,104.7,0.019,95.1,0.4,0.1,0.072,0.087,0.1,13.7,1.2,0.3,0.0,0.073,0.9,0.039,23.1,0.054,1.2,61.2,0.038,368.6,495.0,0.044,0.7,59.9,FOOD-DATA-GROUP1,80.11363636363636,0.0,19.886363636363637,28.2,184,15.243243243243242,0.0,0.0,0.0,0.0001027027027027027,0,0,0,1
428,428,fish fillet fried,211,11.2,2.6,2.3,5.7,15.4,0.0,13.3,0.5,30.9,0.5,48.7,0.095,0.043,0.05,0.054,0.089,1.9,0.2,0.066,0.0,0.0,0.0,0.0,16.4,0.003,1.9,21.8,0.2,155.6,291.2,0.035,0.4,58.716,FOOD-DATA-GROUP1,33.33333333333333,38.59649122807017,28.070175438596483,0.8109756097560977,211,6.273584905660377,0.2358490566037736,0.0,1.0,0.0023584905660377358,0,0,0,0
429,429,rainbow trout raw,111,4.9,1.1,1.6,1.2,0.0,0.0,15.8,0.0,46.6,0.022,58.3,0.044,0.032,0.056,0.057,0.091,4.4,1.3,0.3,2.3,0.056,1.8,0.094,19.8,0.096,0.2,19.8,0.008,178.5,297.8,0.067,0.4,43.047,FOOD-DATA-GROUP1,76.32850241545893,0.0,23.67149758454106,15.8,111,14.107142857142858,0.0,0.0,0.0,0.0001964285714285714,0,0,0,0
430,430,pout raw,278,3.2,1.1,1.2,0.1,0.0,0.0,58.6,0.0,183.0,0.2,286.4,0.032,0.3,0.022,0.021,0.2,7.4,0.5,0.8,0.0,0.0,0.0,0.0,35.2,0.1,1.0,45.8,0.003,704.0,1408.0,0.1,3.6,98.078,FOOD-DATA-GROUP1,94.8220064724919,0.0,5.177993527508091,58.6,278,21.003584229390682,0.0,0.0,0.0,0.0007168458781362007,0,0,0,1
431,431,rainbow smelt cooked,35,0.9,0.2,0.2,0.3,0.0,0.0,6.4,0.0,25.5,0.047,20.6,0.005,0.072,0.021,0.089,0.083,0.5,0.2,0.041,0.0,0.0,0.0,0.0,21.8,0.01,0.3,10.8,0.3,83.5,105.3,0.062,0.6,29.428,FOOD-DATA-GROUP1,87.67123287671232,0.0,12.32876712328767,6.4,35,17.77777777777778,0.0,0.0,0.0,0.0013055555555555555,0,0,0,0
432,432,monkfish raw,22,0.4,0.079,0.074,0.2,0.0,0.0,4.1,0.0,7.1,0.059,23.6,0.005,0.092,0.082,0.021,0.081,0.6,0.025,0.077,0.3,0.0,0.0,0.0,2.3,0.041,0.059,5.9,0.057,56.6,113.2,0.09,0.1,7.21,FOOD-DATA-GROUP1,91.1111111111111,0.0,8.88888888888889,4.1,22,17.82608695652174,0.0,0.0,0.0,0.0025652173913043477,0,0,0,0
433,433,trout raw,117,5.2,0.9,2.6,1.2,0.0,0.0,16.4,0.0,45.8,0.051,56.4,0.1,0.3,0.041,0.027,0.3,3.6,1.5,0.2,0.4,0.032,0.2,0.003,34.0,0.1,1.2,17.4,0.7,193.6,285.2,0.095,0.5,57.297,FOOD-DATA-GROUP1,75.92592592592592,0.0,24.07407407407408,16.4,117,13.898305084745763,0.0,0.0,0.0,0.00043220338983050846,0,0,0,0
434,434,shark raw,37,1.3,0.3,0.5,0.3,0.0,0.0,5.9,0.0,14.4,0.003,20.8,0.012,0.009,0.079,0.085,0.017,0.8,0.2,0.1,0.0,0.046,0.3,0.007,9.6,0.01,0.2,13.9,0.088,59.4,45.3,0.067,0.1,17.064,FOOD-DATA-GROUP1,81.94444444444444,0.0,18.055555555555554,5.9,37,15.526315789473685,0.0,0.0,0.0,7.894736842105263e-05,0,0,0,0
435,435,burbot raw,104,0.9,0.2,0.2,0.3,0.0,0.0,22.4,0.0,69.6,0.1,91.9,0.081,0.4,0.024,0.048,0.2,1.9,0.2,0.3,0.0,0.0,0.0,0.0,58.0,0.2,1.0,37.1,0.8,232.0,468.6,0.043,0.9,82.309,FOOD-DATA-GROUP1,96.137339055794,0.0,3.862660944206009,22.4,104,21.333333333333332,0.0,0.0,0.0,0.0009523809523809524,0,0,0,0
436,436,dolphinfish cooked,173,1.4,0.4,0.2,0.3,0.0,0.0,37.7,0.0,149.5,0.2,113.2,0.046,0.092,0.096,0.086,0.1,11.8,1.4,0.7,0.0,0.0,0.0,0.0,30.2,0.052,2.3,60.4,0.018,291.0,847.5,0.057,0.9,71.625,FOOD-DATA-GROUP1,96.41943734015345,0.0,3.580562659846547,37.7,173,21.666666666666668,0.0,0.0,0.0,0.0011494252873563218,0,0,0,1
437,437,crayfish cooked,25,0.4,0.089,0.022,0.1,0.0,0.0,5.0,0.0,38.8,0.058,22.9,0.094,0.045,0.056,0.076,0.051,0.5,0.1,0.058,0.1,0.0,0.0,0.0,14.4,0.2,0.3,9.3,0.072,68.2,67.4,0.047,0.4,20.222,FOOD-DATA-GROUP1,92.59259259259258,0.0,7.4074074074074066,5.0,25,19.230769230769234,0.0,0.0,0.0,0.002230769230769231,0,0,0,0
438,438,dolphinfish raw,173,1.4,0.4,0.2,0.3,0.0,0.0,37.7,0.0,148.9,0.2,158.2,0.1,0.05,0.005,0.04,0.1,12.4,1.5,0.8,0.0,0.0,0.0,0.0,30.6,0.089,2.3,61.2,0.084,291.7,848.6,0.006,0.9,72.1,FOOD-DATA-GROUP1,96.41943734015345,0.0,3.580562659846547,37.7,173,21.666666666666668,0.0,0.0,0.0,0.0011494252873563218,0,0,0,1
439,439,perch cooked,54,0.5,0.1,0.029,0.2,0.0,0.0,11.4,0.0,52.9,0.043,33.7,0.019,0.006,0.099,0.02,0.088,0.9,0.4,0.07,0.8,0.0,0.0,0.0,46.9,0.085,0.5,17.5,0.4,118.2,158.2,0.08,0.7,60.112,FOOD-DATA-GROUP1,95.7983193277311,0.0,4.201680672268907,11.4,54,20.727272727272727,0.0,0.0,0.0,0.0007818181818181818,0,0,0,0
440,440,cusk raw,106,0.8,0.2,0.1,0.3,0.0,0.0,23.2,0.0,50.0,0.086,93.1,0.038,0.033,0.038,0.037,0.2,3.3,0.3,0.5,0.0,0.0,0.0,0.0,12.2,0.061,1.0,37.8,0.032,248.9,478.2,0.01,0.5,37.228,FOOD-DATA-GROUP1,96.66666666666667,0.0,3.3333333333333335,23.2,106,21.682242990654206,0.0,0.0,0.0,0.0008037383177570093,0,0,0,0
441,441,bluefin tuna raw,41,1.4,0.4,0.5,0.4,0.0,0.0,6.6,0.0,10.8,0.013,19.3,0.2,0.037,0.041,0.008,0.042,2.4,0.3,0.1,0.0,0.077,0.3,0.0,2.3,0.038,0.3,14.2,0.068,71.9,71.3,0.07,0.2,10.8,FOOD-DATA-GROUP1,82.5,0.0,17.5,6.6,41,15.714285714285714,0.0,0.0,0.0,0.0003095238095238095,0,0,0,0
442,442,milkfish cooked,54,2.4,0.0,0.0,0.0,0.0,0.0,7.4,0.0,19.0,0.076,17.7,0.027,0.069,0.08,0.061,0.058,2.3,0.2,0.1,0.0,0.0,0.0,0.0,18.4,0.05,0.1,10.8,0.003,58.9,105.8,0.065,0.3,28.341,FOOD-DATA-GROUP1,75.51020408163265,0.0,24.489795918367342,7.4,54,13.454545454545455,0.0,0.0,0.0,0.0013818181818181818,0,0,0,0
443,443,carp raw,277,12.2,2.4,5.1,3.1,0.0,0.0,38.9,0.0,143.9,0.1,166.4,0.042,0.3,0.094,0.087,0.1,3.6,1.6,0.4,3.5,0.042,1.4,0.016,89.4,0.1,2.7,63.2,0.065,904.7,725.9,0.037,3.2,146.793,FOOD-DATA-GROUP1,76.1252446183953,0.0,23.874755381604697,38.9,277,13.992805755395683,0.0,0.0,0.0,0.00035971223021582735,0,0,0,1
444,444,sturgeon raw,30,1.1,0.3,0.5,0.2,0.0,0.0,4.6,0.0,17.0,0.007,21.7,0.016,0.058,0.039,0.039,0.082,2.3,0.2,0.013,0.0,0.008,0.1,0.03,3.7,0.01,0.2,9.9,0.035,59.7,80.4,0.077,0.1,9.612,FOOD-DATA-GROUP1,80.70175438596492,0.0,19.298245614035093,4.6,30,14.838709677419354,0.0,0.0,0.0,0.00022580645161290324,0,0,0,0
445,445,orange roughy raw,22,0.2,0.057,0.051,0.086,0.0,0.0,4.6,0.0,17.0,0.063,21.4,0.082,0.086,0.073,0.078,0.005,0.4,0.082,0.038,0.0,0.0,0.3,0.063,2.5,0.015,0.3,4.8,0.091,30.3,47.3,0.042,0.039,7.672,FOOD-DATA-GROUP1,95.83333333333333,0.0,4.166666666666667,4.6,22,20.0,0.0,0.0,0.0,0.0027391304347826086,0,0,0,0
446,446,catfish fried,199,11.6,2.9,4.9,2.9,7.0,0.0,15.7,0.6,61.8,0.2,51.2,0.0,0.04,0.015,0.054,0.1,2.0,0.6,0.2,0.0,0.0,0.0,0.0,38.3,0.01,1.2,23.5,0.05,187.9,295.8,0.098,0.7,74.4,FOOD-DATA-GROUP1,45.77259475218659,20.408163265306122,33.81924198250729,1.9625,199,7.85,0.3,0.0,1.2,0.001,0,0,0,0
447,447,cuttlefish raw,22,0.2,0.002,0.088,0.069,0.2,0.0,4.6,0.0,31.7,0.1,22.8,0.048,0.025,0.093,0.01,0.3,0.3,0.1,0.079,1.5,0.0,0.0,0.0,25.5,0.2,1.7,8.5,0.092,109.5,100.2,0.083,0.5,33.734,FOOD-DATA-GROUP1,92.0,4.0,4.0,3.833333333333333,22,20.0,0.0,0.0,0.0,0.004347826086956522,0,0,0,0
448,448,bass raw,90,2.9,0.6,1.1,0.8,0.0,0.0,14.9,0.0,53.7,0.055,59.8,0.004,0.091,0.046,0.003,0.046,1.0,0.6,0.052,1.6,0.0,0.0,0.0,63.2,0.093,1.2,23.7,0.7,158.0,281.2,0.057,0.5,83.837,FOOD-DATA-GROUP1,83.70786516853931,0.0,16.29213483146067,14.9,90,16.373626373626372,0.0,0.0,0.0,0.0006043956043956044,0,0,0,0
449,449,flounder cooked,109,3.0,0.7,0.8,0.6,0.0,0.0,19.4,0.0,71.1,0.5,103.0,0.047,0.067,0.094,0.014,0.018,0.002,1.6,0.3,0.1,0.0,0.005,1.0,0.1,31.8,0.099,0.3,27.9,0.077,392.4,250.2,0.049,22.622,FOOD-DATA-GROUP1,86.60714285714286,0.0,13.392857142857142,19.4,109,17.636363636363637,0.0,0.0,0.0,0.004545454545454545,0,0,0,0
450,450,milkfish raw,42,1.9,0.5,0.7,0.5,0.0,0.0,5.8,0.0,14.7,0.098,20.1,0.099,0.091,0.09,0.012,0.027,1.8,0.2,0.1,0.0,0.0,0.0,0.0,14.4,0.021,0.057,8.5,0.088,45.8,82.6,0.042,0.2,22.203,FOOD-DATA-GROUP1,75.32467532467533,0.0,24.675324675324674,5.8,42,13.488372093023255,0.0,0.0,0.0,0.0022790697674418604,0,0,0,0
451,451,eel raw,375,23.8,4.8,14.7,1.9,0.0,0.0,37.6,0.0,257.0,0.1,139.3,2.1,0.3,0.049,0.061,0.002,7.1,0.5,0.1,3.7,0.01,8.2,0.0,40.8,0.069,1.0,40.8,0.038,440.6,554.9,0.011,3.3,109.0,FOOD-DATA-GROUP1,61.23778501628664,0.0,38.76221498371335,37.6,375,10.0,0.0,0.0,0.0,0.00026595744680851064,0,0,0,1
452,452,catfish raw,189,9.4,2.1,4.1,1.8,0.0,0.0,24.2,0.0,87.5,0.2,125.7,0.0,0.022,0.083,0.003,0.1,3.3,1.1,0.2,0.0,0.084,1.3,0.022,12.7,0.003,0.4,30.2,0.073,324.4,480.2,0.056,0.8,46.7,FOOD-DATA-GROUP1,72.02380952380952,0.0,27.976190476190478,24.2,189,12.736842105263158,0.0,0.0,0.0,0.0010526315789473684,0,0,0,0
453,453,fish sticks,78,4.5,1.0,0.9,2.2,6.1,0.5,3.1,0.4,7.8,0.1,13.9,0.055,0.006,0.037,0.039,0.3,0.082,0.4,0.0,0.038,0.0,0.0,1.9,0.089,4.5,0.3,0.2,7.0,0.0,53.5,51.8,0.072,14.563,FOOD-DATA-GROUP1,22.627737226277375,44.52554744525548,32.846715328467155,0.4366197183098592,78,3.9240506329113924,0.5063291139240507,7.042253521126761,0.8,0.0012658227848101266,0,0,0,0
454,454,coho salmon raw,254,12.2,2.9,5.3,3.0,0.0,0.0,33.8,0.0,81.1,0.054,112.0,0.012,0.1,0.076,0.095,0.2,10.8,1.8,1.0,1.7,0.0,0.0,0.0,19.1,0.022,0.5,49.3,0.023,464.3,715.5,0.028,0.7,67.308,FOOD-DATA-GROUP1,73.47826086956522,0.0,26.521739130434778,33.8,254,13.254901960784313,0.0,0.0,0.0,0.00021176470588235295,0,0,0,0
455,455,monkfish cooked,27,0.6,0.0,0.0,0.0,0.0,0.0,5.3,0.0,9.1,0.004,22.2,0.006,0.014,0.011,0.024,0.045,0.7,0.01,0.039,0.3,0.0,0.0,0.0,2.8,0.033,0.1,7.6,0.082,72.4,145.2,0.036,0.1,9.165,FOOD-DATA-GROUP1,89.83050847457628,0.0,10.16949152542373,5.3,27,18.928571428571427,0.0,0.0,0.0,0.00014285714285714287,0,0,0,0
456,456,yellowtail cooked,546,19.6,0.0,0.0,0.0,0.0,0.0,86.6,0.0,207.3,0.1,196.6,0.045,0.5,0.085,0.034,0.1,25.5,2.0,0.5,8.5,0.0,0.0,0.0,84.7,0.2,1.8,111.0,0.095,586.9,1571.0,0.1,2.0,201.282,FOOD-DATA-GROUP1,81.54425612052731,0.0,18.455743879472696,86.6,546,15.831809872029249,0.0,0.0,0.0,0.00018281535648994517,0,0,0,1
457,457,yellowfin tuna cooked,37,0.2,0.054,0.095,0.038,0.0,0.0,8.2,0.0,13.3,0.011,19.5,0.098,0.065,0.019,0.059,0.093,6.2,0.021,0.3,0.0,0.009,0.042,0.023,1.1,0.001,0.3,11.9,0.014,94.2,149.1,0.003,0.1,9.861,FOOD-DATA-GROUP1,97.61904761904762,0.0,2.3809523809523814,8.2,37,21.57894736842105,0.0,0.0,0.0,0.0002894736842105263,0,0,0,0
458,458,ling cooked,168,1.2,0.0,0.0,0.0,0.0,0.0,36.8,0.0,77.0,0.3,111.6,0.025,0.2,0.009,0.06,0.3,4.2,0.6,0.5,0.0,0.0,0.0,0.0,66.4,0.2,1.3,122.3,0.035,383.5,733.9,0.079,1.5,105.731,FOOD-DATA-GROUP1,96.84210526315789,0.0,3.1578947368421053,36.8,168,21.77514792899408,0.0,0.0,0.0,0.0017751479289940828,0,0,0,0
459,459,eel cooked,67,4.2,0.9,2.6,0.3,0.0,0.0,6.7,0.0,45.6,0.069,16.8,0.3,0.008,0.074,0.058,0.066,1.3,0.067,0.031,0.5,0.0,0.0,0.0,7.4,0.075,0.2,7.4,0.058,78.4,98.8,0.01,0.6,19.3,FOOD-DATA-GROUP1,61.46788990825688,0.0,38.53211009174312,6.7,67,9.852941176470589,0.0,0.0,0.0,0.0010147058823529412,0,0,0,0
460,460,sablefish raw,753,59.1,12.4,31.1,7.9,0.0,0.0,51.8,0.0,189.1,0.2,274.1,0.4,0.4,0.094,0.1,0.3,15.4,2.9,1.2,0.0,0.0,0.0,0.0,135.1,0.037,4.9,212.3,0.077,648.5,1381.9,0.1,1.2,251.3,FOOD-DATA-GROUP1,46.70874661857528,0.0,53.29125338142471,51.8,753,6.870026525198939,0.0,0.0,0.0,0.00026525198938992045,0,0,1,1
461,461,salmon nuggets,60,3.3,0.4,1.3,0.9,4.0,0.0,3.6,0.0,7.4,0.005,17.1,0.0,0.018,0.076,0.086,0.059,1.3,0.1,0.046,0.0,0.0,0.0,0.0,2.3,0.039,0.4,5.7,0.06,49.8,46.7,0.0,0.1,13.6,FOOD-DATA-GROUP1,33.02752293577982,36.69724770642202,30.275229357798167,0.72,60,5.901639344262295,0.0,0.0,0.0,8.19672131147541e-05,0,0,0,0
462,462,yellowtail raw,546,19.6,4.8,7.4,5.3,0.0,0.0,86.5,0.0,205.7,0.1,278.7,0.1,0.5,0.08,0.072,0.1,25.4,2.2,0.6,10.5,0.0,0.0,0.071,86.0,0.2,1.8,112.2,0.002,587.2,1570.8,0.1,1.9,204.5,FOOD-DATA-GROUP1,81.52686145146089,0.0,18.47313854853912,86.5,546,15.813528336380255,0.0,0.0,0.0,0.00018281535648994517,0,0,0,1
463,463,butterfish cooked,47,2.6,0.0,0.0,0.0,0.0,0.0,5.5,0.0,20.8,0.042,16.7,0.029,0.055,0.092,0.057,0.016,1.4,0.2,0.041,0.0,0.0,0.0,0.0,7.0,0.028,0.2,8.0,0.095,77.0,120.3,0.02,0.2,15.35,FOOD-DATA-GROUP1,67.90123456790124,0.0,32.098765432098766,5.5,47,11.458333333333332,0.0,0.0,0.0,0.000875,0,0,0,0
464,464,caviar,42,2.9,0.6,0.7,1.2,0.6,0.0,3.9,0.0,94.1,0.2,7.6,0.054,0.037,0.038,0.083,0.003,0.051,0.6,0.005,0.0,0.0,0.3,0.065,44.0,0.086,1.9,48.0,0.068,57.0,29.0,0.098,0.2,53.325,FOOD-DATA-GROUP1,52.702702702702695,8.108108108108107,39.189189189189186,2.4375,42,9.069767441860463,0.0,0.0,0.0,0.004651162790697674,0,0,0,0
465,465,pollock raw,355,3.8,0.5,0.4,1.9,0.0,0.0,75.0,0.0,274.1,0.3,301.8,0.068,0.2,0.068,0.062,0.7,12.6,1.4,1.1,0.0,0.012,0.9,0.014,231.6,0.2,1.8,258.6,0.081,853.1,1374.2,0.1,1.8,312.275,FOOD-DATA-GROUP1,95.17766497461929,0.0,4.822335025380711,75.0,355,21.06741573033708,0.0,0.0,0.0,0.0008426966292134832,0,0,0,1
466,466,catfish cooked,206,10.3,2.3,4.5,1.9,0.0,0.0,26.4,0.0,94.4,0.2,106.7,0.066,0.045,0.044,0.066,0.021,0.1,3.6,1.2,0.3,0.0,0.035,1.4,0.01,12.9,0.098,0.4,32.9,0.011,353.2,523.4,0.03,37.141,FOOD-DATA-GROUP1,71.93460490463214,0.0,28.065395095367844,26.4,206,12.753623188405797,0.0,0.0,0.0,0.0009661835748792271,0,0,0,0
467,467,whiting raw,83,1.2,0.2,0.3,0.4,0.0,0.0,16.8,0.0,61.6,0.016,73.8,0.092,0.066,0.057,0.07,0.059,1.2,0.2,0.1,0.0,0.089,0.3,0.086,44.2,0.085,0.3,19.3,0.012,204.2,229.1,0.049,0.8,62.592,FOOD-DATA-GROUP1,93.33333333333333,0.0,6.666666666666667,16.8,83,20.0,0.0,0.0,0.0,0.00019047619047619048,0,0,0,0
468,468,pink salmon raw,404,14.0,2.6,4.3,2.6,0.0,0.0,65.2,0.0,146.3,0.2,240.2,0.1,0.3,0.044,0.03,0.3,25.4,3.3,1.9,0.0,0.035,1.3,0.025,22.3,0.2,1.2,85.9,0.057,830.0,1163.9,0.035,1.2,102.8,FOOD-DATA-GROUP1,82.32323232323232,0.0,17.67676767676768,65.2,404,16.098765432098766,0.0,0.0,0.0,0.0004938271604938272,0,0,0,1
469,469,yellowfin tuna raw,31,0.1,0.073,0.008,0.026,0.0,0.0,6.9,0.0,11.0,0.049,21.0,0.048,0.0,0.084,0.063,0.035,5.2,0.012,0.3,0.0,0.017,0.063,0.09,1.1,0.014,0.2,9.9,0.062,78.7,124.8,0.096,0.1,8.322,FOOD-DATA-GROUP1,98.57142857142858,0.0,1.4285714285714286,6.9,31,21.5625,0.0,0.0,0.0,0.00153125,0,0,0,0
470,470,mackerel raw,230,15.6,3.6,6.1,3.8,0.0,0.0,20.8,0.0,78.4,0.1,71.2,0.019,0.2,0.007,0.047,0.3,10.2,1.0,0.4,0.4,0.03,1.7,0.025,13.4,0.027,1.8,85.1,0.015,243.0,351.7,0.067,0.7,52.063,FOOD-DATA-GROUP1,57.14285714285715,0.0,42.85714285714286,20.8,230,9.004329004329005,0.0,0.0,0.0,0.0004329004329004329,0,0,0,0
471,471,turbot raw,388,12.0,3.1,2.5,3.6,0.0,0.0,65.5,0.0,195.8,0.6,314.0,0.001,0.3,0.094,0.09,0.3,9.0,2.3,0.9,6.9,0.0,0.0,0.0,73.4,0.2,1.5,208.1,0.06,526.3,971.0,0.1,0.9,159.322,FOOD-DATA-GROUP1,84.51612903225806,0.0,15.483870967741936,65.5,388,16.838046272493575,0.0,0.0,0.0,0.0015424164524421593,0,0,0,1
472,472,cusk cooked,106,0.8,0.0,0.0,0.0,0.0,0.0,23.1,0.0,50.4,0.047,66.2,0.016,0.097,0.015,0.007,0.2,3.1,0.3,0.4,0.0,0.0,0.0,0.0,12.4,0.077,1.0,38.0,0.048,248.9,477.9,0.012,0.5,37.306,FOOD-DATA-GROUP1,96.65271966527197,0.0,3.3472803347280333,23.1,106,21.588785046728972,0.0,0.0,0.0,0.00043925233644859815,0,0,0,0
473,473,atlantic croaker raw,82,2.5,0.9,0.9,0.4,0.0,0.0,14.0,0.0,48.2,0.014,61.6,0.039,0.079,0.028,0.066,0.038,3.3,0.6,0.2,0.0,0.005,1.0,0.068,11.9,0.065,0.3,31.6,0.017,165.9,272.6,0.053,0.3,28.709,FOOD-DATA-GROUP1,84.84848484848484,0.0,15.151515151515152,14.0,82,16.867469879518072,0.0,0.0,0.0,0.00016867469879518071,0,0,0,0
474,474,sucker cooked,148,3.7,0.7,1.1,1.3,0.0,0.0,26.6,0.0,65.7,0.019,91.7,0.006,0.053,0.043,0.026,0.1,1.8,1.1,0.3,0.0,0.0,0.0,0.0,111.6,0.3,2.1,47.1,1.0,333.6,603.9,0.0,1.2,144.006,FOOD-DATA-GROUP1,87.7887788778878,0.0,12.211221122112212,26.6,148,17.85234899328859,0.0,0.0,0.0,0.00012751677852348994,0,0,0,0
475,475,spot raw,79,3.1,0.9,0.9,0.7,0.0,0.0,11.8,0.0,38.4,0.022,48.6,0.005,0.1,0.063,0.042,0.1,4.5,0.5,0.3,0.0,0.0,0.0,0.0,9.0,0.014,0.2,26.9,0.095,119.0,317.4,0.024,0.3,24.113,FOOD-DATA-GROUP1,79.19463087248323,0.0,20.80536912751678,11.8,79,14.750000000000002,0.0,0.0,0.0,0.00027499999999999996,0,0,0,0
476,476,drum cooked,236,9.7,2.2,4.3,2.3,0.0,0.0,34.6,0.0,126.3,0.1,109.2,0.099,0.1,0.058,0.019,0.3,4.4,1.3,0.5,1.5,0.0,0.0,0.0,118.6,0.5,1.8,58.5,1.4,355.7,543.6,0.076,1.3,166.292,FOOD-DATA-GROUP1,78.1038374717833,0.0,21.896162528216703,34.6,236,14.59915611814346,0.0,0.0,0.0,0.0004219409282700422,0,0,0,1
477,477,crayfish raw,3,0.048,0.01,0.043,0.01,0.0,0.0,0.6,0.0,4.3,0.024,3.4,0.098,0.015,0.1,0.082,0.024,0.056,0.048,0.047,0.078,0.0,0.0,0.0,1.0,0.058,0.053,1.2,0.034,8.7,10.4,0.093,0.009,1.788,FOOD-DATA-GROUP1,92.59259259259258,0.0,7.4074074074074066,0.6,3,15.0,0.0,0.0,0.0,0.006,0,0,0,0
478,478,tilefish cooked,441,14.1,2.6,4.0,3.7,0.0,0.0,73.5,0.0,192.0,0.2,210.7,0.022,0.4,0.067,0.01,0.6,10.5,2.6,0.9,0.0,0.0,0.0,0.0,78.0,0.2,0.9,99.0,0.064,708.0,1536.0,0.2,1.6,166.521,FOOD-DATA-GROUP1,83.9041095890411,0.0,16.095890410958905,73.5,441,16.628959276018097,0.0,0.0,0.0,0.00045248868778280545,0,0,0,1
479,479,bluefish cooked,186,6.4,1.4,2.7,1.6,0.0,0.0,30.1,0.0,88.9,0.045,73.3,0.2,0.012,0.066,0.019,0.1,8.5,1.1,0.5,0.0,0.0,0.0,0.0,10.5,0.049,0.7,49.1,0.015,340.5,558.1,0.084,1.2,47.9,FOOD-DATA-GROUP1,82.46575342465754,0.0,17.534246575342465,30.1,186,16.09625668449198,0.0,0.0,0.0,0.0002406417112299465,0,0,0,0
480,480,grouper cooked,238,2.6,0.6,0.5,0.8,0.0,0.0,50.2,0.0,94.9,0.1,148.2,0.1,0.2,0.023,0.083,0.035,0.8,1.8,0.7,0.0,0.0,0.0,0.0,42.4,0.063,2.3,74.7,0.075,288.9,959.5,0.088,1.0,97.6,FOOD-DATA-GROUP1,95.07575757575756,0.0,4.924242424242424,50.2,238,21.00418410041841,0.0,0.0,0.0,0.0004184100418410042,0,0,0,0
481,481,sheepshead raw,257,5.7,1.4,1.7,1.2,0.0,0.0,48.1,0.0,119.0,0.2,185.6,0.022,0.082,0.019,0.067,0.073,3.6,1.8,0.7,0.0,0.0,0.0,0.0,50.0,0.05,1.1,76.2,0.083,744.9,961.5,0.056,0.9,104.93,FOOD-DATA-GROUP1,89.40520446096653,0.0,10.594795539033457,48.1,257,18.64341085271318,0.0,0.0,0.0,0.0007751937984496124,0,0,0,1
482,482,herring kippered,87,4.9,1.1,2.0,1.2,0.0,0.0,9.8,0.0,32.8,0.4,23.9,0.005,0.07,0.02,0.068,0.1,1.8,0.4,0.2,0.4,0.004,0.6,0.086,33.6,0.081,0.6,18.4,0.062,130.0,178.8,0.053,0.5,49.314,FOOD-DATA-GROUP1,66.66666666666666,0.0,33.33333333333333,9.8,87,11.136363636363637,0.0,0.0,0.0,0.004545454545454546,0,0,0,0
483,483,grouper raw,238,2.6,0.6,0.5,0.8,0.0,0.0,50.2,0.0,95.8,0.1,205.2,0.1,0.2,0.077,0.045,0.013,0.8,1.9,0.8,0.0,0.0,0.0,0.0,69.9,0.027,2.3,80.3,0.042,419.6,1251.0,0.059,1.2,125.1,FOOD-DATA-GROUP1,95.07575757575756,0.0,4.924242424242424,50.2,238,21.00418410041841,0.0,0.0,0.0,0.0004184100418410042,0,0,0,0
484,484,ocean perch cooked,48,0.9,0.2,0.3,0.2,0.0,0.0,9.3,0.0,31.5,0.2,37.1,0.011,0.031,0.071,0.095,0.044,0.018,0.6,0.2,0.021,0.0,0.042,0.5,0.069,17.0,0.073,0.1,13.5,0.075,150.0,113.0,0.004,10.368,FOOD-DATA-GROUP1,91.17647058823529,0.0,8.823529411764705,9.3,48,18.979591836734695,0.0,0.0,0.0,0.004081632653061225,0,0,0,0
485,485,ling raw,168,1.2,0.2,0.2,0.4,0.0,0.0,36.7,0.0,77.2,0.3,153.7,0.041,0.2,0.052,0.088,0.4,4.4,0.6,0.6,0.0,0.0,0.0,0.0,65.6,0.2,1.3,121.6,0.026,382.1,731.5,0.069,1.5,104.862,FOOD-DATA-GROUP1,96.83377308707122,0.0,3.1662269129287592,36.7,168,21.71597633136095,0.0,0.0,0.0,0.0017751479289940828,0,0,0,0
486,486,lingcod cooked,329,4.1,0.8,1.3,1.2,0.0,0.0,68.4,0.0,202.3,0.2,228.6,0.054,0.1,0.024,0.015,0.4,7.0,2.6,1.0,0.0,0.0,0.0,0.0,54.4,0.1,1.2,99.7,0.067,779.2,1691.2,0.1,1.8,128.139,FOOD-DATA-GROUP1,94.3448275862069,0.0,5.655172413793103,68.4,329,20.72727272727273,0.0,0.0,0.0,0.0006060606060606061,0,0,0,1
487,487,florida pompano raw,184,10.6,3.9,2.9,1.3,0.0,0.0,20.7,0.0,56.0,0.081,79.7,0.091,0.6,0.038,0.008,0.1,3.4,0.8,0.2,0.0,0.098,0.2,0.041,24.6,0.011,0.7,30.2,0.012,218.4,426.7,0.025,0.8,56.69,FOOD-DATA-GROUP1,66.13418530351439,0.0,33.86581469648562,20.7,184,11.18918918918919,0.0,0.0,0.0,0.00043783783783783785,0,0,0,0
488,488,rockfish cooked,162,2.4,0.6,0.7,0.7,0.0,0.0,33.1,0.0,90.9,0.1,111.3,0.012,0.006,0.081,0.068,0.055,0.3,4.3,0.6,0.4,0.0,0.004,0.7,0.0,25.3,0.046,0.5,49.2,0.013,369.5,695.8,0.1,35.955,FOOD-DATA-GROUP1,93.23943661971832,0.0,6.760563380281689,33.1,162,20.30674846625767,0.0,0.0,0.0,0.0006134969325153375,0,0,0,0
489,489,seatrout cooked,247,8.6,2.4,2.1,1.7,0.0,0.0,39.9,0.0,197.2,0.1,133.8,0.006,0.1,0.033,0.032,0.4,5.4,1.6,0.9,0.0,0.0,0.0,0.0,40.9,0.071,0.7,74.4,0.048,597.1,812.8,0.002,1.1,90.142,FOOD-DATA-GROUP1,82.2680412371134,0.0,17.731958762886595,39.9,247,16.088709677419356,0.0,0.0,0.0,0.0004032258064516129,0,0,0,1
490,490,sockeye salmon raw,562,22.2,4.7,7.4,7.7,0.0,0.0,84.4,0.0,209.9,0.4,289.7,0.2,0.7,0.073,0.065,0.5,32.2,4.6,2.4,0.0,0.086,3.8,0.021,39.6,0.2,1.7,118.8,0.064,1053.4,1358.3,0.1,1.7,148.1,FOOD-DATA-GROUP1,79.17448405253283,0.0,20.825515947467167,84.4,562,14.9911190053286,0.0,0.0,0.0,0.0007104795737122558,0,0,0,1
491,491,swordfish cooked,182,8.4,2.0,3.8,1.5,0.0,0.0,24.9,0.0,82.7,0.1,72.4,0.075,0.078,0.094,0.048,0.005,0.01,9.8,0.4,0.7,0.0,0.038,2.6,0.022,6.4,0.045,0.5,37.1,0.041,322.2,528.9,0.028,34.203,FOOD-DATA-GROUP1,74.77477477477478,0.0,25.225225225225227,24.9,182,13.60655737704918,0.0,0.0,0.0,0.000546448087431694,0,0,0,0
492,492,american shad raw,362,25.3,5.8,10.5,6.0,0.0,0.0,31.2,0.0,138.0,0.001,125.5,0.009,0.3,0.096,0.057,0.4,15.5,1.4,0.7,0.0,0.097,2.2,0.019,86.5,0.1,1.8,55.2,0.017,500.5,706.6,0.092,0.7,144.868,FOOD-DATA-GROUP1,55.2212389380531,0.0,44.7787610619469,31.2,362,8.59504132231405,0.0,0.0,0.0,2.7548209366391185e-06,0,0,1,1
493,493,sardine canned in oil,310,17.1,2.3,5.8,7.7,0.0,0.0,36.7,0.0,211.6,0.5,88.8,0.051,0.1,0.067,0.075,0.3,7.8,1.0,0.2,0.0,0.04,3.0,0.063,569.2,0.3,4.4,58.1,0.2,730.1,591.5,0.077,2.0,627.452,FOOD-DATA-GROUP1,68.21561338289963,0.0,31.784386617100374,36.7,310,11.800643086816722,0.0,0.0,0.0,0.001607717041800643,0,0,0,1
494,494,anchovy canned in oil,8,0.4,0.001,0.2,0.1,0.0,0.0,1.2,0.0,3.4,0.1,2.0,0.012,0.0,0.007,0.061,0.071,0.8,0.008,0.082,0.0,0.07,0.1,0.013,9.3,0.097,0.2,2.8,0.005,10.1,21.8,0.023,0.031,11.106,FOOD-DATA-GROUP1,74.99999999999999,0.0,25.0,1.2,8,13.333333333333334,0.0,0.0,0.0,0.011111111111111112,0,0,0,0
495,495,salmon canned,520,20.3,5.5,7.1,5.6,0.0,0.0,79.1,0.0,143.9,1.8,261.1,0.064,0.079,0.072,0.055,0.6,25.8,2.1,1.4,0.0,0.0,5.9,0.02,918.8,0.4,2.6,110.7,0.022,1306.3,1107.0,0.2,3.7,1020.882,FOOD-DATA-GROUP1,79.5774647887324,0.0,20.422535211267608,79.1,520,15.182341650671786,0.0,0.0,0.0,0.0034548944337811902,0,0,1,1
496,496,sardines in tomato sauce canned,165,9.3,2.4,4.3,1.9,0.5,0.4,18.6,0.009,54.3,0.4,59.5,0.036,0.014,0.093,0.098,0.2,3.7,0.6,0.1,0.9,0.017,1.2,0.012,213.6,0.2,2.0,30.3,0.2,325.7,303.5,0.024,1.2,244.978,FOOD-DATA-GROUP1,65.49295774647888,1.7605633802816898,32.74647887323944,12.4,165,11.204819277108435,0.005421686746987952,26.666666666666668,0.018,0.0024096385542168677,0,0,0,0
497,497,sockeye salmon canned,563,24.9,4.9,8.4,6.0,0.0,0.0,79.5,0.0,266.2,1.4,229.4,0.2,0.1,0.096,0.014,0.7,25.7,1.8,0.4,0.0,0.09,7.0,0.018,781.8,0.2,2.2,104.5,0.008,1139.1,1058.2,0.1,2.8,888.6,FOOD-DATA-GROUP1,76.14942528735632,0.0,23.850574712643677,79.5,563,14.095744680851062,0.0,0.0,0.0,0.002482269503546099,0,0,0,1
498,498,tuna canned,102,2.4,0.6,0.6,0.9,0.0,0.0,18.9,0.0,33.6,0.3,58.6,0.017,0.032,0.087,0.075,0.079,4.6,0.086,0.2,0.0,0.07,0.7,0.099,11.2,0.099,0.8,26.4,0.078,173.6,189.6,0.025,0.4,33.32,FOOD-DATA-GROUP1,88.73239436619718,0.0,11.267605633802818,18.9,102,18.349514563106794,0.0,0.0,0.0,0.002912621359223301,0,0,0,0
499,499,pink salmon canned,530,20.4,3.5,5.0,5.8,0.0,0.0,80.9,0.0,226.1,1.7,304.3,0.025,0.061,0.054,0.031,0.8,26.9,2.3,1.2,0.0,0.018,2.6,0.044,883.7,0.3,2.6,123.3,0.07,1385.1,1413.8,0.1,3.1,987.651,FOOD-DATA-GROUP1,79.86179664363277,0.0,20.138203356367224,80.9,530,15.235404896421848,0.0,0.0,0.0,0.0032015065913370997,0,0,0,1
500,500,cod canned,328,2.7,0.5,0.4,0.9,0.0,0.0,71.0,0.0,171.6,0.7,235.9,0.046,0.3,0.06,0.04,0.2,7.8,0.5,0.9,3.1,0.066,2.6,0.063,65.5,0.1,1.5,127.9,0.061,811.2,1647.4,0.1,1.8,143.814,FOOD-DATA-GROUP1,96.33649932157394,0.0,3.6635006784260513,71.0,328,21.580547112462007,0.0,0.0,0.0,0.002127659574468085,0,0,0,1
501,501,eastern oyster canned,110,4.0,1.0,0.4,1.2,6.3,0.0,11.4,0.0,89.1,0.2,137.9,0.1,0.2,0.009,0.089,0.3,2.0,0.3,0.2,8.1,0.0,1.4,0.056,72.9,7.2,10.9,87.5,0.7,225.2,371.0,0.078,147.3,113.7,FOOD-DATA-GROUP1,52.53456221198157,29.03225806451613,18.433179723502306,1.5616438356164384,110,10.27027027027027,0.0,0.0,0.0,0.0018018018018018018,0,0,0,0
502,502,chum salmon canned,520,20.3,5.5,7.1,5.6,0.0,0.0,79.1,0.0,143.9,0.3,261.1,0.014,0.092,0.054,0.012,0.6,25.8,2.1,1.4,0.0,0.0,0.0,0.0,918.8,0.4,2.6,110.7,0.037,1306.3,1107.0,0.2,3.7,1020.805,FOOD-DATA-GROUP1,79.5774647887324,0.0,20.422535211267608,79.1,520,15.182341650671786,0.0,0.0,0.0,0.0005758157389635317,0,0,1,1
503,503,tuna canned in oil,331,14.4,2.3,5.8,5.3,0.0,0.0,47.2,0.0,55.2,0.7,114.0,0.03,0.044,0.022,0.033,0.1,20.8,0.7,0.8,0.0,0.0,4.1,0.073,7.1,0.2,1.2,60.5,0.081,475.3,592.7,0.1,0.8,69.953,FOOD-DATA-GROUP1,76.62337662337663,0.0,23.376623376623375,47.2,331,14.216867469879519,0.0,0.0,0.0,0.002108433734939759,0,0,0,0
504,504,wild pink salmon oceans,320,16.0,0.0,48.0,0.0,0.0,0.0,0.0,0.0,0.0,0.0,0.0,0.0,0.0,0.0,0.0,0.0,0.0,0.0,0.0,0.0,0.0,0.0,0.0,0.0,0.0,0.0,0.0,0.0,0.0,0.0,0.0,0.0,16.0,FOOD-DATA-GROUP1,0.0,0.0,100.0,0.0,320,0.0,0.0,0.0,0.0,0.0,0,0,0,0
505,505,shrimp canned,128,1.7,0.2,0.1,0.9,0.0,0.0,26.1,0.0,322.6,1.1,97.1,0.0,0.039,0.078,0.081,0.099,0.7,0.2,0.054,5.2,0.0,1.4,0.0,185.6,0.3,2.7,42.2,0.5,249.6,102.4,0.036,2.5,221.3,FOOD-DATA-GROUP1,93.88489208633094,0.0,6.115107913669064,26.1,128,20.232558139534884,0.0,0.0,0.0,0.008527131782945736,0,0,0,1
506,506,alaska king crab raw,144,1.0,0.2,0.1,0.2,0.0,0.0,31.5,0.0,72.2,1.4,136.9,0.048,0.015,0.082,0.004,0.026,1.9,0.6,0.3,12.0,0.0,0.0,0.0,79.1,1.6,1.0,84.3,0.021,376.7,350.9,0.002,10.2,124.608,FOOD-DATA-GROUP1,96.92307692307692,0.0,3.076923076923077,31.5,144,21.72413793103448,0.0,0.0,0.0,0.009655172413793102,0,0,0,0
507,507,scallops fried,64,3.2,0.8,2.1,0.1,6.4,0.0,2.6,0.0,18.0,0.2,11.5,0.059,0.049,0.081,0.089,0.1,0.0,0.075,0.013,0.0,0.0,0.0,0.0,3.1,0.099,0.3,5.3,0.008,48.7,49.0,0.032,0.2,15.698,FOOD-DATA-GROUP1,21.311475409836067,52.459016393442624,26.229508196721312,0.35135135135135137,64,4.0,0.0,0.0,0.0,0.003076923076923077,0,0,0,0
508,508,shrimp cooked,7,0.092,0.023,0.003,0.0,0.013,0.0,1.3,0.0,11.6,0.012,3.9,0.021,0.031,0.098,0.077,0.002,0.1,0.026,0.041,0.0,0.08,0.1,0.001,5.0,0.01,0.009,2.0,0.077,16.8,9.4,0.08,0.008,6.398,FOOD-DATA-GROUP1,92.52669039145907,0.9252669039145907,6.548042704626335,1.2833168805528137,7,16.25,0.0,0.0,0.0,0.0015,0,0,0,0
509,509,clams fried,19,1.0,0.3,0.4,0.3,1.0,0.0,1.3,0.0,5.7,0.068,5.8,0.008,0.091,0.059,0.083,0.042,0.2,0.01,0.011,0.9,0.0,0.0,0.0,5.9,0.069,1.3,1.3,0.078,17.7,30.6,0.022,0.1,11.464,FOOD-DATA-GROUP1,39.3939393939394,30.303030303030305,30.303030303030305,0.65,19,6.5,0.0,0.0,0.0,0.0034000000000000002,0,0,0,0
510,510,alaska king crab cooked,130,2.1,0.2,0.2,0.7,0.0,0.0,25.9,0.0,71.0,1.4,103.9,0.018,0.005,0.002,0.02,0.07,1.8,0.5,0.2,10.2,0.0,0.0,0.0,79.1,1.6,1.0,84.4,0.093,375.2,351.1,0.003,10.2,118.35,FOOD-DATA-GROUP1,92.5,0.0,7.5,25.9,130,19.770992366412212,0.0,0.0,0.0,0.010687022900763359,0,0,0,0
511,511,scallops cooked,11,0.058,0.092,0.096,0.086,0.5,0.0,2.1,0.0,4.1,0.06,7.0,0.05,0.091,0.011,0.015,0.067,0.049,0.1,0.004,0.032,0.0,0.0,0.0,0.0,1.0,0.057,0.041,3.7,0.004,42.6,31.4,0.042,2.732,FOOD-DATA-GROUP1,79.00677200902935,18.811136192626034,2.18209179834462,1.4000000000000001,11,17.5,0.0,0.0,0.0,0.005,0,0,0,0
512,512,squid fried,140,6.0,1.5,2.2,1.7,6.2,0.0,14.4,0.0,208.0,0.2,51.6,0.035,0.048,0.06,0.05,0.4,2.1,0.4,0.033,3.4,0.0,0.0,0.0,31.2,1.7,0.8,30.4,0.046,200.8,223.2,0.087,1.4,62.028,FOOD-DATA-GROUP1,54.13533834586466,23.308270676691727,22.55639097744361,2.0,140,10.212765957446809,0.0,0.0,0.0,0.0014184397163120568,0,0,0,1
513,513,oyster raw,41,1.2,0.3,0.2,0.4,2.5,0.0,4.7,0.0,25.0,0.059,41.0,0.093,0.052,0.088,0.018,0.1,1.0,0.3,0.026,4.0,0.0,0.0,0.0,4.0,0.8,2.6,11.0,0.3,81.0,84.0,0.1,8.3,19.054,FOOD-DATA-GROUP1,55.952380952380956,29.761904761904763,14.285714285714285,1.342857142857143,41,11.190476190476192,0.0,0.0,0.0,0.0014047619047619047,0,0,0,0
514,514,abalone,89,0.6,0.1,0.02,0.091,5.1,0.0,14.5,0.0,72.3,0.3,63.4,0.056,0.2,0.038,0.057,0.09,1.3,2.6,0.1,1.7,0.0,3.4,0.043,26.4,0.2,2.7,40.8,0.014,161.5,212.5,0.095,0.7,51.092,FOOD-DATA-GROUP1,71.78217821782177,25.247524752475243,2.97029702970297,2.377049180327869,89,16.11111111111111,0.0,0.0,0.0,0.003333333333333333,0,0,0,0
515,515,queen crab raw,25,0.3,0.096,0.027,0.1,0.0,0.0,5.2,0.0,15.6,0.2,22.8,0.093,0.032,0.001,0.082,0.063,0.7,0.024,0.059,2.0,0.0,0.0,0.0,7.4,0.2,0.7,13.9,0.082,37.6,49.0,0.033,0.8,15.607,FOOD-DATA-GROUP1,94.54545454545455,0.0,5.454545454545454,5.2,25,20.0,0.0,0.0,0.0,0.007692307692307693,0,0,0,0
516,516,whelk cooked,78,0.2,0.003,0.068,0.037,4.4,0.0,13.5,0.0,36.8,0.1,9.1,0.013,0.076,0.057,0.084,0.055,0.6,0.1,0.2,1.9,0.0,0.0,0.0,32.0,0.6,2.8,48.7,0.3,79.8,196.4,0.047,0.9,54.806,FOOD-DATA-GROUP1,74.58563535911603,24.309392265193374,1.1049723756906078,2.5,78,17.088607594936708,0.0,0.0,0.0,0.0012658227848101266,0,0,0,0
517,517,oyster cooked,41,1.2,0.3,0.2,0.4,2.5,0.0,4.7,0.0,25.0,0.066,16.0,0.082,0.099,0.005,0.007,0.1,0.9,0.2,0.043,3.2,0.0,0.2,0.047,4.0,0.7,2.3,11.0,0.3,60.8,75.5,0.064,8.3,17.971,FOOD-DATA-GROUP1,55.952380952380956,29.761904761904763,14.285714285714285,1.342857142857143,41,11.190476190476192,0.0,0.0,0.0,0.0015714285714285715,0,0,0,0
518,518,eastern oyster cooked,8,0.2,0.073,0.004,0.018,0.7,0.0,0.7,0.0,3.7,0.038,8.0,0.09,0.02,0.086,0.099,0.012,0.2,0.083,0.023,0.6,0.0,0.0,0.0,5.5,0.1,0.8,3.2,0.081,11.3,14.9,0.011,4.4,8.598,FOOD-DATA-GROUP1,43.75,43.75,12.500000000000004,0.4117647058823529,8,7.777777777777778,0.0,0.0,0.0,0.004222222222222222,0,0,0,0
519,519,blue mussels cooked,344,9.0,1.7,2.0,2.4,14.8,0.0,47.6,0.0,112.0,0.7,122.3,0.2,0.6,0.2,0.026,0.8,6.0,1.9,0.2,27.2,0.0,0.0,0.0,66.0,0.3,13.4,74.0,13.6,570.0,536.0,0.2,5.3,178.2,FOOD-DATA-GROUP1,66.66666666666666,20.728291316526608,12.605042016806722,3.0126582278481013,344,13.797101449275361,0.0,0.0,0.0,0.0020289855072463765,0,0,0,1
520,520,octopus raw,23,0.3,0.002,0.042,0.038,0.6,0.0,4.2,0.0,13.6,0.064,22.7,0.059,0.066,0.009,0.043,0.064,0.6,0.1,0.1,1.4,0.0,0.3,0.074,15.0,0.1,1.5,8.5,0.019,52.6,99.1,0.044,0.5,23.044,FOOD-DATA-GROUP1,82.3529411764706,11.76470588235294,5.88235294117647,2.625,23,17.5,0.0,0.0,0.0,0.0026666666666666666,0,0,0,0
521,521,spiny lobster cooked,233,3.2,0.5,0.6,1.2,5.1,0.0,43.0,0.0,146.7,0.4,108.8,0.06,0.097,0.032,0.068,0.016,8.0,0.7,0.3,3.4,0.0,0.0,0.0,102.7,0.7,2.3,83.1,0.019,373.3,339.0,0.042,11.9,159.731,FOOD-DATA-GROUP1,83.82066276803118,9.941520467836256,6.237816764132553,7.049180327868853,233,18.37606837606838,0.0,0.0,0.0,0.0017094017094017094,0,0,0,1
522,522,blue mussels raw,129,3.4,0.6,0.8,0.9,5.5,0.0,17.9,0.0,42.0,0.4,120.9,0.028,0.2,0.095,0.003,0.3,2.4,0.8,0.041,12.0,0.0,0.8,0.012,39.0,0.1,5.9,51.0,5.1,295.5,480.0,0.063,2.4,83.72,FOOD-DATA-GROUP1,66.7910447761194,20.522388059701495,12.686567164179104,2.753846153846154,129,13.769230769230766,0.0,0.0,0.0,0.003076923076923077,0,0,0,0
523,523,queen crab cooked,98,1.3,0.2,0.3,0.5,0.0,0.0,20.2,0.0,60.4,0.6,63.8,0.007,0.007,0.029,0.04,0.2,2.5,0.3,0.1,6.1,0.0,0.0,0.0,28.1,0.5,2.4,53.6,0.036,108.8,170.0,0.056,3.1,58.197,FOOD-DATA-GROUP1,93.95348837209302,0.0,6.046511627906977,20.2,98,20.4040404040404,0.0,0.0,0.0,0.006060606060606061,0,0,0,0
524,524,dungeness crab cooked,140,1.6,0.2,0.3,0.5,1.2,0.0,28.3,0.0,96.5,0.5,93.1,0.06,0.024,0.054,0.039,0.3,4.6,0.5,0.2,4.6,0.0,0.0,0.0,74.9,0.9,0.5,73.7,0.1,222.3,518.2,0.032,6.9,111.171,FOOD-DATA-GROUP1,90.9967845659164,3.858520900321543,5.144694533762058,12.863636363636363,140,20.070921985815605,0.0,0.0,0.0,0.0035460992907801418,0,0,0,0
525,525,dungeness crab raw,140,1.6,0.2,0.3,0.5,1.2,0.0,28.4,0.0,96.2,0.5,129.1,0.026,0.033,0.086,0.017,0.3,5.1,0.6,0.2,5.7,0.0,0.0,0.0,75.0,1.1,0.6,73.4,0.1,296.7,577.0,0.022,7.0,112.564,FOOD-DATA-GROUP1,91.02564102564102,3.8461538461538463,5.128205128205129,12.909090909090908,140,20.141843971631204,0.0,0.0,0.0,0.0035460992907801418,0,0,0,0
526,526,shrimp fried,52,3.2,0.7,2.0,0.3,4.8,0.086,1.3,0.1,9.9,0.2,7.2,0.01,0.037,0.029,0.075,0.065,0.2,0.0,0.021,0.0,0.0,0.4,0.04,4.9,0.012,0.1,2.7,0.015,31.5,13.9,0.021,0.069,14.433,FOOD-DATA-GROUP1,13.978494623655912,51.61290322580645,34.40860215053763,0.22413793103448276,52,2.4528301886792456,0.18867924528301888,1.482758620689655,0.2,0.0037735849056603774,0,0,0,0
527,527,shrimp raw,4,0.023,0.061,0.075,0.009,0.041,0.0,0.7,0.0,6.3,0.083,4.2,0.083,0.092,0.052,0.045,0.081,0.089,0.056,0.025,0.0,0.053,0.035,0.042,2.7,0.079,0.072,1.1,0.004,12.2,5.7,0.002,0.078,3.712,FOOD-DATA-GROUP1,91.62303664921465,5.366492146596859,3.0104712041884816,0.6724303554274735,4,13.999999999999998,0.0,0.0,0.0,0.0166,0,0,0,0
528,528,blue crab cooked,71,0.6,0.2,0.1,0.2,0.0,0.0,15.2,0.0,82.5,0.3,67.7,0.004,0.029,0.036,0.048,0.096,0.033,2.3,0.8,0.1,2.8,0.0,1.6,0.027,77.4,0.7,0.4,30.6,0.087,198.9,220.2,0.076,16.719,FOOD-DATA-GROUP1,96.20253164556962,0.0,3.79746835443038,15.2,71,21.11111111111111,0.0,0.0,0.0,0.004166666666666667,0,0,0,0
529,529,shrimp imitation,29,0.4,0.019,0.014,0.2,2.6,0.0,3.5,0.0,10.2,0.2,21.2,0.046,0.02,0.02,0.076,0.085,0.084,0.023,0.005,0.0,0.0,0.0,0.0,5.4,0.053,0.2,12.2,0.08,79.8,25.2,0.088,0.036,12.119,FOOD-DATA-GROUP1,53.84615384615385,40.0,6.153846153846154,0.9722222222222222,29,11.666666666666666,0.0,0.0,0.0,0.006666666666666667,0,0,0,0
530,530,conch baked,165,1.5,0.5,0.4,0.3,2.2,0.0,33.4,0.0,82.6,0.2,88.1,0.099,0.069,0.2,0.088,0.1,1.3,0.0,0.095,0.0,0.0,8.0,0.016,124.5,0.6,1.8,302.3,0.0,275.6,207.0,0.007,2.2,163.446,FOOD-DATA-GROUP1,90.02695417789757,5.929919137466308,4.0431266846361185,10.437499999999998,165,20.12048192771084,0.0,0.0,0.0,0.0012048192771084338,0,0,0,0
531,531,squid raw,26,0.4,0.1,0.094,0.1,0.9,0.0,4.4,0.0,65.9,0.09,22.2,0.077,0.014,0.043,0.027,0.1,0.6,0.1,0.033,1.3,0.0,0.3,0.0,9.1,0.5,0.2,9.3,0.048,62.5,69.6,0.088,0.4,16.386,FOOD-DATA-GROUP1,77.19298245614034,15.789473684210522,7.017543859649122,2.3157894736842106,26,16.296296296296298,0.0,0.0,0.0,0.003333333333333333,0,0,0,0
532,532,scallop raw,10,0.091,0.089,0.026,0.005,0.5,0.0,1.8,0.0,3.6,0.057,12.4,0.084,0.031,0.035,0.095,0.015,0.1,0.098,0.049,0.0,0.0,0.0,0.0,0.9,0.081,0.068,3.3,0.069,50.1,30.8,0.098,0.1,3.417,FOOD-DATA-GROUP1,75.2823086574655,20.911752404851526,3.8059389376829773,1.2,10,16.363636363636363,0.0,0.0,0.0,0.005181818181818182,0,0,0,0
533,533,lobster raw,116,1.1,0.3,0.3,0.4,0.0,0.0,24.8,0.0,190.5,0.6,121.4,0.092,0.025,0.033,0.005,0.086,2.4,2.2,0.2,0.0,0.0,1.3,0.0,126.0,2.0,0.4,57.0,0.022,241.5,300.0,0.047,5.3,152.362,FOOD-DATA-GROUP1,95.75289575289575,0.0,4.247104247104247,24.8,116,21.196581196581196,0.0,0.0,0.0,0.005128205128205128,0,0,0,1
534,534,scallop imitation,28,0.1,0.065,0.085,0.098,3.0,0.0,3.6,0.0,6.2,0.2,20.9,0.008,0.079,0.046,0.04,0.017,0.091,0.09,0.045,0.0,0.0,0.0,0.0,2.3,0.067,0.058,12.2,0.034,79.8,29.1,0.095,0.019,9.105,FOOD-DATA-GROUP1,53.7313432835821,44.77611940298508,1.4925373134328361,0.9,28,12.413793103448276,0.0,0.0,0.0,0.006896551724137932,0,0,0,0
535,535,blue crab raw,18,0.2,0.067,0.048,0.063,0.018,0.0,3.8,0.0,16.4,0.079,16.6,0.069,0.098,0.082,0.009,0.021,0.6,0.079,0.073,0.6,0.0,0.0,0.0,18.7,0.1,0.2,7.1,0.019,48.1,69.1,0.07,0.7,23.615,FOOD-DATA-GROUP1,94.57441513190642,0.44798407167745147,4.977600796416128,3.7328094302554025,18,20.0,0.0,0.0,0.0,0.004157894736842105,0,0,0,0
536,536,whelk raw,39,0.1,0.096,0.067,0.005,2.2,0.0,6.7,0.0,18.4,0.073,18.7,0.043,0.089,0.027,0.021,0.088,0.3,0.037,0.097,1.1,0.0,0.013,0.028,16.1,0.3,1.4,24.3,0.1,39.9,98.2,0.011,0.5,27.678,FOOD-DATA-GROUP1,74.44444444444444,24.444444444444446,1.1111111111111112,2.09375,39,16.75,0.0,0.0,0.0,0.0018249999999999998,0,0,0,0
537,537,spiny lobster raw,234,3.2,0.5,0.6,1.2,5.1,0.0,43.1,0.0,146.3,0.4,154.8,0.025,0.071,0.094,0.008,0.043,8.9,0.7,0.3,4.2,0.0,0.0,0.0,102.4,0.8,2.5,83.6,0.033,497.4,376.2,0.055,11.9,160.501,FOOD-DATA-GROUP1,83.852140077821,9.922178988326847,6.225680933852139,7.065573770491804,234,18.340425531914896,0.0,0.0,0.0,0.0017021276595744683,0,0,0,1
538,538,clams canned,227,2.5,0.5,0.3,0.5,9.4,0.0,38.8,0.0,80.0,0.2,104.4,0.2,0.031,0.099,0.01,0.1,0.9,0.4,0.071,0.0,0.063,1.8,0.037,104.0,0.1,4.3,51.2,0.2,523.2,1004.8,0.089,1.3,159.2,FOOD-DATA-GROUP1,76.52859960552269,18.540433925049314,4.930966469428008,3.7307692307692304,227,17.01754385964912,0.0,0.0,0.0,0.0008771929824561404,0,0,0,0
539,539,lobster cooked,134,1.3,0.3,0.4,0.5,0.0,0.0,28.5,0.0,219.0,0.7,117.2,0.077,0.074,0.077,0.071,0.099,0.031,2.7,2.5,0.2,0.0,0.0,1.5,0.0,144.0,2.3,0.4,64.5,0.049,277.5,345.0,0.1,32.314,FOOD-DATA-GROUP1,95.63758389261746,0.0,4.3624161073825505,28.5,134,21.11111111111111,0.0,0.0,0.0,0.005185185185185185,0,0,0,1
540,540,eastern oyster fried,29,1.8,0.5,0.7,0.5,1.7,0.0,1.3,0.0,10.4,0.015,9.4,0.0,0.026,0.003,0.016,0.084,0.2,0.081,0.007,0.6,0.0,0.0,0.0,9.1,0.6,1.0,8.5,0.063,23.2,35.6,0.092,12.7,15.5,FOOD-DATA-GROUP1,27.083333333333336,35.41666666666667,37.5,0.48148148148148145,29,4.333333333333334,0.0,0.0,0.0,0.0005,0,0,0,0
541,541,clams raw,195,2.2,0.4,0.3,0.4,8.1,0.0,33.3,0.0,68.1,1.4,179.3,0.2,0.098,0.095,0.064,0.001,0.8,0.3,0.0,0.0,0.0,1.5,0.032,88.5,0.1,3.7,43.1,0.2,449.5,104.4,0.041,1.2,136.0,FOOD-DATA-GROUP1,76.37614678899082,18.577981651376145,5.045871559633028,3.659340659340659,195,16.989795918367346,0.0,0.0,0.0,0.007142857142857143,0,0,0,0
542,542,octopus cooked,139,1.8,0.4,0.3,0.4,3.7,0.0,25.3,0.0,81.6,0.4,51.4,0.09,0.075,0.016,0.031,0.079,3.2,0.8,0.6,6.8,0.0,1.0,0.088,90.1,0.6,8.1,51.0,0.013,237.2,535.5,0.054,2.9,135.853,FOOD-DATA-GROUP1,82.14285714285714,12.012987012987013,5.844155844155844,5.382978723404255,139,18.071428571428573,0.0,0.0,0.0,0.002857142857142857,0,0,0,0
543,543,eastern oyster raw,8,0.2,0.0,0.087,0.091,0.8,0.0,0.7,0.0,3.5,0.021,12.1,0.069,0.086,0.013,0.095,0.012,0.2,0.076,0.077,0.7,0.0,0.0,0.0,6.2,0.1,0.8,4.6,0.028,13.0,17.4,0.065,5.3,9.448,FOOD-DATA-GROUP1,41.17647058823529,47.05882352941177,11.764705882352942,0.38888888888888884,8,7.777777777777778,0.0,0.0,0.0,0.0023333333333333335,0,0,0,0
544,544,oyster fried,61,3.0,0.8,1.2,0.8,6.7,0.0,2.1,0.0,18.1,0.1,11.1,0.036,0.039,0.035,0.081,0.02,0.7,0.2,0.019,0.7,0.0,0.0,0.0,4.6,0.1,0.7,3.9,0.015,32.7,30.4,0.074,2.6,17.861,FOOD-DATA-GROUP1,17.796610169491526,56.77966101694915,25.423728813559322,0.2727272727272727,61,3.387096774193549,0.0,0.0,0.0,0.0016129032258064516,0,0,0,0
545,545,sturgeon smoked,49,1.2,0.3,0.7,0.1,0.0,0.0,8.8,0.0,22.6,0.2,17.7,0.02,0.026,0.006,0.011,0.078,3.1,0.3,0.09,0.0,0.048,0.1,0.022,4.8,0.06,0.3,13.3,0.042,79.5,107.3,0.077,0.2,15.175,FOOD-DATA-GROUP1,88.00000000000001,0.0,12.0,8.8,49,17.6,0.0,0.0,0.0,0.004,0,0,0,0
546,546,chinook salmon smoked,159,5.9,1.3,2.8,1.4,0.0,0.0,24.9,0.0,31.3,1.1,97.9,0.019,0.01,0.019,0.007,0.1,6.4,1.2,0.4,0.0,0.09,1.8,0.039,15.0,0.3,1.2,24.5,0.055,223.0,238.0,0.027,0.4,47.038,FOOD-DATA-GROUP1,80.84415584415585,0.0,19.15584415584416,24.9,159,15.562499999999998,0.0,0.0,0.0,0.006875000000000001,0,0,0,0
547,547,cisco smoked,50,3.4,0.5,1.6,0.6,0.0,0.0,4.6,0.0,9.1,0.1,19.8,0.05,0.079,0.031,0.04,0.0,0.7,0.009,0.08,0.0,0.047,0.098,0.094,7.4,0.015,0.1,4.8,0.047,42.5,82.9,0.05,0.076,15.576,FOOD-DATA-GROUP1,57.49999999999999,0.0,42.5,4.6,50,9.019607843137255,0.0,0.0,0.0,0.00196078431372549,0,0,0,0
548,548,haddock smoked,33,0.3,0.049,0.006,0.055,0.0,0.0,7.1,0.0,21.8,0.2,20.2,0.087,0.05,0.079,0.08,0.094,1.4,0.094,0.1,0.0,0.074,0.2,0.078,13.9,0.001,0.4,15.3,0.075,71.0,117.4,0.063,0.1,21.719,FOOD-DATA-GROUP1,95.94594594594594,0.0,4.054054054054054,7.1,33,20.882352941176467,0.0,0.0,0.0,0.0058823529411764705,0,0,0,0
549,549,whitefish smoked,147,1.3,0.3,0.4,0.4,0.0,0.0,31.8,0.0,44.9,1.4,96.3,0.086,0.08,0.082,0.017,0.1,3.3,0.1,0.5,0.0,0.078,0.3,0.097,24.5,0.4,0.7,31.3,0.091,179.5,575.3,0.03,0.7,58.398,FOOD-DATA-GROUP1,96.07250755287009,0.0,3.927492447129909,31.8,147,21.486486486486488,0.0,0.0,0.0,0.009459459459459458,0,0,0,0
550,550,red salmon sockeye filets smoked,373,12.3,2.8,4.3,3.7,0.0,0.0,65.5,0.0,167.4,0.065,25.8,0.047,0.5,0.078,0.088,0.6,24.6,3.0,0.9,0.0,0.0,1.3,0.0,62.6,0.2,1.1,62.6,0.048,702.0,1036.8,0.026,1.2,141.587,FOOD-DATA-GROUP1,84.19023136246787,0.0,15.809768637532134,65.5,373,17.51336898395722,0.0,0.0,0.0,0.00017379679144385028,0,0,0,1
0,0,eggnog,224,10.6,6.6,3.3,0.5,20.4,20.4,11.6,0.0,149.9,0.1,209.7,0.1,0.074,0.02,0.006,0.5,0.3,1.1,0.1,3.8,0.055,0.5,0.011,330.2,0.051,0.5,48.3,0.024,276.9,419.1,0.094,1.2,377.2,FOOD-DATA-GROUP2,27.230046948356808,47.88732394366197,24.88262910798122,0.5420560747663552,224,5.155555555555556,0.0,95.32710280373831,0.0,0.00044444444444444447,0,1,1,1
1,1,beer light,96,0.0,0.0,0.0,0.0,5.4,0.3,0.8,0.0,0.0,0.095,313.1,0.0,0.083,0.079,0.0,0.069,1.3,0.067,0.1,0.0,0.0,0.0,0.0,13.2,0.095,0.014,16.5,0.094,39.6,69.3,0.077,0.044,19.456,FOOD-DATA-GROUP2,12.903225806451612,87.09677419354838,0.0,0.125,96,0.8247422680412372,0.0,4.687499999999999,0.0,0.000979381443298969,0,0,0,0
2,2,beer budweiser,12,0.0,0.0,0.0,0.0,0.9,0.0,0.1,0.0,0.0,0.095,27.4,0.0,0.0,0.0,0.0,0.0,0.0,0.0,0.0,0.0,0.0,0.0,0.0,1.2,0.095,0.0,2.1,0.038,3.8,9.7,0.0,0.0,2.2,FOOD-DATA-GROUP2,10.0,90.0,0.0,0.052631578947368425,12,0.7692307692307693,0.0,0.0,0.0,0.007307692307692308,0,0,0,0
3,3,weizenbier erdinger,220,18.0,13.0,1.0,0.0,0.0,0.0,0.0,0.0,0.0,0.0,0.0,0.0,0.0,0.0,0.0,0.0,0.0,0.0,0.0,0.0,0.0,0.0,0.0,0.0,0.0,0.0,0.0,0.0,0.0,0.0,0.0,0.0,18.0,FOOD-DATA-GROUP2,0.0,0.0,100.0,0.0,220,0.0,0.0,0.0,0.0,0.0,0,0,1,0
4,4,beer light budweiser,9,0.0,0.0,0.0,0.0,0.4,0.0,0.066,0.0,0.0,0.016,28.0,0.0,0.0,0.0,0.0,0.0,0.0,0.0,0.0,0.0,0.0,0.0,0.0,0.9,0.088,0.0,2.1,0.007,3.2,7.7,0.0,0.0,1.32,FOOD-DATA-GROUP2,14.163090128755366,85.83690987124464,0.0,0.047142857142857146,9,0.66,0.0,0.0,0.0,0.0016,0,0,0,0
5,5,beer,142,0.0,0.0,0.0,0.0,11.7,0.0,1.5,0.0,0.0,0.067,303.5,0.0,0.093,0.062,0.0,0.017,1.7,0.1,0.2,0.0,0.0,0.0,0.0,13.2,0.096,0.031,19.8,0.085,46.2,89.1,0.087,0.001,26.436,FOOD-DATA-GROUP2,11.363636363636365,88.63636363636364,0.0,0.11811023622047245,142,1.048951048951049,0.0,0.0,0.0,0.00046853146853146856,0,0,0,0
6,6,root beer,202,0.0,0.0,0.0,0.0,52.3,52.3,0.0,0.0,0.0,0.068,440.2,0.0,0.0,0.0,0.0,0.0,0.0,0.0,0.0,0.0,0.0,0.0,0.0,0.0,24.7,0.037,0.2,4.9,0.059,0.0,4.9,0.095,52.334,FOOD-DATA-GROUP2,0.0,100.0,0.0,0.0,202,0.0,0.0,98.12382739212008,0.0,0.0003349753694581281,0,1,0,0
7,7,whiskey sour mix,26,0.072,0.069,0.034,0.012,6.3,6.3,0.051,0.0,0.0,0.073,23.1,0.0,0.089,0.0,0.0,0.07,0.0,0.032,0.0,0.8,0.0,0.0,0.0,0.6,0.0,0.047,0.3,0.0,1.8,8.3,0.015,0.08,7.914,FOOD-DATA-GROUP2,0.7940214852872489,98.08500700607192,1.1209715086408218,0.006986301369863014,26,0.18888888888888888,0.0,86.3013698630137,0.0,0.0027037037037037034,0,0,0,0
8,8,whiskey sour,158,0.0,0.018,0.092,0.024,13.9,0.0,0.0,0.0,0.0,0.067,77.0,0.0,0.035,0.0,0.0,0.092,0.003,0.05,0.0,1.7,0.0,0.0,0.0,1.1,0.019,0.047,1.1,0.01,6.4,5.3,0.03,0.069,16.717,FOOD-DATA-GROUP2,0.0,100.0,0.0,0.0,158,0.0,0.0,0.0,0.0,0.00042138364779874217,0,0,0,0
9,9,tequila sunrise,232,0.2,0.0,0.0,0.0,23.8,0.0,0.6,0.0,0.0,0.1,166.3,0.0,0.085,0.01,0.0,0.015,0.4,0.2,0.1,40.7,0.0,0.0,0.0,0.0,0.01,0.038,14.8,0.046,21.1,21.1,0.0,1.3,65.357,FOOD-DATA-GROUP2,2.4390243902439024,96.74796747967478,0.8130081300813007,0.024193548387096774,232,0.2575107296137339,0.0,0.0,0.0,0.0004291845493562232,0,0,0,0
10,10,daiquiri,112,0.036,0.063,0.038,0.012,4.2,3.3,0.035,0.001,0.0,0.008,41.8,0.0,0.021,0.047,0.0,0.065,0.022,0.074,0.003,1.0,0.0,0.092,0.009,1.8,0.098,0.033,1.2,0.04,3.0,12.6,0.04,0.091,7.243,FOOD-DATA-GROUP2,0.8194802154062282,98.33762584874736,0.8428939358464058,0.006730769230769231,112,0.03097345132743363,0.0008849557522123894,63.46153846153846,0.002,7.079646017699115e-05,0,0,0,0
11,11,pina colada,245,2.7,2.3,0.1,0.035,32.0,31.5,0.6,0.4,0.0,0.089,91.6,0.0,0.0,0.038,0.038,0.0,0.002,0.2,0.01,0.019,6.9,0.0,0.056,0.08,11.3,0.1,0.3,11.3,0.7,9.9,100.1,0.064,35.877,FOOD-DATA-GROUP2,1.6997167138810196,90.65155807365439,7.648725212464588,0.01818181818181818,245,0.24390243902439024,0.16260162601626016,95.45454545454545,0.8,0.00036178861788617884,0,1,0,0
12,12,whiskey,58,0.0,0.0,0.0,0.0,0.1,0.078,0.0,0.0,0.0,0.0,14.7,0.0,0.085,0.0,0.0,0.056,0.073,0.0,0.0,0.0,0.0,0.0,0.0,0.0,0.037,0.072,0.0,0.092,0.7,0.2,0.0,0.02,0.127,FOOD-DATA-GROUP2,0.0,100.0,0.0,0.0,58,0.0,0.0,7.090909090909091,0.0,0.0,0,0,0,0
13,13,rum,49,0.0,0.0,0.0,0.0,0.0,0.0,0.0,0.0,0.0,0.053,14.0,0.0,0.058,0.0,0.0,0.0,0.0,0.0,0.0,0.0,0.0,0.0,0.0,0.0,0.055,0.045,0.0,0.093,1.1,0.4,0.0,0.05,0.049,FOOD-DATA-GROUP2,0.0,0.0,0.0,0.0,49,0.0,0.0,0.0,0.0,0.00106,0,0,0,0
14,14,vodka smirnoff,13,0.4,0.013,0.077,0.073,2.0,0.082,0.0,0.0,0.0,0.0,0.0,0.0,0.0,0.0,0.0,0.0,0.0,0.0,0.0,0.0,0.0,0.0,0.0,0.0,0.0,0.0,0.0,0.0,0.0,0.0,0.0,0.0,2.4,FOOD-DATA-GROUP2,0.0,83.33333333333334,16.666666666666668,0.0,13,0.0,0.0,2.7333333333333334,0.0,0.0,0,0,0,0
15,15,coffee liqueur,96,0.038,0.096,0.03,0.042,13.8,13.7,0.041,0.0,0.0,0.093,9.1,0.0,0.042,0.0,0.0,0.075,0.045,0.0,0.0,0.0,0.0,0.0,0.0,0.3,0.019,0.02,0.9,0.011,1.8,8.9,0.053,0.097,14.241,FOOD-DATA-GROUP2,0.29541033215649537,99.43079472584479,0.273794941998703,0.00277027027027027,96,0.042268041237113405,0.0,92.56756756756755,0.0,0.0009587628865979381,0,0,0,0
16,16,gin,53,0.0,0.0,0.0,0.0,0.0,0.0,0.0,0.0,0.0,0.029,12.4,0.0,0.0,0.0,0.0,0.0,0.0,0.0,0.0,0.0,0.0,0.0,0.0,0.0,0.007,0.0,0.0,0.0,0.0,0.0,0.0,0.0,0.0,FOOD-DATA-GROUP2,0.0,0.0,0.0,0.0,53,0.0,0.0,0.0,0.0,0.000537037037037037,0,0,0,0
17,17,dessert wine sweet,165,0.0,0.0,0.0,0.0,14.1,8.0,0.2,0.0,0.0,0.047,72.6,0.0,0.081,0.0,0.0,0.003,0.2,0.079,0.0,0.0,0.0,0.0,0.0,8.2,0.04,0.2,9.3,0.1,9.3,94.8,0.06,0.074,22.7,FOOD-DATA-GROUP2,1.3986013986013988,98.6013986013986,0.0,0.013245033112582783,165,0.12048192771084339,0.0,52.980132450331126,0.0,0.0002831325301204819,0,0,0,0
18,18,chenin blanc white wine,118,0.0,0.0,0.0,0.0,4.9,0.0,0.1,0.0,0.0,0.0,128.4,0.0,0.0,0.0,0.0,0.0,0.0,0.0,0.0,0.0,0.0,0.0,0.0,0.0,0.0,0.0,0.0,0.0,0.0,0.0,0.0,0.0,5.0,FOOD-DATA-GROUP2,2.0,98.00000000000001,0.0,0.01694915254237288,118,0.08403361344537816,0.0,0.0,0.0,0.0,0,0,0,0
19,19,gamay red wine,115,0.0,0.0,0.0,0.0,3.5,0.0,0.1,14.4,0.0,0.0,0.0,128.6,0.0,0.0,0.0,0.0,0.0,0.0,0.0,0.0,0.0,0.0,0.0,0.0,0.0,0.0,0.0,0.0,0.0,0.0,0.0,0.0,146.6,FOOD-DATA-GROUP2,2.777777777777778,97.22222222222221,0.0,0.022222222222222223,115,0.08620689655172414,12.413793103448276,0.0,10.0,0.0,0,0,0,0
20,20,late harvest white wine,172,0.0,0.0,0.0,0.0,20.6,0.0,0.1,13.1,0.0,0.0,0.0,119.8,0.0,0.0,0.0,0.0,0.0,0.0,0.0,0.0,0.0,0.0,0.0,0.0,0.0,0.0,0.0,0.0,0.0,0.0,0.0,0.0,153.6,FOOD-DATA-GROUP2,0.4830917874396135,99.51690821256038,0.0,0.004629629629629629,172,0.05780346820809249,7.572254335260116,0.0,10.0,0.0,0,0,0,0
21,21,gewurztraminer white wine,119,0.0,0.0,0.0,0.0,3.8,0.0,0.1,0.0,0.0,0.0,127.9,0.0,0.0,0.0,0.0,0.0,0.0,0.0,0.0,0.0,0.0,0.0,0.0,0.0,0.0,0.0,0.0,0.0,0.0,0.0,0.0,0.0,3.9,FOOD-DATA-GROUP2,2.5641025641025643,97.43589743589743,0.0,0.020833333333333336,119,0.08333333333333334,0.0,0.0,0.0,0.0,0,0,0,0
22,22,burgundy red wine,172,0.0,0.0,0.0,0.0,7.4,0.0,0.1,0.0,0.0,0.0,171.2,0.0,0.0,0.0,0.0,0.0,0.0,0.0,0.0,0.0,0.0,0.0,0.0,0.0,0.0,0.0,0.0,0.0,0.0,0.0,0.0,0.0,7.5,FOOD-DATA-GROUP2,1.3333333333333335,98.66666666666667,0.0,0.011904761904761904,172,0.05780346820809249,0.0,0.0,0.0,0.0,0,0,0,0
23,23,zinfandel red wine,129,0.0,0.0,0.0,0.0,4.2,0.0,0.1,0.0,0.0,0.0,126.0,0.0,0.0,0.0,0.0,0.0,0.0,0.0,0.0,0.0,0.0,0.0,0.0,0.0,0.0,0.0,0.0,0.0,0.0,0.0,0.0,0.0,4.3,FOOD-DATA-GROUP2,2.3255813953488373,97.67441860465117,0.0,0.019230769230769232,129,0.07692307692307693,0.0,0.0,0.0,0.0,0,0,0,0
24,24,muller thurgau white wine,112,0.0,0.0,0.0,0.0,5.2,0.0,0.1,13.3,0.0,0.0,0.0,129.2,0.0,0.0,0.0,0.0,0.0,0.0,0.0,0.0,0.0,0.0,0.0,0.0,0.0,0.0,0.0,0.0,0.0,0.0,0.0,0.0,147.8,FOOD-DATA-GROUP2,1.886792452830189,98.11320754716982,0.0,0.016129032258064516,112,0.08849557522123895,11.76991150442478,0.0,10.0,0.0,0,0,0,0
25,25,mouvedre red wine,129,0.0,0.0,0.0,0.0,3.9,0.0,0.1,16.5,0.0,0.0,0.0,126.1,0.0,0.0,0.0,0.0,0.0,0.0,0.0,0.0,0.0,0.0,0.0,0.0,0.0,0.0,0.0,0.0,0.0,0.0,0.0,0.0,146.6,FOOD-DATA-GROUP2,2.5,97.5,0.0,0.02040816326530612,129,0.07692307692307693,12.692307692307692,0.0,10.0,0.0,0,0,0,0
26,26,table wine,123,0.0,0.0,0.0,0.0,4.0,1.2,0.1,0.0,0.0,0.087,128.1,0.0,0.051,0.084,0.0,0.014,0.2,0.023,0.022,0.0,0.0,0.0,0.0,11.8,0.049,0.5,16.3,0.2,29.6,146.5,0.012,0.2,16.4,FOOD-DATA-GROUP2,2.439024390243903,97.56097560975611,0.0,0.02,123,0.08064516129032258,0.0,24.0,0.0,0.0007016129032258064,0,0,0,0
27,27,wine light,73,0.0,0.0,0.0,0.0,1.7,1.7,0.1,0.0,0.0,0.046,136.5,0.0,0.0,0.035,0.0,0.039,0.1,0.0,0.097,0.0,0.0,0.0,0.0,13.3,0.1,0.6,14.8,0.0,22.2,130.2,0.014,0.1,15.7,FOOD-DATA-GROUP2,5.555555555555556,94.44444444444444,0.0,0.037037037037037035,73,0.13513513513513514,0.0,62.962962962962955,0.0,0.0006216216216216216,0,0,0,0
28,28,white wine,121,0.0,0.0,0.0,0.0,3.8,1.4,0.1,0.0,0.0,0.098,127.7,0.0,0.04,0.081,0.0,0.003,0.2,0.094,0.034,0.0,0.0,0.0,0.071,13.2,0.097,0.4,14.7,0.2,26.5,104.4,0.036,0.2,17.5,FOOD-DATA-GROUP2,2.5641025641025643,97.43589743589743,0.0,0.020833333333333336,121,0.08196721311475409,0.0,29.166666666666668,0.0,0.0008032786885245901,0,0,0,0
29,29,petite sirah red wine,125,0.0,0.0,0.0,0.0,3.9,0.0,0.1,15.7,0.0,0.0,0.0,126.7,0.0,0.0,0.0,0.0,0.0,0.0,0.0,0.0,0.0,0.0,0.0,0.0,0.0,0.0,0.0,0.0,0.0,0.0,0.0,0.0,146.4,FOOD-DATA-GROUP2,2.5,97.5,0.0,0.02040816326530612,125,0.07936507936507936,12.460317460317459,0.0,10.0,0.0,0,0,0,0
30,30,non alcoholic wine,2,0.0,0.0,0.0,0.0,0.3,0.3,0.1,0.0,0.0,0.095,29.0,0.0,0.0,0.027,0.0,0.019,0.093,0.0,0.064,0.0,0.0,0.0,0.0,2.7,0.035,0.1,3.0,0.0,4.4,26.0,0.052,0.088,3.2,FOOD-DATA-GROUP2,25.0,74.99999999999999,0.0,0.07692307692307693,2,3.3333333333333335,0.0,23.076923076923077,0.0,0.03166666666666667,0,0,0,0
31,31,pinot noir red wine,121,0.0,0.0,0.0,0.0,3.4,0.0,0.1,0.0,0.0,0.0,127.8,0.0,0.0,0.0,0.0,0.0,0.0,0.0,0.0,0.0,0.0,0.0,0.0,0.0,0.0,0.0,0.0,0.0,0.0,0.0,0.0,0.0,3.5,FOOD-DATA-GROUP2,2.857142857142857,97.14285714285714,0.0,0.022727272727272728,121,0.08196721311475409,0.0,0.0,0.0,0.0,0,0,0,0
32,32,pinot gris grigio white wine,122,0.0,0.0,0.0,0.0,3.0,0.0,0.1,0.0,0.0,0.0,127.9,0.0,0.0,0.0,0.0,0.0,0.0,0.0,0.0,0.0,0.0,0.0,0.0,0.0,0.0,0.0,0.0,0.0,0.0,0.0,0.0,0.0,3.1,FOOD-DATA-GROUP2,3.225806451612903,96.77419354838709,0.0,0.025,122,0.08130081300813008,0.0,0.0,0.0,0.0,0,0,0,0
33,33,riesling white wine,118,0.0,0.0,0.0,0.0,5.5,0.0,0.1,0.0,0.0,0.0,128.1,0.0,0.0,0.0,0.0,0.0,0.0,0.0,0.0,0.0,0.0,0.0,0.0,0.0,0.0,0.0,0.0,0.0,0.0,0.0,0.0,0.0,5.6,FOOD-DATA-GROUP2,1.785714285714286,98.21428571428572,0.0,0.015384615384615385,118,0.08403361344537816,0.0,0.0,0.0,0.0,0,0,0,0
34,34,barbera red wine,170,0.0,0.0,0.0,0.0,5.6,0.0,0.1,0.0,0.0,0.0,172.6,0.0,0.0,0.0,0.0,0.0,0.0,0.0,0.0,0.0,0.0,0.0,0.0,0.0,0.0,0.0,0.0,0.0,0.0,0.0,0.0,0.0,5.7,FOOD-DATA-GROUP2,1.754385964912281,98.24561403508773,0.0,0.015151515151515154,170,0.058479532163742694,0.0,0.0,0.0,0.0,0,0,0,0
35,35,lemberger red wine,118,0.0,0.0,0.0,0.0,3.6,0.0,0.1,15.0,0.0,0.0,0.0,127.9,0.0,0.0,0.0,0.0,0.0,0.0,0.0,0.0,0.0,0.0,0.0,0.0,0.0,0.0,0.0,0.0,0.0,0.0,0.0,0.0,146.6,FOOD-DATA-GROUP2,2.7027027027027026,97.29729729729729,0.0,0.02173913043478261,118,0.08403361344537816,12.605042016806722,0.0,10.0,0.0,0,0,0,0
36,36,merlot red wine,122,0.0,0.0,0.0,0.0,3.7,0.9,0.1,0.0,0.0,0.011,127.3,0.0,0.087,0.064,0.0,0.01,0.3,0.081,0.061,0.0,0.0,0.0,0.0,11.8,0.026,0.7,17.6,0.2,33.8,186.7,0.083,0.2,16.3,FOOD-DATA-GROUP2,2.631578947368421,97.36842105263158,0.0,0.02127659574468085,122,0.08130081300813008,0.0,19.148936170212767,0.0,8.943089430894308e-05,0,0,0,0
37,37,sangiovese red wine,126,0.0,0.0,0.0,0.0,3.9,0.0,0.1,0.0,0.0,0.0,126.7,0.0,0.0,0.0,0.0,0.0,0.0,0.0,0.0,0.0,0.0,0.0,0.0,0.0,0.0,0.0,0.0,0.0,0.0,0.0,0.0,0.0,4.0,FOOD-DATA-GROUP2,2.5,97.5,0.0,0.02040816326530612,126,0.07874015748031497,0.0,0.0,0.0,0.0,0,0,0,0
38,38,sauvignon blanc white wine,119,0.0,0.0,0.0,0.0,3.0,0.0,0.1,0.0,0.0,0.0,128.1,0.0,0.0,0.0,0.0,0.0,0.0,0.0,0.0,0.0,0.0,0.0,0.0,0.0,0.0,0.0,0.0,0.0,0.0,0.0,0.0,0.0,3.1,FOOD-DATA-GROUP2,3.225806451612903,96.77419354838709,0.0,0.025,119,0.08333333333333334,0.0,0.0,0.0,0.0,0,0,0,0
39,39,syrah red wine,122,0.0,0.0,0.0,0.0,3.8,0.0,0.1,0.0,0.0,0.0,127.2,0.0,0.0,0.0,0.0,0.0,0.0,0.0,0.0,0.0,0.0,0.0,0.0,0.0,0.0,0.0,0.0,0.0,0.0,0.0,0.0,0.0,3.9,FOOD-DATA-GROUP2,2.5641025641025643,97.43589743589743,0.0,0.020833333333333336,122,0.08130081300813008,0.0,0.0,0.0,0.0,0,0,0,0
40,40,carignane red wine,370,0.0,0.0,0.0,0.0,12.0,0.0,0.4,0.0,0.0,0.0,439.4,0.0,0.0,0.0,0.0,0.0,0.0,0.0,0.0,0.0,0.0,0.0,0.0,0.0,0.0,0.0,0.0,0.0,0.0,0.0,0.0,0.0,12.4,FOOD-DATA-GROUP2,3.225806451612903,96.77419354838709,0.0,0.03076923076923077,370,0.1078167115902965,0.0,0.0,0.0,0.0,0,0,0,0
41,41,pinot blanc white wine,119,0.0,0.0,0.0,0.0,2.9,0.0,0.1,0.0,0.0,0.0,128.1,0.0,0.0,0.0,0.0,0.0,0.0,0.0,0.0,0.0,0.0,0.0,0.0,0.0,0.0,0.0,0.0,0.0,0.0,0.0,0.0,0.0,3.0,FOOD-DATA-GROUP2,3.3333333333333335,96.66666666666667,0.0,0.025641025641025644,119,0.08333333333333334,0.0,0.0,0.0,0.0,0,0,0,0
42,42,semillon white wine,121,0.0,0.0,0.0,0.0,4.6,0.0,0.1,14.9,0.0,0.0,0.0,128.1,0.0,0.0,0.0,0.0,0.0,0.0,0.0,0.0,0.0,0.0,0.0,0.0,0.0,0.0,0.0,0.0,0.0,0.0,0.0,0.0,147.7,FOOD-DATA-GROUP2,2.1276595744680855,97.87234042553192,0.0,0.01785714285714286,121,0.08196721311475409,12.213114754098362,0.0,10.0,0.0,0,0,0,0
43,43,dessert wine dry,760,0.0,0.0,0.0,0.0,58.4,5.5,1.0,76.5,0.0,0.0,0.062,362.7,0.0,0.033,0.0,0.0,0.096,1.1,0.2,0.0,0.0,0.0,0.0,0.0,40.0,0.2,1.2,45.0,0.6,45.0,460.0,0.066,498.8,FOOD-DATA-GROUP2,1.6835016835016834,98.31649831649831,0.0,0.016835016835016835,760,0.1314060446780552,10.052562417871222,9.25925925925926,10.0,0.0,0,0,0,0
44,44,red wine,125,0.0,0.0,0.0,0.0,3.8,0.9,0.1,0.0,0.0,0.027,127.1,0.0,0.01,0.018,0.0,0.073,0.3,0.049,0.044,0.0,0.0,0.0,0.066,11.8,0.017,0.7,17.6,0.2,33.8,186.7,0.074,0.2,16.4,FOOD-DATA-GROUP2,2.5641025641025643,97.43589743589743,0.0,0.020833333333333336,125,0.07936507936507936,0.0,18.75,0.0,0.00021428571428571427,0,0,0,0
45,45,cabernet sauvignon red wine,166,0.0,0.0,0.0,0.0,5.2,0.0,0.1,0.0,0.0,0.0,173.1,0.0,0.0,0.0,0.0,0.0,0.0,0.0,0.0,0.0,0.0,0.0,0.0,0.0,0.0,0.0,0.0,0.0,0.0,0.0,0.0,0.0,5.3,FOOD-DATA-GROUP2,1.886792452830189,98.11320754716982,0.0,0.016129032258064516,166,0.059880239520958084,0.0,0.0,0.0,0.0,0,0,0,0
46,46,muscat white wine,123,0.0,0.0,0.0,0.0,7.8,0.0,0.1,0.0,0.0,0.0,128.5,0.0,0.0,0.0,0.0,0.0,0.0,0.0,0.0,0.0,0.0,0.0,0.0,0.0,0.0,0.0,0.0,0.0,0.0,0.0,0.0,0.0,7.9,FOOD-DATA-GROUP2,1.2658227848101267,98.73417721518987,0.0,0.011363636363636364,123,0.08064516129032258,0.0,0.0,0.0,0.0,0,0,0,0
47,47,cooking wine,2,0.0,0.0,0.0,0.0,0.3,0.09,0.028,0.0,0.0,0.002,4.4,0.0,0.0,0.077,0.0,0.016,0.094,0.0,0.072,0.0,0.0,0.0,0.0,0.4,0.021,0.1,0.5,0.0,0.7,4.3,0.079,0.085,0.879,FOOD-DATA-GROUP2,8.536585365853657,91.46341463414633,0.0,0.021538461538461538,2,0.9333333333333335,0.0,6.9230769230769225,0.0,0.0006666666666666666,0,0,0,0
48,48,chardonnay white wine,168,0.0,0.0,0.0,0.0,4.3,1.9,0.1,0.0,0.0,0.027,173.7,0.0,0.092,0.002,0.0,0.039,0.2,0.09,0.1,0.0,0.0,0.0,0.0,18.0,0.054,0.5,20.0,0.2,36.0,142.0,0.017,0.2,22.9,FOOD-DATA-GROUP2,2.272727272727273,97.72727272727273,0.0,0.01886792452830189,168,0.0591715976331361,0.0,35.84905660377358,0.0,0.00015976331360946746,0,0,0,0
49,49,claret red wine,122,0.0,0.0,0.0,0.0,4.4,0.0,0.1,15.0,0.0,0.0,0.0,127.0,0.0,0.0,0.0,0.0,0.0,0.0,0.0,0.0,0.0,0.0,0.0,0.0,0.0,0.0,0.0,0.0,0.0,0.0,0.0,0.0,146.5,FOOD-DATA-GROUP2,2.2222222222222223,97.77777777777779,0.0,0.018518518518518517,122,0.08130081300813008,12.195121951219512,0.0,10.0,0.0,0,0,0,0
50,50,rice sake,197,0.0,0.0,0.0,0.0,7.4,0.0,0.7,0.0,0.0,0.046,115.2,0.0,0.0,0.0,0.0,0.0,0.0,0.0,0.0,0.0,0.0,0.0,0.0,7.4,0.051,0.1,8.8,0.0,8.8,36.8,0.057,0.092,15.6,FOOD-DATA-GROUP2,8.641975308641975,91.35802469135803,0.0,0.08333333333333333,197,0.35353535353535354,0.0,0.0,0.0,0.0002323232323232323,0,0,0,0
51,51,fume blanc white wine,121,0.0,0.0,0.0,0.0,3.3,0.0,0.1,15.4,0.0,0.0,0.0,127.9,0.0,0.0,0.0,0.0,0.0,0.0,0.0,0.0,0.0,0.0,0.0,0.0,0.0,0.0,0.0,0.0,0.0,0.0,0.0,0.0,146.7,FOOD-DATA-GROUP2,2.9411764705882355,97.05882352941177,0.0,0.023255813953488375,121,0.08196721311475409,12.622950819672132,0.0,10.0,0.0,0,0,0,0
52,52,cabarnet franc red wine,122,0.0,0.0,0.0,0.0,3.6,0.0,0.1,0.0,0.0,0.0,127.3,0.0,0.0,0.0,0.0,0.0,0.0,0.0,0.0,0.0,0.0,0.0,0.0,0.0,0.0,0.0,0.0,0.0,0.0,0.0,0.0,0.0,3.7,FOOD-DATA-GROUP2,2.7027027027027026,97.29729729729729,0.0,0.02173913043478261,122,0.08130081300813008,0.0,0.0,0.0,0.0,0,0,0,0
53,53,chocolate frosting,81,3.6,1.1,1.8,0.5,13.0,11.8,0.2,0.2,0.0,0.025,3.5,0.0,0.026,0.069,0.0,0.097,0.024,0.005,0.085,0.0,0.0,0.3,0.0,1.6,0.045,0.3,4.3,0.064,16.2,40.2,0.094,0.062,18.9,FOOD-DATA-GROUP2,1.1904761904761905,77.38095238095238,21.428571428571427,0.014285714285714287,81,0.24390243902439024,0.24390243902439024,84.28571428571429,0.4,0.0003048780487804878,0,0,0,0
54,54,white sugar,19,0.0,0.0,0.0,0.0,5.0,4.9,0.0,0.0,0.0,0.012,0.021,0.0,0.0,0.0,0.0,0.099,0.0,0.0,0.0,0.0,0.0,0.0,0.0,0.046,0.078,0.078,0.0,0.081,0.0,0.1,0.026,0.05,5.037,FOOD-DATA-GROUP2,0.0,100.0,0.0,0.0,19,0.0,0.0,81.66666666666667,0.0,0.0006000000000000001,0,0,0,0
55,55,egg substitute,115,0.0,0.0,0.0,0.0,4.8,4.8,24.0,0.0,0.0,0.5,208.8,0.0,0.3,0.065,0.039,0.9,0.3,4.0,0.3,1.2,0.006,3.8,0.063,175.2,0.07,4.8,36.0,0.002,172.8,511.2,0.017,2.4,210.0,FOOD-DATA-GROUP2,83.33333333333333,16.666666666666664,0.0,4.137931034482759,115,20.689655172413794,0.0,82.75862068965517,0.0,0.004310344827586207,0,0,0,0
56,56,agave syrup,21,0.081,0.0,0.0,0.0,5.3,4.7,0.025,0.01,0.0,0.09,1.6,0.0,0.0,0.0,0.0,0.0,0.0,0.0,0.0,0.0,0.0,0.0,0.0,0.088,0.071,0.042,0.034,0.049,0.009,0.3,0.0,0.008,5.456,FOOD-DATA-GROUP2,0.4624491305956344,98.03921568627449,1.4983351831298557,0.003968253968253969,21,0.11363636363636365,0.045454545454545456,74.60317460317461,0.02,0.00409090909090909,0,0,0,0
57,57,splenda sweetener,336,0.0,0.0,0.0,0.0,91.2,80.3,0.0,0.0,0.0,0.0,8.8,0.0,0.0,0.0,0.0,0.0,0.0,0.0,0.0,0.0,0.0,0.0,0.0,0.0,0.0,0.0,0.0,0.0,0.0,4.0,0.0,0.0,91.2,FOOD-DATA-GROUP2,0.0,100.0,0.0,0.0,336,0.0,0.0,87.09327548806941,0.0,0.0,0,1,0,0
58,58,vanilla extract,12,0.069,0.003,0.06,0.001,0.5,0.5,0.0,0.0,0.0,0.061,2.2,0.0,0.041,0.0,0.0,0.083,0.002,0.039,0.079,0.0,0.0,0.0,0.0,0.5,0.03,0.019,0.5,0.066,0.3,6.2,0.0,0.065,1.213,FOOD-DATA-GROUP2,0.0,87.87346221441126,12.126537785588756,0.0,12,0.0,0.0,33.33333333333333,0.0,0.004692307692307692,0,0,0,0
59,59,egg yolk dried,27,2.3,0.7,0.9,0.4,0.054,0.002,1.3,0.0,92.3,0.071,0.1,0.01,0.041,0.036,0.092,0.025,0.065,0.4,0.078,0.0,0.065,0.2,0.074,12.3,0.015,0.4,1.0,0.071,41.6,10.6,0.098,0.3,16.368,FOOD-DATA-GROUP2,35.57744937055282,1.4778325123152711,62.944718117131906,1.2333965844402277,27,4.642857142857143,0.0,0.18975332068311196,0.0,0.0025357142857142857,0,0,0,0
60,60,granulated sugar,16,0.0,0.0,0.0,0.0,4.2,4.2,0.0,0.0,0.0,0.019,0.055,0.0,0.0,0.0,0.0,0.06,0.0,0.0,0.0,0.0,0.0,0.0,0.0,0.027,0.034,0.01,0.0,0.067,0.0,0.033,0.093,0.05,4.253,FOOD-DATA-GROUP2,0.0,100.0,0.0,0.0,16,0.0,0.0,80.76923076923077,0.0,0.0011176470588235294,0,0,0,0
61,61,baking chocolate,145,15.2,9.4,4.7,0.5,8.7,0.3,3.7,4.8,0.0,0.049,0.4,0.0,0.023,0.098,0.0,0.002,0.4,0.088,0.015,0.0,0.0,0.1,0.097,29.3,0.9,5.0,94.8,1.2,116.0,240.7,0.072,2.8,66.7,FOOD-DATA-GROUP2,13.405797101449277,31.521739130434785,55.072463768115945,0.3814432989690722,145,2.5342465753424657,3.287671232876712,3.0927835051546393,9.6,0.0003356164383561644,0,0,1,0
62,62,bakers yeast,18,0.3,0.089,0.2,0.079,3.1,0.0,1.4,1.4,0.0,0.066,11.7,0.0,0.3,0.1,0.0,0.2,2.1,0.8,0.005,0.04,0.0,0.0,0.0,3.2,0.024,0.6,6.8,0.02,57.1,102.2,0.073,1.7,10.078,FOOD-DATA-GROUP2,29.166666666666668,64.58333333333334,6.25,0.34146341463414637,18,7.368421052631578,7.368421052631578,0.0,2.8,0.003473684210526316,0,0,0,0
63,63,fondant,106,0.009,0.0,0.0,0.0,26.4,25.2,0.0,0.0,0.0,0.022,1.9,0.0,0.062,0.0,0.0,0.062,0.0,0.0,0.0,0.0,0.0,0.0,0.0,0.8,0.095,0.09,0.0,0.0,0.0,1.1,0.045,0.037,27.396,FOOD-DATA-GROUP2,0.0,99.96592070884925,0.03407929115074406,0.0,106,0.0,0.0,91.97080291970804,0.0,0.000205607476635514,0,1,0,0
64,64,brown sugar,16,0.0,0.0,0.0,0.0,4.1,4.1,0.024,0.0,0.0,0.094,0.087,0.0,0.0,0.023,0.0,0.0,0.0,0.037,0.008,0.0,0.0,0.0,0.0,3.5,0.03,0.071,0.4,0.047,0.2,5.6,0.023,0.08,7.622,FOOD-DATA-GROUP2,0.5819592628516004,99.41804073714839,0.0,0.004705882352941177,16,0.1411764705882353,0.0,80.3921568627451,0.0,0.0055294117647058825,0,0,0,0
65,65,white frosting dry,768,0.0,0.0,0.0,0.0,196.4,0.0,4.8,0.0,0.0,0.5,3.9,0.0,0.018,0.077,0.0,0.1,2.1,0.1,0.031,0.0,0.0,0.0,0.0,8.3,0.053,0.2,6.2,0.043,14.5,242.2,0.036,0.01,209.7,FOOD-DATA-GROUP2,2.3856858846918483,97.61431411530815,0.0,0.0243161094224924,768,0.624187256176853,0.0,0.0,0.0,0.0006501950585175553,0,0,0,0
66,66,maple sugar,42,0.061,0.076,0.037,0.09,10.9,10.2,0.036,0.0,0.0,0.031,1.0,0.0,0.016,0.0,0.0,0.021,0.015,0.032,0.04,0.0,0.0,0.0,0.0,10.8,0.024,0.2,2.3,0.5,0.4,32.9,0.03,0.7,21.961,FOOD-DATA-GROUP2,0.3273620078203146,99.11794125670637,0.5546967354733109,0.003025210084033613,42,0.08372093023255814,0.0,85.71428571428571,0.0,0.0007209302325581396,0,0,0,0
67,67,fructose sweetener,15,0.0,0.0,0.0,0.0,4.2,3.9,0.0,0.0,0.0,0.013,0.0,0.0,0.0,0.0,0.0,0.0,0.0,0.0,0.0,0.0,0.0,0.0,0.0,0.0,0.013,0.067,0.0,0.0,0.0,0.0,0.082,0.0,4.274,FOOD-DATA-GROUP2,0.0,100.0,0.0,0.0,15,0.0,0.0,75.0,0.0,0.0008125,0,0,0,0
68,68,saccharin sweetener,360,0.0,0.0,0.0,0.0,89.1,85.2,0.9,0.0,0.0,0.4,8.8,0.0,0.0,0.0,0.0,0.0,0.0,0.0,0.0,0.0,0.0,0.0,0.0,0.0,0.0,0.058,0.0,0.0,0.0,4.0,0.0,0.079,90.082,FOOD-DATA-GROUP2,1.0,99.0,0.0,0.009988901220865706,360,0.2493074792243767,0.0,94.56159822419534,0.0,0.00110803324099723,0,1,0,0
69,69,egg white raw,17,0.063,0.0,0.0,0.0,0.2,0.2,3.6,0.0,0.0,0.038,28.9,0.0,0.099,0.024,0.041,0.1,0.089,0.055,0.043,0.0,0.0,0.0,0.0,2.3,0.075,0.045,3.6,0.039,5.0,53.8,0.017,0.001,6.196,FOOD-DATA-GROUP2,93.19181982914833,5.1773233238415735,1.6308568470100957,3.0,17,20.0,0.0,16.666666666666668,0.0,0.002111111111111111,0,0,0,0
70,70,turbinado sugar,18,0.0,0.0,0.0,0.0,4.6,4.6,0.0,0.0,0.0,0.008,0.082,0.0,0.0,0.0,0.0,0.0,0.0,0.0,0.0,0.0,0.0,0.0,0.0,0.6,0.05,0.018,0.016,0.064,0.052,1.3,0.0,0.003,5.24,FOOD-DATA-GROUP2,0.0,100.0,0.0,0.0,18,0.0,0.0,82.14285714285714,0.0,0.0004210526315789474,0,0,0,0
71,71,vanilla frosting,1931,75.0,13.7,22.5,36.7,313.7,291.5,0.0,0.0,0.0,0.9,69.6,0.0,0.046,0.026,0.0,1.4,1.0,0.3,0.0,0.0,0.0,7.1,0.032,13.9,0.0,0.7,4.6,0.0,83.2,157.1,0.029,0.3,403.3,FOOD-DATA-GROUP2,0.0,80.70491381528171,19.295086184718294,0.0,1931,0.0,0.0,92.62789958690817,0.0,0.0004658385093167702,0,1,1,0
72,72,aspartame sweetener,365,0.0,0.0,0.0,0.0,89.1,80.7,2.2,0.0,0.0,0.0,8.8,0.0,0.0,0.0,0.0,0.0,0.0,0.0,0.0,0.0,0.0,0.0,0.0,0.0,0.0,0.022,0.0,0.0,0.0,4.0,0.079,0.068,91.381,FOOD-DATA-GROUP2,2.4096385542168677,97.59036144578313,0.0,0.024417314095449505,365,0.6010928961748634,0.0,89.5671476137625,0.0,0.0,0,1,0,0
73,73,egg raw,80,5.3,1.8,2.0,1.1,0.4,0.2,7.0,0.0,208.3,0.08,42.6,0.066,0.011,0.048,0.013,0.3,0.018,0.9,0.099,0.0,0.038,0.6,0.016,31.4,0.071,1.0,6.7,0.057,110.9,77.3,0.023,0.7,45.156,FOOD-DATA-GROUP2,55.118110236220474,3.149606299212599,41.73228346456693,5.0,80,8.641975308641975,0.0,14.285714285714288,0.0,0.0009876543209876543,0,0,0,1
74,74,pineapple topping,860,0.3,0.066,0.1,0.2,225.8,71.4,0.3,1.4,0.0,0.1,112.2,0.0,0.1,0.026,0.0,0.008,0.3,0.059,0.012,10.5,0.0,0.054,0.032,20.4,0.2,0.4,20.4,0.2,10.2,146.2,0.026,0.2,259.1,FOOD-DATA-GROUP2,0.13250883392226145,99.73498233215547,0.13250883392226145,0.0013227513227513227,860,0.03484320557491289,0.16260162601626016,31.48148148148148,2.8,0.00011614401858304297,0,1,0,0
75,75,egg white dried,26,0.087,0.0,0.0,0.0,0.3,0.0,5.8,0.0,0.0,0.052,0.6,0.0,0.041,0.06,0.077,0.2,0.049,0.1,0.059,0.0,0.0,0.0,0.0,6.2,0.033,0.028,5.0,0.03,6.2,78.1,0.012,0.0,12.343,FOOD-DATA-GROUP2,93.7449490867949,4.848876676903184,1.4061742363019234,4.461538461538462,26,21.48148148148148,0.0,0.0,0.0,0.0019259259259259258,0,0,0,0
76,76,egg yolk raw,55,4.5,1.6,2.0,0.7,0.6,0.08,2.7,0.0,184.5,0.006,8.9,0.009,0.014,0.04,0.098,0.064,0.042,0.5,0.061,0.0,0.078,0.4,0.034,21.9,0.069,0.5,0.9,0.013,66.3,18.5,0.039,0.4,30.27,FOOD-DATA-GROUP2,34.61538461538461,7.692307692307692,57.692307692307686,1.6875,55,4.821428571428572,0.0,5.0,0.0,0.00010714285714285715,0,0,0,1
77,77,baking soda,0,0.0,0.0,0.0,0.0,0.0,0.0,0.0,0.0,0.0,1.3,0.018,0.0,0.0,0.0,0.0,0.0,0.0,0.0,0.0,0.0,0.0,0.0,0.0,0.0,0.0,0.0,0.0,0.0,0.0,0.0,0.018,0.0,0.0,FOOD-DATA-GROUP2,0.0,0.0,0.0,0.0,0,0.0,0.0,0.0,0.0,1.3,0,0,0,0
78,78,egg dried,30,2.2,0.7,0.9,0.3,0.047,0.05,2.4,0.0,81.5,0.06,0.2,0.044,0.026,0.016,0.09,0.02,0.079,0.3,0.075,0.0,0.027,0.1,0.075,11.8,0.017,0.2,1.7,0.063,31.5,27.0,0.017,0.2,16.62,FOOD-DATA-GROUP2,51.646223369916065,1.0114052076608564,47.34237142242307,2.292263610315186,30,7.741935483870968,0.0,4.7755491881566385,0.0,0.001935483870967742,0,0,0,0
79,79,strawberry topping,53,0.096,0.071,0.083,0.063,13.9,5.7,0.014,0.1,0.0,0.099,6.9,0.0,0.077,0.03,0.0,0.051,0.049,0.063,0.024,2.9,0.0,0.079,0.029,1.3,0.078,0.014,0.8,0.002,1.1,10.7,0.005,0.079,18.34,FOOD-DATA-GROUP2,0.09992862241256245,99.21484653818702,0.6852248394004283,0.0009395973154362416,53,0.025925925925925925,0.1851851851851852,38.25503355704698,0.2,0.0018333333333333335,0,0,0,0
80,80,bakers yeast dry,13,0.3,0.078,0.2,0.069,1.6,0.0,1.6,1.1,0.0,0.081,0.2,0.0,0.4,0.002,0.014,0.2,1.6,0.5,0.008,0.038,0.0,0.0,0.088,1.2,0.016,0.051,2.2,0.048,25.5,38.2,0.006,0.3,5.927,FOOD-DATA-GROUP2,45.714285714285715,45.714285714285715,8.571428571428571,0.6153846153846154,13,11.428571428571429,7.8571428571428585,0.0,2.2,0.0057857142857142855,0,0,0,0
81,81,almond paste,1040,63.0,6.0,40.9,13.2,108.5,82.3,20.4,10.9,0.0,0.051,32.0,0.0,0.2,0.2,0.0,0.9,3.2,0.3,0.051,0.2,0.0,30.7,0.0,390.4,1.0,3.6,295.1,1.9,585.7,712.8,0.037,3.4,597.0,FOOD-DATA-GROUP2,10.630536737884313,56.53986451276707,32.82959874934862,0.18630136986301368,1040,1.9596541786743515,1.0470701248799232,75.15981735159816,10.0,4.8991354466858784e-05,0,1,1,0
82,82,cream of tartar,8,0.0,0.0,0.0,0.0,1.8,0.0,0.0,0.01,0.0,0.009,0.032,0.0,0.0,0.0,0.0,0.0,0.0,0.0,0.0,0.0,0.0,0.0,0.0,0.2,0.094,0.1,0.073,0.062,0.2,495.0,0.031,0.054,2.138,FOOD-DATA-GROUP2,0.0,100.0,0.0,0.0,8,0.0,0.1111111111111111,0.0,0.02,0.001,0,0,0,0
83,83,popover dry mix,631,7.3,1.7,3.4,1.4,120.7,0.0,17.7,0.0,0.0,1.5,19.9,0.0,0.7,0.2,0.008,0.2,5.7,0.8,0.072,0.2,0.0,0.0,0.0,54.4,0.3,5.0,42.5,1.3,170.0,170.0,0.044,1.5,205.3,FOOD-DATA-GROUP2,12.148249828414547,82.84145504461222,5.010295126973232,0.14543960558751026,631,2.800632911392405,0.0,0.0,0.0,0.0023734177215189874,0,0,0,0
84,84,egg substitute powder,126,3.7,1.1,1.5,0.5,6.2,6.2,15.7,0.0,161.9,0.2,1.1,0.1,0.006,0.017,0.049,0.5,0.2,1.0,0.074,0.2,0.0,0.4,0.025,92.3,0.017,0.9,18.4,0.045,135.3,210.6,0.032,0.5,119.1,FOOD-DATA-GROUP2,61.328125,24.218750000000004,14.453125000000004,2.1805555555555554,126,12.362204724409448,0.0,86.11111111111111,0.0,0.0015748031496062994,0,0,0,1
85,85,gelatin powder,17,0.086,0.09,0.054,0.063,0.0,0.0,4.3,0.0,0.0,0.029,0.7,0.0,0.033,0.015,0.0,0.028,0.063,0.039,0.014,0.0,0.0,0.0,0.0,2.8,0.1,0.099,1.1,0.019,2.0,0.8,0.077,0.004,7.255,FOOD-DATA-GROUP2,98.0392156862745,0.0,1.96078431372549,4.3,17,23.888888888888886,0.0,0.0,0.0,0.0016111111111111111,0,0,0,0
86,86,tapioca pearls,544,0.093,0.075,0.088,0.057,134.8,5.1,0.3,1.4,0.0,0.077,16.7,0.0,0.016,0.001,0.0,0.0,0.0,0.2,0.091,0.0,0.0,0.0,0.0,30.4,0.021,2.4,1.5,0.2,10.6,16.7,0.007,0.2,169.318,FOOD-DATA-GROUP2,0.22190498028744088,99.70930447582346,0.06879054388910667,0.002209131075110456,544,0.055045871559633024,0.25688073394495414,3.7555228276877752,2.8,0.00014128440366972477,0,0,0,0
87,87,baking powder,2,0.0,0.0,0.0,0.0,1.3,0.0,0.0,0.03,0.0,0.5,0.2,0.0,0.0,0.0,0.0,0.0,0.0,0.0,0.0,0.0,0.0,0.0,0.0,270.3,0.077,0.5,1.2,0.074,100.8,0.9,0.004,0.091,272.196,FOOD-DATA-GROUP2,0.0,100.0,0.0,0.0,2,0.0,1.0,0.0,0.06,0.16666666666666666,0,0,0,0
88,88,egg boiled,93,6.4,2.0,2.4,0.8,0.7,0.7,7.5,0.0,223.8,0.042,44.8,0.04,0.069,0.072,0.015,0.3,0.038,0.8,0.056,0.0,0.019,0.6,0.069,30.0,0.009,0.7,6.0,0.004,103.2,75.6,0.062,0.6,45.338,FOOD-DATA-GROUP2,51.369863013698634,4.794520547945205,43.83561643835617,4.411764705882353,93,7.9787234042553195,0.0,41.17647058823529,0.0,0.0004468085106382979,0,0,0,1
89,89,millet flour,444,5.1,0.6,1.1,3.1,86.9,2.0,12.8,4.2,0.0,0.056,12.8,0.0,0.5,0.032,0.0,0.01,7.2,1.5,0.4,0.0,0.0,0.1,0.037,16.7,0.6,4.7,141.6,1.2,339.2,266.6,0.028,3.1,130.4,FOOD-DATA-GROUP2,12.213740458015268,82.91984732824427,4.866412213740458,0.14562002275312855,444,2.8764044943820224,0.9438202247191012,2.2753128555176336,8.4,0.0001258426966292135,0,0,0,0
90,90,triticale flour,439,2.4,0.4,0.2,1.0,95.1,0.0,17.1,19.0,0.0,0.096,13.0,0.0,0.5,0.012,0.0,0.2,3.7,2.8,0.5,0.0,0.0,1.2,0.0,45.5,0.7,3.4,198.9,5.4,417.3,605.8,0.0,3.5,182.5,FOOD-DATA-GROUP2,14.92146596858639,82.98429319371728,2.094240837696335,0.17793964620187308,439,3.8863636363636362,4.318181818181818,0.0,10.0,0.00021818181818181818,0,0,0,0
91,91,corn flour white,414,4.2,0.6,1.1,2.0,87.3,1.8,9.6,7.3,0.0,0.036,11.2,0.0,0.3,0.078,0.0,0.1,1.9,0.2,0.5,0.0,0.0,0.1,0.0,157.3,0.2,1.7,106.0,0.5,263.3,298.7,0.072,2.1,267.4,FOOD-DATA-GROUP2,9.495548961424333,86.35014836795253,4.154302670623146,0.1087202718006795,414,2.3132530120481927,1.7590361445783131,2.0385050962627407,10.0,8.674698795180722e-05,0,0,0,0
92,92,rice flour brown,574,4.4,0.9,1.6,1.6,120.8,1.3,11.4,7.3,0.0,0.039,18.9,0.0,0.7,0.056,0.0,0.1,10.0,2.5,1.2,0.0,0.0,1.9,0.0,17.4,0.4,3.1,177.0,6.3,532.5,456.6,0.0,3.9,164.4,FOOD-DATA-GROUP2,8.345534407027818,88.43338213762812,3.22108345534407,0.0935960591133005,574,1.982608695652174,1.2695652173913043,1.0673234811165846,10.0,6.782608695652173e-05,0,0,0,0
93,93,sorghum flour,437,4.0,0.6,1.1,1.7,93.7,2.3,9.5,8.0,0.0,0.023,12.2,0.0,0.3,0.058,0.0,0.014,6.3,1.1,0.4,0.0,0.0,0.6,0.079,14.5,0.3,3.6,145.2,1.5,348.5,376.3,0.026,1.7,133.3,FOOD-DATA-GROUP2,8.861940298507461,87.40671641791045,3.731343283582089,0.1003167898627244,437,2.1689497716894977,1.82648401826484,2.4287222808870115,10.0,5.251141552511415e-05,0,0,0,0
94,94,cornmeal whole grain,442,4.4,0.6,1.2,2.0,93.8,0.8,9.9,8.9,0.0,0.022,12.5,0.0,0.5,0.034,0.0,0.2,4.4,0.5,0.4,0.0,0.0,0.5,0.059,7.3,0.2,4.2,154.9,0.6,294.0,350.1,0.004,2.2,128.5,FOOD-DATA-GROUP2,9.1581868640148,86.77150786308972,4.070305272895467,0.10443037974683544,442,2.234762979683973,2.0090293453724604,0.8438818565400845,10.0,4.9661399548532725e-05,0,0,0,0
95,95,cornmeal white,581,2.7,0.3,0.5,1.0,124.7,2.5,11.2,6.1,0.0,0.094,17.6,0.0,0.2,0.089,0.0,0.016,1.6,0.4,0.3,0.0,0.0,0.2,0.0,4.7,0.1,1.7,50.2,0.3,155.4,222.9,0.03,1.0,151.1,FOOD-DATA-GROUP2,8.08080808080808,89.97113997113998,1.9480519480519483,0.08910103420843277,581,1.924398625429553,1.0481099656357387,1.988862370723946,10.0,0.00016151202749140894,0,0,0,0
96,96,barley flour,511,2.4,0.5,0.3,1.1,110.3,1.2,15.5,14.9,0.0,0.062,17.9,0.0,0.5,0.021,0.0,0.2,9.3,0.2,0.6,0.0,0.0,0.8,0.069,47.4,0.5,4.0,142.1,1.5,438.1,457.3,0.037,3.0,194.5,FOOD-DATA-GROUP2,12.090483619344775,86.03744149765991,1.87207488299532,0.13926325247079965,511,3.02734375,2.91015625,1.078167115902965,10.0,0.00012109375,0,0,0,0
97,97,safflower seed meal,97,0.7,0.029,0.099,0.4,13.8,0.0,10.1,0.0,0.0,0.006,1.8,0.0,0.3,0.022,0.0,0.1,0.6,1.1,0.3,0.0,0.0,0.0,0.0,21.8,0.5,1.4,99.1,0.6,180.6,19.2,0.0,1.4,47.8,FOOD-DATA-GROUP2,41.05691056910569,56.09756097560976,2.845528455284553,0.6824324324324323,97,10.306122448979592,0.0,0.0,0.0,6.122448979591836e-05,0,0,0,0
98,98,sesame flour,658,46.4,6.5,17.5,20.3,33.3,0.0,38.5,0.0,0.0,0.041,1.1,0.0,3.4,0.073,0.0,0.4,16.7,3.7,0.2,0.0,0.0,0.0,0.0,198.8,1.9,19.0,451.3,1.9,1008.8,528.8,0.0,13.3,336.0,FOOD-DATA-GROUP2,32.571912013536384,28.17258883248731,39.25549915397632,1.1224489795918369,658,5.842185128983308,0.0,0.0,0.0,6.22154779969651e-05,0,0,1,0
99,99,whole grain wheat flour,408,3.0,0.5,0.3,1.4,86.4,0.5,15.9,12.8,0.0,0.027,12.9,0.0,0.6,0.066,0.0,0.2,5.9,0.7,0.5,0.0,0.0,0.9,0.025,40.8,0.5,4.3,164.4,4.9,428.4,435.6,0.045,3.1,163.2,FOOD-DATA-GROUP2,15.0997150997151,82.05128205128204,2.8490028490028485,0.18192219679633867,408,3.8875305623471883,3.12958435207824,0.5720823798627002,10.0,6.601466992665036e-05,0,0,0,0
100,100,corn flour yellow,422,4.5,0.6,1.2,2.1,89.9,0.7,8.1,8.5,0.0,0.04,12.8,0.0,0.3,0.04,0.0,0.036,2.2,0.8,0.4,0.0,0.0,0.5,0.006,8.2,0.3,2.8,108.8,0.5,318.2,368.6,0.012,2.0,122.0,FOOD-DATA-GROUP2,7.902439024390244,87.70731707317073,4.390243902439024,0.0891089108910891,422,1.9148936170212765,2.0094562647754137,0.7700770077007699,10.0,9.456264775413712e-05,0,0,0,0
101,101,corn flour whole grain,422,4.5,0.6,1.2,2.1,89.9,0.7,8.1,8.5,0.0,0.033,12.8,0.0,0.3,0.021,0.0,0.035,2.2,0.8,0.4,0.0,0.0,0.5,0.071,8.2,0.3,2.8,108.8,0.5,318.2,368.6,0.045,2.0,122.0,FOOD-DATA-GROUP2,7.902439024390244,87.70731707317073,4.390243902439024,0.0891089108910891,422,1.9148936170212765,2.0094562647754137,0.7700770077007699,10.0,7.801418439716312e-05,0,0,0,0
102,102,cottonseed flour low fat,94,0.4,0.082,0.046,0.2,10.2,0.0,14.1,0.0,0.0,0.022,2.0,0.0,0.6,0.016,0.0,0.1,1.1,0.1,0.2,0.7,0.0,0.0,0.0,134.1,0.3,3.6,202.6,0.6,449.1,498.4,0.0,3.3,163.1,FOOD-DATA-GROUP2,57.085020242914986,41.29554655870446,1.6194331983805672,1.2589285714285714,94,14.842105263157896,0.0,0.0,0.0,0.00023157894736842104,0,0,0,0
103,103,sunflower seed flour,13,0.013,0.036,0.059,0.077,1.4,0.0,1.9,0.2,0.0,0.073,0.3,0.0,0.1,0.02,0.0,0.006,0.3,0.3,0.022,0.003,0.0,0.0,0.0,4.6,0.081,0.3,13.8,0.011,27.6,2.7,0.047,0.2,8.557,FOOD-DATA-GROUP2,57.349833987322675,42.25777241171144,0.392393600965892,0.7916666666666666,13,13.571428571428571,1.4285714285714286,0.0,0.4,0.005214285714285714,0,0,0,0
104,104,sesame meal,160,13.6,1.9,5.1,6.0,7.4,0.0,4.8,0.0,0.0,0.073,1.4,0.0,0.7,0.01,0.0,0.094,3.6,0.8,0.081,0.0,0.0,0.0,0.0,43.3,0.4,4.1,97.9,0.4,219.0,114.9,0.0,2.9,73.2,FOOD-DATA-GROUP2,18.6046511627907,28.682170542635667,52.71317829457365,0.5714285714285714,160,2.981366459627329,0.0,0.0,0.0,0.00045341614906832295,0,0,0,0
105,105,acorn flour,626,37.7,4.9,23.9,7.3,68.3,0.0,9.4,0.0,0.0,0.0,7.5,0.0,0.2,0.1,0.0,0.2,3.0,1.2,0.9,0.0,0.0,0.0,0.0,53.8,0.8,1.5,137.5,2.2,128.8,890.0,0.0,0.8,170.7,FOOD-DATA-GROUP2,8.145580589254765,59.185441941074515,32.668977469670715,0.13564213564213565,626,1.4992025518341308,0.0,0.0,0.0,0.0,0,0,0,0
106,106,rice flour white,578,2.2,0.6,0.7,0.6,126.6,0.2,9.4,3.8,0.0,0.0,18.8,0.0,0.2,0.058,0.0,0.014,4.1,1.3,0.7,0.0,0.0,0.2,0.0,15.8,0.2,0.6,55.3,1.9,154.8,120.1,0.062,1.3,158.4,FOOD-DATA-GROUP2,6.801736613603474,91.60636758321273,1.5918958031837918,0.07366771159874609,578,1.6234887737478412,0.6563039723661485,0.15673981191222572,7.6,0.0,0,0,0,0
107,107,sesame flour low fat,94,0.5,0.011,0.2,0.2,10.0,0.0,14.2,0.0,0.0,0.072,2.0,0.0,0.7,0.073,0.0,0.092,3.5,0.8,0.02,0.0,0.0,0.0,0.0,42.2,0.4,4.0,95.7,0.4,214.2,112.4,0.0,2.8,70.9,FOOD-DATA-GROUP2,57.48987854251012,40.48582995951417,2.0242914979757085,1.2909090909090908,94,14.947368421052632,0.0,0.0,0.0,0.0007578947368421052,0,0,0,0
108,108,potato flour,571,0.5,0.1,0.063,0.2,133.0,5.6,11.0,9.4,0.0,0.042,10.4,0.0,0.0,0.4,0.043,0.0,0.06,5.6,0.8,1.2,6.1,0.0,0.4,0.0,104.0,0.3,2.2,104.0,0.5,268.8,1601.6,0.031,155.4,FOOD-DATA-GROUP2,7.612456747404845,92.04152249134948,0.34602076124567477,0.08208955223880597,571,1.9230769230769231,1.6433566433566433,4.17910447761194,10.0,7.342657342657343e-05,0,0,0,0
109,109,cornmeal yellow,581,2.7,0.3,0.5,1.0,124.7,2.5,11.2,6.1,0.0,0.011,17.6,0.0,0.2,0.072,0.0,0.085,1.6,0.4,0.3,0.0,0.0,0.2,0.0,4.7,0.1,1.7,50.2,0.3,155.4,222.9,0.069,1.0,151.1,FOOD-DATA-GROUP2,8.08080808080808,89.97113997113998,1.9480519480519483,0.08910103420843277,581,1.924398625429553,1.0481099656357387,1.988862370723946,10.0,1.8900343642611683e-05,0,0,0,0
110,110,rye flour,364,1.4,0.2,0.2,0.6,78.2,0.9,10.0,8.2,0.0,0.061,11.6,0.0,0.3,0.047,0.0,0.068,0.8,0.7,0.2,0.0,0.0,0.8,0.079,13.3,0.2,0.9,32.6,1.2,132.6,228.5,0.07,1.4,112.0,FOOD-DATA-GROUP2,11.160714285714285,87.27678571428571,1.5624999999999998,0.12626262626262627,364,2.73972602739726,2.246575342465753,1.1363636363636365,10.0,0.00016712328767123287,0,0,0,0
111,111,arrowroot flour,457,0.1,0.019,0.088,0.036,112.8,0.0,0.4,4.4,0.0,0.002,14.6,0.0,0.013,0.043,0.0,0.0,0.0,0.2,0.032,0.0,0.0,0.0,0.0,51.2,0.045,0.4,3.8,0.6,6.4,14.1,0.0,0.067,169.3,FOOD-DATA-GROUP2,0.353045013239188,99.55869373345102,0.088261253309797,0.00351493848857645,457,0.08733624454148471,0.9606986899563319,0.0,8.8,4.3668122270742355e-06,0,0,0,0
112,112,chickpea flour,356,6.2,0.6,1.4,2.7,53.2,10.0,20.6,9.9,0.0,0.05,9.5,0.0,0.4,0.4,0.0,0.037,1.6,0.6,0.5,0.0,0.0,0.8,0.003,41.4,0.8,4.5,152.7,1.5,292.6,778.3,0.079,2.6,135.8,FOOD-DATA-GROUP2,25.749999999999996,66.49999999999999,7.749999999999998,0.3800738007380074,356,5.7703081232493,2.7731092436974794,18.45018450184502,10.0,0.0001400560224089636,0,0,0,0
113,113,wheat flour,455,1.2,0.2,0.1,0.5,95.4,0.3,12.9,3.4,0.0,0.061,14.9,0.0,1.0,0.2,0.0,0.6,7.4,0.5,0.001,0.0,0.0,0.095,0.051,18.8,0.2,5.8,27.5,0.9,135.0,133.8,0.023,0.9,137.5,FOOD-DATA-GROUP2,11.780821917808218,87.12328767123287,1.095890410958904,0.1338174273858921,455,2.8289473684210527,0.7456140350877193,0.3112033195020747,6.8,0.0001337719298245614,0,0,0,0
114,114,cornstarch,488,0.03,0.077,0.046,0.012,116.8,0.0,0.3,1.2,0.0,0.093,10.6,0.0,0.0,0.0,0.0,0.0,0.0,0.0,0.0,0.0,0.0,0.0,0.0,2.6,0.097,0.6,3.8,0.028,16.6,3.8,0.096,0.081,121.535,FOOD-DATA-GROUP2,0.25612567232988986,99.71826176043712,0.025612567232988985,0.0025466893039049238,488,0.061349693251533735,0.24539877300613494,0.0,2.4,0.0001901840490797546,0,0,0,0
115,115,carob flour,13,0.061,0.041,0.088,0.052,5.3,2.9,0.3,2.4,0.0,0.033,0.2,0.0,0.09,0.007,0.0,0.079,0.1,0.038,0.029,0.088,0.0,0.046,0.0,20.9,0.088,0.2,3.2,0.019,4.7,49.6,0.087,0.087,29.18,FOOD-DATA-GROUP2,5.299417064122947,93.62303479950539,1.077548136371666,0.047619047619047616,13,2.142857142857143,17.142857142857142,46.03174603174603,4.8,0.002357142857142857,0,0,0,0
116,116,buckwheat flour,402,3.7,0.8,1.1,1.1,84.7,3.1,15.1,12.0,0.0,0.033,13.4,0.0,0.5,0.035,0.0,0.2,7.4,0.5,0.7,0.0,0.0,0.4,0.044,49.2,0.6,4.9,301.2,2.4,404.4,692.4,0.04,3.7,169.6,FOOD-DATA-GROUP2,14.589371980676328,81.83574879227054,3.5748792270531404,0.176196032672112,402,3.746898263027295,2.977667493796526,3.6172695449241536,10.0,8.188585607940447e-05,0,0,0,0
117,117,pecan pie,503,27.1,4.9,13.6,7.0,63.7,0.0,6.0,0.0,106.1,0.3,23.8,0.046,0.2,0.083,0.061,0.2,1.0,0.6,0.034,0.2,0.0,0.0,0.0,39.0,0.3,1.8,31.7,0.9,114.7,162.3,0.089,1.2,137.891,FOOD-DATA-GROUP2,6.198347107438016,65.80578512396694,27.99586776859504,0.0927357032457496,503,1.1904761904761905,0.0,0.0,0.0,0.0005952380952380952,0,0,0,1
118,118,apple pie,331,15.6,3.8,6.7,4.2,46.4,0.0,3.0,0.0,0.0,0.3,59.1,0.078,0.2,0.02,0.0,0.1,1.5,0.1,0.009,2.1,0.0,0.0,0.0,8.8,0.02,1.4,8.8,0.2,35.0,98.8,0.077,0.2,77.358,FOOD-DATA-GROUP2,4.615384615384616,71.38461538461539,24.0,0.06329113924050633,331,0.9036144578313252,0.0,0.0,0.0,0.0009036144578313252,0,0,0,0
119,119,vanilla wafer pie crust,935,63.7,13.1,27.5,18.8,88.4,12.9,6.5,0.2,68.6,0.9,15.0,0.4,0.3,0.071,0.081,0.4,3.7,0.5,0.082,0.2,0.059,5.4,0.028,73.9,0.1,2.9,17.6,0.3,137.3,139.0,0.009,0.4,236.2,FOOD-DATA-GROUP2,4.098360655737705,55.73770491803278,40.1639344262295,0.07270693512304251,935,0.6944444444444444,0.021367521367521368,14.429530201342281,0.4,0.0009615384615384616,0,0,1,0
120,120,chocolate pie crust,881,40.8,8.6,26.4,3.7,117.4,47.9,11.1,4.9,0.0,0.9,9.1,0.0,0.6,0.1,0.0,0.5,5.6,0.3,0.049,0.0,0.0,3.3,0.078,58.2,1.4,7.8,72.8,3.3,218.4,340.3,0.033,3.8,240.2,FOOD-DATA-GROUP2,6.556408741878323,69.34435912581218,24.099232132309506,0.09374999999999999,881,1.258503401360544,0.5555555555555556,40.45608108108108,9.8,0.0010204081632653062,0,1,1,0
121,121,apple strudel,195,8.0,1.5,2.3,3.8,29.2,18.3,2.3,1.6,4.3,0.02,30.9,0.011,0.087,0.082,0.009,0.016,0.2,0.2,0.031,1.2,0.0,1.0,0.002,10.7,0.092,0.3,6.4,0.1,23.4,105.8,0.034,0.1,53.359,FOOD-DATA-GROUP2,5.822784810126582,73.92405063291139,20.253164556962027,0.076158940397351,195,1.173469387755102,0.8163265306122449,60.59602649006622,3.2,0.00010204081632653062,0,1,0,0
122,122,chocolate snack cake,200,8.0,2.4,4.3,0.9,30.2,18.9,1.8,1.6,0.0,0.2,9.3,0.001,0.051,0.079,0.011,0.013,0.5,0.067,0.068,1.0,0.0,0.5,0.08,58.0,0.2,1.8,18.0,0.2,43.5,88.0,0.006,0.5,102.459,FOOD-DATA-GROUP2,4.5,75.5,20.0,0.057692307692307696,200,0.8955223880597015,0.7960199004975126,60.57692307692307,3.2,0.0009950248756218907,0,1,0,0
123,123,fruit fried pie,404,20.6,3.1,9.5,6.9,54.5,27.4,3.8,3.3,0.0,0.4,48.1,0.065,0.2,0.046,0.074,0.1,1.8,0.1,0.019,1.7,0.0,2.2,0.035,28.2,0.094,1.6,12.8,0.3,55.0,83.2,0.094,0.3,113.776,FOOD-DATA-GROUP2,4.816223067173637,69.07477820025349,26.108998732572875,0.06846846846846846,404,0.9382716049382716,0.8148148148148148,49.369369369369366,6.6,0.0009876543209876543,0,1,0,0
124,124,pumpkin pie,316,14.4,4.9,5.7,2.8,40.9,0.0,7.0,0.0,65.1,0.3,90.7,0.1,0.1,0.091,0.086,0.3,1.2,0.7,0.077,2.6,0.0,0.0,0.0,145.7,0.1,2.0,29.5,0.3,151.9,288.3,0.058,0.7,212.686,FOOD-DATA-GROUP2,11.235955056179776,65.65008025682182,23.113964686998397,0.16706443914081145,316,2.2082018927444795,0.0,0.0,0.0,0.0009463722397476341,0,0,0,0
125,125,corn cake,35,0.2,0.019,0.032,0.098,7.5,2.1,0.7,0.2,0.0,0.01,0.4,0.013,0.057,0.084,0.0,0.084,0.5,0.023,0.074,0.0,0.0,0.0,0.0,1.7,0.04,0.1,10.3,0.2,14.1,14.1,0.082,0.2,10.437,FOOD-DATA-GROUP2,8.333333333333334,89.2857142857143,2.3809523809523814,0.08235294117647059,35,1.9444444444444444,0.5555555555555556,24.705882352941178,0.4,0.0002777777777777778,0,0,0,0
126,126,sponge snack cake,157,4.8,1.7,2.1,0.8,26.9,15.7,1.5,0.4,17.2,0.2,8.2,0.095,0.091,0.096,0.034,0.022,0.7,0.06,0.0,0.089,0.098,0.3,0.011,10.1,0.06,0.6,3.4,0.1,77.7,29.8,0.029,0.3,44.404,FOOD-DATA-GROUP2,4.518072289156628,81.02409638554218,14.457831325301207,0.053763440860215055,157,0.949367088607595,0.25316455696202533,56.272401433691755,0.8,0.0012658227848101266,0,1,0,0
127,127,danish pastry with nuts,280,16.4,3.8,8.9,2.8,29.7,16.8,4.6,1.3,29.9,0.2,13.3,0.054,0.1,0.091,0.088,0.2,1.5,0.5,0.062,1.1,0.0,0.5,0.018,61.1,0.1,1.2,20.8,0.5,71.5,61.8,0.062,0.6,115.451,FOOD-DATA-GROUP2,9.072978303747535,58.57988165680473,32.34714003944773,0.14983713355048858,280,1.6370106761565832,0.46263345195729544,54.72312703583062,2.6,0.0007117437722419929,0,1,0,0
128,128,chocolate cream pie,301,19.2,4.9,11.0,2.4,33.3,0.0,2.6,2.0,5.0,0.1,43.1,0.0,0.002,0.093,0.0,0.1,0.7,0.4,0.023,0.0,0.0,0.0,0.0,35.6,0.078,1.1,20.8,0.2,67.3,125.7,0.016,0.2,93.8,FOOD-DATA-GROUP2,4.71869328493648,60.435571687840294,34.845735027223235,0.07580174927113703,301,0.8609271523178808,0.6622516556291391,0.0,4.0,0.00033112582781456954,0,0,0,0
129,129,angel food cake,72,0.2,0.071,0.095,0.1,16.2,0.0,1.7,0.4,0.0,0.2,9.3,0.0,0.095,0.039,0.035,0.1,0.2,0.046,0.058,0.0,0.0,0.0,0.0,39.2,0.058,0.1,3.4,0.012,90.7,26.0,0.095,0.055,57.8,FOOD-DATA-GROUP2,9.392265193370166,89.50276243093923,1.1049723756906078,0.09883720930232558,72,2.328767123287671,0.547945205479452,0.0,0.8,0.0027397260273972603,0,0,0,0
130,130,lemon meringue pie,362,16.4,4.0,7.1,4.2,49.7,0.0,4.8,0.0,67.3,0.3,55.0,0.011,0.1,0.009,0.043,0.2,1.2,0.3,0.034,4.2,0.0,0.0,0.0,15.2,0.086,1.3,7.6,0.2,53.3,82.6,0.059,0.4,91.632,FOOD-DATA-GROUP2,6.770098730606487,70.09873060648802,23.131170662905497,0.09467455621301775,362,1.322314049586777,0.0,0.0,0.0,0.0008264462809917355,0,0,0,0
131,131,danish pastry with cinnamon,349,16.7,3.5,10.6,1.6,46.9,0.0,4.8,0.0,27.3,0.3,18.4,0.058,0.3,0.072,0.041,0.2,2.2,0.6,0.049,2.6,0.0,0.0,0.0,37.0,0.079,1.8,14.1,0.4,73.9,95.9,0.028,0.5,109.897,FOOD-DATA-GROUP2,7.017543859649124,68.5672514619883,24.415204678362574,0.10020876826722339,349,1.3714285714285714,0.0,0.0,0.0,0.0008571428571428571,0,0,0,0
132,132,cinnamon coffeecake,238,13.3,3.3,7.4,1.8,26.6,0.0,3.9,1.1,18.2,0.2,12.5,0.049,0.1,0.02,0.085,0.1,1.0,0.4,0.046,0.2,0.0,0.0,0.0,30.8,0.006,1.1,12.5,0.3,61.6,70.1,0.048,0.5,77.089,FOOD-DATA-GROUP2,8.904109589041097,60.73059360730594,30.36529680365297,0.14130434782608695,238,1.6317991631799162,0.46025104602510464,0.0,2.2,0.0008368200836820084,0,0,0,0
133,133,cheesecake,257,18.0,7.9,6.9,1.3,20.4,17.4,4.4,0.3,44.0,0.4,36.5,0.1,0.061,0.011,0.03,0.2,0.2,0.5,0.1,0.3,0.078,0.4,0.093,40.8,0.039,0.5,8.8,0.1,74.4,72.0,0.079,0.4,84.8,FOOD-DATA-GROUP2,10.280373831775702,47.66355140186916,42.056074766355145,0.20560747663551404,257,1.7054263565891472,0.11627906976744186,81.30841121495327,0.6,0.0015503875968992248,0,1,1,0
134,134,fruitcake,139,3.9,0.5,1.8,1.4,26.5,11.8,1.2,1.6,2.2,0.013,10.9,0.06,0.004,0.063,0.0,0.063,0.3,0.015,0.008,0.2,0.0,0.4,0.032,14.2,0.082,0.9,6.9,0.067,22.4,65.8,0.033,0.1,48.507,FOOD-DATA-GROUP2,3.79746835443038,83.86075949367088,12.341772151898734,0.04363636363636363,139,0.8571428571428572,1.1428571428571428,42.909090909090914,3.2,9.285714285714286e-05,0,0,0,0
135,135,egg custard,293,12.9,6.1,3.9,1.2,31.0,31.0,14.2,0.0,236.9,0.2,222.4,0.1,0.1,0.025,0.081,0.7,0.3,1.6,0.1,0.0,0.0,0.6,0.097,301.7,0.031,1.0,31.0,0.07,318.7,417.4,0.016,1.5,360.9,FOOD-DATA-GROUP2,24.44061962134251,53.35628227194492,22.203098106712567,0.44375,293,4.829931972789116,0.0,96.875,0.0,0.0006802721088435375,0,1,1,1
136,136,mince pie,477,17.8,4.4,7.7,4.7,79.2,46.7,4.3,4.3,0.0,0.4,61.7,0.0,0.2,0.074,0.0,0.2,2.0,0.2,0.1,9.7,0.0,0.2,0.071,36.3,0.2,2.5,23.1,0.4,69.3,335.0,0.099,0.4,154.1,FOOD-DATA-GROUP2,4.244817374136229,78.18361303060217,17.5715695952616,0.05361596009975062,477,0.8995815899581588,0.8995815899581588,58.22942643391521,8.6,0.0008368200836820084,0,1,0,0
137,137,yellow cake with chocolate frosting,546,25.6,8.3,10.4,6.8,79.7,56.5,4.6,2.2,23.0,0.4,32.2,0.0,0.032,0.0,0.0,0.1,1.2,0.2,0.0,0.0,0.0,6.5,0.089,46.1,0.2,2.9,28.8,0.3,198.7,269.3,0.084,0.6,161.1,FOOD-DATA-GROUP2,4.185623293903548,72.52047315741584,23.29390354868062,0.05700123915737298,546,0.8409506398537476,0.40219378427787933,70.01239157372986,4.4,0.0007312614259597807,0,1,1,0
138,138,danish pastry with fruit,335,15.9,3.3,10.1,1.6,45.1,0.0,4.8,0.0,18.8,0.3,27.3,0.043,0.3,0.093,0.016,0.2,1.8,0.6,0.005,1.6,0.0,0.0,0.0,21.6,0.059,1.4,14.1,0.2,68.6,110.0,0.052,0.5,90.454,FOOD-DATA-GROUP2,7.29483282674772,68.54103343465046,24.164133738601826,0.10412147505422993,335,1.4285714285714286,0.0,0.0,0.0,0.0008928571428571428,0,0,0,0
139,139,white cake with coconut frosting,399,11.5,4.4,4.1,2.4,70.8,64.3,4.9,1.1,1.1,0.3,23.2,0.015,0.1,0.058,0.091,0.2,1.2,0.2,0.026,0.1,0.047,0.1,0.019,100.8,0.031,1.3,13.4,0.3,78.4,110.9,0.093,0.4,190.574,FOOD-DATA-GROUP2,5.6192660550458715,81.19266055045871,13.188073394495412,0.06824512534818943,399,1.225,0.275,89.55431754874652,2.2,0.00075,0,1,0,0
140,140,danish pastry with cheese,353,24.6,5.1,15.6,2.4,28.7,0.0,5.8,0.0,20.0,0.3,30.8,0.057,0.3,0.035,0.095,0.2,2.5,0.6,0.082,2.6,0.0,0.0,0.0,70.1,0.004,1.8,15.5,0.4,80.1,116.5,0.015,0.6,133.666,FOOD-DATA-GROUP2,9.813874788494077,48.56175972927242,41.62436548223351,0.19528619528619529,353,1.6384180790960452,0.0,0.0,0.0,0.000847457627118644,0,0,1,0
141,141,graham cracker pie crust,917,45.4,9.1,31.0,3.1,117.7,33.2,9.3,3.5,0.0,0.9,8.0,0.0,0.3,0.1,0.0,0.4,5.9,0.3,0.1,0.0,0.0,3.4,0.058,53.1,0.4,4.8,42.1,2.4,214.1,206.8,0.039,2.3,233.8,FOOD-DATA-GROUP2,5.394431554524362,68.27146171693735,26.33410672853828,0.07834877843302443,917,1.0130718954248366,0.3812636165577342,27.969671440606575,7.0,0.000980392156862745,0,1,1,0
142,142,blueberry pie,360,17.5,4.3,7.5,4.5,49.2,0.0,4.0,0.0,0.0,0.3,75.3,0.0,0.2,0.073,0.0,0.2,1.8,0.2,0.015,1.0,0.0,0.0,0.0,10.3,0.081,1.8,11.8,0.4,44.1,73.5,0.059,0.3,83.8,FOOD-DATA-GROUP2,5.657708628005658,69.58981612446959,24.752475247524753,0.0796812749003984,360,1.10803324099723,0.0,0.0,0.0,0.0008310249307479224,0,0,0,0
143,143,yellow cake with vanilla frosting,239,9.3,1.5,3.9,3.3,37.6,0.0,2.2,0.2,35.2,0.2,14.1,0.027,0.018,0.064,0.016,0.099,0.3,0.2,0.001,0.0,0.0,0.0,0.0,39.7,0.017,0.7,3.8,0.089,91.5,33.9,0.02,0.2,89.788,FOOD-DATA-GROUP2,4.480651731160896,76.57841140529531,18.940936863543786,0.05699481865284974,239,0.9166666666666666,0.08333333333333334,0.0,0.4,0.0008333333333333334,0,0,0,0
144,144,pie crust,121,8.0,2.0,3.5,2.1,10.9,0.045,1.5,0.4,0.0,0.1,2.3,0.0,0.004,0.004,0.0,0.088,0.8,0.048,0.075,0.0,0.0,0.033,0.038,2.3,0.079,0.7,3.2,0.061,15.4,15.4,0.096,0.1,23.8,FOOD-DATA-GROUP2,7.352941176470589,53.43137254901962,39.21568627450981,0.12605042016806722,121,1.2295081967213115,0.32786885245901637,0.3781512605042016,0.8,0.000819672131147541,0,0,0,0
145,145,chocolate cake with chocolate frosting,537,27.7,8.2,10.1,6.4,72.9,55.1,4.8,3.0,30.4,0.5,30.4,0.095,0.0,0.098,0.0,0.061,1.1,0.3,0.0,0.1,0.0,6.0,0.02,41.4,0.3,4.2,42.8,0.5,189.1,372.6,0.084,0.8,154.164,FOOD-DATA-GROUP2,4.554079696394687,69.16508538899431,26.280834914611003,0.06495263870094722,537,0.8921933085501859,0.5576208178438662,74.56021650879566,6.0,0.0009293680297397769,0,1,1,0
146,146,cheese coffeecake,258,11.6,4.1,5.4,1.3,33.7,0.0,5.3,0.8,64.6,0.3,24.5,0.082,0.098,0.001,0.049,0.07,0.5,0.3,0.086,0.041,0.0,0.0,0.0,44.8,0.074,0.5,11.4,0.1,76.8,219.6,0.075,0.4,96.831,FOOD-DATA-GROUP2,10.474308300395256,66.600790513834,22.92490118577075,0.15273775216138327,258,2.0463320463320462,0.3088803088803089,0.0,1.6,0.0011583011583011582,0,0,0,0
147,147,vanilla cream pie,350,18.1,5.1,7.6,4.3,41.1,16.0,6.0,0.8,78.1,0.3,59.2,0.1,0.2,0.064,0.086,0.3,1.2,0.5,0.006,0.6,0.076,0.6,0.01,113.4,0.018,1.3,16.4,0.2,131.0,158.8,0.024,0.7,181.4,FOOD-DATA-GROUP2,9.202453987730062,63.036809815950924,27.76073619631902,0.14251781472684086,350,1.7094017094017095,0.22792022792022795,38.00475059382423,1.6,0.0008547008547008547,0,1,1,0
148,148,pineapple cake,367,13.9,3.4,6.0,3.8,58.1,0.0,4.0,0.9,25.3,0.4,37.1,0.078,0.2,0.069,0.091,0.2,1.4,0.2,0.029,1.4,0.0,0.0,0.0,138.0,0.1,1.7,15.0,0.4,94.3,128.8,0.094,0.4,218.024,FOOD-DATA-GROUP2,5.263157894736842,76.44736842105263,18.289473684210527,0.0676818950930626,367,1.0869565217391304,0.24456521739130438,0.0,1.8,0.0010869565217391304,0,0,0,0
149,149,peach pie,262,11.7,1.8,5.0,4.4,38.5,19.0,2.2,0.9,0.0,0.3,63.6,0.06,0.025,0.089,0.0,0.082,0.2,0.1,0.047,1.1,0.0,1.1,0.023,9.4,0.082,0.6,7.0,0.2,25.7,146.3,0.025,0.1,64.447,FOOD-DATA-GROUP2,4.198473282442748,73.47328244274809,22.328244274809155,0.055696202531645575,262,0.8365019011406846,0.3422053231939164,48.10126582278481,1.8,0.0011406844106463879,0,1,0,0
150,150,fruit coffeecake,156,5.1,1.2,2.8,0.7,25.8,0.0,2.6,1.3,3.5,0.2,15.9,0.0,0.089,0.042,0.0,0.037,1.3,0.3,0.013,0.4,0.0,0.0,0.0,22.5,0.02,1.2,8.5,0.1,59.0,45.0,0.056,0.3,58.9,FOOD-DATA-GROUP2,7.761194029850746,77.01492537313433,15.223880597014924,0.09701492537313433,156,1.6560509554140128,0.8280254777070064,0.0,2.6,0.0012738853503184715,0,0,0,0
151,151,pound cake,116,6.0,3.5,1.8,0.3,14.6,0.0,1.7,0.2,66.3,0.1,7.4,0.09,0.059,0.055,0.088,0.048,0.4,0.1,0.087,0.0,0.0,0.0,0.0,10.5,0.021,0.4,3.3,0.046,41.1,35.7,0.092,0.1,33.47,FOOD-DATA-GROUP2,7.623318385650224,65.47085201793722,26.905829596412556,0.10897435897435898,116,1.452991452991453,0.17094017094017094,0.0,0.4,0.0008547008547008547,0,0,0,0
152,152,pound cake bread,215,9.6,1.7,2.4,5.2,28.2,10.0,3.9,0.9,0.0,0.2,12.3,0.0,0.041,0.0,0.0,0.028,2.6,0.3,0.08,0.0,0.0,0.8,0.0,25.3,0.077,1.2,10.5,0.1,165.0,115.5,0.02,0.3,69.1,FOOD-DATA-GROUP2,9.35251798561151,67.62589928057552,23.02158273381295,0.13356164383561644,215,1.8055555555555554,0.4166666666666667,34.24657534246575,1.8,0.000925925925925926,0,0,0,0
153,153,white cake,264,9.2,2.4,3.9,2.3,42.3,26.3,4.0,0.6,1.5,0.2,17.2,0.043,0.1,0.037,0.07,0.2,1.1,0.1,0.02,0.1,0.0,0.073,0.04,96.2,0.003,1.1,8.9,0.1,68.8,70.3,0.033,0.2,153.59,FOOD-DATA-GROUP2,7.207207207207207,76.21621621621621,16.576576576576578,0.09237875288683603,264,1.509433962264151,0.22641509433962265,60.7390300230947,1.2,0.0007547169811320755,0,1,0,0
154,154,coffeecake with chocolate frosting,298,9.7,2.5,5.1,1.3,48.4,0.0,4.5,1.8,62.1,0.3,26.2,0.041,0.006,0.036,0.01,0.024,0.8,0.4,0.051,0.015,0.0,0.0,0.0,34.2,0.056,0.5,13.5,0.2,67.5,70.2,0.034,0.4,99.233,FOOD-DATA-GROUP2,7.188498402555911,77.31629392971246,15.49520766773163,0.09109311740890688,298,1.5050167224080269,0.6020066889632106,0.0,3.6,0.001003344481605351,0,0,0,0
155,155,popcorn cake,38,0.3,0.074,0.06,0.1,8.0,0.001,1.0,0.3,0.0,0.05,0.5,0.0,0.079,0.068,0.0,0.06,0.6,0.002,0.076,0.0,0.0,0.073,0.005,0.9,0.067,0.2,15.9,0.037,27.7,32.7,0.079,0.4,10.7,FOOD-DATA-GROUP2,10.75268817204301,86.02150537634408,3.225806451612903,0.1111111111111111,38,2.564102564102564,0.7692307692307692,0.011111111111111112,0.6,0.001282051282051282,0,0,0,0
156,156,banana cream pie,3190,161.3,44.6,67.8,39.0,390.2,143.0,52.2,8.3,604.9,2.8,568.1,0.7,1.6,0.3,0.006,2.5,12.5,4.6,1.6,19.0,0.009,4.7,0.069,889.5,0.6,12.3,189.8,1.8,1091.1,1956.9,0.1,5.7,1533.5,FOOD-DATA-GROUP2,8.646678813980452,64.63475236044393,26.718568825575616,0.1334355828220859,3190,1.635850830460671,0.26010654967094954,36.554192229038854,10.0,0.0008774678784080225,0,1,1,1
157,157,baked apple pie mcdonalds,91,4.4,1.1,2.6,0.3,12.3,4.9,0.9,0.6,0.0,0.076,10.5,0.0,0.093,0.053,0.0,0.045,0.7,0.036,0.027,9.1,0.0,0.5,0.0,5.4,0.03,0.6,2.0,0.071,10.2,17.8,0.0,0.0,33.3,FOOD-DATA-GROUP2,5.113636363636363,69.88636363636364,25.0,0.06766917293233082,91,0.9782608695652175,0.6521739130434783,36.84210526315789,1.2,0.0008260869565217391,0,0,0,0
158,158,sponge cake,187,2.7,0.8,1.0,0.4,36.4,0.0,4.6,0.0,107.1,0.1,18.5,0.071,0.1,0.076,0.056,0.2,0.8,0.3,0.07,0.0,0.0,0.0,0.0,26.5,0.076,1.0,5.7,0.1,63.0,88.8,0.034,0.4,71.264,FOOD-DATA-GROUP2,10.526315789473681,83.29519450800915,6.178489702517163,0.1229946524064171,187,2.4468085106382977,0.0,0.0,0.0,0.0005319148936170213,0,0,0,1
159,159,yellow cake,245,9.9,2.7,4.2,2.4,36.0,0.0,3.6,0.5,36.7,0.2,17.1,0.094,0.1,0.086,0.016,0.2,1.0,0.2,0.038,0.1,0.0,0.0,0.0,99.3,0.099,1.1,8.2,0.1,79.6,61.9,0.037,0.3,150.51,FOOD-DATA-GROUP2,7.2727272727272725,72.72727272727273,20.0,0.0972972972972973,245,1.4634146341463417,0.20325203252032523,0.0,1.0,0.0008130081300813008,0,0,0,0
160,160,shortcake,98,4.0,1.1,1.7,1.0,13.7,0.0,1.7,0.0,0.8,0.1,8.0,0.005,0.058,0.027,0.099,0.039,0.7,0.005,0.055,0.07,0.0,0.0,0.0,58.0,0.076,0.7,4.5,0.08,40.5,30.0,0.097,0.1,78.182,FOOD-DATA-GROUP2,8.762886597938145,70.61855670103093,20.61855670103093,0.11564625850340136,98,1.7171717171717171,0.0,0.0,0.0,0.00101010101010101,0,0,0,0
161,161,cherry pie,486,22.0,5.4,9.6,5.8,69.3,0.0,5.0,0.0,0.0,0.3,82.4,0.027,0.3,0.081,0.0,0.2,2.3,0.2,0.016,1.8,0.0,0.0,0.0,18.0,0.1,3.3,16.2,0.4,54.0,138.6,0.011,0.4,119.444,FOOD-DATA-GROUP2,5.192107995846314,71.96261682242991,22.845275181723782,0.07112375533428165,486,1.0266940451745379,0.0,0.0,0.0,0.0006160164271047227,0,0,1,0
162,162,dutch apple pie,397,15.8,3.2,7.9,2.9,61.0,30.2,3.0,2.2,0.0,0.3,56.3,0.008,0.3,0.033,0.0,0.07,1.5,0.1,0.0,7.8,0.0,1.3,0.071,19.2,0.2,1.2,11.0,0.3,39.7,104.1,0.038,0.3,110.281,FOOD-DATA-GROUP2,3.7593984962406015,76.44110275689223,19.79949874686717,0.04838709677419355,397,0.7537688442211055,0.5527638190954774,48.70967741935483,4.4,0.0007537688442211055,0,1,0,0
163,163,chocolate cake,352,14.3,5.2,5.7,2.6,50.7,0.0,5.0,1.5,55.1,0.3,23.2,0.0,0.1,0.012,0.027,0.2,1.1,0.3,0.038,0.2,0.0,0.0,0.0,57.0,0.2,1.5,30.4,0.3,100.7,133.0,0.019,0.7,130.2,FOOD-DATA-GROUP2,7.142857142857142,72.42857142857143,20.42857142857143,0.09671179883945841,352,1.41643059490085,0.424929178470255,0.0,3.0,0.0008498583569405099,0,0,1,0
164,164,marshmallow,64,0.033,0.045,0.035,0.06,16.3,11.5,0.4,0.013,0.0,0.039,3.3,0.0,0.015,0.011,0.0,0.028,0.038,0.014,0.062,0.0,0.0,0.0,0.0,0.6,0.002,0.038,0.4,0.003,1.6,1.0,0.009,0.06,17.445,FOOD-DATA-GROUP2,2.390485866252316,97.41229904978186,0.19721508396581605,0.023121387283236993,64,0.6153846153846154,0.019999999999999997,66.47398843930635,0.026,0.0006,0,0,0,0
165,165,sugar apple,72,0.2,0.009,0.031,0.095,18.2,0.0,1.6,3.4,0.0,0.045,56.4,0.0,0.0,0.066,0.024,0.0,0.093,0.7,0.2,0.2,28.0,0.0,0.0,0.0,18.5,0.075,0.5,16.2,0.0,24.6,190.2,0.083,23.644,FOOD-DATA-GROUP2,8.0,90.99999999999999,1.0,0.08333333333333334,72,2.191780821917808,4.657534246575342,0.0,6.8,0.0006164383561643835,0,0,0,0
166,166,toffee,67,3.9,2.5,1.1,0.1,7.8,7.6,0.1,0.0,12.5,0.044,0.04,0.033,0.074,0.059,0.021,0.076,0.001,0.098,0.044,0.099,0.079,0.0,0.1,0.097,4.1,0.092,0.094,0.5,0.082,3.8,6.1,0.031,12.023,FOOD-DATA-GROUP2,0.8474576271186443,66.10169491525424,33.05084745762712,0.011363636363636364,67,0.14705882352941177,0.0,86.36363636363636,0.0,0.0006470588235294117,0,0,0,0
167,167,vanilla fudge with nuts,123,3.9,1.1,0.7,1.9,21.1,20.1,0.8,0.3,3.7,0.075,2.3,0.064,0.079,0.012,0.018,0.077,0.042,0.046,0.041,0.074,0.0,0.087,0.056,13.3,0.012,0.1,6.8,0.1,20.7,29.1,0.016,0.2,39.577,FOOD-DATA-GROUP2,3.10077519379845,81.78294573643412,15.11627906976744,0.03619909502262443,123,0.6451612903225806,0.24193548387096775,90.9502262443439,0.6,0.0006048387096774194,0,1,0,0
168,168,peanuts chocolate coated,21,1.3,0.6,0.5,0.2,2.0,1.5,0.5,0.2,0.4,0.063,0.008,0.09,0.023,0.014,0.019,0.078,0.2,0.027,0.026,0.0,0.0,0.001,0.054,4.2,0.067,0.037,3.8,0.042,8.5,20.1,0.005,0.1,8.305,FOOD-DATA-GROUP2,13.157894736842104,52.63157894736842,34.21052631578947,0.16666666666666666,21,2.272727272727273,0.9090909090909092,50.0,0.4,0.0028636363636363638,0,0,0,0
169,169,caramel with nuts chocolate coated,66,2.9,0.7,1.3,0.8,8.5,5.8,1.3,0.6,0.0,0.041,0.9,0.028,0.067,0.066,0.0,0.004,0.7,0.0,0.05,0.2,0.0,0.2,0.024,10.9,0.05,0.2,11.3,0.0,23.2,62.3,0.094,0.3,24.683,FOOD-DATA-GROUP2,10.236220472440944,66.9291338582677,22.834645669291337,0.1368421052631579,66,1.9402985074626864,0.8955223880597015,61.05263157894737,1.2,0.0006119402985074627,0,0,0,0
170,170,gingerbread,263,12.1,3.1,5.3,3.1,36.4,0.0,2.9,0.0,23.7,0.2,20.7,0.036,0.1,0.088,0.027,0.1,1.3,0.3,0.1,0.082,0.0,0.0,0.0,52.5,0.1,2.1,51.8,0.5,40.0,324.9,0.082,0.3,106.123,FOOD-DATA-GROUP2,5.642023346303502,70.8171206225681,23.540856031128403,0.07754010695187166,263,1.0984848484848484,0.0,0.0,0.0,0.0007575757575757576,0,0,0,0
171,171,rolo nestle,24,1.0,0.6,3.4,2.9,0.2,0.078,0.009,0.0,0.0,0.0,0.0,0.0,0.0,0.0,0.0,0.0,0.0,0.0,0.0,0.0,0.0,0.0,0.0,0.0,0.0,0.0,0.0,0.0,0.0,0.0,0.0,0.0,1.234,FOOD-DATA-GROUP2,0.7444168734491314,16.542597187758478,82.71298593879239,0.0075,24,0.036,0.0,6.5,0.0,0.0,0,0,0,0
172,172,vanilla fudge,108,1.5,1.0,0.4,0.084,23.2,22.6,0.3,0.0,4.2,0.04,3.1,0.063,0.013,0.056,0.076,0.012,0.093,0.015,0.095,0.0,0.0,0.067,0.026,10.8,0.036,0.036,0.8,0.045,8.5,13.9,0.004,0.089,35.944,FOOD-DATA-GROUP2,1.2,92.8,6.0,0.012396694214876033,108,0.2752293577981651,0.0,93.38842975206613,0.0,0.0003669724770642202,0,1,0,0
173,173,halavah,328,15.1,2.9,5.7,5.9,42.3,0.0,8.7,3.2,0.0,0.1,2.6,0.0,0.3,0.016,0.0,0.036,2.0,0.1,0.2,0.097,0.0,0.0,0.0,23.1,0.8,3.2,152.6,0.6,424.9,130.9,0.036,3.0,95.618,FOOD-DATA-GROUP2,13.161875945537066,63.993948562783665,22.844175491679273,0.20092378752886836,328,2.6443768996960486,0.9726443768996961,0.0,6.4,0.00030395136778115504,0,0,0,0
174,174,praline,189,10.1,0.9,5.7,3.0,23.2,21.8,1.3,1.4,0.0,0.016,4.0,0.0,0.066,0.096,0.0,0.071,0.2,0.1,0.021,0.1,0.0,0.2,0.033,16.8,0.2,0.5,19.1,0.7,40.6,84.6,0.021,0.7,53.4,FOOD-DATA-GROUP2,3.7572254335260116,67.05202312138728,29.190751445086704,0.05371900826446281,189,0.6842105263157895,0.7368421052631579,90.08264462809919,2.8,8.421052631578948e-05,0,1,0,0
175,175,fruit juice bar,67,0.089,0.0,0.0,0.026,15.6,13.5,0.9,0.8,0.0,0.011,60.3,0.0,0.022,0.032,0.0,0.055,0.1,0.099,0.094,7.3,0.0,0.0,0.092,3.9,0.0,0.1,3.1,0.1,4.6,40.8,0.007,0.068,28.671,FOOD-DATA-GROUP2,5.425281813249745,94.03821809632889,0.5365000904213635,0.05421686746987951,67,1.3235294117647058,1.1764705882352942,81.32530120481927,1.6,0.00016176470588235293,0,0,0,0
176,176,peanut brittle,138,5.4,1.2,2.3,1.3,20.2,14.5,2.1,0.7,3.4,0.1,0.2,0.051,0.015,0.046,0.0,0.098,0.7,0.1,0.029,0.0,0.0,0.7,0.06,7.6,0.086,0.3,11.9,0.2,30.0,47.5,0.037,0.2,36.343,FOOD-DATA-GROUP2,7.581227436823104,72.92418772563177,19.494584837545126,0.09905660377358491,138,1.5107913669064748,0.5035971223021583,68.39622641509435,1.4,0.0007194244604316547,0,0,0,0
177,177,butterscotch,21,0.2,0.1,0.07,0.076,4.8,4.3,0.079,0.0,0.5,0.039,0.3,0.076,0.008,0.0,0.0,0.087,0.093,0.075,0.0,0.0,0.0,0.059,0.092,0.2,0.062,0.02,0.0,0.076,0.04,0.2,0.011,0.001,5.351,FOOD-DATA-GROUP2,1.5554242961212839,94.50679267572357,3.9377830281551494,0.013620689655172415,21,0.35909090909090907,0.0,74.13793103448276,0.0,0.0017727272727272728,0,0,0,0
178,178,chocolate coffee beans,155,9.4,5.1,3.9,0.4,15.6,14.4,2.1,1.6,5.7,0.006,0.7,0.049,0.007,0.016,0.063,0.011,0.052,0.1,0.002,0.0,0.0,0.1,0.04,47.8,0.1,0.6,18.1,0.2,53.2,116.9,0.056,0.6,77.127,FOOD-DATA-GROUP2,7.7490774907749085,57.564575645756456,34.686346863468636,0.12650602409638553,155,1.3461538461538463,1.0256410256410255,86.74698795180721,3.2,3.846153846153846e-05,0,0,1,0
179,179,nougat with almonds,56,0.2,0.2,0.0,0.0,12.9,11.7,0.5,0.5,0.0,0.061,0.3,0.0,0.058,0.044,0.0,0.045,0.083,0.044,0.001,0.096,0.0,0.4,0.0,4.5,0.051,0.082,4.5,0.043,7.7,14.7,0.062,0.051,18.658,FOOD-DATA-GROUP2,3.6764705882352944,94.8529411764706,1.4705882352941178,0.03597122302158273,56,0.8771929824561403,0.8771929824561403,84.17266187050359,1.0,0.0010701754385964912,0,0,0,0
180,180,carob,135,7.8,7.3,0.1,0.028,14.1,8.5,2.0,1.0,0.3,0.015,0.4,0.0,0.0,0.02,0.087,0.086,0.027,0.3,0.2,0.007,0.1,0.0,0.4,0.051,75.8,0.011,0.3,9.0,0.059,31.5,158.3,0.087,25.013,FOOD-DATA-GROUP2,8.368200836820083,58.99581589958159,32.63598326359832,0.13245033112582782,135,1.4705882352941175,0.7352941176470588,56.29139072847682,2.0,0.00011029411764705881,0,0,1,0
181,181,peanut butter fudge,62,1.1,0.3,0.5,0.3,12.4,11.7,0.6,0.1,0.5,0.085,1.7,0.081,0.064,0.09,0.095,0.07,0.2,0.028,0.052,0.0,0.0,0.2,0.068,6.7,0.016,0.072,3.2,0.077,10.9,19.0,0.007,0.021,21.055,FOOD-DATA-GROUP2,4.25531914893617,87.94326241134752,7.801418439716312,0.04477611940298507,62,0.9523809523809523,0.15873015873015872,87.31343283582089,0.2,0.0013492063492063493,0,0,0,0
182,182,sugar coated almonds,17,0.6,0.016,0.4,0.1,2.4,2.2,0.4,0.013,0.0,0.021,0.094,0.0,0.08,0.033,0.0,0.098,0.046,0.029,0.092,0.0,0.0,0.4,0.0,3.5,0.073,0.061,4.8,0.091,5.8,8.9,0.009,0.085,6.936,FOOD-DATA-GROUP2,11.764705882352942,70.58823529411765,17.647058823529413,0.11764705882352942,17,2.2222222222222223,0.07222222222222222,64.70588235294117,0.026,0.0011666666666666668,0,0,0,0
183,183,chocolate coated marshmallow,118,4.7,1.3,2.6,0.5,19.0,12.5,1.1,0.6,0.0,0.002,2.8,0.043,0.07,0.002,0.098,0.027,0.2,0.1,0.087,0.093,0.0,0.022,0.03,12.9,0.013,0.7,10.1,0.061,27.2,51.0,0.076,0.2,39.096,FOOD-DATA-GROUP2,4.435483870967742,76.61290322580645,18.951612903225808,0.05500000000000001,118,0.9243697478991597,0.5042016806722689,62.5,1.2,1.680672268907563e-05,0,0,0,0
184,184,raisins chocolate coated,390,14.8,10.3,3.1,0.6,68.4,62.2,4.1,3.1,3.0,0.021,11.2,0.059,0.018,0.016,0.066,0.2,0.4,0.3,0.08,0.2,0.0,0.3,0.054,86.0,0.4,1.7,45.0,0.4,143.0,514.0,0.053,1.3,178.329,FOOD-DATA-GROUP2,4.696449026345934,78.35051546391753,16.95303550973654,0.05907780979827088,390,1.0485933503836316,0.7928388746803069,89.62536023054754,6.2,5.370843989769821e-05,0,1,1,0
185,185,chewing gum sugarless,5,0.013,0.09,0.081,0.038,1.9,0.0,0.0,0.078,0.0,0.001,0.067,0.0,0.0,0.0,0.0,0.0,0.0,0.0,0.0,0.0,0.0,0.0,0.0,0.4,0.0,0.0,0.0,0.0,0.0,0.0,0.03,0.0,2.378,FOOD-DATA-GROUP2,0.0,99.32043910088866,0.6795608991113435,0.0,5,0.0,1.3,0.0,0.156,0.00016666666666666666,0,0,0,0
186,186,chewing gum,11,0.032,0.058,0.06,0.015,2.9,2.0,0.0,0.012,0.0,0.083,0.067,0.0,0.0,0.0,0.0,0.0,0.0,0.0,0.0,0.0,0.0,0.0,0.0,0.0,0.0,0.0,0.0,0.0,0.0,0.05,0.045,0.0,2.973,FOOD-DATA-GROUP2,0.0,98.90859481582538,1.0914051841746248,0.0,11,0.0,0.1,51.28205128205129,0.024,0.006916666666666667,0,0,0,0
187,187,chocolate syrup,109,0.4,0.2,0.1,0.011,25.4,19.4,0.8,1.0,0.0,0.061,12.1,0.0,0.055,0.096,0.0,0.099,0.1,0.096,0.089,0.009,0.0,0.086,0.049,5.5,0.2,0.8,25.4,0.1,50.3,87.4,0.08,0.3,33.955,FOOD-DATA-GROUP2,3.007518796992482,95.48872180451127,1.503759398496241,0.030303030303030307,109,0.7272727272727273,0.9090909090909091,73.48484848484848,2.0,0.0005545454545454545,0,1,0,0
188,188,chocolate fudge syrup,67,1.7,0.8,0.7,0.086,12.0,6.6,0.9,0.5,0.2,0.084,4.1,0.07,0.015,0.079,0.029,0.077,0.02,0.073,0.046,0.023,0.0,0.5,0.035,9.3,0.076,0.2,9.1,0.013,18.4,54.0,0.044,0.2,24.726,FOOD-DATA-GROUP2,6.164383561643836,82.19178082191782,11.643835616438356,0.06923076923076923,67,1.3235294117647058,0.7352941176470588,50.76923076923077,1.0,0.0012352941176470588,0,0,0,0
189,189,m ms milk chocolate mars,207,8.9,5.5,2.2,0.4,29.9,26.7,1.8,1.2,5.9,0.018,0.7,0.086,0.097,0.016,0.063,0.08,0.1,0.1,0.015,0.2,0.0,0.2,0.032,44.1,0.1,0.5,18.5,0.1,61.3,109.6,0.064,0.7,86.651,FOOD-DATA-GROUP2,4.433497536945813,73.64532019704433,21.921182266009854,0.05825242718446602,207,0.8653846153846154,0.5769230769230769,86.40776699029126,2.4,8.653846153846153e-05,0,1,1,0
190,190,milk chocolate with almonds,216,14.1,7.3,4.9,1.2,21.9,18.0,3.7,2.5,7.8,0.051,0.6,0.049,0.02,0.06,0.093,0.2,0.3,0.2,0.047,0.084,0.0,1.3,0.016,91.8,0.2,0.7,36.9,0.3,108.2,182.0,0.067,0.5,134.811,FOOD-DATA-GROUP2,9.319899244332495,55.16372795969774,35.51637279596977,0.16157205240174674,216,1.705069124423963,1.1520737327188941,78.60262008733625,5.0,0.00023502304147465436,0,1,1,0
191,191,chocolate fudge,70,1.8,1.1,0.5,0.055,13.0,12.4,0.4,0.3,2.4,0.032,1.7,0.067,0.028,0.062,0.061,0.029,0.054,0.011,0.044,0.0,0.0,0.075,0.068,8.3,0.059,0.3,6.1,0.044,12.1,22.8,0.01,0.2,24.119,FOOD-DATA-GROUP2,2.631578947368421,85.52631578947368,11.842105263157894,0.028571428571428574,70,0.5633802816901409,0.42253521126760557,88.57142857142858,0.6,0.0004507042253521127,0,0,0,0
192,192,milk chocolate with rice cereal,0,0.0,0.0,0.0,0.0,0.0,0.0,0.0,0.0,0.0,0.0,0.0,0.0,0.0,0.0,0.0,0.0,0.0,0.0,0.0,0.0,0.0,0.0,0.0,0.0,0.0,0.0,0.0,0.0,0.0,0.0,0.0,0.0,0.0,FOOD-DATA-GROUP2,0.0,0.0,0.0,0.0,0,0.0,0.0,0.0,0.0,0.0,0,0,0,0
193,193,m ms peanut chocolate mars,93,4.7,1.8,1.5,0.6,10.9,9.1,1.7,0.7,1.4,0.017,0.4,0.035,0.064,0.097,0.051,0.062,0.6,0.1,0.061,0.0,0.0,0.5,0.086,18.4,0.057,0.2,12.4,0.1,34.2,62.5,0.099,0.3,36.623,FOOD-DATA-GROUP2,9.826589595375722,63.005780346820806,27.167630057803464,0.14285714285714285,93,1.8085106382978722,0.7446808510638298,76.47058823529412,1.4,0.00018085106382978723,0,0,0,0
194,194,dark chocolate,165,9.7,5.7,2.9,0.3,18.0,13.8,1.5,2.2,2.1,0.013,0.3,0.074,0.0,0.052,0.0,0.077,0.004,0.2,0.084,0.064,0.0,0.0,0.2,0.087,17.1,0.3,2.4,45.6,0.4,64.2,170.4,0.033,31.848,FOOD-DATA-GROUP2,5.136986301369864,61.64383561643836,33.21917808219178,0.07894736842105263,165,0.9036144578313252,1.3253012048192772,72.63157894736842,4.4,7.83132530120482e-05,0,0,1,0
195,195,chocolate semisweet,806,50.4,29.8,16.7,1.6,107.4,91.6,7.1,9.9,0.0,0.042,1.2,0.0,0.023,0.094,0.0,0.2,0.7,0.2,0.036,0.0,0.0,0.4,0.066,53.8,1.2,5.3,193.2,1.3,221.8,613.2,0.055,2.7,233.9,FOOD-DATA-GROUP2,4.30563978168587,65.1303820497271,30.56397816858702,0.0654981549815498,806,0.8798017348203222,1.2267657992565055,84.50184501845017,10.0,5.2044609665427516e-05,0,1,1,0
196,196,after eight mints nestle,36,1.0,0.7,0.0,0.0,6.7,5.6,0.1,0.2,0.0,0.025,0.5,0.0,0.0,0.0,0.0,0.0,0.0,0.0,0.0,0.0,0.0,0.0,0.0,1.1,0.0,0.062,0.0,0.0,0.0,0.0,0.0,0.0,9.163,FOOD-DATA-GROUP2,1.2820512820512822,85.8974358974359,12.820512820512823,0.012987012987012988,36,0.2702702702702703,0.5405405405405406,72.72727272727272,0.4,0.0006756756756756757,0,0,0,0
197,197,milk chocolate,37,2.1,1.3,0.5,0.036,4.2,3.6,0.5,0.2,1.6,0.045,0.1,0.049,0.097,0.033,0.01,0.066,0.079,0.087,0.089,0.0,0.0,0.003,0.017,13.2,0.083,0.2,4.4,0.014,14.6,26.0,0.007,0.2,20.464,FOOD-DATA-GROUP2,7.352941176470587,61.764705882352935,30.882352941176467,0.09615384615384615,37,1.3157894736842104,0.5263157894736842,69.23076923076923,0.4,0.0011842105263157893,0,0,0,0
198,198,white chocolate,162,9.6,5.8,2.7,0.3,17.8,17.7,1.8,0.081,6.3,0.009,0.4,0.072,0.072,0.051,0.022,0.091,0.2,0.2,0.042,0.2,0.0,0.3,0.082,59.7,0.01,0.025,3.6,0.1,52.8,85.8,0.073,0.2,89.212,FOOD-DATA-GROUP2,6.164383561643835,60.95890410958904,32.87671232876712,0.09574468085106383,162,1.1042944785276074,0.04969325153374233,94.14893617021276,0.162,5.5214723926380366e-05,0,1,1,0
199,199,chocolate,208,14.0,8.2,4.6,0.4,24.8,21.1,1.6,2.3,0.0,0.001,0.2,0.0,0.094,0.069,0.0,0.026,0.3,0.019,0.091,0.0,0.0,0.1,0.074,9.8,0.2,1.1,46.3,0.2,60.3,118.9,0.018,0.6,53.6,FOOD-DATA-GROUP2,3.96039603960396,61.38613861386138,34.65346534653465,0.06201550387596899,208,0.7655502392344498,1.1004784688995215,81.78294573643412,4.6,4.784688995215311e-06,0,1,1,0
200,200,twix mars,146,7.2,5.5,0.9,0.2,18.8,14.0,1.4,0.3,2.0,0.064,1.2,0.081,0.062,0.048,0.007,0.036,0.073,0.3,0.03,0.099,0.2,0.0,0.2,0.085,30.7,0.042,0.2,7.8,0.071,30.5,53.9,0.065,27.86,FOOD-DATA-GROUP2,5.109489051094891,68.61313868613139,26.277372262773724,0.0707070707070707,146,0.9523809523809523,0.2040816326530612,70.70707070707071,0.6,0.00043537414965986397,0,0,1,0
201,201,kit kat nestle,62,3.3,2.2,0.6,0.097,7.6,6.5,0.7,0.2,1.1,0.022,0.1,0.0,0.0,0.094,0.047,0.0,0.071,0.035,0.065,0.0,0.2,0.0,0.0,0.0,16.6,0.059,0.1,0.2,0.0,13.4,35.3,0.0,11.843,FOOD-DATA-GROUP2,6.03448275862069,65.51724137931035,28.448275862068968,0.0813953488372093,62,1.111111111111111,0.31746031746031744,75.5813953488372,0.4,0.0003492063492063492,0,0,0,0
202,202,snickers mars,280,13.6,5.2,4.5,1.7,35.1,28.8,4.3,1.3,7.4,0.1,3.2,0.2,0.009,0.015,0.089,0.078,0.092,2.1,0.3,0.077,0.3,0.0,0.9,0.015,53.0,0.2,0.4,41.0,0.2,108.3,184.1,0.0,54.826,FOOD-DATA-GROUP2,8.11320754716981,66.22641509433963,25.660377358490567,0.1191135734072022,280,1.5302491103202847,0.46263345195729544,79.77839335180056,2.6,0.00035587188612099647,0,1,1,0
203,203,milky way mars,264,10.0,7.0,1.3,0.2,41.3,34.6,2.3,0.6,5.2,0.021,3.7,0.1,0.065,0.085,0.079,0.011,0.081,0.0,0.09,0.068,0.4,0.072,0.5,0.038,66.7,0.047,0.3,11.6,0.095,38.9,71.9,0.073,54.438,FOOD-DATA-GROUP2,4.291044776119403,77.05223880597015,18.65671641791045,0.054373522458628844,264,0.8679245283018867,0.22641509433962265,81.79669030732862,1.2,7.924528301886794e-05,0,1,1,0
204,204,clif bar,235,4.0,1.0,0.7,1.5,44.5,21.5,10.0,5.0,0.0,0.1,7.5,0.0,0.4,0.076,0.055,0.3,3.0,1.5,0.4,60.0,0.0,0.2,0.089,250.2,0.3,4.5,100.0,1.5,199.9,280.2,0.048,3.0,378.2,FOOD-DATA-GROUP2,17.094017094017094,76.06837606837607,6.837606837606838,0.21978021978021978,235,4.23728813559322,2.11864406779661,47.25274725274725,10.0,0.0004237288135593221,0,1,0,0
205,205,gum drops,18,0.042,0.05,0.1,0.012,4.4,3.5,0.0,0.0,0.0,0.008,0.6,0.0,0.0,0.0,0.0,0.0,0.0,0.0,0.0,0.0,0.0,0.0,0.0,0.0,0.0,0.0,0.0,0.0,0.0,0.0,0.058,0.0,4.418,FOOD-DATA-GROUP2,0.0,99.05447996398019,0.9455200360198109,0.0,18,0.0,0.0,64.81481481481481,0.0,0.0004210526315789474,0,0,0,0
206,206,skittles wild berry mars,249,2.6,2.6,0.0,0.0,56.3,47.1,0.1,0.0,0.0,0.036,2.4,0.0,0.0,0.0,0.0,0.0,0.0,0.0,0.0,41.6,0.0,0.0,0.0,0.0,0.0,0.0,0.0,0.0,0.0,0.0,0.0,0.0,100.6,FOOD-DATA-GROUP2,0.16949152542372883,95.42372881355932,4.406779661016949,0.0017452006980802795,249,0.04,0.0,82.19895287958116,0.0,0.00014399999999999998,0,1,0,0
207,207,skittles original mars,251,2.7,2.6,0.0,0.0,56.3,47.0,0.1,0.0,0.0,0.025,2.4,0.0,0.0,0.0,0.0,0.033,0.037,0.016,0.097,41.4,0.0,0.1,0.036,0.0,0.087,0.0,0.6,0.073,0.6,7.4,0.044,0.03,100.5,FOOD-DATA-GROUP2,0.16920473773265654,95.2622673434856,4.568527918781727,0.0017452006980802795,251,0.03968253968253968,0.0,82.02443280977313,0.0,9.92063492063492e-05,0,1,0,0
208,208,skittles tropical mars,251,2.7,0.0,0.0,0.0,56.3,47.0,0.1,0.0,0.0,0.095,2.4,0.0,0.0,0.0,0.0,0.0,0.0,0.0,0.0,41.6,0.0,0.0,0.0,0.0,0.0,0.0,0.0,0.0,0.0,0.0,0.0,0.0,100.7,FOOD-DATA-GROUP2,0.16920473773265654,95.2622673434856,4.568527918781727,0.0017452006980802795,251,0.03968253968253968,0.0,82.02443280977313,0.0,0.000376984126984127,0,1,0,0
209,209,fruit leather,52,0.4,0.025,0.2,0.05,12.0,6.9,0.029,0.0,0.0,0.0,1.4,0.0,0.051,0.081,0.0,0.05,0.03,0.078,0.016,16.8,0.0,0.02,0.003,4.5,0.06,0.1,2.8,0.083,4.3,41.2,0.034,0.014,33.811,FOOD-DATA-GROUP2,0.23332528763375976,96.54839488293507,3.218279829431169,0.002230769230769231,52,0.05471698113207547,0.0,53.07692307692308,0.0,0.0,0,0,0,0
210,210,taffy,60,0.5,0.3,0.1,0.045,13.7,10.3,0.087,0.0,1.4,0.028,0.7,0.096,0.026,0.011,0.0,0.0,0.046,0.018,0.013,0.0,0.0,0.0,0.062,0.034,1.2,0.0,0.016,0.0,0.0,0.2,0.5,0.054,14.358,FOOD-DATA-GROUP2,0.6089451949324561,95.8913697767201,3.499685028347449,0.005918367346938775,60,0.14262295081967213,0.0,70.06802721088437,0.0,0.00045901639344262296,0,0,0,0
211,211,eisbonbons mac iver,23,0.0,0.0,5.6,4.0,0.0,0.0,0.0,0.0,0.0,0.0,0.0,0.0,0.0,0.0,0.0,0.0,0.0,0.0,0.0,0.0,0.0,0.0,0.0,0.0,0.0,0.0,0.0,0.0,0.0,0.0,0.0,0.0,0.0,FOOD-DATA-GROUP2,0.0,0.0,0.0,0.0,23,0.0,0.0,0.0,0.0,0.0,0,0,0,0
212,212,caramels,39,0.8,0.3,0.2,0.4,7.8,6.6,0.5,0.0,0.7,0.015,0.9,0.021,0.005,0.061,0.03,0.04,0.094,0.092,0.088,0.024,0.0,0.002,0.014,13.9,0.06,0.049,1.7,0.006,11.5,21.6,0.087,0.057,23.208,FOOD-DATA-GROUP2,5.494505494505494,85.7142857142857,8.79120879120879,0.056818181818181816,39,1.25,0.0,74.99999999999999,0.0,0.000375,0,0,0,0
213,213,hard candy,24,0.067,0.0,0.0,0.0,5.9,3.8,0.0,0.0,0.0,0.021,0.05,0.0,0.021,0.0,0.0,0.084,0.039,0.09,0.035,0.0,0.0,0.0,0.0,0.2,0.071,0.038,0.2,0.082,0.2,0.3,0.052,0.059,6.182,FOOD-DATA-GROUP2,0.0,98.8771577006871,1.1228422993128875,0.0,24,0.0,0.0,55.07246376811593,0.0,0.00084,0,0,0,0
214,214,jellybeans,4,0.043,0.0,0.0,0.0,1.0,0.8,0.0,0.083,0.0,0.076,0.051,0.0,0.04,0.0,0.0,0.017,0.099,0.098,0.09,0.0,0.0,0.0,0.0,0.08,0.038,0.029,0.055,0.013,0.027,0.4,0.052,0.032,1.216,FOOD-DATA-GROUP2,0.0,95.87727708533077,4.1227229146692235,0.0,4,0.0,1.66,40.0,0.166,0.0152,0,0,0,0
215,215,jellies,56,0.069,0.033,0.059,0.071,14.7,10.8,0.005,0.2,0.0,0.016,6.3,0.0,0.055,0.098,0.0,0.1,0.039,0.045,0.046,0.2,0.0,0.0,0.063,1.5,0.012,0.084,1.3,0.096,1.3,11.3,0.1,0.041,16.779,FOOD-DATA-GROUP2,0.03384323812102342,99.49912007580885,0.4670366860701232,0.00031847133757961787,56,0.008771929824561405,0.3508771929824561,68.78980891719746,0.4,0.0002807017543859649,0,0,0,0
216,216,wheat germ toasted,115,3.2,0.5,0.5,2.0,14.9,2.3,8.7,4.5,0.0,0.06,1.7,0.0,0.5,0.1,0.0,0.2,1.7,0.4,0.3,1.8,0.0,4.8,0.098,13.5,0.2,2.7,96.0,6.0,343.8,284.1,0.047,5.0,49.3,FOOD-DATA-GROUP2,32.46268656716417,55.59701492537313,11.940298507462686,0.5471698113207547,115,7.5,3.8793103448275863,14.465408805031446,9.0,0.0005172413793103448,0,0,0,0
217,217,crispy brown rice,124,1.1,0.2,0.3,0.5,27.5,2.9,2.3,2.3,0.0,0.086,1.0,0.0,0.034,0.046,0.0,0.084,0.7,0.0,0.051,0.0,0.0,0.043,0.0,9.0,0.067,0.4,28.2,0.0,90.6,76.2,0.034,0.5,42.6,FOOD-DATA-GROUP2,7.443365695792879,88.9967637540453,3.559870550161812,0.0807017543859649,124,1.8399999999999999,1.8399999999999999,10.175438596491228,4.6,0.0006879999999999999,0,0,0,0
218,218,bran flakes asda,109,0.6,0.2,19.5,3.6,0.2,0.0,0.0,0.0,0.0,0.0,0.0,0.0,0.0,0.0,0.0,0.0,0.0,0.0,0.0,0.0,0.0,0.0,0.0,0.0,0.0,0.0,0.0,0.0,0.0,0.0,0.0,0.0,0.8,FOOD-DATA-GROUP2,0.0,25.0,74.99999999999999,0.0,109,0.0,0.0,0.0,0.0,0.0,0,0,0,0
219,219,amaranth cooked,251,3.9,0.0,0.0,0.0,46.0,0.0,9.3,5.2,0.0,0.095,184.9,0.0,0.048,0.025,0.0,0.033,0.6,0.0,0.3,0.0,0.0,0.5,0.0,115.6,0.4,5.2,159.9,2.1,364.1,332.1,0.074,2.1,185.2,FOOD-DATA-GROUP2,15.709459459459463,77.70270270270271,6.587837837837839,0.19787234042553192,251,3.6904761904761907,2.0634920634920633,0.0,10.0,0.000376984126984127,0,0,0,0
220,220,triticale,645,4.0,0.7,0.4,1.8,138.5,0.0,25.1,0.0,0.0,0.049,20.2,0.0,0.8,0.1,0.0,0.3,2.7,2.5,0.3,0.0,0.0,1.7,0.0,71.0,0.9,4.9,249.6,6.2,687.4,637.4,0.0,6.6,243.5,FOOD-DATA-GROUP2,14.976133651551313,82.63723150357995,2.386634844868735,0.1799283154121864,645,3.8854489164086687,0.0,0.0,0.0,7.58513931888545e-05,0,0,0,0
221,221,barley raw,42,0.1,0.041,0.096,0.038,9.3,0.094,1.2,1.9,0.0,0.016,1.2,0.0,0.017,0.002,0.0,0.096,0.6,0.035,0.034,0.0,0.0,0.052,0.061,3.5,0.059,0.3,9.5,0.2,26.5,33.6,0.019,0.3,16.3,FOOD-DATA-GROUP2,11.320754716981133,87.73584905660378,0.9433962264150945,0.11650485436893203,42,2.7906976744186047,4.4186046511627906,0.9126213592233009,3.8,0.000372093023255814,0,0,0,0
222,222,bulgur dry,171,0.7,0.1,0.06,0.3,37.9,0.2,6.1,9.2,0.0,0.071,4.5,0.0,0.1,0.076,0.0,0.018,2.6,0.5,0.2,0.0,0.0,0.093,0.044,17.5,0.2,1.2,82.0,1.5,150.0,205.0,0.073,1.0,72.6,FOOD-DATA-GROUP2,13.646532438478745,84.78747203579418,1.565995525727069,0.15681233933161953,171,3.5465116279069764,5.348837209302325,0.5141388174807199,10.0,0.0004127906976744186,0,0,0,0
223,223,cottonseed kernels roasted,754,54.1,14.5,10.3,26.9,32.6,0.0,48.6,8.2,0.0,0.073,6.9,0.0,1.1,0.3,0.0,0.4,4.5,0.7,1.2,13.4,0.0,0.0,0.0,149.0,1.8,8.0,655.6,3.2,1192.0,2011.5,0.0,8.9,313.9,FOOD-DATA-GROUP2,35.92017738359202,24.09460458240946,39.98521803399852,1.4464285714285714,754,6.437086092715232,1.086092715231788,0.0,10.0,9.66887417218543e-05,0,0,1,0
224,224,rice bran,373,24.6,4.9,8.9,8.8,58.6,1.1,15.8,24.8,0.0,0.036,7.2,0.0,3.2,0.028,0.0,0.3,40.1,8.7,4.8,0.0,0.0,5.8,0.051,67.3,0.9,21.9,921.6,16.8,1978.9,1752.3,0.018,7.1,213.0,FOOD-DATA-GROUP2,15.95959595959596,59.1919191919192,24.84848484848485,0.2651006711409396,373,4.224598930481284,6.631016042780749,1.8456375838926176,10.0,9.625668449197861e-05,0,0,0,0
225,225,chaptti roti indian bread,491,2.5,2.5,99.9,17.5,0.089,68.4,7.0,0.0,0.0,0.0,0.0,0.0,0.0,0.0,0.0,0.0,0.0,0.0,0.0,0.0,0.0,0.0,0.0,0.0,0.0,0.0,0.0,0.0,0.0,0.0,0.0,0.0,9.551,FOOD-DATA-GROUP2,73.00031285848367,0.9281468349150067,26.071540306601314,6.4279155188246095,491,1.4227642276422763,0.0,6280.991735537191,0.0,0.0,0,1,0,0
226,226,quinoa cooked,222,3.6,0.4,1.0,2.0,39.4,1.6,8.1,5.2,0.0,0.026,132.5,0.0,0.2,0.084,0.0,0.2,0.8,0.0,0.2,0.0,0.0,1.2,0.0,31.5,0.4,2.8,118.4,1.2,281.2,318.2,0.058,2.0,90.6,FOOD-DATA-GROUP2,15.851272015655576,77.10371819960861,7.045009784735812,0.2004950495049505,222,3.632286995515695,2.3318385650224216,3.9603960396039604,10.0,0.00011659192825112106,0,0,0,0
227,227,dar vida swiss original,116,3.1,0.3,17.8,2.8,0.5,0.0,0.0,0.0,0.0,0.0,0.0,0.0,0.0,0.0,0.0,0.0,0.0,0.0,0.0,0.0,0.0,0.0,0.0,0.0,0.0,0.0,0.0,0.0,0.0,0.0,0.0,0.0,3.6,FOOD-DATA-GROUP2,0.0,13.88888888888889,86.11111111111111,0.0,116,0.0,0.0,0.0,0.0,0.0,0,0,0,0
228,228,teff cooked,255,1.6,0.0,0.0,0.0,50.0,0.0,9.8,7.1,0.0,0.053,188.8,0.0,0.5,0.016,0.0,0.056,2.3,0.0,0.2,0.0,0.0,0.0,0.0,123.5,0.6,5.2,126.0,7.2,302.4,269.6,0.0,2.8,197.2,FOOD-DATA-GROUP2,15.960912052117266,81.43322475570032,2.6058631921824107,0.19215686274509805,255,3.8281250000000004,2.7734375,0.0,10.0,0.00020703125,0,0,0,0
229,229,couscous dry,650,1.1,0.2,0.2,0.4,134.0,0.0,22.1,8.7,0.0,0.031,14.8,0.0,0.3,0.059,0.0,0.1,6.0,2.2,0.2,0.0,0.0,0.0,0.0,41.5,0.4,1.9,76.1,1.3,294.1,287.2,0.0,1.4,209.3,FOOD-DATA-GROUP2,14.058524173027992,85.24173027989822,0.6997455470737914,0.1637037037037037,650,3.394777265745008,1.3364055299539168,0.0,10.0,4.761904761904762e-05,0,0,0,0
230,230,weetabix weetabix,2078,11.5,396.1,68.9,57.4,0.0,0.0,0.0,0.0,0.0,0.0,0.0,0.0,0.0,0.0,0.0,0.0,0.0,0.0,0.0,0.0,0.0,0.0,0.0,0.0,0.0,0.0,0.0,0.0,0.0,0.0,0.0,0.0,11.5,FOOD-DATA-GROUP2,0.0,0.0,100.0,0.0,2078,0.0,0.0,0.0,0.0,0.0,0,0,1,0
231,231,oat bran cooked,88,1.9,0.4,0.6,0.7,25.1,0.0,7.0,5.7,0.0,0.082,184.0,0.0,0.4,0.022,0.0,0.017,0.3,0.5,0.073,0.0,0.0,0.0,0.0,21.9,0.1,1.9,87.6,2.1,260.6,201.5,0.023,1.2,63.5,FOOD-DATA-GROUP2,20.588235294117645,73.82352941176471,5.588235294117647,0.2681992337164751,88,7.865168539325842,6.404494382022471,0.0,10.0,0.0009213483146067416,0,0,0,0
232,232,buckwheat cooked,155,1.0,0.2,0.3,0.3,33.5,1.5,5.7,4.5,0.0,0.053,127.1,0.0,0.079,0.066,0.0,0.087,1.6,0.6,0.1,0.0,0.0,0.2,0.031,11.8,0.2,1.3,85.7,0.7,117.6,147.8,0.044,1.0,57.8,FOOD-DATA-GROUP2,14.17910447761194,83.33333333333333,2.487562189054726,0.16521739130434784,155,3.653846153846154,2.8846153846153846,4.3478260869565215,9.0,0.0003397435897435897,0,0,0,0
233,233,millet puffed,74,0.7,0.1,0.2,0.4,16.8,0.1,2.7,0.6,0.0,0.076,0.5,0.0,0.072,0.044,0.0,0.099,0.9,0.0,0.08,0.0,0.0,0.1,0.029,1.7,0.1,0.6,22.3,0.0,55.9,8.4,0.084,0.3,23.1,FOOD-DATA-GROUP2,13.366336633663368,83.16831683168317,3.465346534653465,0.15168539325842698,74,3.6000000000000005,0.8,0.5617977528089888,1.2,0.0010133333333333333,0,0,0,0
234,234,oat bran raw,23,0.5,0.077,0.2,0.2,4.9,0.1,1.3,1.2,0.0,0.036,32.4,0.0,0.5,0.091,0.0,0.06,0.084,0.017,0.0,0.0,5.6,0.044,0.4,18.0,51.6,40.0,0.2,0.0,0.0,0.0,0.0,0.0,65.9,FOOD-DATA-GROUP2,19.402985074626866,73.13432835820896,7.462686567164178,0.22033898305084745,23,5.416666666666667,5.0,1.694915254237288,2.4,0.0014999999999999998,0,0,0,0
235,235,popcorn oil popped,64,4.8,0.8,1.1,2.6,5.0,0.027,0.8,0.9,0.0,0.018,0.1,0.0,0.074,0.052,0.0,0.099,0.1,0.1,0.067,0.086,0.0,0.3,0.08,0.4,0.062,0.2,8.7,0.051,21.9,20.0,0.03,0.3,12.109,FOOD-DATA-GROUP2,7.547169811320756,47.16981132075472,45.28301886792453,0.13333333333333333,64,1.2307692307692308,1.3846153846153846,0.44999999999999996,1.8,0.0002769230769230769,0,0,0,0
236,236,kamut cooked,251,1.6,0.0,0.0,0.0,52.4,0.0,11.1,6.7,0.0,0.038,105.6,0.0,0.2,0.017,0.0,0.06,4.7,0.0,0.1,0.0,0.0,0.0,0.0,17.2,0.4,3.5,96.3,2.1,304.4,347.4,0.058,3.0,92.5,FOOD-DATA-GROUP2,17.050691244239633,80.4915514592934,2.457757296466974,0.20786516853932585,251,4.404761904761904,2.6587301587301586,0.0,10.0,0.0001507936507936508,0,0,0,0
237,237,wheat bran,125,2.5,0.4,0.4,1.3,37.4,0.2,9.0,24.8,0.0,0.015,5.7,0.0,0.3,0.005,0.0,0.3,7.9,1.3,0.8,0.0,0.0,0.9,0.01,42.3,0.6,6.1,354.4,6.7,587.5,685.6,0.066,4.2,122.1,FOOD-DATA-GROUP2,18.404907975460123,76.48261758691206,5.112474437627812,0.234375,125,7.142857142857142,19.682539682539684,0.5208333333333334,10.0,0.00011904761904761905,0,0,0,0
238,238,cheese popcorn,58,3.7,0.7,1.1,1.7,5.7,0.0,1.0,1.1,1.2,0.002,0.3,0.09,0.009,0.06,0.076,0.017,0.2,0.089,0.015,0.074,0.0,0.0,0.0,12.4,0.044,0.2,10.0,0.097,39.7,28.7,0.096,0.2,24.284,FOOD-DATA-GROUP2,9.615384615384615,54.807692307692314,35.57692307692308,0.14925373134328357,58,1.694915254237288,1.864406779661017,0.0,2.2,3.389830508474576e-05,0,0,0,0
239,239,raisin bran crunch kelloggs,90,0.5,0.0,0.0,0.0,21.2,9.0,1.9,0.0,0.0,0.0,0.0,0.0,0.0,0.0,0.0,0.0,0.0,0.0,0.0,0.0,0.0,0.0,0.0,0.0,0.0,0.0,0.0,0.0,0.0,0.0,0.0,0.0,23.6,FOOD-DATA-GROUP2,8.05084745762712,89.83050847457628,2.1186440677966103,0.08558558558558559,90,2.0879120879120876,0.0,40.54054054054054,0.0,0.0,0,0,0,0
240,240,couscous cooked,176,0.3,0.091,0.063,0.1,36.5,0.2,6.0,2.2,0.0,0.054,113.9,0.0,0.026,0.087,0.0,0.092,1.5,0.6,0.058,0.0,0.0,0.2,0.046,12.6,0.065,0.6,12.6,0.1,34.5,91.1,0.01,0.4,58.2,FOOD-DATA-GROUP2,14.018691588785048,85.2803738317757,0.7009345794392523,0.16,176,3.389830508474576,1.2429378531073447,0.5333333333333334,4.4,0.00030508474576271185,0,0,0,0
241,241,multigrain cheerios general mills,4,0.005,0.0,0.08,0.095,1.0,0.2,0.038,0.1,0.072,0.0,0.0,0.0,0.0,0.0,0.0,0.0,0.0,0.0,0.0,0.0,0.0,0.0,0.0,0.0,0.0,0.0,0.0,0.0,0.0,0.0,0.0,0.0,1.248,FOOD-DATA-GROUP2,3.64333652924257,95.87727708533077,0.4793863854266539,0.019,4,0.76,2.0,10.0,0.2,0.0,0,0,0,0
242,242,bulgur cooked,151,0.4,0.053,0.083,0.2,33.8,0.2,5.6,8.2,0.0,0.049,141.5,0.0,0.1,0.022,0.0,0.017,1.8,0.6,0.2,0.0,0.0,0.051,0.093,18.2,0.1,1.7,58.2,1.1,72.8,123.8,0.026,1.0,67.9,FOOD-DATA-GROUP2,14.07035175879397,84.92462311557789,1.0050251256281408,0.16091954022988506,151,3.684210526315789,5.394736842105263,0.574712643678161,10.0,0.0003223684210526316,0,0,0,0
243,243,popcorn air popped,31,0.4,0.011,0.014,0.2,6.2,0.086,1.0,1.2,0.0,0.016,0.3,0.0,0.031,0.099,0.0,0.092,0.2,0.097,0.057,0.0,0.0,0.097,0.071,0.6,0.02,0.3,11.5,0.092,28.6,26.3,0.0,0.2,9.7,FOOD-DATA-GROUP2,13.157894736842104,81.57894736842105,5.263157894736842,0.1388888888888889,31,3.125,3.75,1.1944444444444444,2.4,0.0005,0,0,0,0
244,244,teff raw,708,4.6,0.9,1.1,2.1,141.1,3.6,25.7,15.4,0.0,0.053,17.0,0.0,0.8,0.0,0.0,0.5,6.5,1.8,0.9,0.0,0.0,0.2,0.03,347.4,1.6,14.7,355.1,17.8,828.0,824.1,0.038,7.0,548.9,FOOD-DATA-GROUP2,14.994165694282383,82.32205367561261,2.6837806301050176,0.18085855031667838,708,3.624823695345557,2.172073342736248,2.5334271639690362,10.0,7.475317348377997e-05,0,0,0,0
245,245,spelt cooked,246,1.6,0.0,0.0,0.0,51.3,0.0,10.7,7.6,0.0,0.041,129.1,0.0,0.2,0.066,0.0,0.087,5.0,0.0,0.2,0.0,0.0,0.5,0.0,19.4,0.4,3.2,95.1,2.1,291.0,277.4,0.042,2.4,93.8,FOOD-DATA-GROUP2,16.82389937106918,80.66037735849056,2.515723270440252,0.2045889101338432,246,4.331983805668016,3.0769230769230766,0.0,10.0,0.0001659919028340081,0,0,0,0
246,246,millet raw,756,8.4,1.4,1.5,4.3,145.7,0.0,22.0,17.0,0.0,0.013,17.3,0.0,0.8,0.2,0.0,0.6,9.4,1.7,0.8,0.0,0.0,0.1,0.027,16.0,1.5,6.0,228.0,3.3,570.0,390.0,0.0,3.4,215.1,FOOD-DATA-GROUP2,12.49290176036343,82.73708120386144,4.770017035775128,0.1499659168370825,756,2.906208718626156,2.2457067371202113,0.0,10.0,1.7173051519154556e-05,0,0,0,0
247,247,popcorn unpopped,106,1.2,0.2,0.3,0.7,20.9,0.3,3.1,3.6,0.0,0.001,3.0,0.0,0.087,0.001,0.0,0.051,0.5,0.1,0.054,0.0,0.0,0.026,0.0,1.4,0.042,0.9,34.8,0.3,84.6,77.5,0.0,0.8,31.1,FOOD-DATA-GROUP2,12.301587301587302,82.93650793650794,4.761904761904762,0.14155251141552513,106,2.897196261682243,3.364485981308411,1.3698630136986303,7.2,9.345794392523365e-06,0,0,0,0
248,248,whole wheat cooked,150,1.0,0.1,0.1,0.5,33.2,0.2,4.8,3.9,0.0,0.6,202.3,0.0,0.2,0.085,0.0,0.1,2.2,0.4,0.2,0.0,0.0,0.6,0.056,16.9,0.2,1.5,53.2,1.4,167.0,171.8,0.025,1.2,61.3,FOOD-DATA-GROUP2,12.307692307692307,85.12820512820514,2.564102564102564,0.14035087719298245,150,3.1788079470198674,2.5827814569536423,0.5847953216374269,7.8,0.003973509933774834,0,0,0,0
249,249,wheat sprouted,214,1.4,0.2,0.2,0.6,45.9,0.0,8.1,1.2,0.0,0.026,51.6,0.0,0.2,0.023,0.0,0.2,3.3,1.0,0.3,2.8,0.0,0.0,0.0,30.2,0.3,2.3,88.6,2.0,216.0,182.5,0.004,1.8,91.9,FOOD-DATA-GROUP2,14.620938628158845,82.85198555956678,2.527075812274368,0.17270788912579957,214,3.7674418604651163,0.5581395348837209,0.0,2.4,0.00012093023255813953,0,0,0,0
250,250,whole wheat dry,96,0.6,0.031,0.095,0.3,21.1,0.1,3.1,2.7,0.0,0.036,2.8,0.0,0.1,0.053,0.0,0.087,1.4,0.3,0.1,0.0,0.0,0.4,0.092,11.2,0.1,0.9,34.2,0.9,106.1,108.9,0.031,0.7,39.6,FOOD-DATA-GROUP2,12.499999999999998,85.08064516129032,2.419354838709677,0.14027149321266968,96,3.1958762886597936,2.7835051546391756,0.4524886877828054,5.4,0.0003711340206185567,0,0,0,0
251,251,caramel popcorn,122,3.6,1.0,0.8,1.3,22.4,15.1,1.1,1.5,1.4,0.069,0.8,0.066,0.044,0.079,0.0,0.086,0.6,0.018,0.052,0.0,0.0,0.3,0.094,12.2,0.054,0.5,9.9,0.1,23.5,30.8,0.067,0.2,41.396,FOOD-DATA-GROUP2,4.059040590405904,82.65682656826567,13.284132841328415,0.047008547008547015,122,0.894308943089431,1.2195121951219512,64.52991452991454,3.0,0.0005609756097560976,0,1,0,0
252,252,wheat puffed,44,0.1,0.025,0.0,0.0,9.6,0.0,1.8,0.5,0.0,0.03,0.4,0.0,0.3,0.092,0.0,0.2,4.2,0.092,0.041,0.0,0.0,0.0,0.0,3.4,0.086,3.8,17.4,0.2,42.6,41.8,0.084,0.3,19.2,FOOD-DATA-GROUP2,15.65217391304348,83.47826086956522,0.8695652173913043,0.169811320754717,44,4.0,1.1111111111111112,0.0,1.0,0.0006666666666666666,0,0,0,0
253,253,roggenmischbrot sonnenblumenkerne aldi,82,3.1,9.9,2.5,0.0,0.0,0.0,0.0,0.0,0.0,0.0,0.0,0.0,0.0,0.0,0.0,0.0,0.0,0.0,0.0,0.0,0.0,0.0,0.0,0.0,0.0,0.0,0.0,0.0,0.0,0.0,0.0,0.0,3.1,FOOD-DATA-GROUP2,0.0,0.0,100.0,0.0,82,0.0,0.0,0.0,0.0,0.0,0,0,1,0
254,254,wheat germ,112,3.0,0.5,0.4,1.9,16.1,0.0,7.2,4.1,0.0,0.037,3.4,0.0,0.6,0.087,0.0,0.2,2.1,0.7,0.4,0.0,0.0,0.0,0.0,12.1,0.2,1.9,74.1,4.1,261.0,276.5,0.056,3.8,44.4,FOOD-DATA-GROUP2,27.376425855513308,61.21673003802282,11.406844106463879,0.42105263157894735,112,6.371681415929204,3.6283185840707963,0.0,8.2,0.00032743362831858403,0,0,0,0
255,255,microwave popcorn,465,26.3,12.7,9.2,3.6,49.8,0.3,7.3,8.7,0.0,0.6,0.8,0.7,0.072,0.073,0.034,0.0,0.073,1.4,0.2,0.3,0.0,0.0,2.5,0.052,20.0,0.2,1.8,95.7,0.7,239.3,341.9,0.004,93.352,FOOD-DATA-GROUP2,8.752997601918466,59.71223021582735,31.5347721822542,0.1437007874015748,465,1.5665236051502145,1.8669527896995706,0.5905511811023622,10.0,0.0012875536480686696,0,0,1,0
256,256,millet cooked,207,1.7,0.3,0.3,0.9,41.2,0.2,6.1,2.3,0.0,0.046,124.3,0.0,0.2,0.088,0.0,0.1,2.3,0.3,0.2,0.0,0.0,0.019,0.021,5.2,0.3,1.1,76.6,0.5,174.0,107.9,0.094,1.6,57.6,FOOD-DATA-GROUP2,12.448979591836732,84.08163265306122,3.4693877551020402,0.14454976303317535,207,2.9326923076923075,1.1057692307692306,0.47393364928909953,4.6,0.00022115384615384616,0,0,0,0
257,257,kamut raw,627,4.1,0.4,0.4,1.1,130.9,15.2,27.3,16.9,0.0,0.012,20.4,0.035,0.0,1.1,0.0,0.0,0.3,11.8,1.7,0.5,0.0,0.0,1.1,0.043,44.6,1.0,8.2,249.2,5.3,718.0,829.6,0.1,180.788,FOOD-DATA-GROUP2,16.820702402957487,80.65311152187307,2.5261860751694387,0.20697498104624715,627,4.3471337579617835,2.6910828025477707,11.523881728582259,10.0,1.910828025477707e-05,0,1,0,0
258,258,wheat durum,651,4.7,0.9,0.7,1.9,136.6,0.0,26.3,0.0,0.0,0.032,21.0,0.0,0.8,0.054,0.0,0.2,12.9,1.8,0.8,0.0,0.0,0.0,0.0,65.3,1.1,6.8,276.5,5.8,975.4,827.5,0.2,8.0,239.7,FOOD-DATA-GROUP2,15.692124105011935,81.5035799522673,2.804295942720764,0.19113372093023256,651,4.033742331288344,0.0,0.0,0.0,4.907975460122699e-05,0,0,0,0
259,259,sorghum,651,6.3,0.9,1.9,2.6,143.3,0.0,21.7,12.1,0.0,0.045,17.7,0.0,0.5,0.0,0.0,0.3,5.6,0.0,0.0,0.0,0.0,0.0,0.0,53.8,0.0,8.4,0.0,0.0,551.0,672.0,0.0,0.0,245.6,FOOD-DATA-GROUP2,12.667834208990076,83.65440747227088,3.6777583187390537,0.15038115038115035,651,3.3282208588957056,1.8558282208588956,0.0,10.0,6.901840490797546e-05,0,0,0,0
260,260,white wheat,657,3.3,0.5,0.4,1.4,145.7,0.8,21.7,23.4,0.0,0.094,18.4,0.0,0.7,0.058,0.0,0.2,8.4,1.8,0.7,0.0,0.0,1.9,0.089,61.4,0.7,8.8,178.6,7.3,681.6,829.4,0.0,6.4,264.3,FOOD-DATA-GROUP2,12.71236086701816,85.35442296426478,1.9332161687170473,0.14792092706203136,657,3.2978723404255317,3.556231003039514,0.5453306066803001,10.0,0.00014285714285714287,0,0,0,0
261,261,rye,571,2.8,0.3,0.4,1.3,128.2,1.7,17.5,25.5,0.0,0.078,17.9,0.0,0.5,0.036,0.0,0.4,7.2,2.5,0.5,0.0,0.0,1.4,0.092,40.6,0.6,4.4,185.9,4.4,561.1,861.9,0.032,4.5,219.0,FOOD-DATA-GROUP2,11.784511784511785,86.32996632996633,1.8855218855218854,0.13544891640866874,571,3.0594405594405596,4.458041958041958,1.3157894736842106,10.0,0.00013636363636363637,0,0,0,0
262,262,spelt raw,588,4.2,0.7,0.8,2.2,122.1,11.9,25.4,18.6,0.0,0.076,19.2,0.0,0.6,0.056,0.0,0.2,11.9,1.9,0.4,0.0,0.0,1.4,0.037,47.0,0.9,7.7,236.6,5.2,697.7,675.1,0.051,5.7,225.0,FOOD-DATA-GROUP2,16.743572841133815,80.48780487804879,2.7686222808174032,0.20633631194151097,588,4.31239388794567,3.1578947368421053,9.66693744922827,10.0,0.00012903225806451613,0,0,0,0
263,263,buckwheat raw,41,0.4,0.007,0.1,0.1,8.6,0.0,1.6,1.2,0.0,0.054,1.2,0.0,0.054,0.03,0.0,0.015,0.8,0.1,0.005,0.0,0.0,0.0,0.0,2.2,0.1,0.3,27.7,0.2,41.6,55.2,0.094,0.3,14.3,FOOD-DATA-GROUP2,15.094339622641511,81.13207547169812,3.773584905660378,0.16666666666666669,41,3.8095238095238098,2.857142857142857,0.0,2.4,0.0012857142857142856,0,0,0,0
264,264,honey cereali general mills,104,2.0,21.2,3.0,188.0,3.0,0.0,0.0,0.0,0.0,0.0,0.0,0.0,0.0,0.0,0.0,0.0,0.0,0.0,0.0,0.0,0.0,0.0,0.0,0.0,0.0,0.0,0.0,0.0,0.0,0.0,0.0,0.0,5.0,FOOD-DATA-GROUP2,0.0,60.0,40.0,0.0,104,0.0,0.0,0.0,0.0,0.0,0,0,1,0
265,265,barley cooked,193,0.7,0.1,0.039,0.3,44.3,0.4,3.5,6.0,0.0,0.064,108.0,0.0,0.1,0.008,0.0,0.037,3.2,0.2,0.2,0.0,0.0,0.098,0.057,17.3,0.2,2.1,34.5,0.4,84.8,146.0,0.073,1.3,73.9,FOOD-DATA-GROUP2,7.216494845360824,91.34020618556701,1.443298969072165,0.0772626931567329,193,1.804123711340206,3.0927835051546393,0.8830022075055189,10.0,0.00032989690721649484,0,0,0,0
266,266,oats,39,0.7,0.1,0.2,0.3,6.6,0.0,1.7,1.1,0.0,0.074,0.8,0.0,0.01,0.085,0.0,0.026,0.016,0.1,0.032,0.0,0.0,0.0,0.0,5.4,0.006,0.5,17.7,0.5,52.3,42.9,0.0,0.4,16.0,FOOD-DATA-GROUP2,18.888888888888893,73.33333333333334,7.7777777777777795,0.2236842105263158,39,4.25,2.7500000000000004,0.0,2.2,0.0018499999999999999,0,0,0,0
267,267,amaranth raw,37,0.7,0.1,0.2,0.3,6.5,0.2,1.4,0.7,0.0,0.077,1.1,0.0,0.084,0.065,0.0,0.004,0.073,0.1,0.024,0.4,0.0,0.1,0.0,15.9,0.048,0.8,24.8,0.3,55.7,50.8,0.05,0.3,26.4,FOOD-DATA-GROUP2,16.279069767441857,75.5813953488372,8.139534883720929,0.18666666666666665,37,3.684210526315789,1.8421052631578945,2.666666666666667,1.4,0.0020263157894736842,0,0,0,0
268,268,semolina,601,1.8,0.3,0.2,0.7,121.6,0.0,21.2,6.5,0.0,0.097,21.2,0.0,1.4,0.3,0.0,1.0,10.0,1.0,0.2,0.0,0.0,0.4,0.0,28.4,0.3,7.3,78.5,1.0,227.1,310.6,0.1,1.8,186.8,FOOD-DATA-GROUP2,14.661134163208853,84.09405255878285,1.2448132780082988,0.1729200652528548,601,3.5215946843853816,1.0797342192691028,0.0,10.0,0.0001611295681063123,0,0,0,0
269,269,quinoa dry,221,3.6,0.4,1.0,2.0,38.5,0.0,8.5,4.2,0.0,0.026,8.0,0.0,0.2,0.1,0.0,0.2,0.9,0.5,0.3,0.0,0.0,1.5,0.0,28.2,0.4,2.7,118.2,1.2,274.2,337.8,0.056,1.9,85.7,FOOD-DATA-GROUP2,16.798418972332016,76.08695652173913,7.114624505928854,0.21518987341772153,221,3.8288288288288284,1.891891891891892,0.0,8.4,0.00011711711711711711,0,0,0,0
270,270,wheat shredded,155,1.0,0.2,0.2,0.6,36.2,0.4,5.2,5.5,0.0,0.086,2.8,0.0,0.1,0.002,0.0,0.01,2.4,0.1,0.5,4.6,0.0,0.0,0.041,23.0,0.2,1.4,61.2,1.2,170.2,173.0,0.06,1.4,76.9,FOOD-DATA-GROUP2,12.264150943396226,85.37735849056604,2.3584905660377355,0.13978494623655913,155,3.3333333333333335,3.5256410256410255,1.075268817204301,10.0,0.0005512820512820512,0,0,0,0
271,271,cattail,5,0.0,0.0,0.0,0.0,1.0,0.074,0.2,0.9,0.0,0.031,17.6,0.0,0.075,0.005,0.0,0.054,0.082,0.089,0.012,0.1,0.0,0.0,0.021,10.3,0.03,0.2,12.0,0.1,8.6,58.7,0.091,0.064,12.7,FOOD-DATA-GROUP2,16.666666666666668,83.33333333333334,0.0,0.1,5,3.3333333333333335,15.0,3.6999999999999997,1.8,0.005166666666666667,0,0,0,0
272,272,peanut granola bar,116,5.7,0.8,1.7,2.9,15.0,8.2,2.4,0.7,0.0,0.006,0.6,0.062,0.006,0.01,0.0,0.008,0.5,0.1,0.023,0.012,0.0,1.3,0.095,9.8,0.02,0.6,13.2,0.3,33.4,69.8,0.061,0.3,34.218,FOOD-DATA-GROUP2,10.38961038961039,64.93506493506494,24.675324675324678,0.15,116,2.051282051282051,0.5982905982905983,51.24999999999999,1.4,5.1282051282051286e-05,0,0,0,0
273,273,vanilla bluberry bar kind,49,1.4,8.4,2.5,0.7,0.9,0.096,0.0,0.0,0.0,0.0,0.0,0.0,0.0,0.0,0.0,0.0,0.0,0.0,0.0,0.0,0.0,0.0,0.0,0.0,0.0,0.0,0.0,0.0,0.0,0.0,0.0,0.0,2.3,FOOD-DATA-GROUP2,0.0,39.130434782608695,60.86956521739131,0.0,49,0.0,0.0,5.052631578947369,0.0,0.0,0,0,1,0
274,274,coconut granola bar,150,9.1,6.4,1.4,0.9,15.6,9.7,1.5,1.8,0.0,0.006,1.7,0.0,0.041,0.008,0.053,0.064,0.1,0.0,0.056,0.1,0.0,0.019,0.072,11.9,0.045,0.5,15.8,0.0,43.6,71.9,0.053,0.3,40.5,FOOD-DATA-GROUP2,5.725190839694656,59.54198473282442,34.732824427480914,0.09036144578313252,150,0.9933774834437087,1.1920529801324504,58.43373493975903,3.6,3.9735099337748346e-05,0,0,1,0
275,275,almond granola bar,119,6.1,3.0,1.9,0.9,14.9,0.0,1.8,1.2,0.0,0.067,0.7,0.0,0.031,0.009,0.0,0.0,0.1,0.1,0.077,0.0,0.0,0.0,0.0,7.7,0.017,0.6,19.4,0.3,54.7,65.5,0.06,0.4,32.3,FOOD-DATA-GROUP2,7.894736842105264,65.35087719298247,26.75438596491228,0.11320754716981132,119,1.5000000000000002,1.0,0.0,2.4,0.0005583333333333333,0,0,0,0
276,276,chocolate chip granola bar,105,3.9,2.7,0.6,0.3,17.3,0.0,1.8,1.1,0.0,0.062,0.6,0.0,0.076,0.014,0.0,0.071,0.1,0.1,0.057,0.1,0.0,0.0,0.0,18.5,0.008,0.7,17.3,0.4,49.0,60.2,0.018,0.5,43.38,FOOD-DATA-GROUP2,7.82608695652174,75.21739130434783,16.956521739130434,0.09836065573770492,105,1.6981132075471699,1.037735849056604,0.0,2.2,0.0005849056603773585,0,0,0,0
277,277,fruit granola bar,82,0.2,0.034,0.032,0.093,18.6,13.3,1.4,1.8,0.0,0.028,3.3,0.0,0.006,0.007,0.002,0.009,0.034,0.0,0.4,0.4,0.0,0.071,0.099,0.7,0.003,1.0,12.0,0.0,29.3,52.8,0.052,0.3,24.1,FOOD-DATA-GROUP2,6.93069306930693,92.0792079207921,0.9900990099009901,0.07142857142857142,82,1.6867469879518073,2.1686746987951806,67.85714285714286,3.6,0.00033734939759036143,0,0,0,0
278,278,granola bar,99,4.2,0.5,0.9,2.5,13.5,6.0,2.1,1.1,0.0,0.084,0.8,0.0,0.059,0.011,0.0,0.061,0.3,0.2,0.003,0.2,0.0,0.4,0.022,12.8,0.081,0.6,20.4,0.4,58.2,70.6,0.027,0.4,34.5,FOOD-DATA-GROUP2,10.606060606060606,68.18181818181817,21.21212121212121,0.14482758620689656,99,2.1,1.1,41.37931034482759,2.2,0.00084,0,0,0,0
279,279,peanut bar,209,13.5,1.9,6.7,4.3,19.0,16.9,6.2,1.6,0.0,0.059,0.6,0.0,0.051,0.042,0.0,0.093,3.2,0.3,0.089,0.0,0.0,1.6,0.0,31.2,0.3,0.4,44.0,0.5,123.2,162.8,0.043,1.6,71.9,FOOD-DATA-GROUP2,16.020671834625322,49.09560723514211,34.883720930232556,0.31,209,2.9523809523809526,0.7619047619047619,84.5,3.2,0.0002809523809523809,0,1,0,0
280,280,milk cereal bar,103,2.7,2.3,0.3,0.01,18.0,11.5,1.6,0.1,1.5,0.087,2.2,0.085,0.2,0.094,0.046,0.2,2.0,0.1,0.2,3.9,0.027,0.1,0.002,102.5,0.028,1.5,5.3,0.055,38.8,63.5,0.041,0.2,130.334,FOOD-DATA-GROUP2,7.174887892376682,80.71748878923766,12.10762331838565,0.08421052631578947,103,1.5384615384615385,0.09615384615384616,60.526315789473685,0.2,0.0008365384615384615,0,0,0,0
281,281,almond rice bar,128,5.7,1.1,2.1,2.2,18.1,0.0,2.0,1.0,0.0,0.0,1.9,0.0,0.4,0.0,0.0,0.4,4.9,0.2,0.5,3.2,0.0,0.0,0.0,20.7,0.057,1.8,19.9,0.4,46.8,64.1,0.0,1.5,52.5,FOOD-DATA-GROUP2,7.751937984496124,70.15503875968993,22.093023255813954,0.10471204188481674,128,1.550387596899225,0.7751937984496124,0.0,2.0,0.0,0,0,0,0
282,282,fruit nut squares,55,1.3,0.1,0.2,1.0,10.3,6.4,0.3,0.3,0.0,0.086,1.9,0.0,0.033,0.021,0.0,0.014,0.008,0.099,0.049,0.065,0.0,0.004,0.068,2.4,0.054,0.1,3.5,0.052,7.6,11.5,0.068,0.034,14.762,FOOD-DATA-GROUP2,2.521008403361344,86.55462184873949,10.924369747899158,0.026548672566371678,55,0.5357142857142857,0.5357142857142857,56.63716814159292,0.6,0.0015357142857142857,0,0,0,0
283,283,rice wheat cereal bar,90,2.0,0.0,1.4,0.5,16.0,7.0,2.0,0.4,0.0,0.1,1.7,0.0,0.2,0.013,0.0,0.2,2.0,0.018,0.2,0.0,0.0,0.6,0.058,6.8,0.01,0.6,10.1,0.3,29.9,31.5,0.097,0.4,27.8,FOOD-DATA-GROUP2,10.0,80.0,10.0,0.11764705882352941,90,2.197802197802198,0.43956043956043955,41.17647058823529,0.8,0.001098901098901099,0,0,0,0
284,284,crisped rice bar,113,3.8,1.5,1.1,1.0,20.4,0.0,1.4,0.6,0.0,0.01,2.0,0.0,0.1,0.019,0.0,0.2,2.0,0.0,0.2,0.0,0.0,0.0,0.0,5.9,0.045,1.8,13.4,0.3,37.5,47.0,0.02,0.2,33.9,FOOD-DATA-GROUP2,5.46875,79.6875,14.84375,0.06542056074766354,113,1.2280701754385965,0.5263157894736842,0.0,1.2,8.771929824561404e-05,0,0,0,0
285,285,brown rice raw,685,5.4,1.1,2.0,1.9,142.9,1.6,14.7,6.5,0.0,0.086,19.2,0.0,0.7,0.014,0.0,0.2,9.4,2.8,0.9,0.0,0.0,2.2,0.024,42.6,0.5,2.7,264.6,6.9,616.1,412.6,0.038,3.7,214.8,FOOD-DATA-GROUP2,9.018404907975459,87.66871165644173,3.3128834355828225,0.10215427380125086,685,2.142857142857143,0.9475218658892128,1.111883252258513,10.0,0.00012536443148688045,0,0,0,0
286,286,rice pilaf cooked,352,8.8,1.8,3.7,3.0,61.1,0.6,7.0,1.4,0.0,1.0,158.2,0.055,0.4,0.0,0.0,0.012,4.4,0.6,0.3,0.0,0.0,0.6,0.0,69.0,0.1,2.0,26.2,0.7,114.2,164.2,0.049,0.9,149.399,FOOD-DATA-GROUP2,9.102730819245775,79.45383615084526,11.443433029908975,0.11272141706924316,352,1.9830028328611897,0.3966005665722379,0.966183574879227,2.8,0.0028328611898017,0,0,0,0
287,287,beef flavored rice raw,657,2.3,0.0,0.0,0.0,139.1,0.0,19.8,2.9,0.0,2.4,15.1,0.0,1.3,0.0,0.0,0.2,9.7,1.0,0.3,0.0,0.0,0.3,0.0,58.6,0.3,5.2,62.2,1.7,228.8,309.3,0.068,2.5,227.9,FOOD-DATA-GROUP2,12.28287841191067,86.29032258064515,1.4267990074441685,0.14132762312633834,657,3.009118541033435,0.44072948328267475,0.0,5.8,0.00364741641337386,0,0,0,0
288,288,wild rice cooked,166,0.6,0.078,0.03,0.3,35.0,1.2,6.5,3.0,0.0,0.008,121.2,0.0,0.044,0.051,0.0,0.1,2.1,0.3,0.2,0.0,0.0,0.4,0.047,4.9,0.2,1.0,52.5,0.5,134.5,165.6,0.016,2.2,51.0,FOOD-DATA-GROUP2,15.439429928741092,83.1353919239905,1.4251781472684084,0.18055555555555555,166,3.8922155688622757,1.7964071856287425,3.3333333333333335,6.0,4.790419161676647e-05,0,0,0,0
289,289,wild rice raw,571,1.7,0.2,0.3,1.1,119.8,4.0,23.6,9.9,0.0,0.051,12.4,0.0,0.2,0.2,0.0,0.4,10.8,1.7,0.6,0.0,0.0,1.3,0.004,33.6,0.8,3.1,283.2,2.1,692.8,683.2,0.025,9.5,191.7,FOOD-DATA-GROUP2,16.26464507236389,82.56374913852515,1.1716057891109581,0.19536423841059605,571,4.125874125874126,1.7307692307692308,3.3112582781456954,10.0,8.916083916083916e-05,0,0,0,0
290,290,congee with pork shrimp and squid plus egg,178,0.3,39.3,2.8,0.0,0.0,0.0,0.0,0.0,0.0,0.0,0.0,0.0,0.0,0.0,0.0,0.0,0.0,0.0,0.0,0.0,0.0,0.0,0.0,0.0,0.0,0.0,0.0,0.0,0.0,0.0,0.0,0.0,0.3,FOOD-DATA-GROUP2,0.0,0.0,100.0,0.0,178,0.0,0.0,0.0,0.0,0.0,0,0,1,0
291,291,white rice pasta cooked,246,5.7,1.1,2.3,1.9,43.3,0.0,5.1,5.1,2.0,1.1,144.9,0.0,0.2,0.074,0.0,0.2,3.6,0.6,0.2,0.4,0.0,0.0,0.0,16.2,0.048,1.9,24.2,0.4,74.7,84.8,0.0,0.6,77.7,FOOD-DATA-GROUP2,9.426987060998151,80.03696857670978,10.536044362292053,0.11512415349887133,246,2.064777327935223,2.064777327935223,0.0,10.0,0.004453441295546559,0,0,0,0
292,292,chicken flavored rice raw,601,2.2,0.7,0.6,0.8,127.3,4.0,17.9,2.0,0.0,2.1,13.8,0.0,1.0,0.0,0.0,0.2,8.6,0.9,0.3,0.0,0.0,0.3,0.0,30.2,0.3,4.7,52.1,1.7,211.7,257.0,0.011,2.3,184.3,FOOD-DATA-GROUP2,12.143826322930801,86.36363636363637,1.4925373134328361,0.13951675759937643,601,2.973421926910299,0.33222591362126247,3.1176929072486357,4.0,0.0034883720930232558,0,0,0,0
293,293,instant white rice raw,361,0.9,0.1,0.1,0.2,78.2,0.026,7.4,1.8,0.0,0.039,8.0,0.0,0.9,0.3,0.0,0.044,6.7,0.4,0.1,0.0,0.0,0.079,0.095,20.9,0.2,6.0,13.3,0.9,112.1,25.7,0.011,1.4,115.2,FOOD-DATA-GROUP2,8.554913294797686,90.40462427745663,1.0404624277456647,0.09343434343434344,361,2.0441988950276246,0.49723756906077354,0.03282828282828283,3.6,0.00010773480662983425,0,0,0,0
294,294,rice crisps,107,0.4,0.065,0.017,0.09,24.1,2.3,1.8,0.2,0.0,0.2,1.1,0.2,0.6,0.0,0.0,0.7,7.3,0.006,0.8,12.9,0.0,0.003,0.0,1.4,0.08,2.9,6.7,0.3,26.9,30.2,0.096,0.3,43.9,FOOD-DATA-GROUP2,6.844106463878327,91.63498098859316,1.520912547528517,0.07171314741035856,107,1.6666666666666667,0.1851851851851852,9.163346613545816,0.4,0.001851851851851852,0,0,0,0
295,295,parboiled white rice raw,692,1.9,0.5,0.5,0.6,149.6,0.6,13.9,3.3,0.0,0.055,18.2,0.0,1.1,0.5,0.0,0.054,9.3,1.2,0.8,0.0,0.0,0.088,0.078,131.4,0.5,6.2,50.0,1.9,283.1,321.9,0.038,1.9,306.3,FOOD-DATA-GROUP2,8.403869407496977,90.44740024183795,1.1487303506650544,0.09229747675962816,692,2.005772005772006,0.47619047619047616,0.398406374501992,6.6,7.936507936507937e-05,0,0,0,0
296,296,instant white rice cooked,193,0.8,0.088,0.1,0.032,41.4,0.0,3.6,1.0,0.0,0.001,118.8,0.0,0.1,0.1,0.0,0.059,2.9,0.075,0.059,0.0,0.0,0.008,0.0,13.2,0.088,2.9,8.3,0.6,61.1,14.9,0.006,0.8,62.9,FOOD-DATA-GROUP2,7.860262008733625,90.39301310043668,1.7467248908296946,0.0849056603773585,193,1.8556701030927836,0.5154639175257731,0.0,2.0,5.154639175257732e-06,0,0,0,0
297,297,rice pilaf raw,732,2.8,0.0,0.0,0.0,155.7,3.1,21.3,2.4,0.0,2.7,16.4,0.088,1.2,0.0,0.0,0.2,12.5,1.5,0.8,0.0,0.0,0.066,0.0,169.3,0.3,5.0,65.3,1.8,314.2,383.5,0.037,2.1,356.56,FOOD-DATA-GROUP2,11.846496106785317,86.59621802002223,1.5572858731924357,0.13592852584556478,732,2.9058663028649385,0.3274215552523874,1.9783024888321634,4.8,0.003683492496589359,0,0,0,0
298,298,rice cracker cake,111,1.2,0.2,0.4,0.4,23.0,0.2,2.0,1.2,0.0,0.097,1.6,0.0,0.011,0.092,0.0,0.049,2.2,0.0,0.057,0.0,0.0,0.4,0.063,3.1,0.1,0.4,37.1,0.0,101.9,121.1,0.06,0.8,30.9,FOOD-DATA-GROUP2,7.633587786259542,87.78625954198473,4.580152671755725,0.08333333333333333,111,1.7857142857142856,1.0714285714285714,0.8333333333333334,2.4,0.0008660714285714286,0,0,0,0
299,299,parboiled white rice cooked,194,0.6,0.1,0.1,0.1,41.2,0.2,4.6,1.4,0.0,0.088,111.2,0.0,0.3,0.1,0.0,0.098,3.6,0.5,0.2,0.0,0.0,0.074,0.0,30.0,0.1,2.9,14.2,0.6,86.9,88.5,0.055,0.6,80.7,FOOD-DATA-GROUP2,9.913793103448274,88.79310344827586,1.2931034482758619,0.10900473933649288,194,2.3589743589743586,0.7179487179487178,0.47393364928909953,2.8,0.00045128205128205126,0,0,0,0
300,300,white rice steamed,199,0.4,0.0,0.0,0.0,44.7,0.0,4.2,1.2,0.0,0.009,82.5,0.0,0.031,0.01,0.0,0.012,0.7,0.0,0.006,0.0,0.0,0.0,0.0,6.6,0.027,0.5,6.6,0.6,43.6,26.4,0.0,0.9,57.6,FOOD-DATA-GROUP2,8.519269776876268,90.66937119675457,0.8113590263691683,0.09190371991247265,199,2.1,0.6,0.0,2.4,4.4999999999999996e-05,0,0,0,0
301,301,brown rice cake,35,0.3,0.062,0.083,0.005,7.3,0.047,0.7,0.4,0.0,0.024,0.5,0.0,0.013,0.025,0.0,0.079,0.7,0.012,0.071,0.0,0.0,0.1,0.096,1.0,0.08,0.1,11.8,0.3,32.4,26.1,0.099,0.3,9.8,FOOD-DATA-GROUP2,8.433734939759036,87.95180722891565,3.614457831325301,0.08433734939759036,35,1.9444444444444444,1.1111111111111112,0.5662650602409638,0.8,0.0006666666666666666,0,0,0,0
302,302,glutinous white rice raw,685,1.0,0.2,0.4,0.4,151.1,0.0,12.6,5.2,0.0,0.015,19.4,0.0,0.3,0.017,0.0,0.1,4.0,1.5,0.2,0.0,0.0,0.0,0.0,20.4,0.3,3.0,42.6,1.8,131.4,142.5,0.038,2.2,193.3,FOOD-DATA-GROUP2,7.650273224043716,91.74256223436552,0.6071645415907712,0.08284023668639054,685,1.8367346938775508,0.7580174927113703,0.0,10.0,2.186588921282799e-05,0,0,0,0
303,303,white rice pasta raw,600,4.0,0.7,1.0,1.6,122.8,0.0,15.3,0.0,3.3,3.0,11.6,0.0,1.2,0.3,0.007,0.4,11.4,1.1,0.2,1.0,0.0,0.0,0.0,75.0,0.4,6.5,65.2,1.7,257.5,340.7,0.099,2.0,224.6,FOOD-DATA-GROUP2,10.767065446868404,86.41801548205488,2.814919071076707,0.1235864297253635,600,2.545757071547421,0.0,0.0,0.0,0.004991680532445923,0,0,0,0
304,304,glutinous white rice cooked,169,0.3,0.056,0.1,0.1,36.7,0.078,3.5,1.7,0.0,0.027,133.3,0.0,0.01,0.012,0.0,0.025,0.5,0.4,0.033,0.0,0.0,0.031,0.0,3.5,0.017,0.2,8.7,0.5,13.9,17.4,0.072,0.7,45.9,FOOD-DATA-GROUP2,8.641975308641975,90.61728395061729,0.7407407407407407,0.09283819628647214,169,2.0588235294117645,1.0,0.2068965517241379,3.4,0.0001588235294117647,0,0,0,0
305,305,brown rice cooked,218,1.6,0.3,0.6,0.6,45.8,0.7,4.5,3.5,0.0,0.086,142.3,0.0,0.2,0.007,0.0,0.016,2.6,0.6,0.3,0.0,0.0,0.074,0.071,19.5,0.2,1.0,85.8,1.8,150.2,154.1,0.093,1.2,75.9,FOOD-DATA-GROUP2,8.670520231213873,88.24662813102118,3.082851637764933,0.09615384615384616,218,2.054794520547945,1.5981735159817352,1.4957264957264957,7.0,0.0003926940639269406,0,0,0,0
306,306,beef flavored rice cooked,319,7.9,2.1,3.5,2.9,54.4,0.0,7.0,1.5,0.0,0.9,175.2,0.0,0.4,0.0,0.0,0.04,3.3,0.4,0.022,0.0,0.0,0.7,0.0,24.7,0.1,2.2,24.7,0.6,81.5,118.6,0.063,1.0,97.7,FOOD-DATA-GROUP2,10.1010101010101,78.4992784992785,11.399711399711402,0.1263537906137184,319,2.1875,0.46875,0.0,3.0,0.0028125,0,0,0,0
307,307,white rice cooked,205,0.4,0.1,0.1,0.1,44.5,0.015,4.3,0.6,0.0,0.077,108.1,0.0,0.3,0.073,0.0,0.009,2.3,0.6,0.1,0.0,0.0,0.031,0.0,15.8,0.1,1.9,19.0,0.7,67.9,55.3,0.059,0.8,67.5,FOOD-DATA-GROUP2,8.739837398373984,90.44715447154472,0.8130081300813009,0.0945054945054945,205,2.087378640776699,0.2912621359223301,0.03296703296703297,1.2,0.0003737864077669903,0,0,0,0
308,308,chicken flavored rice cooked,317,8.0,1.7,3.3,2.7,54.8,1.5,6.2,1.6,0.0,0.9,161.5,0.068,0.3,0.0,0.0,0.018,3.3,0.4,0.1,0.0,0.0,0.6,0.0,16.3,0.1,2.2,23.3,0.7,83.9,135.1,0.088,1.1,89.138,FOOD-DATA-GROUP2,8.985507246376812,79.42028985507245,11.594202898550725,0.11111111111111112,317,1.949685534591195,0.5031446540880504,2.6881720430107525,3.2,0.0028301886792452833,0,0,0,0
309,309,white rice raw,675,1.2,0.3,0.4,0.3,147.9,0.2,13.2,2.4,0.0,0.081,21.5,0.0,1.1,0.4,0.0,0.091,7.8,1.9,0.3,0.0,0.0,0.2,0.08,51.8,0.4,8.0,46.3,2.0,212.8,212.8,0.057,2.0,224.5,FOOD-DATA-GROUP2,8.133086876155268,91.12754158964881,0.7393715341959335,0.08865010073875083,675,1.9526627218934909,0.35502958579881655,0.1343183344526528,4.8,0.00011982248520710059,0,0,0,0
310,310,cheese imitation,441,36.2,6.6,16.0,12.0,1.1,1.1,28.3,0.0,17.0,0.8,42.9,0.1,0.053,0.098,0.034,0.4,0.093,0.0,0.034,0.0,0.0,0.3,0.037,796.7,0.05,0.8,33.9,0.0,598.9,62.2,0.063,3.4,863.2,FOOD-DATA-GROUP2,43.14024390243902,1.6768292682926826,55.18292682926828,13.476190476190476,441,6.402714932126698,0.0,52.38095238095239,0.0,0.0018099547511312218,0,0,1,0
311,311,cheshire cheese,110,8.7,5.5,2.5,0.2,1.4,0.0,6.6,0.0,29.1,0.2,10.7,0.004,0.082,0.074,0.071,0.099,0.071,0.1,0.075,0.0,0.0,0.0,0.0,182.0,0.035,0.005,5.9,0.02,131.3,26.9,0.006,0.8,198.767,FOOD-DATA-GROUP2,39.52095808383233,8.383233532934131,52.09580838323353,2.75,110,5.945945945945946,0.0,0.0,0.0,0.0018018018018018018,0,0,1,0
312,312,monterey cheese,421,34.2,21.5,9.9,1.0,0.8,0.6,27.7,0.0,100.6,0.7,46.3,0.2,0.068,0.002,0.022,0.4,0.1,0.2,0.072,0.0,0.089,0.3,0.036,843.0,0.019,0.8,30.5,0.061,501.7,91.5,0.021,3.4,906.7,FOOD-DATA-GROUP2,44.1786283891547,1.2759170653907497,54.545454545454554,15.388888888888888,421,6.563981042654028,0.0,33.33333333333333,0.0,0.0016587677725118483,0,0,1,1
313,313,edam cheese,107,8.3,5.6,2.4,0.2,0.4,0.0,7.5,0.0,26.7,0.3,12.5,0.03,0.08,0.048,0.086,0.1,0.004,0.029,0.014,0.0,0.055,0.03,0.084,219.3,0.072,0.1,9.0,0.08,160.8,56.4,0.028,1.1,235.628,FOOD-DATA-GROUP2,46.29629629629628,2.4691358024691357,51.23456790123456,5.357142857142858,107,6.944444444444445,0.0,0.0,0.0,0.002777777777777778,0,0,1,0
314,314,fontina cheese,420,33.6,20.7,9.4,1.8,1.7,1.7,27.6,0.0,125.3,0.9,41.0,0.3,0.018,0.1,0.044,0.2,0.2,0.5,0.072,0.0,0.044,0.3,0.021,594.0,0.087,0.2,15.1,0.03,373.7,69.1,0.052,3.8,657.4,FOOD-DATA-GROUP2,43.87917329093799,2.7027027027027026,53.4181240063593,10.222222222222221,420,6.55581947743468,0.0,62.962962962962955,0.0,0.002137767220902613,0,0,1,1
315,315,monterey cheese low fat,350,24.4,15.9,6.4,0.9,0.8,0.6,31.9,0.0,73.5,0.6,52.0,0.2,0.04,0.049,0.007,0.4,0.1,0.0,0.077,0.0,0.002,0.2,0.074,796.7,0.089,0.8,30.5,0.0,501.7,91.5,0.03,3.4,854.8,FOOD-DATA-GROUP2,55.86690017513135,1.4010507880910685,42.73204903677759,17.72222222222222,350,9.08831908831909,0.0,33.33333333333333,0.0,0.0017094017094017094,0,0,1,0
316,316,colby cheese,445,36.3,22.8,10.5,1.1,2.9,0.6,26.8,0.0,107.4,0.7,43.2,0.3,0.029,0.071,0.089,0.4,0.1,0.2,0.084,0.0,0.053,0.3,0.073,774.1,0.047,0.9,29.4,0.01,516.4,143.5,0.023,3.5,841.3,FOOD-DATA-GROUP2,40.60606060606061,4.393939393939394,54.99999999999999,6.871794871794872,445,6.008968609865471,0.0,15.384615384615385,0.0,0.001569506726457399,0,0,1,1
317,317,american cheese,93,7.9,4.5,2.1,0.3,0.9,0.6,4.5,0.0,25.0,0.4,9.9,0.036,0.064,0.069,0.012,0.068,0.023,0.1,0.06,0.0,0.007,0.2,0.093,261.3,0.034,0.2,6.5,0.086,160.3,33.0,0.014,0.6,274.886,FOOD-DATA-GROUP2,33.83458646616541,6.7669172932330826,59.3984962406015,2.368421052631579,93,4.787234042553192,0.0,31.57894736842105,0.0,0.00425531914893617,0,0,0,0
318,318,blue cheese,106,8.6,5.6,2.3,0.2,0.7,0.2,6.4,0.0,22.5,0.3,12.7,0.018,0.008,0.03,0.011,0.1,0.3,0.5,0.015,0.0,0.087,0.09,0.047,158.4,0.004,0.063,6.9,0.054,116.1,76.8,0.035,0.8,174.154,FOOD-DATA-GROUP2,40.76433121019109,4.45859872611465,54.77707006369427,3.7647058823529416,106,5.981308411214954,0.0,11.764705882352942,0.0,0.002803738317757009,0,0,1,0
0,0,nectarine,66,0.5,0.066,0.1,0.2,15.8,11.8,1.6,2.6,0.0,0.0,131.4,0.0,0.0,0.026,0.037,0.0,0.032,1.7,0.3,0.007,8.1,0.0,1.2,0.081,9.0,0.1,0.4,13.5,0.002,39.0,301.5,0.0,20.735,FOOD-DATA-GROUP3,8.938547486033519,88.26815642458101,2.793296089385475,0.09523809523809523,66,2.3880597014925375,3.880597014925373,70.23809523809524,5.2,0.0,0,0,0,0
1,1,kiwifruit gold,51,0.2,0.008,0.099,0.051,12.8,10.0,0.8,1.1,0.0,0.046,66.8,0.091,0.0,0.051,0.058,0.07,0.2,0.4,0.067,130.7,0.0,1.1,0.074,13.8,0.1,0.2,9.7,0.072,20.3,255.2,0.003,0.077,159.686,FOOD-DATA-GROUP3,5.797101449275362,92.7536231884058,1.4492753623188406,0.057971014492753624,51,1.5384615384615385,2.1153846153846154,72.46376811594203,2.2,0.0008846153846153846,0,0,0,0
2,2,prickly pear raw,8,0.072,0.0,0.0,0.0,1.9,0.2,0.001,1.0,0.0,0.065,17.0,0.0,0.058,0.0,0.0,0.038,0.04,0.0,0.078,2.1,0.0,0.0,0.018,34.2,0.051,0.021,13.1,0.1,2.1,24.7,0.023,0.073,39.263,FOOD-DATA-GROUP3,0.05068423720223011,96.3000506842372,3.649265078560568,0.0003448275862068966,8,0.011111111111111112,11.11111111111111,6.896551724137931,2.0,0.007222222222222223,0,0,0,0
3,3,pineapple,45,0.1,0.074,0.001,0.087,11.8,8.9,0.5,1.3,0.0,0.099,77.4,0.0,0.0,0.085,0.033,0.0,0.014,0.5,0.2,0.1,43.0,0.0,0.078,0.061,11.7,0.091,0.3,10.8,0.8,7.2,98.1,0.061,13.97,FOOD-DATA-GROUP3,4.032258064516129,95.16129032258065,0.8064516129032258,0.0390625,45,1.0869565217391304,2.8260869565217392,69.53125,2.6,0.0021521739130434783,0,0,0,0
4,4,rowan,253,4.6,0.6,0.0,0.0,54.5,32.1,5.2,14.1,0.0,0.083,162.8,0.0,0.0,0.0,0.0,0.0,0.0,0.0,0.0,58.8,0.0,0.0,0.0,34.2,2.4,5.0,73.0,0.4,118.6,298.7,0.0,1.0,176.4,FOOD-DATA-GROUP3,8.087091757387247,84.75894245723174,7.153965785381026,0.0936936936936937,253,2.047244094488189,5.551181102362205,57.83783783783784,10.0,0.0003267716535433071,0,1,0,0
5,5,muscadine grapes,3,0.056,0.0,0.0,0.0,0.8,0.0,0.014,0.2,0.0,0.024,5.1,0.0,0.0,0.046,0.0,0.0,0.0,0.0,0.0,0.0,0.0,0.0,0.0,2.2,0.023,0.014,0.8,0.1,1.4,12.2,0.0,0.027,3.38,FOOD-DATA-GROUP3,1.6091954022988506,91.95402298850574,6.436781609195402,0.0077777777777777776,3,0.35000000000000003,5.0,0.0,0.4,0.006,0,0,0,0
6,6,heidelbeeren jutro,17,0.2,0.039,2.5,2.4,0.4,0.0,0.0,0.0,0.0,0.0,0.0,0.0,0.0,0.0,0.0,0.0,0.0,0.0,0.0,0.0,0.0,0.0,0.0,0.0,0.0,0.0,0.0,0.0,0.0,0.0,0.0,0.0,0.6,FOOD-DATA-GROUP3,0.0,66.66666666666666,33.33333333333333,0.0,17,0.0,0.0,0.0,0.0,0.0,0,0,0,0
7,7,prunes stewed,316,0.7,0.085,0.5,0.1,83.2,0.0,3.4,0.0,0.0,0.039,190.4,0.0,0.1,0.0,0.0,0.011,2.8,0.3,0.5,0.0,0.0,0.0,0.0,67.2,0.6,3.3,58.8,0.3,103.6,988.4,0.0,0.7,157.8,FOOD-DATA-GROUP3,3.894616265750286,95.30355097365405,0.8018327605956471,0.04038004750593824,316,1.0725552050473186,0.0,0.0,0.0,0.00012302839116719243,0,0,0,0
8,8,tangerine,40,0.2,0.07,0.097,0.05,10.1,8.0,0.6,1.4,0.0,0.056,64.7,0.0,0.068,0.05,0.0,0.024,0.3,0.2,0.096,20.3,0.0,0.2,0.0,28.1,0.001,0.1,9.1,0.057,15.2,126.2,0.008,0.078,60.8,FOOD-DATA-GROUP3,5.5045871559633035,92.6605504587156,1.8348623853211015,0.05405405405405406,40,1.4634146341463414,3.414634146341463,72.07207207207207,2.8,0.0013658536585365855,0,0,0,0
9,9,prunes,237,0.5,0.057,0.3,0.1,62.3,0.0,2.6,0.0,0.0,0.076,2.8,0.0,0.093,0.042,0.0,0.1,2.1,0.3,0.5,0.0,0.0,0.0,0.0,50.4,0.4,2.5,44.8,0.2,78.4,740.6,0.0,0.5,118.3,FOOD-DATA-GROUP3,3.9755351681957194,95.2599388379205,0.7645259938837922,0.0410742496050553,237,1.092436974789916,0.0,0.0,0.0,0.00031932773109243697,0,0,0,0
10,10,lemon peel,1,0.002,0.057,0.024,0.095,0.3,0.054,0.032,0.2,0.0,0.028,1.6,0.0,0.007,0.025,0.0,0.018,0.046,0.055,0.011,2.6,0.0,0.061,0.0,2.7,0.015,0.032,0.3,0.0,0.2,3.2,0.048,0.036,5.934,FOOD-DATA-GROUP3,9.580838323353294,89.82035928143713,0.5988023952095809,0.024615384615384615,1,1.6,10.0,4.153846153846154,0.4,0.014,0,0,0,0
11,11,banana,134,0.5,0.2,0.096,0.1,34.3,18.3,1.6,3.9,0.0,0.055,112.4,0.0,0.0,0.085,0.045,0.0,0.1,1.0,0.5,0.6,13.1,0.0,0.2,0.035,7.5,0.1,0.4,40.5,0.4,33.0,537.0,0.049,41.084,FOOD-DATA-GROUP3,4.395604395604396,94.23076923076923,1.3736263736263736,0.045325779036827205,134,1.1851851851851853,2.888888888888889,51.84135977337111,7.8,0.00040740740740740744,0,1,0,0
12,12,raspberries,5,0.034,0.005,0.063,0.098,1.2,0.4,0.1,0.7,0.0,0.054,8.6,0.0,0.0,0.067,0.064,0.0,0.074,0.097,0.087,0.068,2.6,0.0,0.025,0.031,2.5,0.034,0.015,2.2,0.017,2.9,15.1,0.028,2.207,FOOD-DATA-GROUP3,7.496251874062969,89.9550224887556,2.548725637181409,0.045454545454545456,5,1.6666666666666667,11.666666666666666,18.181818181818183,1.4,0.009,0,0,0,0
13,13,apricot,17,0.1,0.03,0.099,0.028,3.9,3.2,0.5,0.7,0.0,0.02,30.2,0.0,0.0,0.017,0.038,0.0,0.012,0.2,0.09,0.026,3.5,0.0,0.3,0.039,4.6,0.012,0.1,3.5,0.056,8.1,90.7,0.031,5.334,FOOD-DATA-GROUP3,11.11111111111111,86.66666666666667,2.2222222222222223,0.1020408163265306,17,2.7777777777777777,3.888888888888889,65.3061224489796,1.4,0.0011111111111111111,0,0,0,0
14,14,strawberry guava,4,0.008,0.039,0.004,0.041,1.0,0.0,0.01,0.3,0.0,0.059,4.8,0.0,0.0,0.0,0.0,0.062,0.064,0.0,0.0,2.2,0.0,0.0,0.0,1.3,0.0,0.071,1.0,0.0,1.6,17.5,0.0,0.0,4.931,FOOD-DATA-GROUP3,0.9823182711198428,98.23182711198429,0.7858546168958742,0.005,4,0.2,6.0,0.0,0.6,0.0118,0,0,0,0
15,15,kiwifruit green,42,0.4,0.095,0.084,0.2,10.1,6.2,0.8,2.1,0.0,0.096,57.3,0.0,0.0,0.067,0.089,0.0,0.066,0.2,0.1,0.086,64.0,0.0,1.0,0.091,23.5,0.002,0.2,11.7,0.064,23.5,215.3,0.034,13.588,FOOD-DATA-GROUP3,7.079646017699115,89.38053097345133,3.5398230088495577,0.07207207207207207,42,1.8604651162790697,4.883720930232558,55.855855855855864,4.2,0.0022325581395348836,0,0,0,0
16,16,figs,37,0.2,0.068,0.008,0.078,9.6,8.1,0.4,1.5,0.0,0.049,39.6,0.0,0.043,0.046,0.0,0.03,0.2,0.2,0.083,1.0,0.0,0.001,0.027,17.5,0.079,0.2,8.5,0.024,7.0,116.0,0.083,0.06,30.4,FOOD-DATA-GROUP3,3.921568627450981,94.11764705882352,1.9607843137254906,0.03773584905660378,37,1.0526315789473684,3.9473684210526314,76.41509433962264,3.0,0.0012894736842105263,0,0,0,0
17,17,clementine,35,0.1,0.0,0.0,0.0,8.9,6.8,0.6,1.3,0.0,0.044,64.1,0.0,0.0,0.052,0.063,0.0,0.06,0.5,0.1,0.018,36.1,0.0,0.1,0.0,22.2,0.093,0.1,7.4,0.035,15.5,131.0,0.0,10.954,FOOD-DATA-GROUP3,6.25,92.70833333333334,1.0416666666666667,0.0606060606060606,35,1.6666666666666667,3.6111111111111116,68.68686868686868,2.6,0.0012222222222222222,0,0,0,0
18,18,orange,86,0.2,0.008,0.099,0.005,21.6,17.2,1.7,4.4,0.0,0.0,159.6,0.0,0.0,0.2,0.08,0.0,0.089,0.5,0.5,0.1,97.9,0.0,0.3,0.0,73.6,0.094,0.2,18.4,0.057,25.8,333.0,0.035,28.073,FOOD-DATA-GROUP3,7.234042553191489,91.91489361702129,0.851063829787234,0.07522123893805309,86,1.9540229885057472,5.057471264367817,76.10619469026548,8.8,0.0,0,1,0,0
19,19,bartlett pear,112,0.3,0.0,0.0,0.0,26.6,17.2,0.7,5.5,0.0,0.047,148.9,0.0,0.051,0.023,0.0,0.018,0.3,0.04,0.01,7.8,0.0,0.2,0.028,15.9,0.1,0.3,10.6,0.091,19.5,178.8,0.044,0.1,57.1,FOOD-DATA-GROUP3,2.5362318840579707,96.37681159420289,1.0869565217391304,0.02536231884057971,112,0.6194690265486725,4.867256637168142,62.31884057971014,10.0,0.000415929203539823,0,1,0,0
20,20,red white currants,63,0.2,0.043,0.091,0.089,15.5,8.3,1.6,4.8,0.0,0.056,94.0,0.0,0.03,0.016,0.0,0.059,0.1,0.06,0.062,45.9,0.0,0.1,0.093,37.0,0.1,1.1,14.6,0.2,49.3,308.0,0.079,0.3,106.1,FOOD-DATA-GROUP3,9.248554913294797,89.59537572254335,1.1560693641618496,0.09696969696969697,63,2.5,7.5,50.303030303030305,9.6,0.000875,0,0,0,0
21,21,blueberries,84,0.5,0.047,0.043,0.2,21.4,14.7,1.1,3.6,0.0,0.015,124.6,0.0,0.0,0.086,0.074,0.0,0.016,0.6,0.2,0.058,14.4,0.0,0.8,0.041,8.9,0.063,0.4,8.9,0.5,17.8,114.0,0.027,26.767,FOOD-DATA-GROUP3,4.782608695652174,93.04347826086956,2.1739130434782608,0.04910714285714286,84,1.2941176470588238,4.235294117647059,65.625,7.2,0.0001764705882352941,0,0,0,0
22,22,mulberries,6,0.049,0.004,0.016,0.065,1.5,1.2,0.2,0.3,0.0,0.021,13.2,0.0,0.0,0.005,0.092,0.0,0.075,0.013,0.0,0.025,5.5,0.0,0.1,0.074,5.9,0.041,0.3,2.7,0.0,5.7,29.1,0.083,2.163,FOOD-DATA-GROUP3,11.435105774728417,85.76329331046313,2.8016009148084624,0.08,6,2.857142857142857,4.285714285714286,48.0,0.6,0.003,0,0,0,0
23,23,java plum,2,0.029,0.0,0.0,0.0,0.5,0.0,0.034,0.0,0.0,0.063,2.5,0.0,0.051,0.0,0.0,0.058,0.042,0.0,0.075,0.4,0.0,0.0,0.0,0.6,0.0,0.054,0.5,0.0,0.5,2.4,0.0,0.0,1.624,FOOD-DATA-GROUP3,6.039076376554174,88.80994671403197,5.150976909413854,0.02266666666666667,2,1.1333333333333333,0.0,0.0,0.0,0.021,0,0,0,0
24,24,prune puree,46,0.02,0.038,0.0,0.0,11.7,7.0,0.4,0.6,0.0,0.036,5.4,0.0,0.0,0.053,0.0,0.0,0.0,0.5,0.057,0.0,0.8,0.0,0.0,0.0,5.6,0.0,0.5,0.0,0.0,13.0,153.4,0.0,12.709,FOOD-DATA-GROUP3,3.3003300330033007,96.53465346534654,0.16501650165016504,0.03149606299212599,46,0.851063829787234,1.276595744680851,55.118110236220474,1.2,0.0007659574468085106,0,0,0,0
25,25,applesauce,102,0.2,0.028,0.036,0.09,27.5,22.9,0.4,2.7,0.0,0.031,215.3,0.0,0.0,0.07,0.029,0.0,0.085,0.2,0.1,0.08,2.4,0.0,0.4,0.043,9.8,0.014,0.6,7.3,0.074,12.2,180.6,0.007,30.923,FOOD-DATA-GROUP3,1.4234875444839858,97.86476868327402,0.7117437722419929,0.014035087719298246,102,0.38834951456310685,2.621359223300971,80.35087719298245,5.4,0.00030097087378640777,0,1,0,0
26,26,blackberries raw,62,0.7,0.076,0.03,0.4,13.8,7.0,2.0,7.6,0.0,0.05,126.9,0.0,0.03,0.045,0.0,0.054,0.9,0.4,0.037,30.2,0.0,1.7,0.082,41.8,0.2,0.9,28.8,0.9,31.7,233.3,0.008,0.8,97.0,FOOD-DATA-GROUP3,12.121212121212121,83.63636363636364,4.242424242424242,0.13513513513513511,62,3.1746031746031744,12.063492063492061,47.2972972972973,10.0,0.0007936507936507937,0,0,0,0
27,27,plum,30,0.2,0.062,0.003,0.022,7.5,6.5,0.5,0.9,0.0,0.0,57.6,0.0,0.0,0.077,0.036,0.0,0.021,0.3,0.033,0.038,6.3,0.0,0.2,0.047,4.0,0.056,0.1,4.6,0.016,10.6,103.6,0.0,9.21,FOOD-DATA-GROUP3,6.097560975609757,91.46341463414635,2.439024390243903,0.058823529411764705,30,1.6129032258064515,2.903225806451613,76.47058823529412,1.8,0.0,0,0,0,0
28,28,american grapes,2,0.087,0.029,0.082,0.074,0.4,0.4,0.035,0.09,0.0,0.056,2.0,0.0,0.06,0.049,0.0,0.025,0.045,0.05,0.061,0.032,0.0,0.027,0.052,0.3,0.094,0.099,0.1,0.1,0.2,4.6,0.03,0.091,0.93,FOOD-DATA-GROUP3,6.704980842911878,76.62835249042146,16.666666666666664,0.025000000000000005,2,1.1666666666666667,3.0,28.571428571428577,0.18,0.018666666666666668,0,0,0,0
29,29,peach,59,0.4,0.034,0.1,0.1,14.3,12.6,1.4,2.3,0.0,0.0,133.3,0.0,0.0,0.035,0.004,0.0,0.06,1.2,0.2,0.075,9.9,0.0,1.1,0.042,9.0,0.1,0.4,13.5,0.03,30.0,285.0,0.069,18.643,FOOD-DATA-GROUP3,8.695652173913041,88.81987577639751,2.484472049689441,0.0915032679738562,59,2.333333333333333,3.833333333333333,82.35294117647058,4.6,0.0,0,0,0,0
30,30,honeydew melon,64,0.2,0.055,0.049,0.1,16.1,14.4,1.0,1.4,0.0,0.062,159.0,0.0,0.092,0.052,0.0,0.066,0.7,0.3,0.2,31.9,0.0,0.043,0.083,10.6,0.007,0.3,17.7,0.003,19.5,403.6,0.099,0.2,61.5,FOOD-DATA-GROUP3,5.780346820809249,93.0635838150289,1.1560693641618496,0.05847953216374269,64,1.5384615384615385,2.1538461538461537,84.21052631578947,2.8,0.0009538461538461539,0,0,0,0
31,31,yellow plantain fried,399,12.7,3.1,3.9,3.8,68.9,36.8,2.4,5.4,0.0,0.079,82.9,0.0,0.1,0.0,0.0,0.061,1.4,1.0,0.5,0.0,0.0,1.9,0.05,10.1,0.2,1.0,76.1,0.5,72.7,856.8,0.077,0.4,100.5,FOOD-DATA-GROUP3,2.8571428571428568,82.02380952380952,15.119047619047615,0.03433476394849785,399,0.6,1.35,52.64663805436337,10.0,0.0001975,0,1,0,0
32,32,rose hips,206,0.4,0.0,0.0,0.0,48.5,3.3,2.0,30.6,0.0,0.035,74.5,0.0,0.048,0.085,0.0,0.2,1.7,1.0,0.078,541.0,0.0,7.4,0.05,214.6,0.1,1.3,87.6,1.3,77.5,544.8,0.0,0.3,838.4,FOOD-DATA-GROUP3,3.9292730844793713,95.28487229862476,0.7858546168958744,0.04040404040404041,206,0.966183574879227,14.782608695652174,6.666666666666667,10.0,0.00016908212560386474,0,0,0,0
33,33,lemons,17,0.2,0.063,0.046,0.031,5.4,1.5,0.6,1.6,0.0,0.045,51.6,0.0,0.085,0.023,0.0,0.066,0.056,0.1,0.085,30.7,0.0,0.075,0.0,15.1,0.09,0.3,4.6,0.036,9.3,80.0,0.044,0.065,53.9,FOOD-DATA-GROUP3,9.67741935483871,87.09677419354838,3.225806451612903,0.09374999999999999,17,3.3333333333333335,8.88888888888889,23.4375,3.2,0.0025,0,0,0,0
34,34,lime,20,0.1,0.087,0.002,0.095,7.1,1.1,0.5,1.9,0.0,0.082,59.1,0.0,0.067,0.07,0.0,0.034,0.1,0.1,0.055,19.5,0.0,0.1,0.085,22.1,0.052,0.4,4.0,0.013,12.1,68.3,0.076,0.011,51.6,FOOD-DATA-GROUP3,6.493506493506494,92.20779220779221,1.298701298701299,0.0617283950617284,20,2.380952380952381,9.047619047619047,13.580246913580249,3.8,0.003904761904761905,0,0,0,0
35,35,pomegranate,117,1.6,0.2,0.1,0.1,26.4,19.3,2.4,5.6,0.0,0.042,109.9,0.0,0.0,0.008,0.059,0.0,0.004,0.4,0.5,0.1,14.4,0.0,0.8,0.066,14.1,0.2,0.4,16.9,0.2,50.8,332.8,0.09,36.33,FOOD-DATA-GROUP3,7.894736842105263,86.8421052631579,5.2631578947368425,0.08759124087591241,117,2.0338983050847457,4.745762711864407,70.43795620437957,10.0,0.0003559322033898305,0,1,0,0
36,36,gooseberries,66,0.9,0.001,0.06,0.5,15.3,0.0,1.3,6.5,0.0,0.074,131.8,0.0,0.0,0.068,0.084,0.0,0.007,0.5,0.4,0.1,41.6,0.0,0.6,0.0,37.5,0.1,0.5,15.0,0.2,40.5,297.0,0.097,24.2,FOOD-DATA-GROUP3,7.428571428571429,87.42857142857143,5.142857142857142,0.07975460122699386,66,1.9402985074626864,9.701492537313433,0.0,10.0,0.0011044776119402985,0,0,0,0
37,37,asian pear,51,0.3,0.009,0.091,0.091,13.0,8.6,0.6,4.4,0.0,0.0,107.7,0.0,0.1,0.071,0.0,0.073,0.3,0.05,0.079,4.6,0.0,0.1,0.059,4.9,0.067,0.0,9.8,0.01,13.4,147.6,0.015,0.041,27.8,FOOD-DATA-GROUP3,4.316546762589928,93.5251798561151,2.158273381294964,0.04285714285714286,51,1.1538461538461537,8.461538461538462,61.42857142857142,8.8,0.0,0,0,0,0
38,38,abiyuch,157,0.2,0.065,0.0,0.0,40.1,19.5,3.4,12.1,0.0,0.093,182.2,0.0,0.0,0.0,0.0,0.0,0.0,0.0,0.0,123.3,0.0,0.0,0.0,18.2,0.1,3.7,54.7,0.4,107.2,693.1,0.0,0.7,201.0,FOOD-DATA-GROUP3,7.780320366132723,91.76201372997711,0.4576659038901602,0.0827250608272506,157,2.151898734177215,7.658227848101265,47.44525547445255,10.0,0.0005886075949367088,0,1,0,0
39,39,horned melon kiwano,92,2.6,0.0,0.0,0.0,15.8,0.0,3.7,0.0,0.0,0.095,185.9,0.0,0.042,0.04,0.0,0.016,1.2,0.4,0.1,11.1,0.0,0.0,0.0,27.2,0.043,2.4,83.6,0.043,77.3,257.1,0.0,1.0,62.8,FOOD-DATA-GROUP3,16.7420814479638,71.49321266968326,11.76470588235294,0.22023809523809523,92,3.978494623655914,0.0,0.0,0.0,0.0010215053763440861,0,0,0,0
40,40,fruit walnut salad mcdonalds,312,13.3,1.8,2.1,8.5,43.8,32.9,4.8,0.0,5.3,0.017,200.5,0.0,0.1,0.061,0.041,0.1,0.3,0.4,0.3,383.6,0.0,0.0,0.0,171.6,0.3,0.9,34.3,0.0,129.4,0.0,0.0,0.7,618.0,FOOD-DATA-GROUP3,7.754442649434573,70.75928917609048,21.486268174474965,0.10714285714285715,312,1.5335463258785942,0.0,73.4375,0.0,5.431309904153355e-05,0,1,0,0
41,41,grapefruit,53,0.2,0.092,0.048,0.006,13.3,8.6,1.0,2.0,0.0,0.0,110.1,0.0,0.0,0.051,0.01,0.0,0.032,0.3,0.3,0.027,39.0,0.0,0.2,0.0,27.5,0.087,0.1,11.3,0.067,22.5,168.8,0.032,16.592,FOOD-DATA-GROUP3,6.896551724137931,91.72413793103449,1.3793103448275863,0.06993006993006992,53,1.8518518518518516,3.7037037037037033,60.13986013986013,4.0,0.0,0,0,0,0
42,42,japanese persimmon,118,0.3,0.089,0.077,0.086,31.2,21.1,1.0,6.0,0.0,0.067,134.9,0.0,0.0,0.063,0.018,0.0,0.027,0.2,0.0,0.2,12.6,0.0,1.2,0.066,13.4,0.2,0.3,15.1,0.6,28.6,270.5,0.024,38.927,FOOD-DATA-GROUP3,3.076923076923077,96.0,0.923076923076923,0.03105590062111801,118,0.8403361344537815,5.042016806722689,65.527950310559,10.0,0.0005630252100840336,0,1,0,0
43,43,wild raspberries,81,0.4,0.0,0.0,0.0,18.0,7.2,1.5,9.8,0.0,0.09,109.8,0.0,0.091,0.023,0.0,0.1,1.3,0.4,0.1,34.3,0.0,0.7,0.071,46.8,0.1,0.8,33.8,0.5,53.3,227.5,0.0,0.6,111.6,FOOD-DATA-GROUP3,7.537688442211056,90.45226130653266,2.0100502512562817,0.07894736842105263,81,1.8292682926829267,11.951219512195124,37.89473684210527,10.0,0.001097560975609756,0,0,0,0
44,44,pink lady apple,18,0.1,0.0,0.0,0.0,3.9,0.0,0.1,0.0,0.0,0.0,0.0,0.0,0.0,0.0,0.0,0.0,0.0,0.0,0.0,0.0,0.0,0.0,0.0,0.0,0.0,0.0,0.0,0.0,0.0,0.0,0.0,0.0,4.1,FOOD-DATA-GROUP3,2.439024390243903,95.1219512195122,2.439024390243903,0.02040816326530612,18,0.5263157894736842,0.0,0.0,0.0,0.0,0,0,0,0
45,45,maraschino cherries,8,0.083,0.06,0.015,0.033,2.1,1.9,0.06,0.2,0.0,0.072,2.9,0.0,0.0,0.0,0.0,0.0,0.06,0.088,0.017,0.0,0.0,0.069,0.068,2.7,0.089,0.091,0.2,0.063,0.2,1.1,0.018,0.031,5.19,FOOD-DATA-GROUP3,2.674988854213107,93.62460989745875,3.700401248328131,0.019354838709677417,8,0.6666666666666666,2.2222222222222223,61.29032258064515,0.4,0.008,0,0,0,0
46,46,black currants,71,0.5,0.019,0.081,0.2,17.2,0.0,1.6,0.0,0.0,0.075,91.8,0.0,0.01,0.0,0.0,0.096,0.3,0.4,0.016,202.7,0.0,1.1,0.0,61.6,0.015,1.7,26.9,0.3,66.1,360.6,0.0,0.3,285.3,FOOD-DATA-GROUP3,8.290155440414509,89.11917098445595,2.5906735751295336,0.08791208791208792,71,2.2222222222222223,0.0,0.0,0.0,0.0010416666666666667,0,0,0,0
47,47,plantain cooked,179,0.3,0.1,0.02,0.052,48.0,21.6,1.2,3.5,0.0,0.079,103.6,0.0,0.064,0.005,0.0,0.036,1.2,0.4,0.4,16.8,0.0,0.2,0.024,3.1,0.1,0.9,49.3,0.0,43.1,716.1,0.087,0.2,73.8,FOOD-DATA-GROUP3,2.4242424242424243,96.96969696969697,0.6060606060606061,0.024489795918367346,179,0.6666666666666666,1.9444444444444444,44.08163265306123,7.0,0.0004388888888888889,0,1,0,0
48,48,crab apple,84,0.3,0.064,0.022,0.018,21.9,0.0,0.4,0.0,0.0,0.03,86.8,0.0,0.055,0.0,0.0,0.077,0.1,0.0,0.0,8.8,0.0,0.0,0.0,19.8,0.069,0.4,7.7,0.1,16.5,213.4,0.0,0.0,51.6,FOOD-DATA-GROUP3,1.769911504424779,96.90265486725664,1.3274336283185841,0.017467248908296946,84,0.4705882352941177,0.0,0.0,0.0,0.0003529411764705882,0,0,0,0
49,49,pom potes materne,19,0.2,0.2,4.8,3.8,0.2,0.068,0.0,0.0,0.0,0.0,0.0,0.0,0.0,0.0,0.0,0.0,0.0,0.0,0.0,0.0,0.0,0.0,0.0,0.0,0.0,0.0,0.0,0.0,0.0,0.0,0.0,0.0,0.4,FOOD-DATA-GROUP3,0.0,50.0,50.0,0.0,19,0.0,0.0,5.666666666666667,0.0,0.0,0,0,0,0
50,50,apple,95,0.3,0.043,0.002,0.094,25.1,18.9,0.5,4.4,0.0,0.062,155.7,0.0,0.0,0.094,0.03,0.0,0.084,0.2,0.1,0.03,8.4,0.0,0.3,0.044,10.9,0.086,0.2,9.1,0.01,20.0,194.7,0.0,30.438,FOOD-DATA-GROUP3,1.9305019305019304,96.91119691119691,1.1583011583011582,0.019157088122605363,95,0.5208333333333333,4.583333333333334,72.41379310344827,8.8,0.0006458333333333333,0,1,0,0
51,51,cantaloupe melon,60,0.3,0.071,0.079,0.1,14.4,13.9,1.5,1.6,0.0,0.087,159.6,0.0,0.0,0.051,0.013,0.0,0.098,1.3,0.2,0.1,65.0,0.0,0.015,0.028,15.9,0.018,0.4,21.2,0.064,26.6,472.6,0.082,17.939,FOOD-DATA-GROUP3,9.25925925925926,88.8888888888889,1.8518518518518516,0.09740259740259741,60,2.459016393442623,2.622950819672131,90.25974025974025,3.2,0.0014262295081967212,0,0,0,0
52,52,prickly pear cooked,7,0.043,0.0,0.0,0.0,1.6,0.0,0.091,0.0,0.0,0.0,5.7,0.0,0.035,0.0,0.0,0.027,0.095,0.0,0.093,0.5,0.0,0.0,0.0,0.0,0.0,0.0,0.0,0.0,0.0,0.0,0.0,0.0,2.226,FOOD-DATA-GROUP3,5.2479815455594,92.27220299884661,2.4798154555940024,0.034999999999999996,7,1.1375,0.0,0.0,0.0,0.0,0,0,0,0
53,53,guava,37,0.5,0.1,0.054,0.2,7.9,4.9,1.4,3.0,0.0,0.056,44.4,0.0,0.0,0.052,0.007,0.0,0.049,0.6,0.2,0.069,125.6,0.0,0.4,0.019,9.9,0.1,0.1,12.1,0.02,22.0,229.4,0.078,12.956,FOOD-DATA-GROUP3,14.285714285714285,80.61224489795919,5.10204081632653,0.15730337078651685,37,3.684210526315789,7.894736842105263,55.0561797752809,6.0,0.0014736842105263158,0,0,0,0
54,54,strawberries,4,0.069,0.057,0.06,0.036,0.9,0.6,0.01,0.2,0.0,0.068,10.9,0.0,0.063,0.012,0.0,0.026,0.052,0.097,0.092,7.1,0.0,0.079,0.062,1.9,0.089,0.04,1.6,0.083,2.9,18.4,0.027,0.091,10.261,FOOD-DATA-GROUP3,1.0214504596527068,91.93054136874362,7.048008171603677,0.005263157894736843,4,0.2,4.0,31.57894736842105,0.4,0.013600000000000001,0,0,0,0
55,55,japanese persimmon dried,93,0.2,0.0,0.0,0.0,25.0,0.0,0.5,4.9,0.0,0.002,7.8,0.0,0.0,0.0,0.0,0.053,0.019,0.0,0.0,0.0,0.0,0.0,0.0,8.5,0.2,0.3,10.5,0.5,27.5,272.7,0.0,0.1,39.4,FOOD-DATA-GROUP3,1.9455252918287937,97.27626459143968,0.7782101167315176,0.019230769230769232,93,0.5319148936170213,5.212765957446809,0.0,9.8,2.1276595744680852e-05,0,0,0,0
56,56,watermelon,86,0.4,0.026,0.1,0.1,21.6,17.7,1.7,1.1,0.0,0.043,261.5,0.0,0.0,0.089,0.07,0.0,0.037,0.5,0.6,0.1,23.2,0.0,0.1,0.016,20.0,0.1,0.7,28.6,0.1,31.5,320.3,0.089,25.025,FOOD-DATA-GROUP3,7.172995780590717,91.13924050632912,1.687763713080169,0.07522123893805309,86,1.9540229885057472,1.2643678160919543,78.31858407079645,2.2,0.0004942528735632183,0,1,0,0
57,57,elderberries,106,0.7,0.005,0.1,0.4,26.7,0.0,1.0,10.2,0.0,0.042,115.7,0.0,0.1,0.041,0.0,0.061,0.7,0.2,0.3,52.2,0.0,0.0,0.0,55.1,0.047,2.3,7.3,0.0,56.6,406.0,0.097,0.2,148.2,FOOD-DATA-GROUP3,3.5211267605633805,94.01408450704226,2.464788732394366,0.036101083032490974,106,0.9345794392523363,9.53271028037383,0.0,10.0,0.0003925233644859813,0,0,0,0
58,58,kumquat,13,0.2,0.063,0.037,0.042,3.0,1.8,0.4,1.2,0.0,0.018,15.4,0.0,0.0,0.042,0.087,0.0,0.078,0.046,0.077,0.013,8.3,0.0,0.02,0.0,11.8,0.092,0.2,3.8,0.052,3.6,35.3,0.0,4.882,FOOD-DATA-GROUP3,11.111111111111112,83.33333333333333,5.555555555555556,0.1,13,2.857142857142857,8.571428571428571,45.0,2.4,0.0012857142857142856,0,0,0,0
59,59,orange peel,6,0.017,0.046,0.073,0.07,1.5,0.0,0.093,0.6,0.0,0.023,4.4,0.0,0.063,0.003,0.0,0.019,0.018,0.03,0.075,8.2,0.0,0.039,0.0,9.7,0.095,0.097,1.3,0.0,1.3,12.7,0.048,0.012,20.111,FOOD-DATA-GROUP3,5.77639751552795,93.16770186335404,1.0559006211180126,0.0372,6,1.3285714285714285,8.571428571428571,0.0,1.2,0.0032857142857142855,0,0,0,0
60,60,pokeberry shoots cooked,33,0.7,0.0,0.0,0.0,5.1,2.6,3.8,2.5,0.0,0.4,153.3,0.0,0.1,0.005,0.0,0.4,1.8,0.074,0.2,135.3,0.0,1.4,0.2,87.5,0.2,2.0,23.1,0.6,54.5,303.6,0.02,0.3,236.9,FOOD-DATA-GROUP3,39.58333333333334,53.125000000000014,7.291666666666669,0.6229508196721312,33,11.176470588235293,7.352941176470589,42.622950819672134,5.0,0.011764705882352941,0,0,0,0
61,61,breadfruit,227,0.5,0.1,0.05,0.1,59.7,24.2,2.4,10.8,0.0,0.057,155.4,0.0,0.0,0.2,0.07,0.0,0.031,2.0,1.0,0.2,63.8,0.0,0.2,0.045,37.4,0.2,1.2,55.0,0.1,66.0,1078.0,0.008,73.872,FOOD-DATA-GROUP3,3.8338658146964857,95.36741214057508,0.7987220447284344,0.039538714991762765,227,1.0526315789473684,4.736842105263158,39.86820428336079,10.0,0.00025,0,1,0,0
62,62,pear,101,0.2,0.019,0.1,0.2,27.1,17.4,0.6,5.5,0.0,0.07,149.4,0.0,0.063,0.005,0.0,0.072,0.3,0.035,0.079,7.7,0.0,0.2,0.022,16.0,0.1,0.3,12.5,0.082,21.4,206.5,0.051,0.2,57.4,FOOD-DATA-GROUP3,2.150537634408602,97.1326164874552,0.7168458781362007,0.021352313167259784,101,0.5882352941176471,5.392156862745098,61.92170818505337,10.0,0.0006862745098039216,0,1,0,0
63,63,sour cherries,52,0.3,0.069,0.023,0.09,12.5,8.7,1.0,1.6,0.0,0.071,88.7,0.0,0.0,0.025,0.026,0.0,0.079,0.4,0.1,0.053,10.3,0.0,0.012,0.02,16.5,0.1,0.3,9.3,0.1,15.5,178.2,0.0,15.607,FOOD-DATA-GROUP3,7.246376811594203,90.57971014492753,2.1739130434782608,0.07407407407407407,52,1.8867924528301887,3.018867924528302,64.44444444444444,3.2,0.0013396226415094338,0,0,0,0
64,64,plantain raw,218,0.6,0.3,0.002,0.1,57.1,31.3,2.3,3.0,0.0,0.082,116.7,0.1,0.1,0.002,0.0,0.1,1.2,0.5,0.4,32.9,0.0,0.3,0.01,5.4,0.1,1.0,64.4,0.0,57.3,871.7,0.068,0.3,102.4,FOOD-DATA-GROUP3,3.833333333333333,95.16666666666667,1.0,0.03958691910499139,218,1.050228310502283,1.36986301369863,53.87263339070568,6.0,0.00037442922374429226,0,1,0,0
65,65,blackberries frozen,97,0.6,0.017,0.006,0.4,23.7,16.1,1.8,7.6,0.0,0.007,124.1,0.0,0.07,0.001,0.0,0.068,1.8,0.2,0.0,4.7,0.0,1.8,0.1,43.8,0.2,1.2,33.2,1.8,45.3,211.4,0.027,0.4,83.4,FOOD-DATA-GROUP3,6.896551724137931,90.80459770114942,2.298850574712643,0.07287449392712551,97,1.8367346938775513,7.755102040816326,65.18218623481782,10.0,7.142857142857143e-05,0,1,0,0
66,66,cherries,5,0.056,0.053,0.093,0.047,1.3,1.0,0.068,0.2,0.0,0.0,6.6,0.0,0.0,0.071,0.063,0.0,0.011,0.052,0.083,0.079,0.6,0.0,0.005,0.053,1.0,0.026,0.015,0.9,0.004,1.7,17.8,0.0,1.715,FOOD-DATA-GROUP3,4.775280898876404,91.29213483146067,3.932584269662921,0.02956521739130435,5,1.1333333333333333,3.3333333333333335,43.47826086956522,0.4,0.0,0,0,0,0
67,67,plantain fried,16,0.6,0.2,0.2,0.1,2.6,0.2,0.023,0.2,0.0,0.065,1.9,0.0,0.084,0.059,0.0,0.099,0.025,0.081,0.023,0.2,0.0,0.0,0.0,0.2,0.028,0.039,3.1,0.096,2.3,25.5,0.0,0.044,3.85,FOOD-DATA-GROUP3,0.7136208501396214,80.67018305926156,18.61619609059882,0.006388888888888888,16,0.13529411764705881,1.1764705882352942,5.555555555555556,0.4,0.003823529411764706,0,0,0,0
68,68,carambola starfruit,26,0.3,0.077,0.01,0.2,5.7,3.4,0.9,2.4,0.0,0.047,77.7,0.0,0.0,0.044,0.021,0.0,0.049,0.3,0.3,0.039,29.2,0.0,0.1,0.0,2.6,0.1,0.056,8.5,0.034,10.2,113.1,0.045,9.403,FOOD-DATA-GROUP3,13.043478260869565,82.6086956521739,4.3478260869565215,0.13432835820895522,26,3.3333333333333335,8.88888888888889,50.74626865671642,4.8,0.0017407407407407408,0,0,0,0
69,69,chayote cooked,35,0.8,0.1,0.0,0.0,7.2,0.0,1.0,4.5,0.0,0.4,149.5,0.0,0.04,0.026,0.0,0.03,0.7,0.7,0.2,12.8,0.0,0.0,0.0,20.8,0.2,0.4,19.2,0.3,46.4,276.8,0.063,0.5,47.5,FOOD-DATA-GROUP3,11.11111111111111,80.0,8.88888888888889,0.12195121951219513,35,2.7777777777777777,12.5,0.0,9.0,0.011111111111111112,0,0,0,0
70,70,apple dippers mcdonalds,33,0.0,0.0,0.0,0.0,8.2,6.3,0.0,0.0,0.0,0.0,59.5,0.088,0.0,0.0,0.0,0.0,0.0,0.0,0.0,188.4,0.0,0.001,0.0,42.2,0.0,0.021,0.0,0.0,0.0,0.0,0.0,0.0,238.864,FOOD-DATA-GROUP3,0.0,100.0,0.0,0.0,33,0.0,0.0,68.47826086956522,0.0,0.0,0,0,0,0
71,71,white grapefruit,78,0.2,0.072,0.036,0.032,19.8,17.3,1.6,2.6,0.0,0.0,213.5,0.0,0.031,0.098,0.0,0.045,0.6,0.7,0.1,78.6,0.0,0.3,0.0,28.3,0.1,0.1,21.2,0.047,18.9,349.3,0.013,0.2,131.2,FOOD-DATA-GROUP3,7.4074074074074066,91.66666666666666,0.9259259259259258,0.07692307692307693,78,2.0253164556962027,3.2911392405063293,83.17307692307693,5.2,0.0,0,1,0,0
72,72,cherimoya,176,1.6,0.5,0.1,0.4,41.6,30.2,3.7,7.1,0.0,0.061,186.6,0.0,0.0,0.2,0.034,0.0,0.3,1.5,0.8,0.6,29.6,0.0,0.6,0.0,23.5,0.2,0.6,40.0,0.2,61.1,674.5,0.0,54.8,FOOD-DATA-GROUP3,7.889125799573559,88.69936034115138,3.411513859275053,0.08685446009389672,176,2.0903954802259888,4.011299435028248,70.89201877934272,10.0,0.0003446327683615819,0,1,0,0
73,73,melon balls,57,0.4,0.1,0.032,0.2,13.7,0.0,1.5,1.2,0.0,0.022,156.1,0.0,0.3,0.081,0.0,0.084,1.1,0.3,0.2,10.7,0.0,0.0,0.0,17.3,0.1,0.5,24.2,0.08,20.8,484.4,0.0,0.3,45.3,FOOD-DATA-GROUP3,9.615384615384617,87.82051282051282,2.5641025641025643,0.10204081632653061,57,2.586206896551724,2.0689655172413794,0.0,2.4,0.0003793103448275862,0,0,0,0
74,74,golden delicious apple,62,0.2,0.0,0.0,0.0,14.8,10.9,0.3,2.6,0.0,0.034,93.5,0.0,0.0,0.094,0.061,0.0,0.017,0.1,0.063,0.038,0.0,0.0,0.2,0.043,6.5,0.035,0.1,5.5,0.05,10.9,109.0,0.0,18.014,FOOD-DATA-GROUP3,1.9607843137254901,96.73202614379085,1.3071895424836601,0.018987341772151896,62,0.47619047619047616,4.1269841269841265,68.9873417721519,5.2,0.0005396825396825397,0,0,0,0
75,75,pokeberry shoots raw,37,0.6,0.0,0.0,0.0,5.9,0.0,4.2,2.7,0.0,0.05,146.6,0.0,0.0,0.1,0.001,0.0,0.5,1.9,0.04,0.2,217.6,0.0,0.0,0.0,84.8,0.3,2.7,28.8,0.7,70.4,387.2,0.006,13.9,FOOD-DATA-GROUP3,39.25233644859813,55.140186915887845,5.6074766355140175,0.6086956521739131,37,11.05263157894737,7.105263157894736,0.0,5.4,0.0013157894736842105,0,0,0,0
76,76,cranberries,21,0.014,0.089,0.011,0.096,5.4,1.9,0.2,1.6,0.0,0.03,39.2,0.0,0.0,0.081,0.035,0.0,0.023,0.093,0.1,0.098,6.3,0.0,0.5,0.063,3.6,0.033,0.1,2.7,0.2,5.0,36.0,0.049,7.473,FOOD-DATA-GROUP3,3.5625222657641604,96.18810117563234,0.24937655860349123,0.03125,21,0.9090909090909092,7.272727272727273,29.687499999999993,3.2,0.0013636363636363635,0,0,0,0
77,77,quince,52,0.012,0.049,0.033,0.089,14.1,0.0,0.4,1.7,0.0,0.081,77.1,0.0,0.0,0.047,0.07,0.0,0.002,0.2,0.037,0.08,13.8,0.0,0.0,0.0,10.1,0.1,0.6,7.4,0.0,15.6,181.2,0.072,16.436,FOOD-DATA-GROUP3,2.7563395810363835,97.16097023153252,0.08269018743109151,0.026490066225165566,52,0.7547169811320755,3.207547169811321,0.0,3.4,0.001528301886792453,0,0,0,0
78,78,chayote raw,25,0.2,0.027,0.053,0.021,6.0,2.2,1.1,2.2,0.0,0.094,124.4,0.0,0.0,0.065,0.1,0.0,0.041,0.6,0.3,0.1,10.2,0.0,0.2,0.046,22.4,0.2,0.4,15.8,0.2,23.8,165.0,0.047,9.855,FOOD-DATA-GROUP3,15.068493150684933,82.19178082191782,2.7397260273972606,0.15714285714285717,25,4.230769230769231,8.461538461538462,31.428571428571434,4.4,0.0036153846153846154,0,0,0,0
79,79,orange with peel,100,0.5,0.036,0.003,0.048,24.6,0.0,2.1,7.2,0.0,0.028,130.9,0.0,0.2,0.019,0.0,0.042,0.8,0.5,0.1,112.9,0.0,0.0,0.0,111.3,0.016,1.3,22.3,0.0,35.0,311.6,0.039,0.2,259.9,FOOD-DATA-GROUP3,7.720588235294117,90.44117647058823,1.8382352941176467,0.08203125,100,2.0792079207920793,7.12871287128713,0.0,10.0,0.00027722772277227726,0,0,0,0
80,80,chokecherries,249,2.6,0.0,0.0,0.0,51.8,14.4,4.7,30.8,0.0,0.078,93.5,0.0,0.005,0.027,0.0,0.3,1.0,0.6,0.3,8.5,0.0,0.5,0.089,92.4,0.3,1.1,41.6,0.6,103.2,583.7,0.0,0.5,191.9,FOOD-DATA-GROUP3,7.952622673434856,87.64805414551606,4.39932318104907,0.08901515151515152,249,1.8800000000000001,12.32,27.272727272727277,10.0,0.000312,0,0,0,0
81,81,mango,202,1.3,0.3,0.5,0.2,50.3,45.9,2.8,5.4,0.0,0.027,280.4,0.0,0.0,0.034,0.1,0.0,0.1,2.2,0.7,0.4,122.3,0.0,3.0,0.019,37.0,0.4,0.5,33.6,0.2,47.0,564.5,0.08,60.641,FOOD-DATA-GROUP3,5.147058823529412,92.46323529411765,2.3897058823529416,0.05458089668615984,202,1.3793103448275863,2.6600985221674875,89.47368421052632,10.0,0.00013300492610837438,0,1,0,0
82,82,wild plum,147,0.3,0.0,0.0,0.0,35.3,17.1,0.7,9.7,0.0,0.047,123.5,0.0,0.047,0.098,0.0,0.014,0.6,0.5,0.1,16.6,0.0,0.9,0.077,17.7,0.027,0.3,12.9,0.1,48.3,586.0,0.0,0.1,80.6,FOOD-DATA-GROUP3,1.9283746556473829,97.24517906336088,0.8264462809917356,0.01928374655647383,147,0.4729729729729729,6.5540540540540535,47.10743801652894,10.0,0.0003175675675675676,0,1,0,0
83,83,jeijoa,148,1.0,0.3,0.1,0.3,37.0,19.9,1.7,15.6,0.0,0.041,202.4,0.0,0.001,0.071,0.0,0.015,0.7,0.6,0.2,79.9,0.0,0.4,0.041,41.3,0.006,0.3,21.9,0.2,46.2,418.0,0.0,0.1,176.8,FOOD-DATA-GROUP3,4.282115869017631,93.19899244332494,2.5188916876574305,0.04473684210526316,148,1.1409395973154361,10.46979865771812,52.368421052631575,10.0,0.00027516778523489934,0,1,0,0
84,84,groundcherries,74,1.0,0.0,0.0,0.0,15.7,0.0,2.7,0.0,0.0,0.0,119.6,0.0,0.2,0.0,0.0,0.043,3.9,0.0,0.0,15.4,0.0,0.0,0.0,12.6,0.0,1.4,0.0,0.0,56.0,0.0,0.0,0.0,48.8,FOOD-DATA-GROUP3,13.91752577319588,80.9278350515464,5.154639175257732,0.16167664670658685,74,3.6000000000000005,0.0,0.0,0.0,0.0,0,0,0,0
85,85,pesca,30,0.1,6.1,0.8,0.0,0.0,0.0,0.0,0.0,0.0,0.0,0.0,0.0,0.0,0.0,0.0,0.0,0.0,0.0,0.0,0.0,0.0,0.0,0.0,0.0,0.0,0.0,0.0,0.0,0.0,0.0,0.0,0.0,0.1,FOOD-DATA-GROUP3,0.0,0.0,100.0,0.0,30,0.0,0.0,0.0,0.0,0.0,0,0,1,0
86,86,persimmon,32,0.1,0.0,0.0,0.0,8.4,0.0,0.2,0.0,0.0,0.024,16.1,0.0,0.0,0.0,0.0,0.0,0.0,0.0,0.0,16.5,0.0,0.0,0.0,6.8,0.0,0.6,0.0,0.0,6.5,77.5,0.0,0.0,32.6,FOOD-DATA-GROUP3,2.298850574712644,96.55172413793105,1.149425287356322,0.02127659574468085,32,0.6060606060606061,0.0,0.0,0.0,0.0007272727272727273,0,0,0,0
87,87,grapes,3,0.044,0.041,0.012,0.008,0.9,0.8,0.045,0.087,0.0,0.009,3.9,0.0,0.071,0.091,0.0,0.009,0.045,0.006,0.033,0.2,0.0,0.089,0.042,0.5,0.055,0.012,0.3,0.037,1.0,9.4,0.059,0.011,1.83,FOOD-DATA-GROUP3,4.55005055611729,91.0010111223458,4.448938321536905,0.02368421052631579,3,1.125,2.175,42.10526315789474,0.174,0.00225,0,0,0,0
88,88,rambutan canned,175,0.4,0.0,0.0,0.0,44.7,0.0,1.4,1.9,0.0,0.051,167.0,0.0,0.088,0.019,0.0,0.077,2.9,0.094,0.039,10.5,0.0,0.0,0.0,47.1,0.1,0.7,15.0,0.7,19.3,89.9,0.0,0.2,106.7,FOOD-DATA-GROUP3,3.010752688172043,96.12903225806451,0.8602150537634409,0.030634573304157545,175,0.7954545454545454,1.0795454545454546,0.0,3.8,0.0002897727272727273,0,0,0,0
89,89,figs canned,14,0.039,0.066,0.066,0.045,3.8,3.2,0.1,0.6,0.0,0.049,23.0,0.0,0.008,0.036,0.0,0.093,0.1,0.044,0.094,0.3,0.0,0.092,0.041,7.6,0.003,0.069,2.7,0.095,2.7,27.8,0.093,0.014,12.491,FOOD-DATA-GROUP3,2.538715410002539,96.47118558009646,0.9900990099009901,0.020833333333333336,14,0.6666666666666667,4.0,66.66666666666667,1.2,0.003266666666666667,0,0,0,0
90,90,prunes canned,246,0.5,0.072,0.3,0.1,65.1,0.0,2.0,8.9,0.0,0.044,165.4,0.0,0.044,0.0,0.0,0.3,2.0,0.2,0.5,6.6,0.0,0.0,0.0,39.8,0.3,1.0,35.1,0.2,60.8,528.8,0.0,0.4,123.9,FOOD-DATA-GROUP3,2.9585798816568047,96.30177514792899,0.7396449704142012,0.030257186081694407,246,0.8097165991902834,3.6032388663967616,0.0,10.0,0.00017813765182186233,0,0,0,0
91,91,pineapples canned,28,0.05,0.079,0.039,0.078,7.4,6.8,0.2,0.4,0.0,0.06,39.2,0.0,0.066,0.041,0.0,0.03,0.1,0.087,0.068,4.5,0.0,0.048,0.016,6.6,0.026,0.1,6.6,0.5,2.8,57.3,0.047,0.092,19.255,FOOD-DATA-GROUP3,2.6143790849673203,96.73202614379085,0.6535947712418301,0.023809523809523808,28,0.6896551724137931,1.3793103448275863,80.95238095238095,0.8,0.0020689655172413794,0,0,0,0
92,92,prune plums canned,27,0.075,0.006,0.035,0.096,7.0,6.5,0.2,0.4,0.0,0.055,38.6,0.0,0.082,0.034,0.0,0.068,0.2,0.01,0.056,1.3,0.0,0.065,0.093,4.6,0.06,0.2,3.7,0.025,6.9,70.8,0.0,0.06,13.728,FOOD-DATA-GROUP3,2.7491408934707904,96.21993127147765,1.0309278350515463,0.025,27,0.7142857142857143,1.4285714285714286,81.25,0.8,0.0019642857142857144,0,0,0,0
93,93,tangerines canned,92,0.1,0.087,0.086,0.04,23.8,22.1,1.5,1.7,0.0,0.022,222.9,0.0,0.2,0.053,0.0,0.038,1.1,0.3,0.1,85.2,0.0,0.2,0.0,27.4,0.085,0.7,27.4,0.044,24.9,331.2,0.058,1.3,140.389,FOOD-DATA-GROUP3,5.905511811023621,93.7007874015748,0.39370078740157477,0.06048387096774193,92,1.6129032258064515,1.827956989247312,89.11290322580645,3.4,0.00023655913978494621,0,1,0,0
94,94,fruit cocktail canned,109,0.053,0.03,0.04,0.042,28.1,25.7,1.1,2.4,0.0,0.059,207.2,0.0,0.023,0.003,0.0,0.056,1.0,0.1,0.1,6.4,0.0,0.9,0.021,19.0,0.1,0.5,16.6,0.3,33.2,225.2,0.075,0.2,57.508,FOOD-DATA-GROUP3,3.76029808908488,96.05852391207739,0.181177998837726,0.03780068728522337,109,1.0,2.1818181818181817,88.31615120274914,4.8,0.0005363636363636364,0,1,0,0
95,95,sour cherries canned,189,0.3,0.007,0.033,0.087,48.6,0.0,1.9,2.0,0.0,0.073,200.6,0.0,0.024,0.088,0.0,0.009,0.4,0.3,0.1,5.0,0.0,0.0,0.0,25.2,0.2,3.3,15.1,0.2,25.2,239.4,0.0,0.2,86.3,FOOD-DATA-GROUP3,3.740157480314961,95.66929133858268,0.5905511811023622,0.03830645161290322,189,1.0,1.0526315789473684,0.0,4.0,0.00038421052631578946,0,0,0,0
96,96,mangosteen canned,143,1.1,0.0,0.0,0.0,35.1,0.0,0.8,3.5,0.0,0.024,158.6,0.0,0.1,0.074,0.0,0.1,0.6,0.057,0.089,5.7,0.0,0.0,0.0,23.5,0.1,0.6,25.5,0.2,15.7,94.1,0.0,0.4,70.3,FOOD-DATA-GROUP3,2.1621621621621623,94.86486486486487,2.9729729729729732,0.0221606648199446,143,0.5555555555555556,2.430555555555556,0.0,7.0,0.00016666666666666666,0,0,0,0
97,97,apricot juice,117,0.07,0.008,0.048,0.065,30.1,26.2,1.5,3.9,0.0,0.024,211.4,0.0,0.0,0.048,0.043,0.0,0.025,0.8,0.2,0.1,12.0,0.0,1.5,0.053,29.3,0.1,0.7,24.4,0.1,48.8,402.6,0.028,35.804,FOOD-DATA-GROUP3,4.73634354278497,95.04262709188507,0.22102936532996525,0.04823151125401929,117,1.2711864406779663,3.305084745762712,84.24437299035368,7.8,0.00020338983050847457,0,1,0,0
98,98,strawberries canned,234,0.7,0.064,0.03,0.3,59.8,55.4,1.4,4.3,0.0,0.024,191.4,0.0,0.024,0.008,0.0,0.051,0.1,0.5,0.1,80.5,0.0,0.5,0.091,33.0,0.2,1.2,20.3,0.5,30.5,218.4,0.007,0.2,180.9,FOOD-DATA-GROUP3,2.2617124394184165,96.60743134087238,1.1308562197092082,0.023026315789473683,234,0.5957446808510638,1.8297872340425532,91.11842105263158,8.6,0.00010212765957446809,0,1,0,0
99,99,peach canned,110,0.094,0.03,0.026,0.067,28.9,25.7,1.6,3.3,0.0,0.006,218.7,0.0,0.004,0.026,0.0,0.034,1.5,0.1,0.071,9.0,0.0,1.2,0.088,15.0,0.1,0.7,17.5,0.1,42.5,320.0,0.04,0.3,58.587,FOOD-DATA-GROUP3,5.229783617702818,94.46296659475713,0.3072497875400405,0.053511705685618735,110,1.4414414414414414,2.972972972972973,85.95317725752508,6.6,5.4054054054054054e-05,0,1,0,0
100,100,fruit salad canned,125,0.008,0.08,0.005,0.006,32.5,0.0,1.3,2.5,0.0,0.069,214.5,0.0,0.016,0.02,0.0,0.027,0.9,0.1,0.059,8.2,0.0,0.0,0.0,27.4,0.1,0.6,19.9,0.4,34.9,288.8,0.0,0.3,72.531,FOOD-DATA-GROUP3,3.8452437292948414,96.13109323237103,0.023663038334122102,0.03880597014925373,125,1.0317460317460316,1.984126984126984,0.0,5.0,0.0005476190476190477,0,0,0,0
101,101,gooseberries canned,184,0.5,0.004,0.097,0.3,47.3,0.0,1.6,6.0,0.0,0.097,201.9,0.0,0.066,0.041,0.0,0.1,0.4,0.3,0.085,25.2,0.0,0.0,0.0,40.3,0.5,0.8,15.1,0.4,17.6,194.0,0.069,0.3,121.7,FOOD-DATA-GROUP3,3.2388663967611335,95.74898785425101,1.0121457489878543,0.033126293995859216,184,0.8648648648648649,3.2432432432432434,0.0,10.0,0.0005243243243243243,0,0,0,0
102,102,grapefruit canned,88,0.2,0.09,0.011,0.066,22.3,21.4,1.4,1.0,0.0,0.091,219.2,0.0,0.061,0.094,0.0,0.092,0.6,0.3,0.08,53.2,0.0,0.2,0.0,36.6,0.2,1.0,24.4,0.056,24.4,322.1,0.049,0.2,115.7,FOOD-DATA-GROUP3,5.857740585774058,93.30543933054393,0.8368200836820084,0.06008583690987124,88,1.5730337078651684,1.1235955056179776,91.84549356223175,2.0,0.0010224719101123594,0,1,0,0
103,103,pear canned,38,0.001,0.099,0.049,0.034,9.8,7.4,0.3,1.2,0.0,0.088,65.7,0.0,0.096,0.08,0.0,0.048,0.2,0.085,0.042,1.2,0.0,0.078,0.034,6.8,0.012,0.2,5.3,0.064,9.1,73.0,0.0,0.077,19.566,FOOD-DATA-GROUP3,2.9700029700029695,97.02009702009701,0.0099000099000099,0.027777777777777776,38,0.7692307692307692,3.0769230769230766,68.5185185185185,2.4,0.0022564102564102562,0,0,0,0
104,104,raspberries canned,233,0.3,0.081,0.012,0.2,59.8,51.4,2.1,8.4,0.0,0.013,192.8,0.0,0.094,0.074,0.0,0.07,1.1,0.6,0.1,22.3,0.0,1.5,0.074,28.2,0.1,1.1,30.7,0.6,23.0,240.6,0.092,0.4,122.2,FOOD-DATA-GROUP3,3.376205787781351,96.14147909967846,0.482315112540193,0.03453947368421053,233,0.8974358974358976,3.5897435897435903,84.53947368421053,10.0,5.555555555555555e-05,0,1,0,0
105,105,papaya canned,80,0.2,0.1,0.006,0.026,21.8,20.4,0.001,0.6,0.0,0.075,16.9,0.0,0.038,0.0,0.0,0.084,0.014,0.003,0.006,1.4,0.0,0.0,0.038,8.2,0.008,0.1,2.3,0.082,2.3,26.1,0.031,0.002,32.371,FOOD-DATA-GROUP3,0.004545247943275306,99.08640516340166,0.9090495886550611,4.3859649122807014e-05,80,0.001234567901234568,0.7407407407407407,89.4736842105263,1.2,0.0009259259259259259,0,1,0,0
106,106,grapes canned,98,0.3,0.034,0.072,0.006,25.2,23.8,1.2,1.5,0.0,0.022,217.7,0.0,0.089,0.065,0.0,0.006,0.3,0.1,0.2,2.5,0.0,0.3,0.069,24.5,0.1,2.4,14.7,0.077,44.1,262.2,0.028,0.1,57.6,FOOD-DATA-GROUP3,4.49438202247191,94.3820224719101,1.1235955056179776,0.04580152671755725,98,1.2121212121212122,1.5151515151515151,90.83969465648856,3.0,0.0002222222222222222,0,1,0,0
107,107,apple dried,145,0.2,0.088,0.022,0.041,39.1,34.0,0.6,5.1,0.0,0.024,214.5,0.0,0.093,0.0,0.0,0.013,0.3,0.1,0.1,2.6,0.0,0.3,0.036,7.7,0.1,0.8,10.2,0.051,23.0,267.8,0.076,0.1,56.1,FOOD-DATA-GROUP3,1.5037593984962403,97.99498746867167,0.5012531328320802,0.014962593516209476,145,0.410958904109589,3.493150684931506,84.78802992518702,10.0,0.00016438356164383562,0,1,0,0
108,108,peach dried,199,0.6,0.055,0.2,0.3,50.8,43.8,3.0,7.0,0.0,0.059,201.5,0.0,0.029,0.0,0.0,0.006,3.9,0.5,0.039,9.5,0.0,0.2,0.06,23.2,0.3,3.4,33.5,0.3,98.0,825.6,0.068,0.5,97.5,FOOD-DATA-GROUP3,5.514705882352941,93.38235294117648,1.1029411764705883,0.05791505791505792,199,1.5,3.5000000000000004,84.55598455598455,10.0,0.00029499999999999996,0,1,0,0
109,109,plantain chips,150,8.4,2.4,1.6,3.3,18.1,0.3,0.6,1.0,0.0,0.039,0.6,0.0,0.087,0.045,0.0,0.024,0.2,0.3,0.1,9.1,0.0,1.4,0.098,2.5,0.049,0.3,20.1,0.094,22.1,222.4,0.028,0.1,40.0,FOOD-DATA-GROUP3,2.214022140221402,66.78966789667898,30.996309963099634,0.031413612565445025,150,0.3973509933774834,0.6622516556291391,1.5706806282722512,2.0,0.0002582781456953642,0,0,0,0
110,110,golden raisins,498,0.8,0.2,0.016,0.2,131.2,97.7,5.6,6.6,0.0,0.001,24.7,0.0,0.031,0.067,0.0,0.3,1.9,0.2,0.5,5.3,0.0,0.2,0.066,87.5,0.6,3.0,57.8,0.5,189.8,1230.9,0.062,0.5,240.0,FOOD-DATA-GROUP3,4.069767441860464,95.34883720930232,0.5813953488372093,0.04236006051437216,498,1.122244488977956,1.3226452905811623,73.90317700453859,10.0,2.004008016032064e-06,0,1,0,0
111,111,raisins seeded,488,0.9,0.3,0.036,0.3,129.5,0.0,4.2,11.2,0.0,0.098,27.3,0.0,0.2,0.092,0.0,0.3,1.8,0.092,0.3,8.9,0.0,0.0,0.0,46.2,0.5,4.3,49.5,0.4,123.8,1361.3,0.058,0.3,205.2,FOOD-DATA-GROUP3,3.12035661218425,96.2109955423477,0.6686478454680536,0.03218390804597701,488,0.8588957055214724,2.290388548057259,0.0,10.0,0.00020040899795501022,0,0,0,0
112,112,zante currants dried,408,0.4,0.009,0.003,0.3,106.7,96.9,5.9,9.8,0.0,0.067,27.7,0.0,0.2,0.07,0.0,0.2,2.3,0.007,0.4,6.8,0.0,0.2,0.07,123.8,0.7,4.7,59.0,0.7,180.0,1284.5,0.098,1.0,258.1,FOOD-DATA-GROUP3,5.221238938053097,94.42477876106193,0.35398230088495575,0.05478180129990715,408,1.4425427872860637,2.3960880195599024,89.97214484679667,10.0,0.00016381418092909536,0,1,0,0
113,113,pear dried,94,0.2,0.003,0.01,0.065,25.1,22.4,0.7,2.7,0.0,0.074,9.6,0.0,0.006,0.0,0.0,0.067,0.5,0.054,0.074,2.5,0.0,0.036,0.002,12.2,0.1,0.8,11.9,0.1,21.2,191.9,0.005,0.1,44.2,FOOD-DATA-GROUP3,2.692307692307692,96.53846153846153,0.7692307692307693,0.026819923371647507,94,0.7368421052631579,2.8421052631578947,85.82375478927202,5.4,0.0007789473684210526,0,1,0,0
114,114,raisins,90,0.056,0.005,0.063,0.004,23.8,19.6,1.0,1.4,0.0,0.025,4.6,0.049,0.0,0.015,0.006,0.0,0.02,0.2,0.006,0.081,0.7,0.0,0.003,0.068,18.6,0.018,0.5,10.8,0.018,29.4,223.2,0.042,26.474,FOOD-DATA-GROUP3,4.023173479240424,95.7515288059221,0.22529771483746378,0.04032258064516129,90,1.098901098901099,1.5384615384615383,79.03225806451614,2.8,0.0002747252747252747,0,1,0,0
115,115,prune plums dried,308,0.5,0.01,0.4,0.1,81.5,0.0,2.7,9.4,0.0,0.011,161.4,0.0,0.07,0.0,0.0,0.2,1.7,0.2,0.5,6.7,0.0,0.0,0.0,52.1,0.4,2.6,47.1,0.2,81.8,773.8,0.055,0.5,155.5,FOOD-DATA-GROUP3,3.187721369539551,96.22195985832349,0.5903187721369539,0.03272727272727273,308,0.8737864077669903,3.042071197411003,0.0,10.0,3.559870550161812e-05,0,0,0,0
116,116,cranberries dried,370,1.6,0.1,0.2,0.8,98.8,78.0,0.053,6.8,0.0,0.037,19.2,0.0,0.05,0.0,0.0,0.029,1.2,0.3,0.004,0.2,0.0,1.3,0.066,12.0,0.003,0.6,6.0,0.3,9.6,48.0,0.09,0.1,120.036,FOOD-DATA-GROUP3,0.05276099270305517,98.35445432192171,1.5927846853752505,0.000531062124248497,370,0.014285714285714284,1.8328840970350404,78.15631262525051,10.0,9.973045822102426e-05,0,1,0,0
117,117,figs dried,21,0.008,0.014,0.003,0.037,5.4,4.0,0.3,0.8,0.0,0.091,2.5,0.0,0.021,0.002,0.0,0.054,0.023,0.046,0.031,0.1,0.0,0.062,0.046,13.6,0.052,0.2,5.7,0.073,5.6,57.1,0.067,0.079,20.461,FOOD-DATA-GROUP3,5.255781359495445,94.60406447091802,0.1401541695865452,0.04687499999999999,21,1.3636363636363635,3.6363636363636367,62.5,1.6,0.004136363636363636,0,0,0,0
118,118,longans dried,5,0.091,0.0,0.0,0.0,1.3,0.0,0.027,0.0,0.0,0.018,0.3,0.0,0.008,0.0,0.0,0.055,0.001,0.0,0.0,0.5,0.0,0.0,0.0,0.8,0.072,0.009,0.8,0.078,3.3,11.2,0.0,0.001,2.804,FOOD-DATA-GROUP3,1.904090267983075,91.6784203102962,6.417489421720733,0.01173913043478261,5,0.44999999999999996,0.0,0.0,0.0,0.0029999999999999996,0,0,0,0
119,119,banana chips,147,9.5,8.2,0.6,0.2,16.5,10.0,0.7,2.2,0.0,0.099,1.2,0.0,0.003,0.041,0.0,0.03,0.2,0.2,0.032,1.8,0.0,0.042,0.057,5.1,0.031,0.4,21.5,0.4,15.8,151.7,0.06,0.2,36.2,FOOD-DATA-GROUP3,2.6217228464419473,61.79775280898877,35.58052434456929,0.04,147,0.4729729729729729,1.4864864864864866,57.14285714285714,4.4,0.0006689189189189189,0,0,1,0
120,120,lychee dried,7,0.003,0.076,0.004,0.061,1.8,1.7,0.01,0.1,0.0,0.049,0.6,0.0,0.06,0.063,0.0,0.015,0.032,0.0,0.004,4.6,0.0,0.071,0.032,0.8,0.071,0.036,1.1,0.012,4.5,27.8,0.08,0.085,7.431,FOOD-DATA-GROUP3,0.5515719801434087,99.28295642581358,0.16547159404302264,0.0035714285714285718,7,0.125,1.25,60.71428571428572,0.2,0.006125,0,0,0,0
121,121,apricot dried,17,0.015,0.02,0.083,0.031,4.4,3.7,0.2,0.5,0.0,0.066,2.2,0.0,0.042,0.064,0.0,0.086,0.2,0.055,0.017,0.012,0.0,0.3,0.088,3.9,0.02,0.2,2.2,0.038,5.0,81.3,0.04,0.055,9.329,FOOD-DATA-GROUP3,4.333694474539545,95.34127843987,0.32502708559046584,0.037037037037037035,17,1.1111111111111112,2.7777777777777777,68.5185185185185,1.0,0.003666666666666667,0,0,0,0
122,122,longan,2,0.076,0.0,0.0,0.0,0.5,0.0,0.009,0.071,0.0,0.0,2.6,0.0,0.01,0.0,0.0,0.052,0.014,0.0,0.0,2.7,0.0,0.0,0.0,0.039,0.059,0.066,0.3,0.089,0.7,8.5,0.0,0.01,3.493,FOOD-DATA-GROUP3,1.5384615384615383,85.47008547008548,12.991452991452993,0.005999999999999999,2,0.3,2.3666666666666667,0.0,0.142,0.0,0,0,0,0
123,123,mamey sapote,217,0.8,0.3,0.2,0.2,56.2,35.2,2.5,9.5,0.0,0.008,113.5,0.0,0.018,0.094,0.0,0.2,2.5,0.7,1.3,40.3,0.0,3.7,0.0,31.5,0.4,1.4,19.3,0.4,45.5,794.5,0.0,0.3,142.2,FOOD-DATA-GROUP3,4.201680672268908,94.45378151260505,1.3445378151260505,0.043706293706293704,217,1.146788990825688,4.3577981651376145,61.53846153846154,10.0,3.669724770642202e-05,0,1,0,0
124,124,waxgourd cooked,19,0.4,0.026,0.076,0.2,4.3,2.1,0.7,1.8,0.0,0.6,168.1,0.0,0.059,0.087,0.0,0.052,0.7,0.2,0.096,18.4,0.0,0.1,0.028,31.5,0.036,0.7,17.5,0.015,29.8,8.8,0.012,1.0,57.8,FOOD-DATA-GROUP3,12.962962962962962,79.62962962962962,7.4074074074074066,0.1320754716981132,19,3.4999999999999996,9.0,39.62264150943396,3.6,0.03,0,0,0,0
125,125,jackfruit,33,0.2,0.071,0.004,0.002,8.1,6.7,0.6,0.5,0.0,0.094,25.7,0.0,0.0,0.09,0.019,0.0,0.031,0.3,0.073,0.1,4.8,0.0,0.1,0.0,8.4,0.071,0.005,10.2,0.081,7.4,156.8,0.0,9.574,FOOD-DATA-GROUP3,6.7415730337078665,91.0112359550562,2.2471910112359557,0.06593406593406594,33,1.7647058823529411,1.4705882352941175,73.62637362637363,1.0,0.0027647058823529413,0,0,0,0
126,126,loquats,9,0.071,0.085,0.035,0.023,2.4,0.0,0.09,0.3,0.0,0.053,17.3,0.0,0.097,0.015,0.0,0.048,0.012,0.0,0.042,0.2,0.0,0.0,0.0,3.2,0.093,0.007,2.6,0.037,5.4,53.2,0.047,0.014,6.236,FOOD-DATA-GROUP3,3.5142522452167118,93.713393205779,2.772354549004295,0.026470588235294117,9,0.8999999999999999,3.0,0.0,0.6,0.0053,0,0,0,0
127,127,mammy apple mamey,431,4.2,1.2,1.7,0.7,105.8,0.0,4.2,25.4,0.0,0.1,729.3,0.0,0.2,0.1,0.0,0.3,3.4,0.9,0.8,118.4,0.0,0.0,0.0,93.1,0.7,5.9,135.4,0.0,93.1,397.6,0.064,0.8,357.0,FOOD-DATA-GROUP3,3.677758318739054,92.6444833625219,3.677758318739054,0.03932584269662922,431,0.9722222222222222,5.879629629629629,0.0,10.0,0.0002314814814814815,0,0,0,0
128,128,nance,82,1.3,0.0,0.0,0.0,19.0,9.3,0.7,8.4,0.0,0.039,90.3,0.0,0.0,0.086,0.032,0.0,0.022,0.3,0.2,0.098,103.6,0.0,1.4,0.078,51.5,0.037,0.4,22.4,0.3,11.2,273.3,0.017,29.436,FOOD-DATA-GROUP3,3.3333333333333335,90.47619047619048,6.190476190476191,0.034999999999999996,82,0.8433734939759037,10.120481927710843,46.5,10.0,0.00046987951807228915,0,0,0,0
129,129,coconut whole coconut,3336,71.5,672.0,48.0,0.0,0.0,0.0,0.0,0.0,0.0,0.0,0.0,0.0,0.0,0.0,0.0,0.0,0.0,0.0,0.0,0.0,0.0,0.0,0.0,0.0,0.0,0.0,0.0,0.0,0.0,0.0,0.0,0.0,71.5,FOOD-DATA-GROUP3,0.0,0.0,100.0,0.0,3336,0.0,0.0,0.0,0.0,0.0,0,0,1,0
130,130,prickly pear,42,0.5,0.014,0.038,0.2,9.9,0.0,0.8,3.7,0.0,0.044,90.2,0.0,0.0,0.066,0.097,0.0,0.062,0.5,0.0,0.097,14.4,0.0,0.0,0.0,57.7,0.051,0.3,87.6,0.0,24.7,226.6,0.012,14.977,FOOD-DATA-GROUP3,7.142857142857142,88.39285714285714,4.4642857142857135,0.07339449541284404,42,1.8604651162790697,8.604651162790699,0.0,7.4,0.0010232558139534884,0,0,0,0
131,131,lychee,6,0.016,0.06,0.03,0.067,1.6,1.5,0.024,0.1,0.0,0.029,7.8,0.0,0.0,0.067,0.033,0.0,0.058,0.047,0.0,0.038,6.9,0.0,0.006,0.086,0.5,0.022,0.092,1.0,0.015,3.0,16.4,0.061,2.012,FOOD-DATA-GROUP3,1.4634146341463414,97.5609756097561,0.975609756097561,0.00923076923076923,6,0.34285714285714286,1.4285714285714286,57.692307692307686,0.2,0.0041428571428571434,0,0,0,0
132,132,naranjilla lulo pulp,30,0.3,0.0,0.0,0.0,7.1,4.5,0.5,1.3,0.0,0.044,111.7,0.0,0.039,0.032,0.0,0.0,1.7,0.3,0.1,3.8,0.0,0.9,0.011,9.6,0.069,0.4,13.2,0.074,14.4,240.0,0.082,0.1,23.0,FOOD-DATA-GROUP3,6.329113924050633,89.87341772151899,3.79746835443038,0.0617283950617284,30,1.6129032258064515,4.193548387096775,55.55555555555556,2.6,0.0014193548387096773,0,0,0,0
133,133,coconut meat dried,187,18.3,16.2,0.8,0.2,6.7,2.1,1.9,4.6,0.0,0.058,0.8,0.0,0.054,0.059,0.0,0.012,0.2,0.2,0.047,0.4,0.0,0.1,0.049,7.4,0.2,0.9,25.5,0.8,58.3,153.7,0.041,0.6,40.2,FOOD-DATA-GROUP3,7.063197026022305,24.907063197026027,68.02973977695169,0.24675324675324672,187,1.0106382978723403,2.4468085106382977,27.27272727272727,9.2,0.00030851063829787236,0,0,1,0
134,134,waxgourd raw,17,0.3,0.036,0.024,0.1,4.0,0.0,0.5,3.8,0.0,0.1,126.9,0.0,0.07,0.089,0.0,0.1,0.5,0.2,0.082,17.2,0.0,0.0,0.0,25.1,0.088,0.5,13.2,0.067,25.1,7.9,0.052,0.8,51.4,FOOD-DATA-GROUP3,10.416666666666668,83.33333333333334,6.25,0.1,17,2.7777777777777777,21.11111111111111,0.0,7.6,0.005555555555555556,0,0,0,0
135,135,surinam cherry pitanga,2,0.059,0.0,0.0,0.0,0.5,0.0,0.045,0.0,0.0,0.1,6.4,0.0,0.024,0.0,0.0,0.004,0.096,0.0,0.0,1.8,0.0,0.0,0.0,0.6,0.0,0.0,0.8,0.0,0.8,7.2,0.0,0.0,3.056,FOOD-DATA-GROUP3,7.450331125827814,82.78145695364238,9.768211920529799,0.03,2,1.5,0.0,0.0,0.0,0.03333333333333333,0,0,0,0
136,136,passion fruit,17,0.1,0.098,0.051,0.053,4.2,2.0,0.4,1.9,0.0,0.072,13.1,0.0,0.0,0.0,0.068,0.0,0.09,0.3,0.0,0.074,5.4,0.0,0.078,0.03,2.2,0.015,0.3,5.2,0.0,12.2,62.6,0.053,6.667,FOOD-DATA-GROUP3,8.51063829787234,89.36170212765957,2.127659574468085,0.07692307692307693,17,2.2222222222222223,10.555555555555555,38.46153846153846,3.8,0.004,0,0,0,0
137,137,sapodilla,141,1.9,0.3,0.9,0.05,33.9,0.0,0.7,9.0,0.0,0.08,132.6,0.0,0.0,0.08,0.0,0.001,0.3,0.4,0.086,25.0,0.0,0.0,0.0,35.7,0.1,1.4,20.4,0.0,20.4,328.1,0.099,0.2,107.6,FOOD-DATA-GROUP3,1.9178082191780819,92.87671232876711,5.205479452054794,0.020057306590257878,141,0.4929577464788732,6.338028169014084,0.0,10.0,0.0005633802816901409,0,0,0,0
138,138,pummelo,48,0.06,0.0,0.0,0.0,12.0,0.0,1.0,1.3,0.0,0.094,111.4,0.0,0.0,0.067,0.0,0.0,0.098,0.3,0.0,0.005,76.3,0.0,0.0,0.0,5.0,0.097,0.1,7.5,0.005,21.3,270.0,0.0,14.376,FOOD-DATA-GROUP3,7.656967840735068,91.88361408882082,0.4594180704441041,0.07692307692307693,48,2.0408163265306123,2.653061224489796,0.0,2.6,0.0019183673469387755,0,0,0,0
139,139,coconut meat,1405,133.0,117.9,5.7,1.5,60.5,24.7,13.2,35.7,0.0,0.022,186.6,0.0,0.3,0.1,0.0,0.054,2.1,1.2,0.2,13.1,0.0,1.0,0.019,55.6,1.7,9.6,127.0,6.0,448.6,1413.3,0.056,4.4,320.7,FOOD-DATA-GROUP3,6.386066763425253,29.26947266569908,64.34446057087567,0.2146341463414634,1405,0.9388335704125178,2.539118065433855,40.16260162601626,10.0,1.5647226173541963e-05,0,1,1,0
140,140,soursop,149,0.7,0.1,0.2,0.2,37.9,30.5,2.3,7.4,0.0,0.024,182.6,0.0,0.2,0.001,0.0,0.1,2.0,0.6,0.1,46.4,0.0,0.2,0.031,31.5,0.2,1.4,47.3,0.0,60.8,625.5,0.017,0.2,127.6,FOOD-DATA-GROUP3,5.623471882640587,92.66503667481662,1.7114914425427872,0.05912596401028277,149,1.5333333333333332,4.933333333333334,78.40616966580977,10.0,0.00016,0,1,0,0
141,141,papaya,62,0.4,0.1,0.1,0.051,15.7,11.3,0.7,2.5,0.0,0.004,127.7,0.0,0.0,0.097,0.061,0.0,0.07,0.5,0.3,0.014,88.3,0.0,0.4,0.06,29.0,0.017,0.4,30.5,0.026,14.5,263.9,0.086,19.422,FOOD-DATA-GROUP3,4.166666666666667,93.45238095238096,2.3809523809523814,0.041916167664670656,62,1.111111111111111,3.968253968253968,67.66467065868265,5.0,6.349206349206349e-05,0,0,0,0
142,142,acerola cherry,2,0.052,0.074,0.086,0.036,0.4,0.0,0.079,0.077,0.0,0.088,4.4,0.0,0.0,0.039,0.038,0.0,0.093,0.026,0.072,0.076,80.5,0.0,0.0,0.0,0.6,0.007,0.021,0.9,0.0,0.5,7.0,0.045,0.707,FOOD-DATA-GROUP3,14.87758945386064,75.32956685499059,9.792843691148775,0.05642857142857143,2,2.6333333333333333,2.566666666666667,0.0,0.154,0.029333333333333333,0,0,0,0
143,143,ohelo berries,39,0.3,0.0,0.0,0.0,9.6,0.0,0.5,0.0,0.0,0.068,129.2,0.0,0.066,0.0,0.0,0.082,0.4,0.0,0.0,8.4,0.0,0.0,0.0,9.8,0.0,0.1,8.4,0.0,14.0,53.2,0.0,0.0,28.7,FOOD-DATA-GROUP3,4.8076923076923075,92.3076923076923,2.8846153846153846,0.04716981132075472,39,1.25,0.0,0.0,0.0,0.0017000000000000001,0,0,0,0
144,144,loganberries,81,0.5,0.053,0.023,0.3,19.1,11.3,2.2,7.8,0.0,0.06,124.4,0.0,0.008,0.029,0.0,0.05,1.2,0.4,0.083,22.5,0.0,1.3,0.065,38.2,0.2,0.9,30.9,1.8,38.2,213.2,0.065,0.5,91.2,FOOD-DATA-GROUP3,10.091743119266056,87.61467889908258,2.2935779816513757,0.10945273631840796,81,2.682926829268293,9.512195121951219,56.21890547263681,10.0,0.0007317073170731707,0,0,0,0
145,145,casaba melon,48,0.2,0.012,0.046,0.012,11.2,9.7,1.9,1.5,0.0,0.057,156.1,0.0,0.083,0.003,0.0,0.042,0.4,0.1,0.3,37.1,0.0,0.053,0.034,18.7,0.1,0.6,18.7,0.026,8.5,309.4,0.07,0.1,71.2,FOOD-DATA-GROUP3,14.285714285714285,84.21052631578948,1.503759398496241,0.1557377049180328,48,3.877551020408163,3.061224489795918,79.50819672131148,3.0,0.001163265306122449,0,0,0,0
146,146,durian,51,1.9,0.0,0.0,0.0,9.5,0.0,0.5,1.3,0.0,0.079,22.7,0.0,0.0,0.1,0.095,0.0,0.049,0.4,0.029,0.1,6.9,0.0,0.0,0.0,2.1,0.094,0.2,10.5,0.1,13.7,152.6,0.0,13.358,FOOD-DATA-GROUP3,4.201680672268907,79.83193277310924,15.966386554621847,0.047619047619047616,51,0.9615384615384616,2.5,0.0,2.6,0.0015192307692307692,0,0,0,0
147,147,coriander leaves raw,4,0.086,0.044,0.01,0.064,0.6,0.1,0.3,0.4,0.0,0.005,14.8,0.0,0.083,0.05,0.0,0.059,0.2,0.069,0.066,4.3,0.0,0.4,0.008,10.7,0.028,0.3,4.2,0.051,7.7,83.4,0.019,0.059,16.674,FOOD-DATA-GROUP3,30.425963488843816,60.85192697768763,8.72210953346856,0.18749999999999997,4,6.0,8.0,6.25,0.8,0.001,0,0,0,0
148,148,garden cress raw,3,0.062,0.052,0.049,0.062,0.5,0.4,0.2,0.063,0.0,0.079,8.0,0.0,0.0,0.072,0.004,0.0,0.03,0.018,0.019,0.017,6.2,0.0,0.011,0.04,7.3,0.009,0.1,3.4,0.001,6.8,54.5,0.032,0.886,FOOD-DATA-GROUP3,26.246719160104988,65.61679790026247,8.136482939632545,0.13333333333333333,3,5.0,1.575,26.666666666666668,0.126,0.01975,0,0,0,0
149,149,pasilla peppers dried,24,1.1,0.0,0.0,0.0,3.6,0.0,0.9,1.9,0.0,0.063,1.0,0.0,0.084,0.058,0.0,0.2,0.5,0.1,0.3,0.4,0.0,0.0,0.0,6.8,0.022,0.7,9.1,0.1,18.7,155.5,0.075,0.062,15.4,FOOD-DATA-GROUP3,16.071428571428573,64.28571428571429,19.642857142857146,0.1956521739130435,24,3.6000000000000005,7.6,0.0,3.8,0.00252,0,0,0,0
150,150,parsley dried,1,0.096,0.064,0.086,0.093,0.3,0.073,0.1,0.1,0.0,0.058,0.09,0.0,0.062,0.072,0.0,0.014,0.031,0.089,0.03,0.6,0.0,0.008,0.063,5.7,0.092,0.1,2.0,0.061,2.2,13.4,0.029,0.076,6.95,FOOD-DATA-GROUP3,20.161290322580648,60.483870967741936,19.35483870967742,0.07692307692307693,1,5.0,5.0,5.615384615384615,0.2,0.029,0,0,0,0
151,151,ancho pepper dried,48,1.4,0.1,0.08,0.8,8.7,0.0,2.0,3.7,0.0,0.068,3.8,0.0,0.055,0.082,0.0,0.4,1.1,0.3,0.6,0.3,0.0,0.0,0.0,10.4,0.079,1.9,19.2,0.2,34.2,409.9,0.046,0.2,28.4,FOOD-DATA-GROUP3,16.528925619834713,71.90082644628099,11.570247933884296,0.2061855670103093,48,4.081632653061225,7.551020408163265,0.0,7.4,0.0013877551020408164,0,0,0,0
152,152,coriander seeds,5,0.3,0.049,0.2,0.074,1.0,0.0,0.2,0.8,0.0,0.095,0.2,0.0,0.003,0.0,0.0,0.092,0.083,0.0,0.0,0.4,0.0,0.0,0.0,12.8,0.077,0.3,5.9,0.097,7.4,22.8,0.068,0.054,15.8,FOOD-DATA-GROUP3,13.333333333333334,66.66666666666666,20.0,0.1,5,3.3333333333333335,13.333333333333334,0.0,1.6,0.015833333333333335,0,0,0,0
153,153,dill weed dried,253,4.4,0.2,0.0,0.0,55.8,0.0,20.0,13.6,0.0,0.2,7.3,0.0,0.0,0.4,0.0,0.0,0.3,2.8,0.0,1.7,50.0,0.0,0.0,0.0,1784.0,0.5,48.8,451.0,4.0,543.0,3308.0,0.0,96.0,FOOD-DATA-GROUP3,24.937655860349125,69.57605985037407,5.486284289276808,0.35211267605633806,253,7.874015748031496,5.354330708661418,0.0,10.0,0.0007874015748031497,0,0,0,0
154,154,borage,19,0.6,0.2,0.2,0.017,2.7,0.0,1.6,0.0,0.0,0.023,82.8,0.0,0.073,0.058,0.0,0.1,0.8,0.072,0.064,31.2,0.0,0.0,0.0,82.8,0.1,2.9,46.3,0.3,47.2,418.3,0.084,0.2,121.8,FOOD-DATA-GROUP3,32.6530612244898,55.10204081632652,12.244897959183671,0.43243243243243246,19,8.0,0.0,0.0,0.0,0.00115,0,0,0,0
155,155,epazote,0,0.06,0.0,0.0,0.0,0.094,0.0,0.059,0.051,0.0,0.021,0.7,0.0,0.0,0.058,0.013,0.0,0.04,0.065,0.026,0.026,0.047,0.0,0.0,0.0,2.2,0.067,0.059,1.0,0.099,0.7,5.1,0.028,0.363,FOOD-DATA-GROUP3,27.699530516431924,44.13145539906103,28.169014084507044,0.053930530164533814,0,5.8999999999999995,5.1,0.0,0.102,0.021,0,0,0,0
156,156,chives dried,1,0.055,0.051,0.093,0.023,0.1,0.0,0.013,0.041,0.0,0.04,0.091,0.0,0.0,0.009,0.036,0.0,0.009,0.068,0.062,0.054,1.3,0.0,0.0,0.0,1.6,0.047,0.003,1.3,0.095,1.0,5.9,0.077,0.32,FOOD-DATA-GROUP3,7.738095238095237,59.523809523809526,32.73809523809524,0.011818181818181816,1,0.65,2.0500000000000003,0.0,0.082,0.02,0,0,0,0
157,157,thyme fresh,1,0.068,0.07,0.056,0.085,0.2,0.0,0.091,0.1,0.0,0.017,0.5,0.0,0.0,0.074,0.08,0.0,0.039,0.019,0.048,0.057,1.3,0.0,0.0,0.0,3.2,0.018,0.1,1.3,0.045,0.8,4.9,0.0,0.545,FOOD-DATA-GROUP3,25.348189415041777,55.71030640668523,18.94150417827298,0.07583333333333334,1,4.55,5.0,0.0,0.2,0.0085,0,0,0,0
158,158,butterbur,4,0.2,0.0,0.0,0.0,0.5,0.0,0.1,0.0,0.0,0.053,121.4,0.0,0.067,0.078,0.0,0.081,0.2,0.0,0.097,14.8,0.0,0.0,0.0,42.2,0.087,0.8,2.5,0.1,5.0,14.9,0.045,0.015,58.6,FOOD-DATA-GROUP3,12.5,62.5,25.0,0.06666666666666667,4,2.0,0.0,0.0,0.0,0.0106,0,0,0,0
159,159,wasabi root,142,0.8,0.0,0.0,0.0,30.6,0.0,6.2,10.1,0.0,0.02,89.8,0.0,0.2,0.099,0.0,0.1,1.0,0.3,0.4,54.5,0.0,0.0,0.0,166.4,0.2,1.3,89.7,0.5,104.0,738.4,0.0,2.1,269.9,FOOD-DATA-GROUP3,16.48936170212766,81.38297872340425,2.127659574468085,0.1962025316455696,142,4.335664335664336,7.0629370629370625,0.0,10.0,0.00013986013986013986,0,0,0,0
160,160,rosemary dried,4,0.2,0.083,0.029,0.085,0.8,0.0,0.081,0.5,0.0,0.048,0.1,0.0,0.002,0.043,0.0,0.016,0.054,0.0,0.074,0.7,0.0,0.0,0.0,15.4,0.084,0.4,2.6,0.011,0.8,11.5,0.084,0.078,18.079,FOOD-DATA-GROUP3,7.493061979648474,74.00555041628122,18.501387604070306,0.045,4,1.6199999999999999,10.0,0.0,1.0,0.009600000000000001,0,0,0,0
161,161,ginger root,2,0.028,0.048,0.067,0.046,0.4,0.019,0.068,0.058,0.0,0.0,1.6,0.0,0.073,0.079,0.0,0.055,0.088,0.064,0.051,0.1,0.0,0.03,0.02,0.3,0.092,0.061,0.9,0.026,0.7,8.3,0.08,0.049,1.028,FOOD-DATA-GROUP3,13.709677419354838,80.64516129032258,5.64516129032258,0.04857142857142858,2,2.2666666666666666,1.9333333333333333,1.3571428571428572,0.116,0.0,0,0,0,0
162,162,white pepper,7,0.0,0.002,0.049,0.032,1.6,0.0,0.2,0.6,0.0,0.075,0.3,0.0,0.0,0.008,0.027,0.0,0.028,0.085,0.0,0.075,0.5,0.0,0.0,0.0,6.4,0.069,0.3,2.2,0.1,4.2,1.8,0.077,2.514,FOOD-DATA-GROUP3,11.111111111111112,88.8888888888889,0.0,0.07692307692307693,7,2.5,7.5,0.0,1.2,0.009375,0,0,0,0
163,163,cloves ground,6,0.3,0.017,0.037,0.2,1.4,0.028,0.1,0.7,0.0,0.0,0.2,0.0,0.097,0.047,0.0,0.095,0.032,0.075,0.03,0.083,0.0,0.2,0.036,13.3,0.049,0.2,5.4,1.3,2.2,21.4,0.074,0.02,16.019,FOOD-DATA-GROUP3,5.555555555555556,77.77777777777777,16.666666666666664,0.04166666666666667,6,1.4285714285714286,10.0,1.1666666666666667,1.4,0.0,0,0,0,0
164,164,paprika,19,0.9,0.1,0.1,0.5,3.7,0.7,1.0,2.4,0.0,0.061,0.8,0.0,0.0,0.077,0.045,0.0,0.05,0.7,0.2,0.1,0.022,0.0,2.0,0.061,15.6,0.061,1.4,12.1,0.1,21.4,155.0,0.024,8.206,FOOD-DATA-GROUP3,17.857142857142854,66.07142857142857,16.07142857142857,0.2127659574468085,19,5.0,12.0,14.893617021276595,4.8,0.0030499999999999998,0,0,0,0
165,165,mace ground,25,1.7,0.5,0.6,0.2,2.7,0.0,0.4,1.1,0.0,0.097,0.4,0.0,0.079,0.016,0.0,0.032,0.061,0.0,0.039,1.1,0.0,0.0,0.0,13.4,0.1,0.7,8.6,0.073,5.8,24.5,0.083,0.1,21.1,FOOD-DATA-GROUP3,8.333333333333334,56.250000000000014,35.41666666666667,0.10810810810810811,25,1.5384615384615385,4.230769230769231,0.0,2.2,0.003730769230769231,0,0,0,0
166,166,bay leaf,2,0.042,0.08,0.095,0.076,0.4,0.0,0.086,0.2,0.0,0.084,0.07,0.0,0.021,0.015,0.0,0.054,0.061,0.0,0.094,0.3,0.0,0.0,0.0,5.0,0.031,0.3,0.7,0.058,0.7,3.2,0.077,0.081,6.316,FOOD-DATA-GROUP3,16.287878787878785,75.75757575757575,7.954545454545454,0.06142857142857143,2,2.8666666666666663,6.666666666666667,0.0,0.4,0.028,0,0,0,0
167,167,eppaw,150,1.8,0.0,0.0,0.0,31.7,0.0,4.6,0.0,0.0,0.015,60.0,0.0,0.0,0.1,0.072,0.0,0.1,0.3,1.2,0.2,13.0,0.0,0.0,0.0,110.0,0.2,1.2,32.0,1.1,165.0,340.0,0.052,38.5,FOOD-DATA-GROUP3,12.073490813648295,83.20209973753282,4.724409448818898,0.1406727828746177,150,3.0463576158940393,0.0,0.0,0.0,9.933774834437086e-05,0,0,0,0
168,168,tarragon dried,2,0.047,0.01,0.081,0.068,0.3,0.0,0.1,0.038,0.0,0.012,0.068,0.0,0.011,0.092,0.0,0.082,0.083,0.0,0.083,0.3,0.0,0.0,0.0,6.8,0.069,0.2,2.1,0.044,1.9,18.1,0.088,0.019,7.752,FOOD-DATA-GROUP3,22.371364653243848,67.11409395973153,10.514541387024607,0.07692307692307693,2,3.3333333333333335,1.2666666666666666,0.0,0.076,0.004,0,0,0,0
169,169,ginger ground,6,0.043,0.088,0.021,0.095,1.3,0.067,0.2,0.3,0.0,0.038,0.2,0.0,0.037,0.002,0.0,0.091,0.2,0.083,0.05,0.094,0.0,0.0,0.043,2.1,0.078,0.4,3.9,0.6,3.0,23.8,0.084,0.087,4.327,FOOD-DATA-GROUP3,12.961762799740766,84.25145819831498,2.786779001944264,0.08695652173913045,6,2.857142857142857,4.285714285714286,2.91304347826087,0.6,0.0054285714285714284,0,0,0,0
170,170,savory ground,4,0.029,0.085,0.0,0.0,1.0,0.0,0.074,0.6,0.0,0.055,0.1,0.0,0.0,0.03,0.0,0.0,0.0,0.053,0.0,0.0,0.7,0.0,0.0,0.0,29.8,0.043,0.5,5.3,0.044,2.0,14.7,0.057,1.895,FOOD-DATA-GROUP3,6.70897552130553,90.66183136899365,2.6291931097008163,0.037,4,1.48,12.0,0.0,1.2,0.011,0,0,0,0
171,171,black pepper,6,0.006,0.034,0.04,0.065,1.5,0.08,0.2,0.6,0.0,0.036,0.3,0.0,0.0,0.047,0.04,0.0,0.029,0.067,0.09,0.073,0.0,0.0,0.084,0.045,10.2,0.001,0.2,3.9,0.3,3.6,30.6,0.009,2.505,FOOD-DATA-GROUP3,11.723329425556859,87.92497069167644,0.3516998827667058,0.08,6,2.857142857142857,8.571428571428571,3.2,1.2,0.005142857142857143,0,0,0,0
172,172,spearmint fresh,3,0.089,0.049,0.068,0.022,0.5,0.0,0.2,0.4,0.0,0.092,4.9,0.0,0.0,0.079,0.061,0.0,0.098,0.007,0.086,0.033,0.8,0.0,0.0,0.0,11.3,0.008,0.7,3.6,0.064,3.4,26.1,0.0,1.261,FOOD-DATA-GROUP3,25.34854245880862,63.37135614702155,11.280101394169836,0.13333333333333333,3,5.0,10.0,0.0,0.8,0.023,0,0,0,0
173,173,poultry seasoning,14,0.3,0.1,0.094,0.079,2.9,0.1,0.4,0.5,0.0,0.063,0.4,0.0,0.046,0.049,0.0,0.042,0.1,0.0,0.093,0.5,0.0,0.088,0.026,43.8,0.008,1.6,9.9,0.3,7.5,30.1,0.037,0.1,50.0,FOOD-DATA-GROUP3,11.111111111111112,80.55555555555556,8.333333333333334,0.10256410256410257,14,2.666666666666667,3.3333333333333335,2.5641025641025643,1.0,0.0042,0,0,0,0
174,174,nutmeg ground,12,0.8,0.6,0.056,0.088,1.1,0.6,0.1,0.5,0.0,0.095,0.1,0.0,0.065,0.008,0.0,0.055,0.088,0.0,0.072,0.001,0.0,0.0,0.0,4.0,0.052,0.018,4.0,0.008,4.7,7.7,0.086,0.036,6.656,FOOD-DATA-GROUP3,5.0,55.00000000000001,40.0,0.047619047619047616,12,0.7692307692307693,3.8461538461538463,28.57142857142857,1.0,0.007307692307692308,0,0,0,0
175,175,curry powder,20,0.9,0.1,0.3,0.2,3.7,0.2,0.8,2.1,0.0,0.004,0.6,0.0,0.0,0.076,0.023,0.0,0.042,0.2,0.0,0.05,0.7,0.0,1.4,0.094,30.1,0.034,1.9,16.0,0.3,22.0,97.2,0.052,7.681,FOOD-DATA-GROUP3,14.814814814814813,68.5185185185185,16.666666666666664,0.1702127659574468,20,3.8095238095238098,10.0,4.25531914893617,4.2,0.00019047619047619048,0,0,0,0
176,176,peppermint,1,0.004,0.016,0.034,0.051,0.2,0.0,0.038,0.1,0.0,0.007,1.3,0.0,0.0,0.025,0.039,0.0,0.011,0.086,0.048,0.061,0.5,0.0,0.0,0.0,3.9,0.078,0.066,1.3,0.088,1.2,9.1,0.0,0.423,FOOD-DATA-GROUP3,15.702479338842974,82.64462809917356,1.6528925619834711,0.03166666666666667,1,1.9,5.0,0.0,0.2,0.0035,0,0,0,0
177,177,salt,0,0.0,0.0,0.0,0.0,0.0,0.0,0.0,0.0,0.0,7.0,0.022,0.0,0.0,0.0,0.0,0.0,0.0,0.0,0.0,0.0,0.0,0.0,0.0,4.3,0.099,0.006,0.2,0.052,0.0,1.4,0.039,0.098,4.329,FOOD-DATA-GROUP3,0.0,0.0,0.0,0.0,0,0.0,0.0,0.0,0.0,7.0,0,0,0,0
178,178,coriander leaves dried,2,0.098,0.099,0.09,0.081,0.3,0.045,0.1,0.095,0.0,0.018,0.009,0.0,0.0,0.019,0.089,0.0,0.02,0.046,0.0,0.014,3.4,0.0,0.08,0.094,7.5,0.017,0.3,4.2,0.087,2.9,26.8,0.04,0.633,FOOD-DATA-GROUP3,20.080321285140563,60.24096385542168,19.67871485943775,0.07692307692307693,2,3.3333333333333335,3.166666666666667,3.4615384615384612,0.19,0.005999999999999999,0,0,0,0
179,179,sage ground,2,0.046,0.07,0.069,0.013,0.4,0.052,0.058,0.3,0.0,0.083,0.051,0.0,0.018,0.025,0.0,0.1,0.055,0.0,0.044,0.2,0.0,0.08,0.099,11.6,0.06,0.2,3.0,0.032,0.6,7.5,0.039,0.02,12.796,FOOD-DATA-GROUP3,11.507936507936508,79.36507936507937,9.126984126984127,0.04142857142857143,2,1.9333333333333333,10.0,3.7142857142857144,0.6,0.02766666666666667,0,0,0,0
180,180,garlic powder,10,0.029,0.003,0.045,0.016,2.3,0.068,0.5,0.3,0.0,0.082,0.2,0.0,0.0,0.011,0.056,0.0,0.031,0.059,0.008,0.093,0.091,0.0,0.039,0.008,2.4,0.003,0.2,2.4,0.035,12.8,37.0,0.077,3.269,FOOD-DATA-GROUP3,17.674089784376108,81.30081300813008,1.025097207493814,0.15151515151515152,10,4.545454545454546,2.727272727272727,2.060606060606061,0.6,0.007454545454545455,0,0,0,0
181,181,dill weed fresh,4,0.063,0.064,0.022,0.052,0.6,0.0,0.3,0.2,0.0,0.017,7.6,0.0,0.0,0.097,0.063,0.0,0.012,0.1,0.026,0.003,7.6,0.0,0.0,0.0,18.5,0.09,0.6,4.9,0.1,5.9,65.7,0.0,1.201,FOOD-DATA-GROUP3,31.152647975077883,62.30529595015577,6.542056074766355,0.18749999999999997,4,6.0,4.0,0.0,0.4,0.0034000000000000002,0,0,0,0
182,182,cardamom,6,0.1,0.065,0.038,0.071,1.4,0.0,0.2,0.6,0.0,0.013,0.2,0.0,0.072,0.0,0.0,0.056,0.029,0.0,0.005,0.4,0.0,0.0,0.0,7.7,0.039,0.3,4.6,0.6,3.6,22.4,0.0,0.1,10.7,FOOD-DATA-GROUP3,11.764705882352942,82.35294117647058,5.882352941176471,0.08333333333333334,6,2.857142857142857,8.571428571428571,0.0,1.2,0.0018571428571428571,0,0,0,0
183,183,saffron,2,0.092,0.047,0.1,0.05,0.5,0.0,0.071,0.002,0.0,0.063,0.086,0.0,0.0,0.097,0.082,0.0,0.066,0.061,0.0,0.023,0.6,0.0,0.0,0.0,0.8,0.037,0.035,1.8,0.2,1.8,12.1,0.082,0.682,FOOD-DATA-GROUP3,10.708898944193063,75.41478129713425,13.8763197586727,0.04733333333333333,2,2.3666666666666667,0.06666666666666667,0.0,0.004,0.021,0,0,0,0
184,184,allspice ground,5,0.2,0.034,0.084,0.063,1.4,0.0,0.1,0.4,0.0,0.001,0.2,0.0,0.026,0.079,0.0,0.08,0.088,0.0,0.03,0.7,0.0,0.0,0.0,12.6,0.011,0.1,2.6,0.036,2.1,19.8,0.02,0.015,15.5,FOOD-DATA-GROUP3,5.882352941176471,82.35294117647058,11.764705882352942,0.04166666666666667,5,1.6666666666666667,6.666666666666667,0.0,0.8,0.00016666666666666666,0,0,0,0
185,185,parsley fresh,1,0.078,0.016,0.037,0.01,0.2,0.001,0.1,0.1,0.0,0.056,3.3,0.0,0.0,0.047,0.07,0.0,0.092,0.02,0.002,0.081,5.1,0.0,0.029,0.013,5.2,0.085,0.2,1.9,0.046,2.2,21.1,0.094,0.509,FOOD-DATA-GROUP3,26.455026455026452,52.910052910052904,20.634920634920633,0.08333333333333334,1,5.0,5.0,0.08333333333333334,0.2,0.028,0,0,0,0
186,186,oregano dried,265,4.3,1.6,0.7,1.4,68.9,4.1,9.0,42.5,0.0,0.009,9.9,0.0,0.0,0.2,0.2,0.0,0.5,4.6,0.9,1.0,2.3,0.0,18.3,0.6,1597.0,0.6,36.8,270.0,5.0,148.0,1260.0,0.01,126.9,FOOD-DATA-GROUP3,10.94890510948905,83.81995133819952,5.231143552311435,0.12875536480686695,265,3.3834586466165413,15.977443609022558,5.865522174535049,10.0,3.3834586466165414e-05,0,0,0,0
187,187,marjoram dried,5,0.1,0.056,0.076,0.093,1.0,0.077,0.2,0.7,0.0,0.004,0.1,0.0,0.0,0.057,0.073,0.0,0.036,0.097,0.0,0.055,0.9,0.0,0.029,0.047,33.8,0.029,1.4,5.9,0.053,5.2,25.9,0.078,2.032,FOOD-DATA-GROUP3,15.384615384615385,76.92307692307692,7.6923076923076925,0.1,5,3.3333333333333335,11.666666666666666,3.85,1.4,0.0006666666666666666,0,0,0,0
188,188,chives raw,1,0.088,0.083,0.09,0.002,0.1,0.02,0.03,0.044,0.0,0.099,2.7,0.0,0.0,0.007,0.054,0.0,0.052,0.08,0.072,0.097,1.7,0.0,0.079,0.08,2.8,0.059,0.004,1.3,0.063,1.7,8.9,0.048,0.417,FOOD-DATA-GROUP3,13.761467889908257,45.87155963302752,40.366972477064216,0.027272727272727268,1,1.5,2.1999999999999997,1.8181818181818181,0.088,0.0495,0,0,0,0
189,189,fireweed leaves,24,0.6,0.0,0.0,0.0,4.4,0.0,1.1,2.4,0.0,0.035,16.3,0.0,0.044,0.007,0.0,0.079,1.1,0.3,0.1,0.5,0.0,0.0,0.0,98.7,0.016,0.6,35.9,1.5,24.8,113.6,0.068,0.6,108.3,FOOD-DATA-GROUP3,18.032786885245905,72.13114754098362,9.836065573770492,0.20370370370370372,24,4.4,9.6,0.0,4.8,0.0014000000000000002,0,0,0,0
190,190,rosemary fresh,1,0.1,0.016,0.0,0.072,0.1,0.0,0.005,0.012,0.0,0.039,0.5,0.0,0.0,0.066,0.028,0.0,0.042,0.028,0.032,0.043,0.2,0.0,0.0,0.0,2.2,0.092,0.099,0.6,0.054,0.5,4.7,0.0,0.369,FOOD-DATA-GROUP3,2.4390243902439024,48.78048780487805,48.78048780487805,0.004545454545454545,1,0.25,0.6,0.0,0.024,0.0195,0,0,0,0
191,191,garlic,4,0.026,0.033,0.078,0.089,0.9,0.043,0.2,0.064,0.0,0.018,1.6,0.0,0.0,0.058,0.024,0.0,0.068,0.09,0.005,0.061,0.9,0.0,0.056,0.003,5.1,0.069,0.046,0.7,0.01,4.3,11.2,0.014,1.253,FOOD-DATA-GROUP3,17.761989342806395,79.92895204262877,2.309058614564831,0.10526315789473685,4,4.0,1.28,2.263157894736842,0.128,0.0036,0,0,0,0
192,192,cinnamon ground,6,0.044,0.074,0.08,0.044,2.1,0.066,0.1,1.4,0.0,0.022,0.3,0.0,0.087,0.05,0.0,0.006,0.083,0.018,0.004,0.071,0.0,0.052,0.027,26.1,0.099,0.2,1.6,0.5,1.7,11.2,0.018,0.088,30.0,FOOD-DATA-GROUP3,4.45632798573975,93.58288770053476,1.96078431372549,0.03225806451612903,6,1.4285714285714286,20.0,2.129032258064516,2.8,0.0031428571428571426,0,0,0,0
193,193,chervil dried,5,0.002,0.066,0.033,0.031,0.9,0.0,0.4,0.2,0.0,0.076,0.1,0.0,0.055,0.037,0.0,0.09,0.1,0.0,0.096,1.0,0.0,0.0,0.0,25.6,0.044,0.6,2.5,0.043,8.6,90.1,0.031,0.2,28.777,FOOD-DATA-GROUP3,30.721966205837177,69.12442396313364,0.15360983102918588,0.2105263157894737,5,6.666666666666667,3.3333333333333335,0.0,0.4,0.012666666666666666,0,0,0,0
194,194,cayenne pepper,1,0.094,0.043,0.082,0.023,0.2,0.089,0.039,0.052,0.0,0.059,0.011,0.0,0.034,0.019,0.0,0.046,0.041,0.0,0.066,0.2,0.0,0.019,0.004,0.4,0.049,0.003,0.5,0.049,0.9,6.0,0.062,0.071,0.988,FOOD-DATA-GROUP3,11.711711711711711,60.06006006006006,28.228228228228225,0.0325,1,1.95,2.6,7.416666666666667,0.104,0.0295,0,0,0,0
195,195,turmeric ground,8,0.2,0.093,0.014,0.019,1.4,0.062,0.2,0.5,0.0,0.064,0.2,0.0,0.085,0.1,0.0,0.097,0.1,0.0,0.04,0.6,0.0,0.033,0.075,4.0,0.083,0.9,4.2,0.2,5.9,55.6,0.02,0.009,7.8,FOOD-DATA-GROUP3,11.111111111111112,77.77777777777779,11.111111111111112,0.08333333333333334,8,2.2222222222222223,5.555555555555555,2.5833333333333335,1.0,0.0071111111111111115,0,0,0,0
196,196,mustard,3,0.2,0.021,0.1,0.086,0.3,0.048,0.2,0.2,0.0,0.015,4.2,0.096,0.026,0.006,0.097,0.0,0.011,0.04,0.013,0.015,0.03,0.0,0.086,0.012,3.2,0.086,0.096,2.4,0.075,5.4,7.6,0.064,1.046,FOOD-DATA-GROUP3,28.571428571428577,42.85714285714286,28.571428571428577,0.15384615384615385,3,5.0,5.0,3.692307692307692,0.4,0.00375,0,0,0,0
197,197,chili powder,8,0.4,0.061,0.029,0.2,1.3,0.2,0.4,0.9,0.0,0.014,0.3,0.0,0.0,0.066,0.062,0.0,0.097,0.3,0.013,0.031,0.008,0.0,1.0,0.047,8.9,0.032,0.5,4.0,0.036,8.1,52.7,0.018,3.182,FOOD-DATA-GROUP3,19.047619047619047,61.904761904761905,19.047619047619047,0.1739130434782609,8,4.444444444444445,10.0,8.695652173913045,1.8,0.0015555555555555557,0,0,0,0
198,198,thyme dried,276,7.4,2.7,0.5,1.2,63.9,1.7,9.1,37.0,0.0,0.016,7.8,0.0,0.0,0.5,0.3,0.0,0.4,4.9,0.0,0.6,50.0,0.0,7.5,1.7,1890.0,0.9,123.6,220.0,7.9,201.0,814.0,0.068,120.6,FOOD-DATA-GROUP3,11.318407960199004,79.4776119402985,9.203980099502488,0.1402157164869029,276,3.2851985559566788,13.357400722021662,2.619414483821263,10.0,5.776173285198556e-05,0,0,0,0
199,199,spearmint dried,1,0.018,0.09,0.018,0.057,0.3,0.0,0.094,0.1,0.0,0.012,0.029,0.0,0.0,0.007,0.087,0.0,0.009,0.04,0.044,0.092,0.0,0.0,0.0,0.0,7.4,0.021,0.4,3.0,0.008,1.4,9.6,0.0,0.649,FOOD-DATA-GROUP3,22.815533980582522,72.81553398058252,4.368932038834951,0.07230769230769231,1,4.7,5.0,0.0,0.2,0.006,0,0,0,0
200,200,basil dried,2,0.027,0.02,0.038,0.076,0.3,0.054,0.2,0.3,0.0,0.089,0.076,0.0,0.0,0.099,0.043,0.0,0.012,0.07,0.011,0.047,0.033,0.0,0.034,0.078,15.7,0.082,0.6,5.0,0.051,1.9,18.4,0.054,1.0,FOOD-DATA-GROUP3,37.95066413662239,56.92599620493358,5.1233396584440225,0.15384615384615385,2,6.666666666666667,10.0,4.153846153846154,0.6,0.029666666666666664,0,0,0,0
201,201,dandelion greens cooked,35,0.6,0.0,0.0,0.0,6.7,1.7,2.1,3.0,0.0,0.3,94.3,0.0,0.1,0.063,0.0,0.2,0.5,0.058,0.2,18.9,0.0,0.6,0.4,147.0,0.1,1.9,25.2,0.2,44.1,243.6,0.004,0.3,180.2,FOOD-DATA-GROUP3,22.340425531914892,71.27659574468085,6.382978723404255,0.2727272727272727,35,5.833333333333333,8.333333333333332,22.07792207792208,6.0,0.008333333333333333,0,0,0,0
202,202,basil fresh,2,0.089,0.069,0.019,0.03,0.2,0.064,0.2,0.1,0.0,0.058,6.4,0.0,0.0,0.06,0.064,0.0,0.075,0.094,0.02,0.074,1.3,0.0,0.014,0.047,12.4,0.075,0.2,4.5,0.069,3.9,20.7,0.085,0.752,FOOD-DATA-GROUP3,40.899795501022496,40.899795501022496,18.20040899795501,0.16666666666666669,2,6.666666666666667,3.3333333333333335,5.333333333333334,0.2,0.019333333333333334,0,0,0,0
203,203,dock,29,0.9,0.0,0.0,0.0,4.3,0.0,2.7,3.9,0.0,0.025,123.7,0.0,0.0,0.0,0.091,0.0,0.1,0.7,0.029,0.2,63.8,0.0,0.0,0.0,58.5,0.2,3.2,137.0,0.5,83.8,518.7,0.067,12.2,FOOD-DATA-GROUP3,34.177215189873415,54.430379746835435,11.39240506329114,0.5094339622641509,29,9.000000000000002,13.0,0.0,7.8,0.0008333333333333334,0,0,0,0
204,204,garden cress cooked,31,0.8,0.001,0.3,0.3,5.1,4.2,2.6,0.9,0.0,0.3,124.9,0.0,0.029,0.035,0.0,0.2,1.1,0.2,0.2,31.1,0.0,0.7,0.5,82.4,0.2,1.1,35.1,0.5,64.8,476.6,0.039,0.2,124.0,FOOD-DATA-GROUP3,30.58823529411765,60.0,9.411764705882353,0.42622950819672134,31,8.125,2.8125,68.85245901639345,1.8,0.009375,0,0,0,0
205,205,onion powder,8,0.024,0.068,0.036,0.077,1.9,0.2,0.2,0.4,0.0,0.048,0.1,0.0,0.079,0.045,0.0,0.061,0.039,0.012,0.098,0.6,0.0,0.068,0.021,9.2,0.092,0.052,2.7,0.008,7.7,23.6,0.011,0.076,12.389,FOOD-DATA-GROUP3,9.416195856873824,89.45386064030131,1.1299435028248588,0.06896551724137931,8,2.2222222222222223,4.444444444444445,6.896551724137931,0.8,0.005333333333333333,0,0,0,0
206,206,dandelion greens raw,25,0.4,0.012,0.041,0.2,5.1,0.4,1.5,1.9,0.0,0.043,47.1,0.0,0.1,0.059,0.0,0.1,0.4,0.095,0.1,19.3,0.0,1.9,0.4,102.9,0.007,1.7,19.8,0.2,36.3,218.4,0.086,0.2,132.8,FOOD-DATA-GROUP3,21.428571428571427,72.85714285714285,5.714285714285714,0.24590163934426232,25,5.769230769230769,7.307692307692307,6.557377049180328,3.8,0.0016538461538461537,0,0,0,0
207,207,yokan,36,0.022,0.064,0.072,0.003,8.5,0.0,0.5,0.0,0.0,0.05,5.0,0.0,0.0,0.069,0.03,0.0,0.096,0.048,0.066,0.025,0.0,0.0,0.0,0.0,3.8,0.048,0.2,2.5,0.089,5.6,6.3,0.025,9.059,FOOD-DATA-GROUP3,5.542008423852804,94.21414320549766,0.2438483706495234,0.05263157894736842,36,1.3513513513513513,0.0,0.0,0.0,0.0013513513513513514,0,0,0,0
208,208,fava beans cooked,187,0.7,0.1,0.1,0.3,33.4,3.1,12.9,9.2,0.0,0.081,121.6,0.0,0.0,0.2,0.2,0.0,0.2,1.2,0.3,0.1,0.5,0.0,0.046,0.067,61.2,0.4,2.6,73.1,0.7,212.5,455.6,0.058,56.778,FOOD-DATA-GROUP3,27.4468085106383,71.06382978723403,1.4893617021276595,0.375,187,6.861702127659575,4.8936170212765955,9.011627906976745,10.0,0.00043085106382978727,0,0,0,0
209,209,french beans raw,631,3.7,0.4,0.3,2.2,118.0,0.0,34.6,46.4,0.0,0.069,19.8,0.0,1.0,0.7,0.0,0.4,3.8,1.5,0.7,8.5,0.0,0.0,0.0,342.2,0.8,6.3,345.9,2.2,559.4,2421.4,0.049,3.5,559.7,FOOD-DATA-GROUP3,22.136916186820223,75.49584133077416,2.3672424824056306,0.2907563025210084,631,5.474683544303797,7.341772151898734,0.0,10.0,0.00010917721518987342,0,0,0,0
210,210,chickpeas canned,352,7.0,0.5,1.2,2.4,57.0,0.0,17.8,0.0,0.0,0.6,168.8,0.0,0.006,0.1,0.0,0.0,0.4,0.0,0.0,0.3,0.0,0.0,0.0,113.9,0.6,2.7,65.8,2.1,215.1,318.8,0.0,1.6,198.7,FOOD-DATA-GROUP3,21.76039119804401,69.68215158924205,8.557457212713937,0.30689655172413793,352,5.042492917847026,0.0,0.0,0.0,0.0016997167138810198,0,0,0,0
211,211,yellow beans cooked,255,1.9,0.5,0.2,0.8,44.7,0.0,16.2,18.4,0.0,0.086,111.5,0.0,0.0,0.3,0.1,0.0,0.2,1.3,0.4,0.2,3.2,0.0,0.0,0.0,109.7,0.3,4.4,131.0,0.8,323.9,575.3,0.068,81.7,FOOD-DATA-GROUP3,25.796178343949045,71.17834394904459,3.025477707006369,0.3544857768052516,255,6.328125,7.187499999999999,0.0,10.0,0.0003359375,0,0,0,0
212,212,mung beans cooked,212,0.8,0.2,0.1,0.3,38.7,4.0,14.2,15.4,0.0,0.083,146.8,0.0,0.0,0.3,0.3,0.0,0.1,1.2,0.8,0.1,2.0,0.0,0.3,0.005,54.5,0.3,2.8,97.0,0.6,200.0,537.3,0.099,69.586,FOOD-DATA-GROUP3,26.443202979515828,72.06703910614524,1.48975791433892,0.3576826196473551,212,6.666666666666667,7.230046948356808,10.075566750629722,10.0,0.00038967136150234744,0,0,0,0
213,213,white beans canned,299,0.8,0.2,0.073,0.3,55.5,0.8,19.0,12.6,0.0,0.079,183.7,0.0,0.3,0.2,0.0,0.026,0.3,0.5,0.2,0.0,0.0,2.1,0.052,191.3,0.6,7.8,133.6,1.3,238.4,1189.5,0.022,2.9,287.0,FOOD-DATA-GROUP3,25.232403718459494,73.70517928286853,1.062416998671979,0.336283185840708,299,6.333333333333334,4.199999999999999,1.4159292035398232,10.0,0.00026333333333333336,0,0,0,0
214,214,pink beans cooked,252,0.8,0.2,0.045,0.4,47.2,0.6,15.3,9.0,0.0,0.075,103.4,0.0,0.0,0.4,0.3,0.0,0.1,1.0,0.5,0.3,0.0,0.0,1.7,0.083,87.9,0.5,3.9,109.9,0.9,278.9,858.5,0.03,73.103,FOOD-DATA-GROUP3,24.170616113744078,74.565560821485,1.2638230647709323,0.31742738589211617,252,6.047430830039526,3.557312252964427,1.2448132780082988,10.0,0.00029644268774703554,0,0,0,0
215,215,pink beans raw,720,2.4,0.6,0.2,1.0,134.8,4.5,44.0,26.7,0.0,0.057,21.1,0.0,1.6,1.0,0.0,0.4,4.0,2.1,1.1,0.0,0.0,0.4,0.007,273.0,1.7,14.2,382.2,2.9,871.5,3074.4,0.077,5.4,495.1,FOOD-DATA-GROUP3,24.282560706401764,74.39293598233996,1.324503311258278,0.32400589101620025,720,6.102635228848821,3.7031900138696257,3.313696612665685,10.0,7.905686546463245e-05,0,0,0,0
216,216,navy beans raw,701,3.1,0.4,0.5,2.9,126.4,8.1,46.4,50.8,0.0,0.059,25.2,0.0,1.6,0.8,0.0,0.3,4.6,1.5,0.9,0.0,0.0,0.08,0.018,305.8,1.7,11.4,364.0,2.9,846.6,2464.8,0.028,7.6,543.9,FOOD-DATA-GROUP3,26.378624218305852,71.85901080159182,1.762364980102331,0.3642072213500785,701,6.609686609686609,7.236467236467236,6.357927786499215,10.0,8.404558404558404e-05,0,0,0,0
217,217,snap beans cooked,44,0.4,0.005,0.02,0.2,9.9,1.9,2.4,4.0,0.0,0.086,111.5,0.0,0.0,0.053,0.076,0.0,0.1,0.8,0.021,0.061,12.1,0.0,0.6,0.053,55.0,0.015,0.8,22.5,0.4,36.3,182.5,0.02,16.848,FOOD-DATA-GROUP3,18.89763779527559,77.95275590551181,3.149606299212598,0.2201834862385321,44,5.333333333333333,8.88888888888889,17.431192660550458,8.0,0.001911111111111111,0,0,0,0
218,218,black eyed cowpeas raw,131,0.5,0.1,0.003,0.2,27.3,4.4,4.3,7.3,0.0,0.048,111.9,0.0,0.2,0.2,0.0,0.2,2.1,0.2,0.086,3.6,0.0,0.0,0.0,182.7,0.2,1.6,74.0,0.8,76.9,625.0,0.099,1.5,227.3,FOOD-DATA-GROUP3,13.395638629283487,85.04672897196261,1.557632398753894,0.1519434628975265,131,3.257575757575758,5.530303030303029,15.547703180212016,10.0,0.00036363636363636367,0,0,0,0
219,219,edamame cooked,189,8.1,1.0,2.0,3.3,13.8,3.4,18.5,8.1,0.0,0.034,112.8,0.053,0.0,0.3,0.5,0.0,0.2,1.4,0.6,0.2,9.5,0.0,1.1,0.041,97.7,0.5,3.5,99.2,1.6,262.0,675.8,0.0,49.248,FOOD-DATA-GROUP3,45.79207920792079,34.15841584158416,20.049504950495052,1.25,189,9.736842105263158,4.263157894736842,22.972972972972972,10.0,0.00017894736842105264,0,0,0,0
220,220,black eyed cowpeas cooked,160,0.6,0.2,0.1,0.3,33.5,5.3,5.2,8.3,0.0,0.036,124.5,0.0,0.0,0.2,0.2,0.0,0.2,2.3,0.3,0.1,3.6,0.0,0.4,0.0,211.2,0.2,1.8,85.8,0.9,84.2,689.7,0.033,47.9,FOOD-DATA-GROUP3,13.231552162849871,85.2417302798982,1.5267175572519083,0.15072463768115943,160,3.229813664596273,5.15527950310559,15.362318840579709,10.0,0.00022360248447204968,0,0,0,0
221,221,hyacinth beans cooked,227,1.1,0.2,0.076,0.5,40.2,0.0,15.8,0.0,0.0,0.0,0.003,134.1,0.0,0.5,0.023,0.0,0.001,0.8,0.6,0.014,0.0,0.0,0.0,0.0,77.6,0.7,8.9,159.1,0.9,232.8,653.8,0.021,191.981,FOOD-DATA-GROUP3,27.670753064798596,70.40280210157619,1.926444833625219,0.38349514563106796,227,6.929824561403509,0.0,0.0,0.0,0.0,0,0,0,0
222,222,cowpeas canned,185,1.3,0.3,0.1,0.6,32.7,0.0,11.4,7.9,0.0,0.7,191.1,0.0,0.2,0.1,0.0,0.2,0.8,0.5,0.1,6.5,0.0,0.0,0.0,48.0,0.3,2.3,67.2,0.7,168.0,412.8,0.061,1.7,110.1,FOOD-DATA-GROUP3,25.11013215859031,72.02643171806167,2.8634361233480177,0.3382789317507418,185,6.129032258064517,4.247311827956989,0.0,10.0,0.0037634408602150535,0,0,0,0
223,223,pinto beans cooked,245,1.1,0.2,0.2,0.3,44.8,0.6,15.4,15.4,0.0,0.085,107.6,0.0,0.0,0.3,0.3,0.0,0.1,0.5,0.4,0.4,1.4,0.0,1.6,0.097,78.7,0.4,3.6,85.5,0.8,251.4,745.6,0.064,77.502,FOOD-DATA-GROUP3,25.12234910277325,73.0831973898858,1.7944535073409464,0.33624454148471616,245,6.260162601626017,6.260162601626017,1.310043668122271,10.0,0.00034552845528455285,0,0,0,0
224,224,winged beans cooked,253,10.0,1.4,3.7,2.7,25.7,0.0,18.3,0.0,0.0,0.4,115.6,0.0,0.5,0.004,0.0,0.2,1.4,0.3,0.07,0.0,0.0,0.0,0.0,244.2,1.3,7.4,92.9,2.1,263.2,481.6,0.019,2.5,305.6,FOOD-DATA-GROUP3,33.88888888888889,47.592592592592595,18.51851851851852,0.6853932584269663,253,7.204724409448819,0.0,0.0,0.0,0.0015748031496062994,0,0,0,0
225,225,pinto beans raw,670,2.4,0.5,0.4,0.8,120.7,4.1,41.3,29.9,0.0,0.036,21.9,0.0,1.4,1.0,0.0,0.4,2.3,1.5,0.9,12.2,0.0,0.4,0.062,218.1,1.7,9.8,339.7,2.2,793.2,2688.5,0.036,4.4,434.4,FOOD-DATA-GROUP3,25.121654501216543,73.41849148418491,1.4598540145985401,0.3393590797041906,670,6.154992548435171,4.456035767511177,3.3689400164338537,10.0,5.365126676602086e-05,0,0,0,0
226,226,black turtle beans raw,624,1.7,0.4,0.1,0.7,116.4,3.9,39.1,28.5,0.0,0.041,20.2,0.0,1.7,0.8,0.0,0.4,3.6,1.7,0.5,0.0,0.0,0.4,0.032,294.4,1.8,16.0,294.4,1.8,809.6,2760.0,0.005,4.0,496.1,FOOD-DATA-GROUP3,24.872773536895675,74.04580152671757,1.0814249363867685,0.3330494037478705,624,6.256,4.5600000000000005,3.321976149914821,10.0,6.560000000000001e-05,0,0,0,0
227,227,fava beans raw,512,2.3,0.4,0.5,0.9,87.4,8.6,39.2,37.5,0.0,0.1,16.5,0.0,0.8,0.6,0.0,0.5,4.2,1.5,0.5,2.1,0.0,0.057,0.073,154.5,1.2,10.1,288.0,2.4,631.5,1593.0,0.016,4.7,333.1,FOOD-DATA-GROUP3,30.411171450737008,67.8044996121024,1.7843289371605893,0.4434389140271493,512,7.6413255360623795,7.309941520467836,9.728506787330316,10.0,0.00019493177387914232,0,0,0,0
228,228,lima beans canned,190,0.4,0.095,0.087,0.2,35.9,0.0,11.9,11.6,0.0,0.8,185.8,0.0,0.1,0.1,0.0,0.028,0.6,0.6,0.2,0.0,0.0,0.0,0.0,50.6,0.4,4.4,94.0,0.9,178.3,530.2,0.025,1.6,114.8,FOOD-DATA-GROUP3,24.68879668049793,74.48132780082987,0.8298755186721993,0.32249322493224936,190,6.230366492146596,6.0732984293193715,0.0,10.0,0.004188481675392671,0,0,0,0
229,229,hyacinth beans raw,722,3.5,0.6,0.2,1.5,127.6,0.0,50.2,53.8,0.0,0.073,19.7,0.0,2.4,0.008,0.0,0.3,3.4,2.6,0.3,0.0,0.0,0.0,0.0,273.0,2.8,10.7,594.3,3.3,781.2,2593.5,0.062,19.5,518.8,FOOD-DATA-GROUP3,27.688913403199116,70.38058466629894,1.9305019305019304,0.3903576982892691,722,6.9432918395574,7.441217150760719,0.0,10.0,0.00010096818810511756,0,0,0,0
230,230,white beans raw,673,1.7,0.4,0.1,0.7,121.7,4.3,47.2,30.7,0.0,0.051,22.9,0.0,0.9,0.8,0.0,0.3,1.0,1.5,0.6,0.0,0.0,0.4,0.03,484.8,2.0,21.1,383.8,3.6,608.0,3625.9,0.097,7.4,707.2,FOOD-DATA-GROUP3,27.667057444314185,71.33645955451348,0.996483001172333,0.38467807660961695,673,7.002967359050445,4.554896142433234,3.5044824775876116,10.0,7.566765578635014e-05,0,0,0,0
231,231,snap beans canned,66,0.4,0.1,0.027,0.2,15.4,0.0,3.5,6.6,0.0,0.09,415.6,0.0,0.1,0.036,0.0,0.2,0.9,0.5,0.1,14.9,0.0,0.6,0.0,105.4,0.3,4.0,57.1,1.5,83.4,403.9,0.057,0.9,150.2,FOOD-DATA-GROUP3,18.13471502590674,79.79274611398965,2.072538860103627,0.2134146341463415,66,5.223880597014925,9.850746268656716,0.0,10.0,0.0013432835820895521,0,0,0,0
232,232,navy beans canned,296,1.1,0.3,0.073,0.5,53.6,0.7,19.7,13.4,0.0,1.2,184.6,0.0,0.4,0.2,0.0,0.1,1.3,0.5,0.3,1.8,0.0,2.0,0.022,123.1,0.5,4.8,123.1,1.0,351.1,754.6,0.003,2.0,217.5,FOOD-DATA-GROUP3,26.47849462365592,72.04301075268819,1.4784946236559142,0.3608058608058608,296,6.632996632996632,4.511784511784512,1.282051282051282,10.0,0.00404040404040404,0,0,0,0
233,233,mung beans raw,718,2.4,0.7,0.3,0.8,129.6,13.7,49.4,33.7,0.0,0.085,18.7,0.0,1.3,1.3,0.0,0.5,4.7,4.0,0.8,9.9,0.0,1.1,0.009,273.2,1.9,14.0,391.2,2.1,759.7,2579.2,0.001,5.5,512.2,FOOD-DATA-GROUP3,27.23263506063947,71.44432194046306,1.323042998897464,0.3782542113323124,718,6.870653685674548,4.687065368567455,10.490045941807043,10.0,0.00011821974965229486,0,0,0,0
234,234,adzuki beans raw,648,1.0,0.4,0.034,0.2,123.9,0.0,39.1,25.0,0.0,0.06,26.5,0.0,0.9,1.2,0.0,0.4,5.2,2.9,0.7,0.0,0.0,0.0,0.0,130.0,2.2,9.8,250.2,3.4,750.6,2470.4,0.055,9.9,328.8,FOOD-DATA-GROUP3,23.84146341463415,75.54878048780488,0.6097560975609756,0.3130504403522818,648,6.024653312788907,3.8520801232665636,0.0,10.0,9.244992295839753e-05,0,0,0,0
235,235,black turtle beans cooked,241,0.6,0.2,0.002,0.3,45.0,0.6,15.1,15.4,0.0,0.06,121.6,0.0,0.0,0.4,0.2,0.0,0.1,1.0,0.5,0.1,0.0,0.0,1.6,0.004,101.8,0.5,5.3,90.7,0.6,281.2,801.1,0.058,76.721,FOOD-DATA-GROUP3,24.87644151565074,74.13509060955519,0.9884678747940692,0.3282608695652174,241,6.239669421487603,6.363636363636364,1.3043478260869565,10.0,0.00024793388429752067,0,0,0,0
236,236,pink lentils raw,662,4.2,0.7,1.0,2.2,113.6,0.0,47.9,20.7,0.0,0.092,22.6,0.0,1.0,0.4,0.0,0.2,2.9,0.7,0.8,3.3,0.0,0.0,0.0,78.7,2.5,14.5,138.2,2.7,564.5,1109.8,0.03,7.5,282.9,FOOD-DATA-GROUP3,28.907664453832226,68.55763427881713,2.534701267350634,0.4179755671902269,662,7.224736048265459,3.1221719457013575,0.0,10.0,0.000138763197586727,0,0,0,0
237,237,yellow beans raw,676,5.1,1.3,0.4,2.2,119.0,0.0,43.1,49.2,0.0,0.046,21.8,0.0,1.4,0.8,0.0,0.6,4.8,1.4,0.9,0.0,0.0,0.0,0.0,325.4,1.3,13.7,435.1,2.5,956.5,2042.3,0.074,5.5,555.5,FOOD-DATA-GROUP3,25.77751196172249,71.17224880382776,3.050239234449761,0.3591666666666667,676,6.366322008862629,7.267355982274743,0.0,10.0,6.794682422451994e-05,0,0,0,0
238,238,white beans cooked,249,0.6,0.2,0.044,0.3,44.9,0.6,17.4,11.3,0.0,0.045,112.9,0.0,0.0,0.2,0.1,0.0,0.05,0.3,0.4,0.2,0.0,0.0,1.7,0.029,161.1,0.5,6.6,112.8,1.1,202.3,1004.2,0.045,74.959,FOOD-DATA-GROUP3,27.662957074721778,71.38314785373609,0.9538950715421303,0.3790849673202614,249,6.959999999999999,4.5200000000000005,1.3071895424836601,10.0,0.00017999999999999998,0,0,0,0
239,239,lentils raw,678,2.0,0.3,0.4,1.0,115.4,3.9,49.5,58.6,0.0,0.039,20.0,0.0,1.7,0.9,0.0,0.4,5.0,4.1,1.0,8.4,0.0,0.9,0.083,107.5,1.0,14.5,234.2,2.6,865.9,1833.6,0.048,9.2,355.9,FOOD-DATA-GROUP3,29.658478130617134,69.14319952067106,1.1983223487118035,0.4252577319587629,678,7.290132547864507,8.630338733431516,3.350515463917526,10.0,5.743740795287187e-05,0,0,0,0
240,240,cranberry beans cooked,241,0.8,0.2,0.088,0.4,43.3,0.0,16.5,17.7,0.0,0.4,114.4,0.0,0.0,0.4,0.4,0.0,0.1,0.9,0.4,0.1,0.0,0.0,0.0,0.0,88.5,0.4,3.7,88.5,0.7,239.0,685.0,0.09,78.8,FOOD-DATA-GROUP3,27.22772277227723,71.45214521452145,1.3201320132013203,0.3724604966139955,241,6.8181818181818175,7.314049586776859,0.0,10.0,0.0016528925619834713,0,0,0,0
241,241,chickpeas raw,728,12.1,1.3,2.7,5.4,121.3,21.4,38.6,34.8,0.0,0.005,23.1,0.0,1.0,1.1,0.0,0.4,3.1,3.2,1.1,8.0,0.0,1.6,0.004,210.0,1.7,12.5,230.0,4.4,732.0,1750.0,0.095,6.9,437.3,FOOD-DATA-GROUP3,22.44186046511628,70.52325581395348,7.034883720930233,0.31561733442354867,728,5.2949245541838135,4.773662551440329,17.497955846279638,10.0,6.858710562414266e-06,0,1,0,0
242,242,lentils cooked,230,0.8,0.1,0.1,0.3,39.9,3.6,17.9,15.6,0.0,0.016,137.9,0.0,0.0,0.3,0.4,0.0,0.1,2.1,1.3,0.4,3.0,0.0,0.2,0.077,37.6,0.5,6.6,71.3,1.0,356.4,730.6,0.01,75.118,FOOD-DATA-GROUP3,30.546075085324233,68.08873720136519,1.3651877133105803,0.4376528117359413,230,7.748917748917748,6.753246753246753,8.80195599022005,10.0,6.926406926406927e-05,0,0,0,0
243,243,baked beans canned,239,0.9,0.2,0.2,0.3,53.7,20.2,12.1,10.4,0.0,0.9,182.9,0.0,0.2,0.036,0.0,0.078,1.1,0.5,0.2,0.0,0.0,0.4,0.019,86.4,0.4,3.0,68.6,0.3,188.0,569.0,0.082,5.8,166.5,FOOD-DATA-GROUP3,18.140929535232384,80.50974512743629,1.3493253373313343,0.2212065813528336,239,5.041666666666666,4.333333333333334,36.92870201096892,10.0,0.0037500000000000003,0,1,0,0
244,244,cranberry beans canned,216,0.7,0.2,0.083,0.3,39.3,0.0,14.4,16.4,0.0,0.9,201.7,0.0,0.1,0.2,0.0,0.1,1.3,0.4,0.1,2.1,0.0,0.0,0.0,88.4,0.4,4.0,83.2,0.5,223.6,676.0,0.079,2.2,165.3,FOOD-DATA-GROUP3,26.47058823529412,72.24264705882352,1.2867647058823528,0.35732009925558317,216,6.63594470046083,7.557603686635944,0.0,10.0,0.004147465437788019,0,0,0,0
245,245,black beans cooked,227,0.9,0.2,0.02,0.4,40.8,0.0,15.2,15.0,0.0,0.008,113.1,0.0,0.4,0.3,0.0,0.1,0.9,0.4,0.1,0.0,0.0,1.5,0.081,46.4,0.4,3.6,120.4,0.8,240.8,610.6,0.004,1.9,121.9,FOOD-DATA-GROUP3,26.713532513181022,71.70474516695957,1.5817223198594026,0.36363636363636365,227,6.666666666666667,6.578947368421052,0.0,10.0,3.508771929824561e-05,0,0,0,0
246,246,lima beans cooked,216,0.7,0.2,0.022,0.3,39.3,5.5,14.7,13.2,0.0,0.012,131.2,0.0,0.0,0.3,0.2,0.0,0.1,0.8,0.8,0.3,0.0,0.0,0.3,0.052,32.0,0.4,4.5,80.8,1.0,208.7,955.0,0.027,68.6,FOOD-DATA-GROUP3,26.873857404021933,71.84643510054843,1.279707495429616,0.36476426799007444,216,6.774193548387096,6.08294930875576,13.647642679900745,10.0,5.5299539170506914e-05,0,0,0,0
247,247,mungo beans raw,706,3.4,0.2,0.2,2.2,122.1,0.0,52.2,37.9,0.0,0.004,22.4,0.0,0.6,0.4,0.0,0.5,3.0,1.9,0.6,0.0,0.0,0.0,0.0,285.7,2.0,15.7,552.7,3.2,784.5,2034.8,0.015,6.9,517.0,FOOD-DATA-GROUP3,29.375351716375913,68.7113111986494,1.9133370849746762,0.42404549147034937,706,7.383309759547384,5.36067892503536,0.0,10.0,5.657708628005658e-06,0,0,0,0
248,248,pigeon peas raw,703,3.1,0.7,0.065,1.7,128.7,0.0,44.5,30.8,0.0,0.04,21.7,0.0,1.3,0.9,0.0,0.4,6.1,2.6,0.6,0.0,0.0,0.0,0.0,266.5,2.2,10.7,375.2,3.7,752.4,2853.6,0.022,5.7,484.3,FOOD-DATA-GROUP3,25.241066364152015,73.00056721497448,1.7583664208735112,0.3430994602929838,703,6.3210227272727275,4.375,0.0,10.0,5.681818181818182e-05,0,0,0,0
249,249,fava beans canned,182,0.6,0.092,0.1,0.2,31.8,0.0,14.0,9.5,0.0,1.2,205.6,0.0,0.016,0.05,0.0,0.1,2.5,0.3,0.1,4.6,0.0,0.0,0.0,66.6,0.3,2.6,81.9,0.7,202.2,619.5,0.029,1.6,129.7,FOOD-DATA-GROUP3,30.17241379310345,68.5344827586207,1.293103448275862,0.426829268292683,182,7.650273224043716,5.191256830601093,0.0,10.0,0.006557377049180328,0,0,0,0
250,250,yellow snap beans raw,31,0.1,0.097,0.094,0.013,7.1,0.0,1.8,3.4,0.0,0.085,90.3,0.0,0.005,0.002,0.0,0.1,0.8,0.074,0.05,16.3,0.0,0.0,0.0,37.0,0.077,1.0,25.0,0.2,38.0,209.0,0.067,0.2,66.7,FOOD-DATA-GROUP3,20.0,78.88888888888889,1.1111111111111112,0.22222222222222224,31,5.625,10.625,0.0,6.8,0.00265625,0,0,0,0
251,251,snap beans raw,31,0.2,0.051,0.016,0.1,7.0,3.3,1.8,2.7,0.0,0.025,90.3,0.0,0.02,0.061,0.0,0.1,0.7,0.2,0.1,12.2,0.0,0.4,0.066,37.0,0.093,1.0,25.0,0.2,38.0,211.0,0.003,0.2,61.9,FOOD-DATA-GROUP3,20.0,77.77777777777779,2.2222222222222223,0.225,31,5.625,8.4375,41.25,5.4,0.00078125,0,0,0,0
252,252,yellow snap beans canned,36,0.2,0.076,0.064,0.1,8.4,0.0,1.9,3.6,0.0,0.6,227.2,0.0,0.097,0.071,0.0,0.1,0.5,0.3,0.087,8.2,0.0,0.0,0.0,57.6,0.2,2.2,31.2,0.8,45.6,235.2,0.056,0.5,82.1,FOOD-DATA-GROUP3,18.095238095238095,80.0,1.9047619047619049,0.20212765957446807,36,5.135135135135135,9.72972972972973,0.0,7.2,0.016216216216216217,0,0,0,0
253,253,pigeon peas cooked,203,0.6,0.1,0.05,0.3,39.1,0.0,11.4,11.3,0.0,0.036,115.2,0.0,0.2,0.2,0.0,0.02,1.3,0.5,0.081,0.0,0.0,0.0,0.0,72.2,0.5,1.9,77.3,0.8,199.9,645.1,0.01,1.5,136.5,FOOD-DATA-GROUP3,22.309197651663403,76.51663405088063,1.1741682974559686,0.28428927680798005,203,5.588235294117648,5.5392156862745106,0.0,10.0,0.0001764705882352941,0,0,0,0
254,254,catjang cowpeas raw,573,3.5,0.9,0.3,1.5,99.6,0.0,39.8,17.9,0.0,0.07,18.5,0.0,1.1,1.1,0.0,0.3,4.7,2.5,0.6,2.5,0.0,0.0,0.0,142.0,1.8,16.6,556.1,2.6,731.5,2296.3,0.002,10.2,321.9,FOOD-DATA-GROUP3,27.85164450664801,69.69909027291813,2.4492652204338703,0.3956262425447316,573,6.933797909407664,3.1184668989547037,0.0,10.0,0.00012195121951219514,0,0,0,0
255,255,navy beans cooked,255,1.1,0.2,0.3,0.9,47.4,0.7,15.0,19.1,0.0,0.4,116.1,0.0,0.4,0.3,0.0,0.1,1.2,0.5,0.3,0.0,0.0,0.08,0.002,125.6,0.4,4.3,96.5,1.0,262.1,708.0,0.012,1.9,212.5,FOOD-DATA-GROUP3,23.62204724409449,74.64566929133858,1.7322834645669292,0.30991735537190085,255,5.859375,7.460937500000001,1.446280991735537,10.0,0.0015625,0,0,0,0
256,256,mothbeans raw,672,3.2,0.7,0.3,1.5,120.6,0.0,45.0,0.0,0.0,0.001,19.0,0.0,1.1,1.3,0.0,0.2,5.5,3.0,0.7,7.8,0.0,0.0,0.0,294.0,1.3,21.3,746.8,3.6,958.4,2334.4,0.095,3.8,491.9,FOOD-DATA-GROUP3,26.658767772511847,71.44549763033176,1.8957345971563981,0.37006578947368424,672,6.686478454680535,0.0,0.0,0.0,1.485884101040119e-06,0,0,0,0
257,257,cowpeas cooked,81,0.4,0.037,0.039,0.2,14.5,2.3,5.4,4.6,0.0,0.037,49.0,0.0,0.0,0.1,0.1,0.0,0.015,0.3,0.3,0.025,0.3,0.0,0.2,0.033,16.8,0.2,1.8,37.1,0.3,109.2,194.6,0.012,25.166,FOOD-DATA-GROUP3,26.600985221674883,71.42857142857144,1.9704433497536948,0.34838709677419355,81,6.585365853658537,5.609756097560975,14.838709677419354,9.2,0.0004512195121951219,0,0,0,0
258,258,mothbeans cooked,207,1.0,0.2,0.062,0.5,37.1,0.0,13.8,0.0,0.0,0.086,122.5,0.0,0.2,0.3,0.0,0.088,1.2,0.7,0.2,1.8,0.0,0.0,0.0,5.3,0.3,5.6,184.1,0.9,265.5,538.1,0.034,1.0,64.6,FOOD-DATA-GROUP3,26.589595375722542,71.48362235067437,1.9267822736030826,0.36220472440944884,207,6.634615384615385,0.0,0.0,0.0,0.00041346153846153844,0,0,0,0
259,259,french beans cooked,228,1.3,0.1,0.046,0.8,42.5,0.0,12.5,16.6,0.0,0.003,117.8,0.0,0.0,0.2,0.1,0.0,0.1,1.0,0.4,0.2,2.1,0.0,0.0,0.0,111.5,0.2,1.9,99.1,0.7,180.5,654.9,0.041,73.3,FOOD-DATA-GROUP3,22.202486678507995,75.48845470692717,2.3090586145648317,0.28735632183908044,228,5.458515283842795,7.248908296943232,0.0,10.0,1.3100436681222708e-05,0,0,0,0
260,260,lima beans raw,602,1.2,0.3,0.1,0.6,112.8,15.1,38.2,33.8,0.0,0.078,18.1,0.0,0.9,0.7,0.0,0.4,2.7,2.4,0.9,0.0,0.0,1.3,0.058,144.2,1.3,13.4,398.7,3.0,685.3,3068.7,0.087,5.0,343.6,FOOD-DATA-GROUP3,25.098554533508544,74.11300919842313,0.7884362680683312,0.335676625659051,602,6.3349917081260365,5.60530679933665,13.2688927943761,10.0,0.00012935323383084577,0,1,0,0
261,261,winged beans raw,744,29.7,4.2,10.9,7.9,75.9,0.0,54.0,47.1,0.0,0.09,15.2,0.0,1.9,0.084,0.0,0.8,5.6,1.4,0.3,0.0,0.0,0.0,0.0,800.8,5.2,24.5,325.8,6.8,820.8,1778.1,0.058,8.2,1032.0,FOOD-DATA-GROUP3,33.83458646616542,47.55639097744361,18.60902255639098,0.7022106631989596,744,7.248322147651007,6.322147651006711,0.0,10.0,0.00012080536912751678,0,0,0,0
262,262,adzuki beans cooked,294,0.2,0.067,0.021,0.024,57.0,0.0,17.3,16.8,0.0,0.079,152.5,0.0,0.0,0.3,0.3,0.0,0.1,1.6,1.0,0.2,0.0,0.0,0.0,0.0,64.4,0.7,4.6,119.6,1.3,386.4,1223.6,0.022,92.2,FOOD-DATA-GROUP3,23.221476510067117,76.51006711409396,0.26845637583892623,0.2982758620689655,294,5.864406779661017,5.694915254237289,0.0,10.0,0.00026779661016949153,0,0,0,0
263,263,black beans raw,662,2.8,0.7,0.2,1.2,121.0,4.1,41.9,30.1,0.0,0.065,21.4,0.0,1.7,0.9,0.0,0.4,3.8,1.7,0.6,0.0,0.0,0.4,0.026,238.6,1.6,9.7,331.7,2.1,682.9,2877.0,0.057,7.1,444.1,FOOD-DATA-GROUP3,25.28666264333132,73.02353651176826,1.6898008449004223,0.3434426229508197,662,6.319758672699849,4.539969834087482,3.360655737704918,10.0,9.803921568627452e-05,0,0,0,0
264,264,catjang cowpeas cooked,200,1.2,0.3,0.1,0.5,34.7,0.0,13.9,6.2,0.0,0.021,119.2,0.0,0.0,0.3,0.2,0.0,0.055,1.2,0.7,0.2,0.7,0.0,0.0,0.0,44.5,0.5,5.2,164.2,0.8,242.8,641.3,0.045,56.7,FOOD-DATA-GROUP3,27.91164658634538,69.67871485943775,2.4096385542168672,0.38935574229691877,200,6.91542288557214,3.084577114427861,0.0,10.0,0.00010447761194029852,0,0,0,0
265,265,baby lima beans cooked,189,0.5,0.1,0.06,0.3,35.0,2.5,12.0,10.8,0.0,0.064,130.2,0.0,0.0,0.1,0.003,0.0,0.097,1.4,0.3,0.2,10.4,0.0,1.2,0.06,50.4,0.4,3.5,100.8,1.5,201.6,739.8,0.079,58.952,FOOD-DATA-GROUP3,25.263157894736842,73.68421052631578,1.0526315789473684,0.3333333333333333,189,6.315789473684211,5.684210526315789,6.944444444444445,10.0,0.0003368421052631579,0,0,0,0
266,266,cowpeas raw,41,0.3,0.082,0.074,0.1,8.9,4.7,3.1,3.1,0.0,0.026,80.8,0.0,0.1,0.087,0.0,0.1,1.1,0.9,0.2,31.0,0.0,0.5,0.025,61.1,0.038,0.9,54.5,0.3,61.1,202.1,0.066,0.3,108.4,FOOD-DATA-GROUP3,25.203252032520325,72.35772357723576,2.4390243902439024,0.31313131313131315,41,7.380952380952381,7.380952380952381,47.474747474747474,6.2,0.000619047619047619,0,0,0,0
267,267,shellie beans canned,74,0.5,0.034,0.07,0.3,15.2,1.5,4.3,8.3,0.0,0.8,222.2,0.0,0.0,0.06,0.008,0.0,0.1,0.5,0.3,0.1,7.6,0.0,0.048,0.051,71.1,0.2,2.4,36.8,0.9,73.5,267.1,0.094,28.668,FOOD-DATA-GROUP3,21.5,76.0,2.5,0.2654320987654321,74,5.733333333333333,11.066666666666668,9.25925925925926,10.0,0.010666666666666668,0,0,0,0
268,268,yardlong beans raw,579,2.2,0.6,0.2,0.9,103.4,0.0,40.6,18.4,0.0,0.057,14.1,0.0,1.5,1.1,0.0,0.4,3.6,2.6,0.6,2.7,0.0,0.0,0.0,230.5,1.5,14.4,564.5,2.7,933.5,1932.2,0.054,5.8,412.2,FOOD-DATA-GROUP3,27.770177838577293,70.72503419972641,1.5047879616963067,0.3888888888888889,579,7.000000000000001,3.172413793103448,0.0,10.0,9.827586206896552e-05,0,0,0,0
269,269,pinto beans canned,197,1.3,0.3,0.3,0.5,36.4,2.4,11.0,11.0,0.0,0.6,187.7,0.0,0.1,0.03,0.0,0.063,0.6,0.3,0.2,1.7,0.0,1.4,0.09,112.8,0.4,3.5,79.2,0.8,220.8,662.4,0.0,1.3,177.7,FOOD-DATA-GROUP3,22.58726899383984,74.74332648870637,2.669404517453799,0.29411764705882354,197,5.555555555555555,5.555555555555555,6.417112299465241,10.0,0.0030303030303030303,0,0,0,0
270,270,chickpeas cooked,269,4.2,0.4,1.0,1.9,45.0,7.9,14.5,12.5,0.0,0.08,98.7,0.0,0.2,0.3,0.0,0.1,0.9,0.5,0.2,2.1,0.0,0.6,0.024,80.4,0.6,4.7,78.7,1.7,275.5,477.2,0.031,2.5,163.4,FOOD-DATA-GROUP3,22.762951334379906,70.6436420722135,6.593406593406594,0.31521739130434784,269,5.37037037037037,4.62962962962963,17.17391304347826,10.0,0.0002962962962962963,0,0,0,0
271,271,cranberry beans raw,653,2.4,0.6,0.2,1.0,117.1,0.0,44.9,48.2,0.0,0.014,24.2,0.0,1.5,1.2,0.0,0.4,2.8,1.5,0.6,0.0,0.0,0.0,0.0,247.7,1.5,9.8,304.2,1.8,725.4,2597.4,0.041,7.1,470.1,FOOD-DATA-GROUP3,27.31143552311435,71.2287104622871,1.4598540145985401,0.380186282811177,653,6.865443425076452,7.370030581039757,0.0,10.0,2.1406727828746177e-05,0,0,0,0
272,272,mungo beans cooked,189,1.0,0.065,0.001,0.6,33.0,3.6,13.6,11.5,0.0,0.083,130.5,0.0,0.3,0.2,0.0,0.1,2.7,0.8,0.1,1.8,0.0,0.3,0.092,95.4,0.3,3.2,113.4,0.7,280.8,415.8,0.042,1.5,159.5,FOOD-DATA-GROUP3,28.57142857142857,69.32773109243698,2.1008403361344534,0.39999999999999997,189,7.157894736842104,6.052631578947368,10.588235294117647,10.0,0.0004368421052631579,0,0,0,0
273,273,tamarinds,5,0.013,0.023,0.038,0.036,1.3,0.8,0.057,0.1,0.0,0.007,0.6,0.0,0.0,0.084,0.062,0.0,0.012,0.04,0.078,0.058,0.09,0.0,0.053,0.03,1.5,0.032,0.005,1.8,0.0,2.3,12.6,0.009,1.708,FOOD-DATA-GROUP3,4.16058394160584,94.89051094890512,0.948905109489051,0.024782608695652176,5,0.95,1.6666666666666667,34.78260869565218,0.2,0.0011666666666666668,0,0,0,0
274,274,yellow snap beans cooked,44,0.4,0.037,0.065,0.2,9.9,4.5,2.4,4.1,0.0,0.096,111.5,0.0,0.0,0.094,0.063,0.0,0.1,0.8,0.083,0.062,12.1,0.0,0.6,0.025,57.5,0.1,1.6,31.3,0.4,48.8,373.8,0.037,17.003,FOOD-DATA-GROUP3,18.89763779527559,77.95275590551181,3.149606299212598,0.2201834862385321,44,5.333333333333333,9.11111111111111,41.28440366972477,8.2,0.0021333333333333334,0,0,0,0
275,275,yardlong beans cooked,202,0.8,0.2,0.027,0.3,36.1,0.0,14.2,6.5,0.0,0.059,117.6,0.0,0.0,0.4,0.2,0.0,0.1,0.9,0.7,0.2,0.7,0.0,0.0,0.0,71.8,0.4,4.5,167.6,0.8,309.5,538.7,0.012,58.2,FOOD-DATA-GROUP3,27.788649706457928,70.64579256360079,1.565557729941292,0.3827493261455525,202,6.995073891625616,3.201970443349754,0.0,10.0,0.00029064039408866995,0,0,0,0
276,276,bacon beef steak,146,12.5,4.5,6.2,1.2,0.2,0.2,8.2,0.0,28.9,0.4,6.1,0.0,0.2,0.077,0.054,0.09,1.4,0.3,0.1,0.0,0.0,0.0,0.091,4.0,0.039,0.5,4.8,0.064,40.2,109.0,0.02,0.9,25.4,FOOD-DATA-GROUP3,39.23444976076555,0.9569377990430623,59.80861244019139,6.833333333333333,146,5.578231292517007,0.0,16.666666666666668,0.0,0.00272108843537415,0,0,0,0
277,277,lamb foreshank raw,912,60.7,26.4,24.9,4.8,0.0,0.0,85.8,0.0,326.6,0.3,304.0,0.0,0.5,0.014,0.013,0.9,24.8,3.1,0.7,0.0,0.0,1.1,0.0,49.9,0.5,7.6,99.8,0.072,771.1,970.7,0.095,23.7,204.0,FOOD-DATA-GROUP3,58.5665529010239,0.0,41.43344709897611,85.8,912,9.397590361445783,0.0,0.0,0.0,0.0003285870755750274,0,0,1,1
278,278,bacon,106,10.2,0.0,0.0,0.0,0.2,0.2,3.3,0.0,0.0,0.1,11.7,0.0,0.0,0.0,0.069,0.0,0.0,0.0,0.0,0.0,0.0,0.1,0.0,1.0,0.08,0.1,3.1,0.077,46.8,131.6,0.0,0.3,14.8,FOOD-DATA-GROUP3,24.087591240875913,1.4598540145985404,74.45255474452554,2.75,106,3.08411214953271,0.0,16.666666666666668,0.0,0.0009345794392523365,0,0,0,0
279,279,lamb rib cooked,915,76.0,32.6,31.9,5.5,0.0,0.0,53.9,0.0,247.4,0.2,122.1,0.0,0.2,0.084,0.082,0.5,17.2,1.6,0.3,0.0,0.0,0.3,0.0,56.1,0.3,4.1,51.0,0.001,423.3,691.1,0.065,8.9,190.1,FOOD-DATA-GROUP3,41.49345650500385,0.0,58.506543494996144,53.9,915,5.884279475982533,0.0,0.0,0.0,0.0002183406113537118,0,0,1,1
280,280,lamb shank raw,912,61.2,26.3,25.1,4.9,0.0,0.0,84.3,0.0,303.9,0.3,304.7,0.0,0.6,0.033,0.002,1.0,28.2,3.1,0.7,0.0,0.0,1.0,0.0,36.3,0.5,7.8,108.9,0.056,807.4,1183.9,0.068,15.9,189.6,FOOD-DATA-GROUP3,57.9381443298969,0.0,42.06185567010309,84.3,912,9.233296823658268,0.0,0.0,0.0,0.0003285870755750274,0,0,1,1
281,281,scrapple,60,3.9,1.3,1.7,0.5,4.0,0.063,2.3,0.052,13.9,0.1,17.7,0.2,0.091,0.032,0.011,0.049,0.6,0.0,0.03,0.7,0.075,0.039,0.057,2.0,0.024,0.5,3.7,0.0,21.5,44.7,0.017,0.3,13.63,FOOD-DATA-GROUP3,22.54901960784314,39.21568627450981,38.235294117647065,0.45999999999999996,60,3.7704918032786883,0.08524590163934426,1.26,0.104,0.001639344262295082,0,0,0,0
282,282,chicken nuggets,61,4.1,0.7,1.5,1.3,3.0,0.039,3.2,0.2,8.6,0.1,9.3,0.015,0.011,0.041,0.064,0.049,0.054,1.2,0.2,0.095,0.1,0.01,0.2,0.058,2.2,0.091,0.2,4.8,0.023,54.4,50.2,0.009,10.792,FOOD-DATA-GROUP3,31.06796116504854,29.126213592233007,39.80582524271844,0.8,61,5.161290322580645,0.3225806451612903,0.975,0.4,0.0016129032258064516,0,0,0,0
283,283,ground lamb cooked,886,61.5,25.4,26.0,4.4,0.0,0.0,77.5,0.0,303.6,0.3,172.4,0.0,0.3,0.062,0.064,0.8,21.0,2.1,0.4,0.0,0.079,0.4,0.003,68.9,0.4,5.6,75.1,0.071,629.1,1061.1,0.024,14.6,213.5,FOOD-DATA-GROUP3,55.75539568345324,0.0,44.24460431654676,77.5,886,8.737316798196167,0.0,0.0,0.0,0.0003382187147688839,0,0,1,1
284,284,lamb meat cooked,678,45.0,18.6,19.1,3.2,0.0,0.0,63.8,0.0,240.0,0.2,139.6,0.0,0.3,0.013,0.068,0.7,16.4,1.7,0.4,0.0,0.0,0.0,0.0,40.0,0.3,4.8,60.0,0.07,482.5,795.0,0.026,11.9,153.6,FOOD-DATA-GROUP3,58.63970588235294,0.0,41.360294117647065,63.8,678,9.396170839469809,0.0,0.0,0.0,0.0002945508100147276,0,0,1,1
285,285,meat extender,275,2.6,0.4,0.6,1.5,33.7,0.0,33.5,15.4,0.0,0.041,6.6,0.0,0.6,0.2,0.065,0.8,19.4,1.3,1.2,0.0,0.0,0.0,0.0,179.5,0.3,10.6,190.1,0.2,562.3,1673.8,0.038,1.9,275.3,FOOD-DATA-GROUP3,47.99426934097421,48.280802292263616,3.7249283667621778,0.9654178674351584,275,12.13768115942029,5.579710144927536,0.0,10.0,0.00014855072463768116,0,0,0,0
286,286,lamb leg raw,1043,77.4,33.7,31.8,6.1,0.0,0.0,81.2,0.0,313.0,0.3,291.8,0.0,0.6,0.055,0.042,1.0,28.4,3.1,0.7,0.0,0.0,1.0,0.0,40.8,0.5,7.5,104.3,0.09,771.1,1129.5,0.025,15.1,206.9,FOOD-DATA-GROUP3,51.19798234552332,0.0,48.802017654476664,81.2,1043,7.777777777777778,0.0,0.0,0.0,0.00028735632183908046,0,0,1,1
287,287,lamb loin cooked,202,14.8,6.3,6.2,1.1,0.0,0.0,16.1,0.0,64.0,0.089,33.0,0.0,0.034,0.003,0.014,0.2,4.5,0.4,0.013,0.0,0.024,0.087,0.062,12.8,0.068,1.2,15.4,0.09,125.4,209.3,0.039,2.2,44.9,FOOD-DATA-GROUP3,52.103559870550164,0.0,47.896440129449836,16.1,202,7.931034482758621,0.0,0.0,0.0,0.00043842364532019703,0,0,1,0
288,288,chicken patty,172,11.7,2.2,5.0,2.9,7.7,0.0,8.9,0.2,25.8,0.3,30.5,0.0,0.067,0.063,0.072,0.042,2.9,0.7,0.1,0.0,0.0,0.8,0.082,11.4,0.056,0.6,14.4,0.2,124.8,156.6,0.014,0.6,40.5,FOOD-DATA-GROUP3,31.448763250883395,27.208480565371023,41.34275618374558,1.0229885057471266,172,5.144508670520231,0.11560693641618498,0.0,0.4,0.0017341040462427746,0,0,0,0
289,289,lamb shank roasted,605,33.5,13.7,14.2,2.4,0.0,0.0,71.0,0.0,242.1,0.2,163.2,0.0,0.3,0.085,0.051,0.7,17.6,1.9,0.4,0.0,0.0,0.4,0.0,26.9,0.3,5.3,67.3,0.089,532.6,876.9,0.057,12.5,136.7,FOOD-DATA-GROUP3,67.94258373205741,0.0,32.057416267942585,71.0,605,11.716171617161717,0.0,0.0,0.0,0.00033003300330033004,0,0,1,1
290,290,barbecue loaf,40,2.0,0.7,1.0,0.2,1.5,0.0,3.6,0.0,8.5,0.3,14.9,0.0,0.042,0.038,0.039,0.086,0.5,0.4,0.07,0.0,0.099,0.0,0.0,12.7,0.029,0.3,3.9,0.089,30.4,75.7,0.009,0.6,20.1,FOOD-DATA-GROUP3,50.70422535211267,21.126760563380284,28.169014084507044,1.44,40,8.78048780487805,0.0,0.0,0.0,0.007317073170731707,0,0,0,0
291,291,lamb sirloin cooked,765,54.2,22.9,22.8,3.9,0.0,0.0,64.5,0.0,254.1,0.2,141.8,0.0,0.3,0.086,0.086,0.7,17.3,1.8,0.4,0.0,0.0,0.3,0.0,28.8,0.3,5.2,57.6,0.028,479.5,788.6,0.089,10.8,152.7,FOOD-DATA-GROUP3,54.33866891322662,0.0,45.66133108677338,64.5,765,8.420365535248042,0.0,0.0,0.0,0.0002610966057441253,0,0,1,1
292,292,poultry salad,26,1.8,0.4,0.4,0.8,1.0,0.0,1.5,0.0,3.9,0.079,8.6,0.084,0.066,0.093,0.037,0.081,0.2,0.011,0.009,0.1,0.063,0.3,0.0,1.3,0.072,0.097,1.3,0.049,4.3,23.8,0.024,0.1,5.781,FOOD-DATA-GROUP3,34.883720930232556,23.25581395348837,41.86046511627907,0.75,26,5.555555555555555,0.0,0.0,0.0,0.002925925925925926,0,0,0,0
293,293,ground lamb raw,80,6.6,2.9,2.7,0.5,0.0,0.0,4.7,0.0,20.7,0.05,16.8,0.0,0.021,0.012,0.01,0.055,1.7,0.2,0.022,0.0,0.028,0.044,0.06,4.5,0.099,0.4,5.9,0.017,44.4,62.8,0.07,1.0,16.2,FOOD-DATA-GROUP3,41.5929203539823,0.0,58.40707964601769,4.7,80,5.80246913580247,0.0,0.0,0.0,0.0006172839506172839,0,0,0,0
294,294,lamb loin raw,88,7.5,3.3,3.1,0.6,0.0,0.0,4.6,0.0,20.9,0.003,16.0,0.0,0.088,0.003,0.065,0.061,1.8,0.2,0.074,0.0,0.0,0.042,0.0,4.2,0.049,0.5,5.9,0.027,43.0,60.6,0.023,0.7,16.8,FOOD-DATA-GROUP3,38.01652892561983,0.0,61.98347107438017,4.6,88,5.168539325842696,0.0,0.0,0.0,3.370786516853933e-05,0,0,0,0
295,295,lamb sirloin raw,1234,100.3,44.1,41.2,7.8,0.0,0.0,76.8,0.0,326.6,0.3,273.5,0.0,0.5,0.027,0.072,1.0,28.8,3.2,0.6,0.0,0.0,1.0,0.0,45.4,0.5,7.3,99.8,0.024,721.2,1047.8,0.056,14.0,229.8,FOOD-DATA-GROUP3,43.365330321852056,0.0,56.634669678147944,76.8,1234,6.218623481781376,0.0,0.0,0.0,0.000242914979757085,0,0,1,1
296,296,sausage patty mcdonalds,115,11.2,3.6,4.7,1.4,0.4,0.1,4.3,0.0,20.9,0.2,11.7,0.0,0.008,0.0,0.025,0.01,1.3,0.2,0.077,0.0,0.0,0.0,0.0,6.5,0.017,0.3,4.5,0.038,39.6,75.8,0.0,0.4,22.7,FOOD-DATA-GROUP3,27.044025157232703,2.515723270440252,70.44025157232706,3.0714285714285716,115,3.706896551724138,0.0,7.142857142857144,0.0,0.001724137931034483,0,0,0,0
297,297,lamb foreshank cooked,360,19.9,8.3,8.4,1.4,0.0,0.0,42.0,0.0,156.9,0.1,84.1,0.0,0.087,0.026,0.008,0.3,8.1,0.9,0.1,0.0,0.002,0.3,0.091,29.6,0.2,3.2,32.6,0.024,245.7,380.4,0.087,11.4,94.7,FOOD-DATA-GROUP3,67.8513731825525,0.0,32.14862681744749,42.0,360,11.634349030470915,0.0,0.0,0.0,0.0002770083102493075,0,0,1,1
298,298,ham salad,97,7.0,2.3,3.2,1.2,4.8,0.0,3.9,0.0,16.7,0.5,28.2,0.0,0.2,0.084,0.039,0.006,0.9,0.1,0.047,0.0,0.012,0.8,0.0,3.6,0.065,0.3,4.5,0.083,54.0,67.5,0.059,0.5,19.6,FOOD-DATA-GROUP3,24.840764331210192,30.573248407643312,44.5859872611465,0.6724137931034483,97,3.9795918367346936,0.0,0.0,0.0,0.00510204081632653,0,0,0,0
299,299,lamb rib raw,1687,156.0,68.8,64.1,12.2,0.0,0.0,65.9,0.0,344.7,0.3,230.4,0.0,0.5,0.044,0.009,0.9,27.6,2.8,0.5,0.0,0.0,0.8,0.0,68.0,0.4,6.3,81.6,0.015,621.4,861.8,0.019,12.3,296.2,FOOD-DATA-GROUP3,29.698062190175754,0.0,70.30193780982424,65.9,1687,3.904028436018957,0.0,0.0,0.0,0.00017772511848341231,0,0,1,1
300,300,lamb shoulder raw,1198,97.3,42.1,39.9,7.8,0.0,0.0,75.2,0.0,326.6,0.3,278.5,0.0,0.5,0.035,0.07,1.0,25.7,3.1,0.6,0.0,0.015,1.0,0.041,72.6,0.4,6.8,95.3,0.023,716.7,1043.3,0.02,17.9,251.9,FOOD-DATA-GROUP3,43.594202898550726,0.0,56.405797101449274,75.2,1198,6.271893244370309,0.0,0.0,0.0,0.000250208507089241,0,0,1,1
301,301,lamb meat raw,1102,84.6,36.6,34.7,6.7,0.0,0.0,79.6,0.0,317.5,0.3,286.5,0.0,0.5,0.016,0.021,1.0,27.5,3.1,0.6,0.0,0.0,0.0,0.0,54.4,0.5,7.3,99.8,0.01,753.0,1084.1,0.078,16.0,225.9,FOOD-DATA-GROUP3,48.47746650426309,0.0,51.52253349573691,79.6,1102,7.216681776971895,0.0,0.0,0.0,0.00027198549410698095,0,0,1,1
302,302,lamb shoulder cooked,750,53.5,22.5,21.9,4.4,0.0,0.0,62.5,0.0,252.9,0.2,98.5,0.0,0.2,0.041,0.024,0.5,13.8,1.3,0.2,0.0,0.0,0.3,0.0,54.5,0.3,5.2,52.3,0.04,405.5,540.6,0.094,13.9,175.7,FOOD-DATA-GROUP3,53.879310344827594,0.0,46.12068965517241,62.5,750,8.322237017310254,0.0,0.0,0.0,0.00026631158455392814,0,0,1,1
303,303,mutton cooked,66,3.1,1.5,1.3,0.2,0.027,0.0,9.5,0.0,30.8,0.07,15.3,0.0,0.036,0.0,0.066,0.027,1.8,0.3,0.1,0.0,0.0,0.2,0.0,2.8,0.068,1.3,8.8,0.0,77.0,115.7,0.094,1.7,16.744,FOOD-DATA-GROUP3,75.23560624059556,0.21382751247327159,24.550566246931183,9.250243427458619,66,14.17910447761194,0.0,0.0,0.0,0.0010447761194029852,0,0,0,0
304,304,lamb leg cooked,684,43.7,18.3,18.4,3.1,0.0,0.0,67.7,0.0,246.5,0.2,152.3,0.0,0.3,0.058,0.065,0.7,17.5,1.8,0.4,0.0,0.099,0.4,0.025,29.2,0.3,5.2,63.6,0.071,506.2,829.5,0.064,11.7,145.8,FOOD-DATA-GROUP3,60.77199281867145,0.0,39.22800718132854,67.7,684,9.883211678832117,0.0,0.0,0.0,0.00029197080291970805,0,0,1,1
305,305,beef stick,110,9.9,4.2,4.1,0.9,1.1,0.0,4.3,0.0,26.6,0.3,3.8,0.0,0.071,0.0,0.002,0.063,0.9,0.016,0.024,1.4,0.0,0.0,0.0,13.6,0.097,0.7,4.2,0.007,36.0,51.4,0.0,0.5,31.0,FOOD-DATA-GROUP3,28.104575163398692,7.189542483660132,64.70588235294117,2.0476190476190474,110,3.873873873873874,0.0,0.0,0.0,0.0027027027027027024,0,0,0,0
306,306,veal sirloin cooked,517,26.9,10.6,10.6,1.8,0.0,0.0,64.1,0.0,221.4,0.2,111.7,0.0,0.1,0.032,0.048,0.7,13.5,2.1,0.7,0.0,0.0,0.8,0.0,34.9,0.3,2.5,55.4,0.072,498.2,658.1,0.058,8.9,128.4,FOOD-DATA-GROUP3,70.43956043956044,0.0,29.560439560439562,64.1,517,12.374517374517373,0.0,0.0,0.0,0.0003861003861003861,0,0,1,1
307,307,veal rib cooked,444,22.2,8.8,8.2,1.7,0.0,0.0,57.4,0.0,246.0,0.2,94.4,0.0,0.033,0.058,0.057,0.5,13.3,1.9,0.6,0.0,0.0,0.6,0.092,38.9,0.2,2.5,44.3,0.076,371.7,541.6,0.046,9.9,121.0,FOOD-DATA-GROUP3,72.1105527638191,0.0,27.889447236180903,57.4,444,12.89887640449438,0.0,0.0,0.0,0.00044943820224719103,0,0,1,1
308,308,veal meat cooked,483,23.8,8.9,9.2,1.7,0.0,0.0,62.9,0.0,238.3,0.2,119.3,0.0,0.1,0.064,0.057,0.7,16.7,2.6,0.6,0.0,0.0,0.8,0.069,46.0,0.2,2.4,54.3,0.084,499.5,679.3,0.061,9.9,135.1,FOOD-DATA-GROUP3,72.54901960784314,0.0,27.450980392156865,62.9,483,12.99586776859504,0.0,0.0,0.0,0.0004132231404958678,0,0,1,1
309,309,beef rib roasted,238,19.1,7.7,8.2,0.7,0.0,0.0,15.4,0.0,57.0,0.01,32.0,0.0,0.049,0.075,0.031,0.1,2.5,0.2,0.2,0.0,0.037,0.2,0.015,6.7,0.086,1.6,13.4,0.062,115.9,196.3,0.01,3.9,42.8,FOOD-DATA-GROUP3,44.63768115942029,0.0,55.36231884057972,15.4,238,6.443514644351464,0.0,0.0,0.0,4.184100418410042e-05,0,0,1,0
310,310,veal sirloin raw,689,35.4,15.2,13.8,2.3,0.0,0.0,86.5,0.0,353.8,0.3,325.9,0.0,0.4,0.016,0.004,1.4,38.3,6.2,2.2,0.0,0.0,1.1,0.093,49.9,0.5,3.5,108.9,0.1,948.0,1492.3,0.004,11.6,175.3,FOOD-DATA-GROUP3,70.95980311730926,0.0,29.04019688269073,86.5,689,12.536231884057973,0.0,0.0,0.0,0.00043478260869565214,0,0,1,1
311,311,beef top loin filet grilled,323,19.0,6.5,8.6,0.6,0.8,0.0,37.0,0.0,116.1,0.1,76.7,0.9,0.063,0.1,0.018,0.016,0.4,5.6,0.0,0.6,0.0,0.03,0.0,0.019,9.5,0.2,4.5,36.5,0.0,318.6,507.6,0.077,58.507,FOOD-DATA-GROUP3,65.14084507042254,1.4084507042253522,33.45070422535211,20.555555555555554,323,11.419753086419753,0.0,0.0,0.0,0.00030864197530864197,0,0,1,1
312,312,beef under blade steak cooked,983,46.7,17.9,22.6,2.3,0.0,0.0,140.8,0.0,480.4,0.3,260.9,1.9,0.002,0.3,0.03,0.068,1.1,17.9,3.5,1.5,0.0,0.022,0.4,0.044,62.9,0.5,14.4,98.8,0.085,929.4,1382.9,0.2,191.483,FOOD-DATA-GROUP3,75.09333333333333,0.0,24.90666666666667,140.8,983,14.308943089430896,0.0,0.0,0.0,0.0003048780487804878,0,0,1,1
313,313,mock tender steak raw,244,8.3,3.6,4.3,0.7,0.0,0.0,42.2,0.0,132.7,0.2,145.9,0.069,0.2,0.085,0.011,0.4,7.1,1.7,0.8,0.0,0.055,0.4,0.099,21.8,0.2,4.8,49.5,0.087,445.5,685.1,0.032,15.8,77.128,FOOD-DATA-GROUP3,83.56435643564357,0.0,16.435643564356436,42.2,244,17.22448979591837,0.0,0.0,0.0,0.0008163265306122449,0,0,0,1
314,314,ground beef cooked,375,24.8,10.0,12.0,0.7,0.0,0.0,35.5,0.0,122.3,0.1,77.5,1.6,0.0,0.007,0.098,0.06,0.3,6.8,1.1,0.6,0.0,0.0,0.7,0.052,57.0,0.1,3.4,27.8,0.044,280.8,455.9,0.081,62.697,FOOD-DATA-GROUP3,58.872305140961856,0.0,41.127694859038144,35.5,375,9.441489361702128,0.0,0.0,0.0,0.00026595744680851064,0,0,1,1
315,315,ground beef raw,1506,136.1,51.2,59.7,3.2,0.0,0.0,65.1,0.0,353.8,0.3,246.7,0.0,0.2,0.071,0.004,0.6,15.3,1.9,1.3,0.0,0.0,2.2,0.004,108.9,0.2,7.4,63.5,0.045,598.8,988.8,0.001,16.2,317.5,FOOD-DATA-GROUP3,32.3558648111332,0.0,67.64413518886681,65.1,1506,4.319840743198407,0.0,0.0,0.0,0.00019907100199071002,0,0,1,1
316,316,beef diced asda,48,0.7,0.3,0.0,0.0,10.5,0.054,0.0,0.0,0.0,0.0,0.0,0.0,0.0,0.0,0.0,0.0,0.0,0.0,0.0,0.0,0.0,0.0,0.0,0.0,0.0,0.0,0.0,0.0,0.0,0.0,0.0,0.0,11.2,FOOD-DATA-GROUP3,0.0,93.75000000000001,6.25,0.0,48,0.0,0.0,0.46956521739130436,0.0,0.0,0,0,0,0
317,317,veal rib raw,735,40.9,16.8,15.6,2.9,0.0,0.0,85.5,0.0,372.0,0.4,322.7,0.0,0.3,0.082,0.085,1.0,30.3,5.1,1.9,0.0,0.0,1.0,0.0,59.0,0.5,3.9,99.8,0.1,834.6,1315.4,0.045,14.7,189.3,FOOD-DATA-GROUP3,67.64240506329114,0.0,32.35759493670886,85.5,735,11.616847826086957,0.0,0.0,0.0,0.0005434782608695652,0,0,1,1
318,318,ground veal raw,41,1.9,0.8,0.7,0.1,0.0,0.0,5.5,0.0,23.2,0.029,20.6,0.0,0.093,0.005,0.045,0.095,2.1,0.4,0.1,0.0,0.0,0.086,0.0,4.2,0.048,0.2,6.8,0.026,57.4,89.1,0.076,0.9,11.8,FOOD-DATA-GROUP3,74.32432432432432,0.0,25.675675675675674,5.5,41,13.095238095238097,0.0,0.0,0.0,0.0006904761904761905,0,0,0,0
319,319,t bone steak cooked,1049,74.1,30.3,33.3,3.3,0.0,0.0,89.3,0.0,301.3,0.2,197.8,4.6,0.0,0.2,0.042,0.046,0.8,19.9,1.1,2.4,0.0,0.095,0.0,0.0,69.0,0.2,11.8,65.3,0.001,729.6,900.2,0.041,170.6,FOOD-DATA-GROUP3,54.65116279069768,0.0,45.34883720930233,89.3,1049,8.504761904761903,0.0,0.0,0.0,0.00019047619047619048,0,0,1,1
320,320,veal leg round raw,531,14.0,5.4,5.1,1.1,0.0,0.0,95.2,0.0,353.8,0.3,339.3,0.0,0.4,0.064,0.019,1.2,42.7,4.9,2.1,0.0,0.0,1.4,0.03,22.7,0.5,3.6,117.9,0.1,997.9,1664.7,0.005,10.4,135.5,FOOD-DATA-GROUP3,87.17948717948718,0.0,12.82051282051282,95.2,531,17.894736842105264,0.0,0.0,0.0,0.0005639097744360902,0,0,1,1
321,321,beef top sirloin steak raw,1222,77.3,31.2,33.1,2.9,0.0,0.0,123.4,0.0,456.0,0.3,401.8,0.0,0.4,0.016,0.001,0.6,36.4,3.6,3.4,0.0,0.0,2.2,0.066,145.9,0.4,9.0,127.7,0.074,1137.0,1915.2,0.1,21.6,355.6,FOOD-DATA-GROUP3,61.48480318883907,0.0,38.51519681116094,123.4,1222,10.08994276369583,0.0,0.0,0.0,0.0002452984464431725,0,0,1,1
322,322,beef plate steak grilled,508,35.6,12.9,14.3,2.0,0.0,0.0,47.1,0.0,177.5,0.1,89.5,1.7,0.021,0.2,0.017,0.054,1.4,8.9,2.3,0.8,0.0,0.011,0.2,0.047,13.9,0.4,8.9,41.8,0.4,321.9,487.2,0.088,85.652,FOOD-DATA-GROUP3,56.95284159613059,0.0,43.0471584038694,47.1,508,9.25343811394892,0.0,0.0,0.0,0.00019646365422396858,0,0,1,1
323,323,ground veal cooked,514,22.6,9.1,8.5,1.6,0.0,0.0,72.9,0.0,308.0,0.2,199.6,0.0,0.2,0.03,0.032,0.8,24.0,3.5,1.2,0.0,0.0,0.4,0.006,50.8,0.3,3.0,71.8,0.1,648.8,1007.6,0.011,11.6,149.3,FOOD-DATA-GROUP3,76.33507853403142,0.0,23.66492146596859,72.9,514,14.155339805825243,0.0,0.0,0.0,0.0003883495145631068,0,0,1,1
324,324,veal leg round cooked,574,17.2,6.9,6.4,1.3,0.0,0.0,98.4,0.0,364.5,0.2,150.9,0.0,0.2,0.067,0.072,1.0,28.7,2.8,1.0,0.0,0.0,1.3,0.096,21.8,0.4,3.6,78.9,0.1,677.3,1041.8,0.089,10.8,141.0,FOOD-DATA-GROUP3,85.12110726643598,0.0,14.878892733564012,98.4,574,17.11304347826087,0.0,0.0,0.0,0.00034782608695652176,0,0,1,1
325,325,porterhouse steak raw,1170,91.1,36.4,40.6,3.4,0.0,0.0,81.6,0.0,308.4,0.2,273.1,0.0,0.5,0.095,0.02,0.8,15.9,1.4,1.7,0.0,0.0,0.0,0.0,27.2,0.3,8.8,86.2,0.011,762.0,1338.1,0.013,14.3,208.7,FOOD-DATA-GROUP3,47.249565720903306,0.0,52.7504342790967,81.6,1170,6.968403074295473,0.0,0.0,0.0,0.0001707941929974381,0,0,1,1
326,326,veal shank raw,513,15.8,4.8,5.7,1.6,0.0,0.0,86.9,0.0,340.2,0.4,348.9,0.0,0.4,0.075,0.035,1.2,33.8,5.9,2.0,0.0,0.0,0.0,0.0,90.7,0.3,3.4,95.3,0.009,866.4,1424.3,0.068,18.1,196.8,FOOD-DATA-GROUP3,84.61538461538461,0.0,15.384615384615385,86.9,513,16.90661478599222,0.0,0.0,0.0,0.0007782101167315176,0,0,0,1
327,327,veal breast cooked,753,47.5,18.5,22.7,3.2,0.0,0.0,76.3,0.0,319.8,0.2,158.3,0.0,0.2,0.089,0.081,0.8,22.6,2.9,0.7,0.0,0.0,0.0,0.0,25.5,0.2,2.2,56.6,0.027,540.5,769.8,0.057,10.3,151.5,FOOD-DATA-GROUP3,61.63166397415186,0.0,38.368336025848144,76.3,753,10.119363395225465,0.0,0.0,0.0,0.00026525198938992045,0,0,1,1
328,328,corned beef canned,53,3.1,1.3,1.3,0.1,0.0,0.0,5.7,0.0,18.1,0.2,12.1,0.0,0.076,0.057,0.018,0.049,0.5,0.1,0.032,0.0,0.016,0.02,0.041,2.5,0.012,0.4,2.9,0.092,23.3,28.6,0.054,0.7,11.7,FOOD-DATA-GROUP3,64.77272727272727,0.0,35.22727272727273,5.7,53,10.555555555555555,0.0,0.0,0.0,0.003703703703703704,0,0,0,0
329,329,rib eye steak grilled,680,47.7,21.2,23.0,2.2,0.0,0.0,62.4,0.0,195.8,0.1,139.5,0.047,0.2,0.036,0.002,0.8,12.9,0.0,1.3,0.0,0.032,0.0,0.065,30.1,0.2,6.0,57.7,0.0,409.1,700.3,0.085,15.9,146.262,FOOD-DATA-GROUP3,56.675749318801095,0.0,43.32425068119892,62.4,680,9.162995594713657,0.0,0.0,0.0,0.00014684287812041116,0,0,1,1
330,330,veal shoulder raw,0,0.0,0.0,0.0,0.0,0.0,0.0,0.0,0.0,0.0,0.0,0.0,0.0,0.0,0.0,0.0,0.0,0.0,0.0,0.0,0.0,0.0,0.0,0.0,0.0,0.0,0.0,0.0,0.0,0.0,0.0,0.0,0.0,0.0,FOOD-DATA-GROUP3,0.0,0.0,0.0,0.0,0,0.0,0.0,0.0,0.0,0.0,0,0,0,0
331,331,t bone steak raw,1052,76.3,30.4,33.9,2.8,0.0,0.0,85.7,0.0,281.2,0.2,282.5,0.0,0.5,0.007,0.038,0.8,16.4,1.4,1.7,0.0,0.0,0.0,0.0,27.2,0.4,9.5,90.7,0.034,784.7,1397.1,0.044,14.7,198.7,FOOD-DATA-GROUP3,52.901234567901234,0.0,47.098765432098766,85.7,1052,8.138651471984804,0.0,0.0,0.0,0.00018993352326685662,0,0,1,1
332,332,sirloin steak,324,14.1,5.2,6.1,1.1,0.0,0.0,49.5,0.0,144.4,0.6,99.9,0.6,0.0,0.1,0.0,0.051,0.6,9.4,1.5,1.1,0.0,0.0,0.9,0.0,16.6,0.2,4.3,44.8,0.082,381.8,629.1,0.083,65.5,FOOD-DATA-GROUP3,77.83018867924528,0.0,22.169811320754715,49.5,324,15.230769230769232,0.0,0.0,0.0,0.0018461538461538461,0,0,1,1
333,333,mock tender steak cooked,137,4.9,1.5,2.3,0.3,0.0,0.0,21.9,0.0,55.3,0.028,55.7,0.0,0.09,0.025,0.063,0.2,3.1,0.0,0.3,0.0,0.0,0.1,0.0,6.8,0.1,2.6,19.6,0.0,198.9,249.1,0.073,6.7,36.2,FOOD-DATA-GROUP3,81.71641791044777,0.0,18.28358208955224,21.9,137,15.869565217391305,0.0,0.0,0.0,0.00020289855072463768,0,0,0,0
334,334,beef round steak cooked,385,12.1,4.3,5.1,0.5,0.0,0.0,64.8,0.0,174.3,0.011,126.8,0.0,0.1,0.032,0.042,0.3,11.3,1.3,0.9,0.0,0.0,0.8,0.064,14.4,0.2,5.2,41.0,0.033,395.7,516.6,0.091,10.7,96.5,FOOD-DATA-GROUP3,84.26527958387517,0.0,15.734720416124839,64.8,385,16.787564766839377,0.0,0.0,0.0,2.849740932642487e-05,0,0,0,1
335,335,chuck blade roast raw,1125,88.0,35.5,38.6,3.2,0.0,0.0,77.8,0.0,322.1,0.3,277.7,0.0,0.5,0.04,0.028,0.8,9.9,1.3,1.6,0.0,0.0,0.0,0.0,45.4,0.3,9.3,77.1,0.056,734.8,1229.3,0.049,22.6,220.5,FOOD-DATA-GROUP3,46.924004825090464,0.0,53.07599517490953,77.8,1125,6.909413854351687,0.0,0.0,0.0,0.0002664298401420959,0,0,1,1
336,336,beef shoulder steak raw,349,17.3,7.5,9.0,1.8,0.0,0.0,48.2,0.0,164.9,0.2,171.8,0.014,0.2,0.082,0.021,0.6,9.2,2.2,1.0,0.0,0.017,0.4,0.06,28.7,0.2,6.0,45.4,0.02,480.4,800.7,0.09,18.0,100.218,FOOD-DATA-GROUP3,73.58778625954199,0.0,26.412213740458018,48.2,349,13.771428571428574,0.0,0.0,0.0,0.0005714285714285715,0,0,1,1
337,337,beef top blade cooked,184,10.0,3.3,4.6,0.4,0.0,0.0,21.9,0.0,51.9,0.002,52.3,0.0,0.1,0.016,0.095,0.2,3.2,0.8,0.3,0.0,0.0,0.1,0.0,6.0,0.057,2.3,20.4,0.0,181.9,254.2,0.098,7.4,40.2,FOOD-DATA-GROUP3,68.65203761755487,0.0,31.347962382445143,21.9,184,11.837837837837837,0.0,0.0,0.0,1.081081081081081e-05,0,0,0,0
338,338,corned beef cooked,53,4.0,1.3,1.9,0.1,0.006,0.0,3.8,0.0,20.6,0.2,12.6,0.0,0.048,0.094,0.066,0.027,0.6,0.082,0.034,0.0,0.015,0.022,0.096,1.7,0.009,0.4,2.5,0.025,26.3,30.5,0.034,1.0,9.905,FOOD-DATA-GROUP3,48.68050217781194,0.0768639508070715,51.242633871380995,3.7773359840954273,53,7.037037037037036,0.0,0.0,0.0,0.003703703703703704,0,0,0,0
339,339,beef round steak raw,753,36.0,14.2,15.5,1.4,0.0,0.0,100.1,0.0,313.0,0.3,313.2,0.0,0.4,0.079,0.067,0.6,29.9,2.9,3.0,0.0,0.0,1.5,0.079,95.3,0.4,8.4,108.9,0.035,961.6,1583.1,0.1,18.5,239.8,FOOD-DATA-GROUP3,73.54886113152094,0.0,26.451138868479063,100.1,753,13.275862068965516,0.0,0.0,0.0,0.0003978779840848806,0,0,1,1
340,340,beef shoulder steak grilled,155,5.8,2.5,3.0,0.6,0.0,0.0,24.0,0.0,68.9,0.014,54.4,0.063,0.083,0.043,0.055,0.2,4.7,0.7,0.6,0.0,0.012,0.072,0.067,10.2,0.056,2.5,21.3,0.03,208.3,311.1,0.084,6.8,42.589,FOOD-DATA-GROUP3,80.53691275167785,0.0,19.463087248322147,24.0,155,15.384615384615385,0.0,0.0,0.0,8.974358974358975e-05,0,0,0,0
341,341,chuck eye steak raw,856,62.8,26.7,29.7,4.5,0.0,0.0,72.4,0.0,261.1,0.3,247.6,0.095,0.3,0.017,0.03,0.6,16.7,2.5,1.4,0.0,0.047,0.6,0.077,53.8,0.2,8.1,73.0,0.007,687.4,1263.4,0.097,27.9,197.159,FOOD-DATA-GROUP3,53.550295857988175,0.0,46.44970414201184,72.4,856,8.448074679113187,0.0,0.0,0.0,0.0003500583430571762,0,0,1,1
342,342,beef bottom round steak cooked,980,35.1,12.1,14.7,1.5,0.0,0.0,155.8,0.0,426.4,0.2,261.0,0.0,0.4,0.045,0.014,0.9,28.0,3.1,2.1,0.0,0.075,2.0,0.091,31.8,0.4,13.0,104.3,0.038,984.3,1279.2,0.2,26.8,235.7,FOOD-DATA-GROUP3,81.61341016238869,0.0,18.386589837611314,155.8,980,15.881753312945976,0.0,0.0,0.0,0.00020387359836901122,0,0,1,1
343,343,porterhouse steak cooked,235,16.4,6.2,7.4,0.6,0.0,0.0,20.4,0.0,57.0,0.085,46.5,0.0,0.099,0.069,0.024,0.2,3.6,0.3,0.3,0.0,0.0,0.2,0.0,6.0,0.1,2.5,18.7,0.095,164.1,254.2,0.087,3.9,45.3,FOOD-DATA-GROUP3,55.434782608695656,0.0,44.565217391304344,20.4,235,8.64406779661017,0.0,0.0,0.0,0.00036016949152542374,0,0,1,0
344,344,beef under blade steak raw,1235,80.8,32.6,37.4,5.9,0.0,0.0,126.8,0.0,431.0,0.3,241.6,0.057,0.3,0.061,0.091,1.0,16.9,3.3,1.4,0.0,0.093,0.4,0.076,62.9,0.4,12.6,89.8,0.036,812.7,1225.8,0.1,42.9,283.198,FOOD-DATA-GROUP3,61.078998073217726,0.0,38.921001926782274,126.8,1235,10.258899676375405,0.0,0.0,0.0,0.00024271844660194174,0,0,1,1
345,345,beef plate steak raw,617,46.8,19.0,20.6,2.3,0.9,0.0,47.8,0.0,188.9,0.2,168.0,0.071,0.3,0.089,0.058,1.5,10.9,3.0,1.0,0.0,0.008,0.4,0.016,16.0,0.5,9.1,50.5,0.5,377.7,643.7,0.048,12.6,120.656,FOOD-DATA-GROUP3,50.0523560209424,0.9424083769633508,49.00523560209424,25.157894736842106,617,7.73462783171521,0.0,0.0,0.0,0.00032362459546925567,0,0,1,1
346,346,beef meat canned,111,7.9,3.9,3.6,0.4,0.0,0.0,9.2,0.0,34.7,0.095,27.5,0.0,0.037,0.013,0.037,0.082,1.9,0.041,0.041,0.0,0.0,0.9,0.018,4.5,0.079,1.0,7.2,0.088,63.0,102.2,0.055,2.2,22.6,FOOD-DATA-GROUP3,53.80116959064326,0.0,46.198830409356724,9.2,111,8.214285714285714,0.0,0.0,0.0,0.0008482142857142857,0,0,0,0
347,347,beef breakfast strips raw,92,8.8,3.6,4.2,0.5,0.2,0.0,2.8,0.0,18.5,0.2,10.2,0.0,0.068,0.067,0.027,0.074,0.7,0.078,0.078,5.4,0.0,0.0,0.0,0.9,0.013,0.3,2.5,0.031,22.6,34.6,0.033,0.5,18.4,FOOD-DATA-GROUP3,23.72881355932203,1.694915254237288,74.57627118644068,2.3333333333333335,92,3.010752688172043,0.0,0.0,0.0,0.002150537634408602,0,0,0,0
348,348,beef brisket cooked,589,43.6,16.8,19.4,1.5,0.0,0.0,46.0,0.0,165.5,0.1,88.3,0.0,0.1,0.026,0.021,0.4,5.8,0.6,0.5,0.0,0.041,0.3,0.082,12.5,0.2,4.4,35.6,0.076,368.5,446.8,0.063,10.3,106.5,FOOD-DATA-GROUP3,51.33928571428572,0.0,48.66071428571429,46.0,589,7.796610169491526,0.0,0.0,0.0,0.00016949152542372882,0,0,1,1
349,349,corned beef raw,898,67.6,21.5,32.6,2.4,0.6,0.0,66.6,0.0,244.9,5.5,301.9,0.0,0.2,0.007,0.006,0.7,16.6,2.6,1.3,122.5,0.0,0.0,0.0,31.8,0.5,7.7,63.5,0.012,530.7,1347.2,0.07,12.9,296.8,FOOD-DATA-GROUP3,49.40652818991098,0.44510385756676557,50.14836795252226,41.62499999999999,898,7.408231368186874,0.0,0.0,0.0,0.006117908787541713,0,0,1,1
350,350,beef mince meat asda,55,3.1,1.3,0.0,0.0,6.8,0.054,0.0,0.0,0.0,0.0,0.0,0.0,0.0,0.0,0.0,0.0,0.0,0.0,0.0,0.0,0.0,0.0,0.0,0.0,0.0,0.0,0.0,0.0,0.0,0.0,0.0,0.0,9.9,FOOD-DATA-GROUP3,0.0,68.68686868686868,31.313131313131315,0.0,55,0.0,0.0,0.6923076923076923,0.0,0.0,0,0,0,0
351,351,pastrami beef fat free,9,0.1,0.0,0.036,0.099,0.1,0.0,1.9,0.0,4.5,0.005,7.1,0.0,0.04,0.076,0.051,0.043,0.5,0.073,0.079,3.3,0.0,0.0,0.0,0.9,0.078,0.3,1.7,0.047,14.3,21.7,0.044,0.4,6.6,FOOD-DATA-GROUP3,90.47619047619047,4.761904761904762,4.761904761904762,1.727272727272727,9,19.0,0.0,0.0,0.0,0.0005,0,0,0,0
352,352,rib eye steak raw,743,54.5,24.0,25.7,2.6,0.4,0.0,62.8,0.0,221.7,0.2,205.4,0.087,0.3,0.025,0.039,0.8,15.6,0.0,1.3,0.0,0.088,0.0,0.076,26.1,0.2,5.9,65.2,0.0,446.6,802.0,0.01,16.2,149.722,FOOD-DATA-GROUP3,53.355989804587935,0.3398470688190315,46.30416312659304,44.85714285714286,743,8.440860215053764,0.0,0.0,0.0,0.00026881720430107527,0,0,1,1
353,353,beef tenderloin steak cooked,374,24.0,9.4,10.0,0.9,0.0,0.0,37.0,0.0,135.8,0.061,78.5,0.0,0.1,0.016,0.067,0.2,9.9,0.7,0.8,0.0,0.028,0.7,0.028,26.6,0.1,2.4,30.8,0.076,287.0,460.6,0.018,6.7,90.0,FOOD-DATA-GROUP3,60.65573770491803,0.0,39.34426229508197,37.0,374,9.866666666666667,0.0,0.0,0.0,0.00016266666666666667,0,0,1,1
354,354,chuck blade roast cooked,842,62.0,24.7,26.8,2.2,0.0,0.0,66.1,0.0,256.9,0.2,117.7,0.0,0.2,0.005,0.024,0.6,6.0,0.8,0.6,0.0,0.003,0.5,0.006,32.1,0.3,7.7,46.9,0.089,498.9,575.5,0.061,20.8,167.9,FOOD-DATA-GROUP3,51.60031225604996,0.0,48.39968774395004,66.1,842,7.841043890865955,0.0,0.0,0.0,0.0002372479240806643,0,0,1,1
355,355,cured beef dried,4,0.019,0.086,0.088,0.007,0.06,0.006,0.9,0.0,2.2,0.049,1.5,0.0,0.017,0.058,0.025,0.002,0.1,0.065,0.032,0.0,0.0,0.026,0.087,0.2,0.091,0.004,0.5,0.018,5.1,6.6,0.01,0.1,1.333,FOOD-DATA-GROUP3,91.93054136874362,6.1287027579162405,1.9407558733401429,0.8490566037735849,4,18.0,0.0,0.5660377358490566,0.0,0.0098,0,0,0,0
356,356,beef flank steak cooked,380,17.5,7.2,7.1,0.7,0.0,0.0,51.8,0.0,152.3,0.068,119.1,0.0,0.1,0.021,0.003,0.2,14.0,1.0,1.0,0.0,0.0,0.7,0.069,33.8,0.2,3.4,41.4,0.095,377.9,612.9,0.073,9.0,106.5,FOOD-DATA-GROUP3,74.74747474747475,0.0,25.252525252525253,51.8,380,13.595800524934381,0.0,0.0,0.0,0.00017847769028871393,0,0,1,1
357,357,chuck eye steak grilled,853,60.5,26.7,29.1,4.4,0.0,0.0,76.9,0.0,268.0,0.2,170.1,4.0,0.012,0.2,0.083,0.085,0.6,14.4,2.3,1.1,0.0,0.093,0.3,0.02,49.3,0.2,7.5,67.8,0.045,594.4,1001.0,0.012,142.79,FOOD-DATA-GROUP3,55.96797671033479,0.0,44.03202328966521,76.9,853,9.004683840749415,0.0,0.0,0.0,0.000234192037470726,0,0,1,1
358,358,veal meat raw,653,30.7,12.7,11.7,2.2,0.0,0.0,87.8,0.0,372.0,0.4,330.4,0.0,0.4,0.097,0.061,1.2,34.0,5.9,1.9,0.0,0.0,1.2,0.0,68.0,0.5,3.8,108.9,0.1,920.8,1428.8,0.095,13.9,190.3,FOOD-DATA-GROUP3,74.0928270042194,0.0,25.90717299578059,87.8,653,13.425076452599388,0.0,0.0,0.0,0.0006116207951070337,0,0,1,1
359,359,veal loin cooked,80,4.9,1.9,1.9,0.3,0.0,0.0,8.5,0.0,33.4,0.001,14.7,0.0,0.011,0.096,0.069,0.053,2.6,0.2,0.039,0.0,0.0,0.1,0.049,7.9,0.074,0.3,6.8,0.047,62.3,79.2,0.082,1.0,21.6,FOOD-DATA-GROUP3,63.43283582089552,0.0,36.56716417910448,8.5,80,10.493827160493826,0.0,0.0,0.0,1.234567901234568e-05,0,0,0,0
360,360,veal loin raw,46,2.6,1.1,1.0,0.2,0.0,0.0,5.3,0.0,22.4,0.079,19.9,0.0,0.025,0.033,0.072,0.091,2.4,0.4,0.1,0.0,0.0,0.02,0.094,4.5,0.027,0.2,6.5,0.07,56.3,86.0,0.089,0.7,12.6,FOOD-DATA-GROUP3,67.0886075949367,0.0,32.91139240506329,5.3,46,11.27659574468085,0.0,0.0,0.0,0.0016808510638297873,0,0,0,0
361,361,veal shoulder cooked,435,19.4,7.2,7.4,1.4,0.0,0.0,61.2,0.0,240.7,0.2,107.7,0.0,0.1,0.049,0.005,0.6,12.3,2.9,0.5,0.0,0.0,0.8,0.06,66.9,0.3,2.7,51.6,0.037,477.5,590.2,0.091,12.6,150.2,FOOD-DATA-GROUP3,75.93052109181141,0.0,24.069478908188586,61.2,435,14.036697247706423,0.0,0.0,0.0,0.00045871559633027525,0,0,1,1
362,362,beef tenderloin steak raw,405,29.8,12.0,12.7,1.1,0.0,0.0,32.2,0.0,139.4,0.032,100.9,0.0,0.1,0.087,0.098,0.2,9.5,0.9,0.9,0.0,0.0,0.7,0.056,37.7,0.1,2.3,32.8,0.094,295.2,495.3,0.049,5.6,102.0,FOOD-DATA-GROUP3,51.935483870967744,0.0,48.064516129032256,32.2,405,7.931034482758621,0.0,0.0,0.0,7.881773399014778e-05,0,0,1,1
363,363,veal shank cooked,371,12.0,4.0,4.5,1.0,0.0,0.0,61.2,0.0,240.6,0.2,119.8,0.0,0.062,0.018,0.016,0.6,18.3,2.4,0.5,0.0,0.0,0.0,0.0,64.0,0.2,2.4,48.5,0.017,436.5,591.7,0.099,12.9,139.6,FOOD-DATA-GROUP3,83.60655737704919,0.0,16.39344262295082,61.2,371,16.451612903225808,0.0,0.0,0.0,0.0005376344086021505,0,0,0,1
364,364,beef brisket raw,1139,86.5,34.2,38.6,3.0,0.0,0.0,83.6,0.0,308.4,0.3,277.1,0.0,0.4,0.036,0.016,0.7,15.8,1.4,1.7,0.0,0.0,0.0,0.0,27.2,0.3,7.7,86.2,0.034,802.9,1279.2,0.033,16.8,205.0,FOOD-DATA-GROUP3,49.14756025867137,0.0,50.85243974132864,83.6,1139,7.333333333333333,0.0,0.0,0.0,0.0002631578947368421,0,0,1,1
365,365,pastrami beef,104,4.1,1.9,1.5,0.1,0.3,0.08,15.5,0.0,48.3,0.8,49.4,0.0,0.084,0.031,0.072,0.1,3.0,0.2,0.2,0.2,0.09,0.085,0.038,7.1,0.024,1.6,12.1,0.048,124.3,149.1,0.075,3.5,28.8,FOOD-DATA-GROUP3,77.88944723618091,1.5075376884422111,20.603015075376884,11.923076923076923,104,14.761904761904763,0.0,6.153846153846153,0.0,0.007619047619047619,0,0,0,0
366,366,beef flank steak raw,47,2.3,1.0,1.0,0.038,0.0,0.0,6.0,0.0,19.2,0.054,19.7,0.0,0.082,0.05,0.046,0.07,1.9,0.2,0.2,0.0,0.097,0.034,0.072,7.6,0.095,0.4,6.2,0.061,54.6,93.4,0.076,1.1,16.3,FOOD-DATA-GROUP3,72.28915662650601,0.0,27.710843373493972,6.0,47,12.5,0.0,0.0,0.0,0.001125,0,0,0,0
367,367,beef top sirloin steak cooked,430,25.2,9.9,10.5,1.0,0.0,0.0,47.7,0.0,162.8,0.055,103.3,0.0,0.1,0.075,0.072,0.2,12.7,0.9,1.0,0.0,0.009,0.8,0.069,35.4,0.1,3.1,38.9,0.063,369.9,594.7,0.026,8.6,111.4,FOOD-DATA-GROUP3,65.4320987654321,0.0,34.5679012345679,47.7,430,11.067285382830628,0.0,0.0,0.0,0.00012761020881670533,0,0,1,1
368,368,veal breast raw,943,66.9,26.7,32.5,4.3,0.0,0.0,79.2,0.0,322.1,0.3,307.0,0.0,0.0,0.0,0.0,0.0,0.0,0.0,0.0,0.0,0.0,0.0,0.0,31.8,0.4,2.4,81.6,0.046,780.2,1297.3,0.007,10.6,180.3,FOOD-DATA-GROUP3,54.2094455852156,0.0,45.79055441478439,79.2,943,8.389830508474578,0.0,0.0,0.0,0.0003177966101694915,0,0,1,1
369,369,beef rib raw,1433,123.8,51.2,53.0,4.5,0.0,0.0,73.8,0.0,322.1,0.2,247.3,0.0,0.4,0.017,0.061,0.6,11.8,1.5,1.3,0.0,0.0,0.0,0.0,36.3,0.3,7.8,72.6,0.045,694.0,1179.4,0.067,17.0,241.7,FOOD-DATA-GROUP3,37.34817813765182,0.0,62.65182186234818,73.8,1433,5.146443514644352,0.0,0.0,0.0,0.0001394700139470014,0,0,1,1
370,370,beef jerky,82,5.1,2.2,2.3,0.2,2.2,1.8,6.6,0.4,9.6,0.4,4.7,0.0,0.059,0.093,0.061,0.084,0.3,0.045,0.048,0.0,0.022,0.018,0.081,4.0,0.029,1.1,10.2,0.072,81.4,119.4,0.046,1.6,19.4,FOOD-DATA-GROUP3,47.482014388489205,15.827338129496404,36.690647482014384,2.0624999999999996,82,7.951807228915662,0.48192771084337355,56.25,0.8,0.004819277108433735,0,0,0,0
371,371,beef breakfast strips cooked,51,3.9,1.6,1.9,0.2,0.2,0.0,3.5,0.0,13.4,0.3,3.0,0.0,0.077,0.02,0.001,0.034,0.7,0.085,0.013,0.0,0.025,0.05,0.016,1.0,0.06,0.4,3.1,0.097,26.7,46.6,0.023,0.7,9.0,FOOD-DATA-GROUP3,46.05263157894737,2.6315789473684212,51.31578947368421,2.916666666666667,51,6.730769230769231,0.0,0.0,0.0,0.005769230769230769,0,0,0,0
372,372,pork olive loaf,66,4.6,1.6,2.2,0.5,2.6,0.0,3.3,0.0,10.6,0.3,16.3,0.019,0.097,0.069,0.03,0.071,0.5,0.2,0.073,0.0,0.024,0.031,0.065,30.5,0.023,0.2,5.3,0.015,35.6,83.2,0.087,0.4,41.265,FOOD-DATA-GROUP3,31.428571428571427,24.761904761904763,43.8095238095238,0.9166666666666666,66,4.925373134328358,0.0,0.0,0.0,0.004477611940298508,0,0,0,0
373,373,beef luncheon meat jellied,31,0.9,0.4,0.4,0.034,0.0,0.0,5.3,0.0,9.5,0.4,20.9,0.0,0.01,0.027,0.068,0.094,1.4,0.2,0.078,0.0,0.0,0.0,0.0,2.8,0.1,1.0,5.0,0.058,38.9,112.6,0.032,1.0,10.0,FOOD-DATA-GROUP3,85.48387096774192,0.0,14.516129032258066,5.3,31,16.5625,0.0,0.0,0.0,0.0125,0,0,0,0
374,374,turkey pastrami,38,1.8,0.5,0.6,0.5,0.5,1.0,4.6,0.062,19.4,0.3,20.4,0.057,0.044,0.035,0.043,0.071,1.0,0.2,0.021,2.3,0.003,0.058,0.0,3.1,0.023,1.2,4.0,0.055,57.0,98.3,0.014,0.6,13.579,FOOD-DATA-GROUP3,66.66666666666666,7.246376811594203,26.086956521739136,3.0666666666666664,38,11.794871794871794,0.15897435897435896,66.66666666666666,0.124,0.007692307692307692,0,0,0,0
375,375,pork salami,41,3.4,1.2,1.6,0.4,0.2,0.0,2.3,0.0,7.9,0.2,3.6,0.0,0.056,0.094,0.035,0.072,0.6,0.1,0.072,0.0,0.0,0.0,0.0,1.3,0.077,0.1,2.2,0.042,22.9,37.8,0.041,0.4,7.3,FOOD-DATA-GROUP3,38.983050847457626,3.389830508474576,57.627118644067785,1.9166666666666665,41,5.476190476190475,0.0,0.0,0.0,0.004761904761904762,0,0,0,0
376,376,canadian style bacon raw,45,2.0,0.6,0.9,0.2,0.5,0.0,5.9,0.0,14.3,0.3,19.1,0.0,0.2,0.04,0.017,0.093,1.8,0.1,0.1,0.0,0.004,0.035,0.0,2.3,0.069,0.2,4.8,0.006,69.3,98.0,0.082,0.4,10.9,FOOD-DATA-GROUP3,70.23809523809524,5.952380952380952,23.809523809523807,3.9333333333333336,45,12.82608695652174,0.0,0.0,0.0,0.006521739130434782,0,0,0,0
377,377,honey loaf,85,3.6,1.3,1.7,0.3,2.6,2.6,9.9,0.0,26.2,0.4,38.4,0.0,0.2,0.046,0.028,0.2,1.8,0.4,0.2,0.0,0.021,0.1,0.048,30.8,0.085,0.6,11.4,0.002,96.9,224.6,0.038,1.8,47.5,FOOD-DATA-GROUP3,61.490683229813655,16.149068322981368,22.360248447204967,2.75,85,11.511627906976745,0.0,72.22222222222221,0.0,0.004651162790697674,0,0,0,0
378,378,pork beef salami,37,3.1,1.1,1.4,0.5,0.076,0.008,2.1,0.0,10.6,0.2,4.0,0.093,0.086,0.042,0.0,0.042,0.096,0.6,0.1,0.032,0.0,0.059,0.088,0.0,2.4,0.042,0.1,2.0,0.06,18.8,35.6,0.06,5.334,FOOD-DATA-GROUP3,39.80288097043215,1.4404852160727823,58.75663381349507,1.9516728624535316,37,5.526315789473685,0.0,0.7434944237918215,0.0,0.005263157894736842,0,0,0,0
379,379,beef pork bologna,92,7.4,2.8,3.2,0.3,1.6,1.3,4.6,0.0,18.0,0.3,15.6,0.078,0.058,0.072,0.06,0.031,0.8,0.1,0.099,0.2,0.045,0.0,0.002,25.5,0.081,0.4,5.1,0.027,48.9,94.5,0.093,0.7,39.702,FOOD-DATA-GROUP3,33.8235294117647,11.764705882352942,54.41176470588236,1.769230769230769,92,4.946236559139785,0.0,50.0,0.0,0.0032258064516129032,0,0,0,0
380,380,pork beef salami cooked,41,3.2,1.1,1.4,0.3,0.3,0.1,2.7,0.0,10.9,0.2,5.6,0.0,0.079,0.039,0.014,0.007,0.7,0.1,0.001,0.0,0.09,0.075,0.048,1.8,0.071,0.2,2.3,0.1,23.5,38.9,0.022,0.4,8.2,FOOD-DATA-GROUP3,43.54838709677419,4.838709677419355,51.61290322580645,2.076923076923077,41,6.42857142857143,0.0,7.6923076923076925,0.0,0.004761904761904762,0,0,0,0
381,381,pork breakfast strips raw,88,8.4,2.9,3.8,1.3,0.2,0.0,2.7,0.0,15.6,0.2,10.7,0.0,0.1,0.047,0.066,0.049,0.8,0.1,0.084,6.1,0.0,0.0,0.0,1.8,0.057,0.2,2.7,0.034,31.0,46.1,0.037,0.4,19.4,FOOD-DATA-GROUP3,23.893805309734514,1.7699115044247788,74.3362831858407,2.2500000000000004,88,3.0337078651685396,0.0,0.0,0.0,0.0022471910112359553,0,0,0,0
382,382,pickle pimiento loaf,86,6.1,2.0,2.7,1.1,3.2,3.2,4.3,0.6,22.0,0.4,22.9,0.007,0.1,0.093,0.063,0.065,0.9,0.2,0.2,3.0,0.079,0.2,0.036,41.4,0.005,0.5,12.9,0.024,58.1,141.0,0.047,0.6,59.105,FOOD-DATA-GROUP3,31.61764705882353,23.529411764705884,44.85294117647059,1.0238095238095237,86,4.942528735632184,0.6896551724137931,76.19047619047619,1.2,0.004597701149425287,0,0,0,0
383,383,luxury loaf,39,1.3,0.4,0.7,0.1,1.4,0.0,5.2,0.0,10.1,0.3,19.1,0.0,0.2,0.055,0.055,0.033,1.0,0.1,0.011,0.0,0.08,0.0,0.0,10.1,0.015,0.3,5.6,0.004,51.8,105.6,0.009,0.9,18.3,FOOD-DATA-GROUP3,65.82278481012659,17.72151898734177,16.455696202531648,2.166666666666667,39,13.0,0.0,0.0,0.0,0.0075,0,0,0,0
384,384,mortadella,47,3.8,1.4,1.7,0.5,0.5,0.0,2.5,0.0,8.4,0.2,7.8,0.0,0.07,0.015,0.011,0.089,0.4,0.084,0.094,0.0,0.021,0.067,0.018,2.7,0.032,0.2,1.7,0.098,14.6,24.5,0.036,0.3,9.7,FOOD-DATA-GROUP3,36.76470588235294,7.352941176470589,55.88235294117647,1.6666666666666667,47,5.208333333333334,0.0,0.0,0.0,0.004166666666666667,0,0,0,0
385,385,pork bologna,69,5.6,1.9,2.7,0.6,0.2,0.0,4.3,0.0,16.5,0.3,17.0,0.0,0.1,0.077,0.087,0.077,1.1,0.2,0.096,0.0,0.032,0.035,0.04,3.1,0.099,0.2,3.9,0.092,38.9,78.7,0.023,0.6,13.4,FOOD-DATA-GROUP3,42.57425742574257,1.9801980198019802,55.44554455445544,3.5833333333333335,69,6.142857142857142,0.0,0.0,0.0,0.004285714285714286,0,0,0,0
386,386,turkey salami cooked,9,0.5,0.1,0.2,0.1,0.081,0.063,1.0,0.054,3.8,0.023,3.4,0.085,0.068,0.036,0.048,0.075,0.2,0.061,0.001,0.0,0.057,0.017,0.094,2.0,0.026,0.026,1.1,0.025,13.3,10.8,0.072,0.1,3.796,FOOD-DATA-GROUP3,63.25110689437066,5.123339658444023,31.62555344718533,0.9250693802035153,9,10.0,0.54,5.827937095282146,0.108,0.0023,0,0,0,0
387,387,pepperoni beef,10,0.9,0.3,0.3,0.053,0.0,0.0,0.5,0.0,2.1,0.09,0.6,0.0,0.088,0.07,0.032,0.014,0.026,0.07,0.006,0.097,0.04,0.0,0.043,0.4,0.009,0.035,0.4,0.014,3.5,5.6,0.035,0.027,1.902,FOOD-DATA-GROUP3,35.714285714285715,0.0,64.28571428571429,0.5,10,4.545454545454546,0.0,0.0,0.0,0.00818181818181818,0,0,0,0
388,388,peppered loaf,42,1.8,0.6,0.9,0.1,1.3,1.3,4.9,0.0,13.1,0.2,19.2,0.0,0.1,0.064,0.012,0.005,0.9,0.2,0.081,0.0,0.079,0.084,0.032,15.4,0.047,0.3,5.7,0.046,48.5,112.3,0.059,0.9,23.7,FOOD-DATA-GROUP3,61.25000000000001,16.25,22.5,2.130434782608696,42,11.395348837209303,0.0,56.52173913043479,0.0,0.004651162790697674,0,0,0,0
389,389,luncheon meat beef,10,0.3,0.1,0.1,0.013,0.0,0.0,1.8,0.0,3.2,0.1,6.9,0.0,0.057,0.095,0.5,0.067,0.4,0.007,0.054,0.0,0.026,0.059,0.076,0.9,0.011,0.3,1.7,0.054,12.9,37.4,0.055,0.3,3.3,FOOD-DATA-GROUP3,85.71428571428571,0.0,14.285714285714285,1.8,10,16.363636363636363,0.0,0.0,0.0,0.009090909090909092,0,0,0,0
390,390,lebanon bologna,98,6.0,1.6,2.5,0.1,0.3,0.0,10.8,0.0,31.4,0.8,37.5,0.052,0.066,0.024,0.093,0.051,1.8,0.2,0.2,0.5,0.065,0.3,0.073,11.4,0.093,1.2,11.4,0.002,109.4,188.1,0.059,2.2,30.243,FOOD-DATA-GROUP3,63.1578947368421,1.7543859649122806,35.08771929824561,8.307692307692308,98,10.90909090909091,0.0,0.0,0.0,0.00808080808080808,0,0,0,0
391,391,chicken pork bologna,94,8.6,2.8,3.7,1.2,1.2,0.0,2.9,0.0,24.4,0.3,14.2,0.01,0.094,0.081,0.001,0.041,1.0,0.2,0.081,3.7,0.0,0.2,0.048,54.9,0.056,0.3,4.5,0.042,62.4,45.4,0.0,0.3,71.678,FOOD-DATA-GROUP3,22.83464566929134,9.448818897637794,67.71653543307087,1.3181818181818181,94,3.052631578947368,0.0,0.0,0.0,0.003157894736842105,0,0,0,0
392,392,turkey roll,40,1.9,0.6,0.6,0.5,0.6,0.0,4.9,0.0,14.9,0.1,18.9,0.0,0.038,0.072,0.075,0.013,1.3,0.2,0.089,0.0,0.075,0.009,0.0,8.6,0.088,0.4,4.9,0.085,45.4,72.9,0.049,0.5,16.4,FOOD-DATA-GROUP3,66.21621621621621,8.108108108108107,25.675675675675674,3.0625,40,11.951219512195124,0.0,0.0,0.0,0.0024390243902439024,0,0,0,0
393,393,beef salami cooked,68,5.8,2.6,2.8,0.3,0.5,0.4,3.3,0.0,18.5,0.3,15.6,0.0,0.046,0.036,0.012,0.099,0.8,0.2,0.051,0.0,0.044,0.093,0.082,1.6,0.014,0.6,3.4,0.083,53.3,48.9,0.088,0.5,11.8,FOOD-DATA-GROUP3,34.375,5.208333333333334,60.416666666666664,2.1999999999999997,68,4.782608695652173,0.0,26.666666666666668,0.0,0.004347826086956522,0,0,0,0
394,394,yachtwurst cooked,150,12.7,4.4,0.0,0.0,0.8,0.0,8.3,0.0,35.8,0.5,32.6,0.0,0.0,0.0,0.0,0.0,0.0,0.0,0.0,0.0,0.0,0.0,0.0,10.6,0.0,0.6,0.0,0.0,0.0,0.0,0.0,0.0,33.0,FOOD-DATA-GROUP3,38.07339449541284,3.669724770642202,58.256880733944946,4.611111111111112,150,5.496688741721855,0.0,0.0,0.0,0.0033112582781456954,0,0,0,0
395,395,italian salami,43,3.7,1.3,1.8,0.4,0.1,0.1,2.2,0.0,8.0,0.2,3.5,0.0,0.025,0.024,0.071,0.009,0.6,0.1,0.015,0.0,0.0,0.0,0.0,1.0,0.057,0.2,2.2,0.052,22.9,34.0,0.035,0.4,7.2,FOOD-DATA-GROUP3,36.66666666666667,1.6666666666666667,61.66666666666667,2.0,43,5.0,0.0,9.090909090909092,0.0,0.004545454545454546,0,0,0,0
396,396,turkey ham,38,1.6,0.1,0.2,0.3,0.3,0.1,5.5,0.0,18.8,0.3,20.2,0.0,0.094,0.096,0.044,0.011,1.0,0.2,0.024,0.0,0.0,0.1,0.0,1.4,0.047,0.4,5.6,0.074,85.1,83.7,0.043,0.7,9.2,FOOD-DATA-GROUP3,74.32432432432432,4.0540540540540535,21.62162162162162,4.230769230769231,38,14.102564102564102,0.0,7.6923076923076925,0.0,0.007692307692307692,0,0,0,0
397,397,turkey bologna,59,4.5,1.2,1.9,1.1,1.3,0.8,3.2,0.1,21.0,0.3,18.1,0.025,0.046,0.098,0.0,0.085,0.7,0.1,0.004,3.7,0.032,0.1,0.037,34.4,0.04,0.8,4.5,0.086,31.9,37.8,0.059,0.4,48.096,FOOD-DATA-GROUP3,35.55555555555556,14.444444444444446,50.0,1.3913043478260871,59,5.333333333333334,0.16666666666666669,34.78260869565218,0.2,0.005,0,0,0,0
398,398,sliced turkey breast,17,0.6,0.1,0.2,0.2,0.4,0.1,2.4,0.0,7.8,0.1,12.2,0.038,0.0,0.084,0.021,0.076,0.087,1.1,0.089,0.006,0.0,0.049,0.007,0.0,2.2,0.023,0.051,3.0,0.025,39.8,59.4,0.097,3.572,FOOD-DATA-GROUP3,70.58823529411765,11.764705882352942,17.647058823529413,1.7142857142857144,17,13.333333333333334,0.0,7.142857142857144,0.0,0.005555555555555556,0,0,0,0
399,399,luncheon meat pork beef,99,9.0,3.2,4.2,1.0,0.7,0.0,3.5,0.0,15.4,0.4,13.8,0.0,0.072,0.011,0.028,0.074,0.8,0.2,0.025,0.0,0.094,0.038,0.058,2.5,0.041,0.2,3.9,0.092,24.1,56.6,0.058,0.5,15.9,FOOD-DATA-GROUP3,26.515151515151516,5.303030303030303,68.18181818181819,2.058823529411765,99,3.5000000000000004,0.0,0.0,0.0,0.004,0,0,0,0
400,400,beef bologna,90,7.8,3.1,3.7,0.4,1.3,0.6,3.3,0.0,17.1,0.3,16.6,0.4,0.043,0.019,0.052,0.031,0.014,0.7,0.1,0.085,4.6,0.083,0.2,0.053,6.3,0.01,0.4,3.9,0.055,46.2,105.3,0.018,12.962,FOOD-DATA-GROUP3,26.612903225806456,10.483870967741938,62.90322580645162,1.434782608695652,90,3.626373626373626,0.0,26.08695652173913,0.0,0.0032967032967032967,0,0,0,0
401,401,turkey bacon cooked,313,22.9,6.8,8.9,5.6,2.5,0.0,24.3,0.0,80.4,1.9,26.7,0.0,0.04,0.021,0.045,0.2,2.9,0.0,0.3,0.0,0.076,0.8,0.028,7.4,0.1,1.7,23.8,0.0,377.2,323.9,0.092,2.5,58.8,FOOD-DATA-GROUP3,48.89336016096579,5.030181086519114,46.07645875251509,6.942857142857143,313,7.738853503184713,0.0,0.0,0.0,0.006050955414012738,0,0,1,0
402,402,ground emu cooked,178,5.1,1.4,2.1,0.7,0.0,0.0,31.0,0.0,94.8,0.025,71.8,0.2,0.0,0.3,0.038,0.014,0.6,9.7,3.4,0.9,0.0,0.0,0.3,0.044,8.7,0.3,5.5,31.6,0.085,293.2,408.8,0.044,37.595,FOOD-DATA-GROUP3,85.87257617728532,0.0,14.127423822714679,31.0,178,17.318435754189945,0.0,0.0,0.0,0.00013966480446927376,0,0,0,0
403,403,ostrich leg raw,94,1.5,0.5,0.5,0.3,0.0,0.0,19.0,0.0,56.1,0.067,64.6,0.0,0.2,0.034,0.097,0.3,4.1,1.0,0.4,0.0,0.0,0.2,0.0,4.3,0.1,2.0,18.7,0.06,187.0,272.0,0.026,3.3,26.8,FOOD-DATA-GROUP3,92.6829268292683,0.0,7.317073170731707,19.0,94,20.0,0.0,0.0,0.0,0.0007052631578947369,0,0,0,0
404,404,ostrich strip raw,108,2.4,0.8,1.0,0.5,0.0,0.0,20.1,0.0,62.1,0.086,63.0,0.0,0.2,0.011,0.03,0.3,4.4,1.1,0.5,0.0,0.0,0.2,0.0,4.3,0.1,3.6,19.6,0.088,192.1,280.5,0.005,3.4,30.4,FOOD-DATA-GROUP3,89.33333333333334,0.0,10.666666666666666,20.1,108,18.440366972477065,0.0,0.0,0.0,0.0007889908256880733,0,0,0,0
405,405,emu fillet cooked,607,9.1,2.3,3.6,1.3,0.0,0.0,123.2,0.0,323.1,0.2,261.7,0.0,1.4,0.05,0.062,2.4,38.7,13.3,3.6,0.0,0.0,0.9,0.0,23.6,0.9,18.0,118.2,0.1,1071.7,1564.2,0.2,12.6,173.9,FOOD-DATA-GROUP3,93.12169312169311,0.0,6.878306878306878,123.2,607,20.263157894736842,0.0,0.0,0.0,0.0003289473684210526,0,0,0,1
406,406,ostrich tenderloin raw,105,2.7,1.0,1.0,0.6,0.0,0.0,18.8,0.0,68.0,0.005,63.3,0.0,0.2,0.1,0.049,0.2,4.1,1.0,0.4,0.0,0.0,0.2,0.0,5.1,0.1,4.1,18.7,0.019,187.0,272.0,0.087,3.3,30.7,FOOD-DATA-GROUP3,87.44186046511628,0.0,12.558139534883722,18.8,105,17.735849056603776,0.0,0.0,0.0,4.7169811320754715e-05,0,0,0,0
407,407,emu drums cooked,649,8.4,2.7,3.6,1.7,0.0,0.0,134.7,0.0,378.6,0.5,267.5,0.084,1.7,0.042,0.084,2.6,42.3,14.6,3.9,0.0,0.0,1.0,0.0,25.0,1.1,30.2,137.3,0.1,1277.1,1297.9,0.2,21.2,198.375,FOOD-DATA-GROUP3,94.12997903563941,0.0,5.870020964360587,134.7,649,20.72307692307692,0.0,0.0,0.0,0.0007692307692307692,0,0,0,1
408,408,green turtle raw,25,0.1,0.015,0.093,0.074,0.0,0.0,5.6,0.0,14.2,0.099,22.2,0.089,0.024,0.087,0.019,0.084,0.3,0.0,0.088,0.0,0.0,0.1,0.081,33.4,0.08,0.4,5.7,0.0,50.9,65.1,0.035,0.3,39.567,FOOD-DATA-GROUP3,98.24561403508773,0.0,1.754385964912281,5.6,25,21.538461538461537,0.0,0.0,0.0,0.003807692307692308,0,0,0,0
409,409,ground bison cooked,448,21.6,8.7,8.2,1.0,0.0,0.0,63.6,0.0,177.5,0.2,162.7,0.0,0.3,0.015,0.006,0.7,14.9,0.0,1.0,0.0,0.0,0.5,0.011,35.0,0.4,8.0,57.5,0.0,532.5,882.5,0.006,13.4,128.2,FOOD-DATA-GROUP3,74.64788732394366,0.0,25.352112676056336,63.6,448,14.164810690423163,0.0,0.0,0.0,0.00044543429844097997,0,0,1,1
410,410,goat meat raw,494,10.5,3.2,4.7,0.8,0.0,0.0,93.4,0.0,258.6,0.4,344.0,0.0,0.5,0.084,0.03,2.2,17.0,0.0,0.0,0.0,0.0,0.0,0.0,59.0,1.2,12.8,0.0,0.2,816.5,1746.4,0.01,18.1,175.7,FOOD-DATA-GROUP3,89.89412897016362,0.0,10.105871029836381,93.4,494,18.868686868686872,0.0,0.0,0.0,0.0008080808080808081,0,0,0,1
411,411,ground emu raw,157,4.7,1.2,1.9,0.7,0.0,0.0,26.6,0.0,80.7,0.062,85.3,0.0,0.3,0.073,0.051,0.5,8.8,3.2,0.8,0.0,0.0,0.3,0.0,8.2,0.2,4.7,28.1,0.02,259.7,374.4,0.061,4.1,44.2,FOOD-DATA-GROUP3,84.98402555910543,0.0,15.015974440894569,26.6,157,16.835443037974684,0.0,0.0,0.0,0.0003924050632911392,0,0,0,0
412,412,ground ostrich raw,180,9.5,2.4,2.9,1.0,0.0,0.0,22.0,0.0,77.4,0.021,77.5,0.0,0.2,0.071,0.032,0.3,4.8,1.2,0.5,0.0,0.0,0.3,0.0,7.6,0.1,3.2,21.8,0.025,216.9,317.2,0.067,3.8,42.3,FOOD-DATA-GROUP3,69.84126984126983,0.0,30.158730158730158,22.0,180,12.154696132596685,0.0,0.0,0.0,0.00011602209944751382,0,0,0,0
413,413,ostrich tip cooked,123,2.2,0.9,0.8,0.4,0.0,0.0,24.2,0.0,72.3,0.086,58.2,0.0,0.2,0.02,0.077,0.2,6.1,1.1,0.5,0.0,0.0,0.2,0.0,5.1,0.1,2.4,21.3,0.013,213.4,307.7,0.019,4.1,33.9,FOOD-DATA-GROUP3,91.66666666666667,0.0,8.333333333333334,24.2,123,19.516129032258064,0.0,0.0,0.0,0.0006935483870967741,0,0,0,0
414,414,caribou cooked,210,6.4,2.5,2.0,1.0,0.0,0.0,38.0,0.0,141.2,0.004,86.4,0.1,0.4,0.055,0.032,1.1,7.8,2.0,0.5,0.0,0.0,1.2,0.009,6.6,0.4,6.3,31.7,0.049,283.8,323.4,0.073,5.7,57.4,FOOD-DATA-GROUP3,85.58558558558559,0.0,14.414414414414415,38.0,210,18.009478672985782,0.0,0.0,0.0,1.895734597156398e-05,0,0,0,1
415,415,ground ostrich cooked,163,6.6,1.7,2.0,0.7,0.0,0.0,24.3,0.0,77.2,0.099,62.4,0.2,0.0,0.2,0.045,0.044,0.2,6.1,1.1,0.5,0.0,0.033,0.2,0.0,7.4,0.1,3.2,21.4,0.076,208.3,300.4,0.033,31.712,FOOD-DATA-GROUP3,78.64077669902913,0.0,21.35922330097087,24.3,163,14.817073170731707,0.0,0.0,0.0,0.0006036585365853658,0,0,0,0
416,416,ostrich leg cooked,120,1.6,0.6,0.6,0.3,0.0,0.0,24.7,0.0,62.1,0.016,59.5,0.0,0.2,0.074,0.023,0.3,6.2,1.1,0.5,0.0,0.0,0.2,0.0,5.1,0.1,2.7,21.3,0.035,207.4,299.2,0.05,4.0,34.1,FOOD-DATA-GROUP3,93.91634980988593,0.0,6.083650190114068,24.7,120,20.413223140495866,0.0,0.0,0.0,0.0001322314049586777,0,0,0,0
417,417,ostrich top loin cooked,132,3.3,1.1,1.1,0.3,0.0,0.0,23.9,0.0,79.1,0.029,57.8,0.1,0.0,0.2,0.082,0.062,0.2,6.0,1.1,0.5,0.0,0.0,0.2,0.046,5.1,0.1,2.8,21.3,0.075,208.3,300.1,0.017,27.982,FOOD-DATA-GROUP3,87.86764705882352,0.0,12.132352941176471,23.9,132,17.969924812030076,0.0,0.0,0.0,0.0002180451127819549,0,0,0,0
418,418,ostrich strip cooked,139,3.6,1.5,1.5,0.6,0.0,0.0,25.0,0.0,82.5,0.034,56.6,0.0,0.2,0.012,0.081,0.3,6.3,1.2,0.5,0.0,0.0,0.2,0.0,4.3,0.1,4.1,22.1,0.013,215.1,311.1,0.018,4.2,37.0,FOOD-DATA-GROUP3,87.4125874125874,0.0,12.587412587412587,25.0,139,17.857142857142858,0.0,0.0,0.0,0.00024285714285714289,0,0,0,0
419,419,ostrich tip raw,97,2.0,0.7,0.7,0.4,0.0,0.0,18.6,0.0,61.2,0.041,64.7,0.0,0.2,0.099,0.017,0.2,4.0,1.0,0.4,0.0,0.0,0.2,0.0,4.3,0.1,2.4,18.7,0.034,181.1,263.5,0.033,3.2,27.3,FOOD-DATA-GROUP3,90.29126213592234,0.0,9.70873786407767,18.6,97,18.979591836734695,0.0,0.0,0.0,0.0004183673469387755,0,0,0,0
420,420,ostrich round raw,99,2.0,0.7,0.7,0.4,0.0,0.0,18.7,0.0,60.4,0.074,64.3,0.0,0.2,0.087,0.012,0.2,4.0,1.0,0.4,0.0,0.0,0.2,0.0,4.3,0.1,3.0,18.7,0.018,183.6,267.8,0.073,3.2,28.0,FOOD-DATA-GROUP3,90.33816425120773,0.0,9.66183574879227,18.7,99,18.7,0.0,0.0,0.0,0.00074,0,0,0,0
421,421,ground bison raw,124,6.1,2.5,2.3,0.3,0.099,0.0,17.2,0.0,46.8,0.042,60.9,0.0,0.1,0.02,0.008,0.2,4.5,0.0,0.3,0.0,0.0,0.2,0.023,9.4,0.1,2.4,17.9,0.0,164.9,278.8,0.014,3.9,35.102,FOOD-DATA-GROUP3,73.50741484678832,0.42309500406000256,26.06949014915167,15.65059144676979,124,13.76,0.0,0.0,0.0,0.00033600000000000004,0,0,0,0
422,422,ostrich fan raw,99,2.3,0.8,0.8,0.4,0.0,0.0,18.5,0.0,62.1,0.04,64.5,0.0,0.2,0.045,0.09,0.2,4.0,1.0,0.4,0.0,0.0,0.2,0.0,5.1,0.1,3.7,18.7,0.018,179.4,261.8,0.003,3.2,29.6,FOOD-DATA-GROUP3,88.9423076923077,0.0,11.057692307692307,18.5,99,18.5,0.0,0.0,0.0,0.0004,0,0,0,0
423,423,ostrich top loin raw,101,2.5,1.0,0.9,0.5,0.0,0.0,18.4,0.0,63.8,0.073,64.0,0.0,0.2,0.042,0.032,0.2,4.0,1.0,0.4,0.0,0.0,0.2,0.0,5.1,0.1,2.7,18.7,0.082,181.9,265.2,0.099,3.2,28.7,FOOD-DATA-GROUP3,88.03827751196172,0.0,11.961722488038278,18.4,101,18.03921568627451,0.0,0.0,0.0,0.0007156862745098039,0,0,0,0
424,424,veal brain cooked,461,32.6,7.4,5.9,5.1,0.0,0.0,38.9,0.0,10509.0,0.5,260.7,0.0,0.3,0.024,0.084,0.7,8.2,3.4,0.6,44.1,0.0,0.0,0.0,54.2,0.9,5.7,54.2,0.1,1305.2,725.5,0.055,5.5,175.5,FOOD-DATA-GROUP3,54.40559440559441,0.0,45.59440559440559,38.9,461,8.419913419913419,0.0,0.0,0.0,0.0010822510822510823,0,0,1,1
425,425,veal tongue cooked,515,25.8,11.1,11.8,1.0,0.0,0.0,65.9,0.0,606.9,0.2,163.4,0.0,0.2,0.098,0.016,0.9,3.7,1.9,0.4,15.3,0.0,0.0,0.0,23.0,0.5,5.3,45.9,0.1,423.3,413.1,0.016,11.5,135.3,FOOD-DATA-GROUP3,71.86477644492912,0.0,28.135223555070883,65.9,515,12.771317829457365,0.0,0.0,0.0,0.0003875968992248062,0,0,1,1
426,426,beef heart cooked,47,1.3,0.4,0.3,0.3,0.057,0.0,8.1,0.0,60.0,0.024,18.6,0.016,0.0,0.062,0.047,0.05,0.3,1.9,0.5,0.048,0.0,0.022,0.089,0.038,1.4,0.2,1.8,5.9,0.03,71.9,62.0,0.015,9.714,FOOD-DATA-GROUP3,85.65084064713967,0.6027281378872792,13.746431214973034,7.663197729422895,47,16.875,0.0,0.0,0.0,0.0005,0,0,0,0
427,427,turkey liver cooked,100,4.3,1.2,0.6,1.1,0.0,0.0,14.3,0.0,343.4,0.083,33.9,5.7,0.1,0.4,0.096,1.4,5.9,2.3,0.5,12.0,0.0,0.083,0.068,10.1,0.6,0.9,13.8,0.2,165.4,81.1,0.022,2.4,47.3,FOOD-DATA-GROUP3,76.88172043010752,0.0,23.11827956989247,14.3,100,14.15841584158416,0.0,0.0,0.0,0.0008217821782178219,0,0,0,1
428,428,veal thymus cooked,35,0.9,0.3,0.3,0.066,0.0,0.0,6.4,0.0,99.1,0.036,20.8,0.0,0.055,0.052,0.095,0.084,1.0,0.3,0.005,11.2,0.0,0.079,0.0,1.1,0.029,0.4,6.8,0.063,177.4,123.1,0.059,0.6,20.0,FOOD-DATA-GROUP3,87.67123287671232,0.0,12.32876712328767,6.4,35,17.77777777777778,0.0,0.0,0.0,0.001,0,0,0,0
429,429,beef brain cooked,688,55.6,13.1,14.0,8.1,0.0,0.0,44.1,0.0,7002.5,0.6,248.3,0.0,0.5,0.097,0.057,0.9,13.3,2.0,1.4,11.6,0.0,0.0,0.0,31.6,0.8,7.8,52.7,0.1,1354.9,1242.5,0.09,4.7,150.7,FOOD-DATA-GROUP3,44.232698094282846,0.0,55.76730190571715,44.1,688,6.400580551523947,0.0,0.0,0.0,0.0008708272859216255,0,0,1,1
430,430,beef pancreas cooked,602,38.2,13.1,13.2,7.1,0.0,0.0,60.2,0.0,581.6,0.1,123.4,0.0,0.4,0.093,0.052,1.1,8.8,9.4,0.4,45.1,0.0,0.0,0.0,35.5,0.2,5.8,46.6,0.5,1005.7,546.1,0.1,10.2,184.8,FOOD-DATA-GROUP3,61.17886178861789,0.0,38.82113821138212,60.2,602,9.983416252072969,0.0,0.0,0.0,0.0001658374792703151,0,0,1,1
431,431,beef tripe cooked,80,3.4,1.2,1.4,0.2,1.7,0.0,10.0,0.0,133.5,0.045,69.4,0.0,0.0,0.038,0.053,0.0,0.4,0.089,0.0,0.0,0.0,0.1,0.0,68.9,0.0,0.6,12.8,0.041,56.1,35.7,0.01,1.5,84.6,FOOD-DATA-GROUP3,66.22516556291392,11.258278145695364,22.516556291390728,3.7037037037037033,80,12.345679012345679,0.0,0.0,0.0,0.0005555555555555556,0,0,0,1
432,432,chicken gizzard cooked,223,3.9,1.0,0.8,0.5,0.0,0.0,44.1,0.0,536.5,0.069,98.5,0.0,0.094,0.074,0.095,0.3,4.5,0.7,0.1,0.0,0.0,0.3,0.0,24.7,0.2,4.6,4.4,0.1,274.1,259.6,0.047,6.4,77.3,FOOD-DATA-GROUP3,91.875,0.0,8.125,44.1,223,19.6875,0.0,0.0,0.0,0.0003080357142857143,0,0,0,1
433,433,pork pancreas cooked,537,26.5,9.1,9.2,5.0,0.0,0.0,69.8,0.0,771.8,0.1,147.7,0.0,0.2,0.086,0.058,1.6,7.9,11.6,1.1,14.0,0.0,0.0,0.0,39.2,0.3,6.6,56.4,0.5,713.0,411.6,0.2,10.5,156.1,FOOD-DATA-GROUP3,72.48182762201453,0.0,27.51817237798546,69.8,537,12.973977695167285,0.0,0.0,0.0,0.00018587360594795541,0,0,1,1
434,434,beef tongue cooked,80,6.3,2.3,2.9,0.2,0.0,0.0,5.5,0.0,37.4,0.029,16.4,0.0,0.042,0.007,0.072,0.025,1.0,0.2,0.067,0.4,0.067,0.074,0.049,1.4,0.048,0.7,4.2,0.03,41.0,52.1,0.065,1.2,14.3,FOOD-DATA-GROUP3,46.61016949152542,0.0,53.38983050847457,5.5,80,6.790123456790123,0.0,0.0,0.0,0.00035802469135802473,0,0,0,0
435,435,lamb heart cooked,353,15.1,6.0,4.2,1.5,3.7,0.0,47.7,0.0,475.6,0.1,122.6,0.0,0.3,0.006,0.051,2.3,8.3,2.6,0.6,13.4,0.0,0.0,0.0,26.7,1.2,10.5,45.8,0.1,485.1,359.1,0.04,7.0,117.1,FOOD-DATA-GROUP3,71.72932330827068,5.56390977443609,22.706766917293233,10.148936170212766,353,13.474576271186441,0.0,0.0,0.0,0.0002824858757062147,0,0,1,1
436,436,beef spleen cooked,447,12.9,4.3,3.4,1.0,0.0,0.0,77.3,0.0,1068.8,0.2,215.5,0.0,0.1,0.035,0.06,0.9,17.1,2.7,0.1,154.9,0.0,0.0,0.0,37.0,2.8,121.2,58.5,0.2,939.4,874.7,0.3,8.6,403.3,FOOD-DATA-GROUP3,85.69844789356983,0.0,14.301552106430155,77.3,447,17.254464285714285,0.0,0.0,0.0,0.00044642857142857147,0,0,0,1
437,437,veal kidneys cooked,300,10.4,3.2,2.3,2.1,0.0,0.0,48.4,0.0,1455.4,0.2,124.5,0.4,0.3,0.056,0.002,3.7,8.5,1.6,0.3,14.7,0.0,0.0,0.0,53.4,0.7,5.6,44.2,0.2,684.5,292.6,0.2,7.8,132.9,FOOD-DATA-GROUP3,82.31292517006803,0.0,17.687074829931973,48.4,300,16.079734219269103,0.0,0.0,0.0,0.000664451827242525,0,0,0,1
438,438,chicken heart cooked,268,11.5,3.3,2.9,3.3,0.1,0.0,38.3,0.0,350.9,0.081,94.0,0.033,0.1,0.1,0.034,1.1,4.1,3.8,0.5,2.6,0.0,0.0,0.0,27.6,0.7,13.1,29.0,0.2,288.6,191.4,0.027,10.6,93.286,FOOD-DATA-GROUP3,76.75350701402806,0.20040080160320645,23.04609218436874,34.81818181818181,268,14.237918215613382,0.0,0.0,0.0,0.0003011152416356877,0,0,0,1
439,439,lamb tongue cooked,701,51.7,20.0,25.5,3.2,0.0,0.0,55.0,0.0,482.0,0.2,147.5,0.0,0.2,0.082,0.027,1.1,9.4,0.9,0.4,17.9,0.0,0.0,0.0,25.5,0.5,6.7,40.8,0.076,341.7,402.9,0.072,7.6,156.8,FOOD-DATA-GROUP3,51.546391752577314,0.0,48.45360824742268,55.0,701,7.834757834757834,0.0,0.0,0.0,0.00028490028490028494,0,0,1,1
440,440,veal heart cooked,368,13.4,3.6,2.8,3.5,0.3,0.0,57.7,0.0,348.5,0.1,123.1,0.0,0.7,0.029,0.048,1.8,9.7,3.3,0.4,19.8,0.0,0.0,0.0,15.8,0.9,8.6,35.6,0.1,495.0,394.0,0.1,4.4,115.6,FOOD-DATA-GROUP3,80.812324929972,0.42016806722689076,18.76750700280112,44.38461538461539,368,15.636856368563686,0.0,0.0,0.0,0.00027100271002710027,0,0,0,1
441,441,chicken liver cooked,76,2.8,0.9,0.6,0.6,0.5,0.0,11.3,0.0,248.2,0.079,28.7,0.006,1.9,0.1,0.2,0.015,1.0,6.1,3.7,0.4,1.2,0.0,0.3,0.0,4.4,0.2,5.7,11.9,0.2,194.5,138.6,0.052,15.238,FOOD-DATA-GROUP3,77.3972602739726,3.4246575342465753,19.178082191780817,7.533333333333334,76,14.675324675324678,0.0,0.0,0.0,0.001025974025974026,0,0,0,1
442,442,lamb pancreas cooked,541,34.9,15.8,12.6,1.7,0.0,0.0,52.7,0.0,924.0,0.1,137.8,0.0,0.022,0.089,0.026,0.5,5.9,2.0,0.1,46.2,0.0,0.0,0.0,27.7,0.2,4.9,43.9,0.049,995.6,672.2,0.1,6.2,166.4,FOOD-DATA-GROUP3,60.15981735159818,0.0,39.84018264840183,52.7,541,9.723247232472325,0.0,0.0,0.0,0.0001845018450184502,0,0,1,1
443,443,veal spleen cooked,445,10.0,3.3,2.7,0.7,0.0,0.0,83.1,0.0,1542.2,0.2,245.8,0.0,0.2,0.022,0.051,1.0,18.4,0.0,0.2,138.0,0.0,0.0,0.0,24.2,3.2,25.4,48.3,0.3,1076.4,741.8,0.3,6.6,280.7,FOOD-DATA-GROUP3,89.25886143931257,0.0,10.741138560687434,83.1,445,18.632286995515692,0.0,0.0,0.0,0.0004484304932735426,0,0,0,1
444,444,lamb liver cooked,739,29.6,11.5,6.2,4.4,8.5,0.0,102.7,0.0,1683.4,0.2,190.4,25.2,0.8,0.2,0.3,13.5,40.8,13.3,1.6,13.4,0.0,0.0,0.0,26.9,23.8,27.8,73.9,1.7,1411.2,742.6,0.4,26.5,234.1,FOOD-DATA-GROUP3,72.9403409090909,6.0369318181818175,21.02272727272727,10.810526315789474,739,13.878378378378379,0.0,0.0,0.0,0.0002702702702702703,0,0,1,1
445,445,turkey gizzard cooked,70,2.1,0.5,0.4,0.3,0.0,0.0,11.9,0.0,203.4,0.031,31.1,0.091,0.03,0.045,0.067,0.2,2.9,0.2,0.027,2.8,0.0,0.025,0.0,7.7,0.1,1.7,9.5,0.063,84.2,86.9,0.033,1.8,26.231,FOOD-DATA-GROUP3,85.0,0.0,15.0,11.9,70,16.76056338028169,0.0,0.0,0.0,0.00043661971830985915,0,0,0,1
446,446,lamp spleen cooked,460,14.1,4.7,3.7,1.0,0.0,0.0,78.1,0.0,1135.8,0.2,195.8,0.0,0.2,0.062,0.028,0.9,17.3,0.0,0.2,76.7,0.0,0.0,0.0,38.4,0.4,114.1,62.0,0.2,1006.0,731.6,0.1,11.6,321.4,FOOD-DATA-GROUP3,84.70715835140999,0.0,15.292841648590022,78.1,460,16.941431670281997,0.0,0.0,0.0,0.00043383947939262476,0,0,0,1
447,447,turkey heart cooked,35,1.5,0.4,0.3,0.4,0.0,0.0,5.0,0.0,71.8,0.046,13.4,0.085,0.07,0.091,0.089,0.3,1.6,0.3,0.1,0.6,0.0,0.013,0.0,4.2,0.2,1.4,5.6,0.017,48.2,40.6,0.001,0.9,12.759,FOOD-DATA-GROUP3,76.92307692307693,0.0,23.076923076923077,5.0,35,13.88888888888889,0.0,0.0,0.0,0.0012777777777777779,0,0,0,0
448,448,beef liver cooked,130,3.6,1.2,0.4,0.4,3.5,0.0,19.8,0.0,269.3,0.068,40.0,0.2,6.4,0.1,0.2,0.01,2.3,11.9,4.8,0.7,1.3,0.034,0.3,0.07,4.1,9.7,4.4,14.3,0.2,338.0,239.4,0.023,37.539,FOOD-DATA-GROUP3,73.60594795539032,13.011152416356877,13.382899628252787,4.4,130,15.114503816793896,0.0,0.0,0.0,0.0005190839694656489,0,0,0,1
449,449,lamb lungs cooked,431,11.8,4.0,3.0,1.6,0.0,0.0,75.7,0.0,1082.0,0.3,288.9,0.1,0.1,0.012,0.1,0.5,9.3,0.0,0.2,106.7,0.0,0.0,0.0,45.7,0.9,17.4,41.9,0.064,716.3,483.9,0.095,7.4,257.4,FOOD-DATA-GROUP3,86.51428571428572,0.0,13.485714285714288,75.7,431,17.52314814814815,0.0,0.0,0.0,0.0006944444444444445,0,0,0,1
450,450,pork brain cooked,527,36.3,8.2,6.6,5.6,0.0,0.0,46.4,0.0,9748.6,0.3,289.9,0.0,0.3,0.063,0.031,0.9,12.7,7.0,0.5,53.5,0.0,0.0,0.0,34.4,1.0,7.0,45.8,0.3,840.4,744.9,0.003,5.7,177.6,FOOD-DATA-GROUP3,56.106408706166874,0.0,43.89359129383313,46.4,527,8.787878787878787,0.0,0.0,0.0,0.0005681818181818182,0,0,1,1
451,451,goose liver,125,4.0,1.5,0.8,0.2,5.9,0.0,15.4,0.0,484.1,0.1,67.5,8.8,0.5,0.7,0.022,0.8,6.1,5.8,0.7,4.2,0.0,0.0,0.0,40.4,7.1,28.7,22.6,0.0,245.3,216.2,0.067,2.9,107.4,FOOD-DATA-GROUP3,60.86956521739131,23.3201581027668,15.810276679841898,2.2318840579710146,125,12.222222222222221,0.0,0.0,0.0,0.0007936507936507937,0,0,0,1
452,452,pork kidneys cooked,211,6.6,2.1,2.2,0.5,0.0,0.0,35.6,0.0,672.0,0.1,96.2,0.1,0.6,0.098,0.028,2.2,8.1,4.0,0.6,14.8,0.0,0.0,0.0,18.2,1.0,7.4,25.2,0.2,336.0,200.2,0.4,5.8,82.7,FOOD-DATA-GROUP3,84.3601895734597,0.0,15.639810426540283,35.6,211,16.79245283018868,0.0,0.0,0.0,0.0004716981132075472,0,0,0,1
453,453,lamb brain cooked,503,35.3,9.0,6.4,3.6,0.0,0.0,43.5,0.0,7089.2,0.5,262.8,0.0,0.4,0.007,0.088,0.8,8.6,3.4,0.4,41.6,0.0,0.0,0.0,41.6,0.7,5.8,48.6,0.2,1169.4,711.4,0.066,4.7,167.8,FOOD-DATA-GROUP3,55.20304568527919,0.0,44.79695431472081,43.5,503,8.630952380952381,0.0,0.0,0.0,0.000992063492063492,0,0,1,1
454,454,pork heart cooked,215,7.3,1.9,1.7,1.9,0.6,0.0,34.2,0.0,320.5,0.053,98.7,0.017,0.8,0.023,0.0,2.5,8.8,3.6,0.6,2.9,0.0,0.0,0.0,10.2,0.7,8.5,34.8,0.1,258.1,298.7,0.082,4.5,63.745,FOOD-DATA-GROUP3,81.23515439429929,1.4251781472684084,17.339667458432302,21.375,215,15.833333333333336,0.0,0.0,0.0,0.00024537037037037035,0,0,0,1
455,455,lamb kidneys cooked,349,9.2,3.1,2.0,1.7,2.5,0.0,60.3,0.0,1440.8,0.4,179.6,0.3,0.9,0.2,0.2,5.3,15.3,5.2,0.3,30.6,0.0,0.0,0.0,45.9,0.9,31.6,51.0,0.4,739.5,453.9,0.6,9.7,180.4,FOOD-DATA-GROUP3,83.74999999999999,3.4722222222222223,12.777777777777777,17.228571428571428,349,17.228571428571428,0.0,0.0,0.0,0.001142857142857143,0,0,0,1
456,456,beef lungs cooked,364,11.2,3.8,2.9,1.5,0.0,0.0,61.8,0.0,839.3,0.3,231.5,0.095,0.1,0.062,0.09,0.4,7.6,1.9,0.066,99.1,0.0,0.0,0.0,33.3,0.7,16.4,30.3,0.015,539.3,524.2,0.2,5.0,221.858,FOOD-DATA-GROUP3,84.65753424657534,0.0,15.342465753424655,61.8,364,16.931506849315067,0.0,0.0,0.0,0.000821917808219178,0,0,0,1
457,457,veal pancreas cooked,614,35.0,12.0,12.1,6.5,0.0,0.0,69.8,0.0,0.0,0.2,133.7,0.0,0.4,0.068,0.082,1.2,10.0,0.0,0.5,14.4,0.0,0.0,0.0,43.2,0.2,5.7,57.6,0.6,1228.8,667.2,0.098,12.5,168.1,FOOD-DATA-GROUP3,66.6030534351145,0.0,33.396946564885496,69.8,614,11.34959349593496,0.0,0.0,0.0,0.0003252032520325203,0,0,1,0
458,458,pork liver cooked,584,15.6,5.0,2.2,3.7,13.3,0.0,92.1,0.0,1256.7,0.2,227.7,19.1,0.9,0.6,0.071,7.8,29.9,16.9,2.0,83.5,0.0,0.0,0.0,35.4,2.2,63.4,49.6,1.1,853.1,531.0,0.2,23.8,322.4,FOOD-DATA-GROUP3,76.11570247933884,10.991735537190085,12.892561983471076,6.44055944055944,584,15.743589743589743,0.0,0.0,0.0,0.0003418803418803419,0,0,0,1
459,459,beef kidneys cooked,45,1.3,0.3,0.2,0.2,0.0,0.0,7.7,0.0,202.6,0.029,18.9,0.0,0.001,0.073,0.013,0.8,1.1,0.4,0.1,0.0,0.095,0.099,0.0,5.4,0.2,1.6,3.4,0.007,86.0,38.2,0.049,0.8,16.0,FOOD-DATA-GROUP3,85.55555555555556,0.0,14.444444444444446,7.7,45,16.73913043478261,0.0,0.0,0.0,0.0006304347826086957,0,0,0,1
460,460,turkey giblets cooked,164,6.3,1.6,1.0,1.5,0.0,0.0,25.1,0.0,495.0,0.1,63.3,0.095,4.4,0.2,0.3,0.063,1.5,8.2,2.2,0.5,0.0,0.0,0.1,0.014,17.1,0.7,3.2,23.8,0.2,236.6,168.2,0.072,32.643,FOOD-DATA-GROUP3,79.93630573248409,0.0,20.06369426751592,25.1,164,15.212121212121213,0.0,0.0,0.0,0.0006060606060606061,0,0,0,1
461,461,duck liver raw,60,2.0,0.6,0.3,0.3,1.6,0.0,8.2,0.0,226.6,0.089,31.6,5.3,0.2,0.3,0.046,0.4,2.9,2.7,0.3,2.0,0.0,0.0,0.0,4.8,2.6,13.4,10.6,0.1,118.4,101.2,0.069,1.4,37.3,FOOD-DATA-GROUP3,69.49152542372882,13.559322033898308,16.949152542372882,3.1538461538461533,60,13.442622950819672,0.0,0.0,0.0,0.001459016393442623,0,0,0,1
462,462,veal liver cooked,154,5.0,1.6,0.9,0.9,3.0,0.0,22.7,0.0,408.8,0.046,47.9,0.2,16.9,0.1,0.3,0.09,2.3,10.5,5.2,0.7,0.9,0.0,0.5,0.043,4.8,12.0,4.1,16.0,0.2,368.0,263.2,0.043,43.638,FOOD-DATA-GROUP3,73.9413680781759,9.77198697068404,16.286644951140065,5.675,154,14.64516129032258,0.0,0.0,0.0,0.0002967741935483871,0,0,0,1
463,463,pork lungs cooked,297,9.3,3.3,2.1,1.1,0.0,0.0,49.8,0.0,1161.0,0.2,240.0,0.0,0.2,0.069,0.049,1.0,4.1,2.0,0.2,23.7,0.0,0.0,0.0,24.0,0.2,49.2,36.0,0.029,558.0,453.0,0.085,7.4,156.0,FOOD-DATA-GROUP3,84.26395939086295,0.0,15.736040609137058,49.8,297,16.711409395973153,0.0,0.0,0.0,0.0006711409395973155,0,0,0,1
464,464,veal lungs cooked,312,7.9,2.7,2.0,1.1,0.0,0.0,56.2,0.0,789.0,0.2,232.8,0.0,0.072,0.032,0.016,0.4,6.9,0.0,0.2,102.0,0.0,0.0,0.0,21.0,0.7,10.8,24.0,0.082,696.0,426.0,0.067,3.6,197.9,FOOD-DATA-GROUP3,87.6755070202808,0.0,12.324492979719187,56.2,312,17.95527156549521,0.0,0.0,0.0,0.0006389776357827476,0,0,0,1
465,465,beef thymus cooked,1215,95.2,32.8,32.9,17.8,0.0,0.0,83.2,0.0,1120.1,0.4,201.3,0.0,0.3,0.058,0.092,0.9,7.0,7.5,0.3,115.1,0.0,0.0,0.0,38.1,0.2,5.7,38.1,0.4,1386.8,1649.7,0.029,8.4,337.3,FOOD-DATA-GROUP3,46.63677130044843,0.0,53.36322869955157,83.2,1215,6.842105263157896,0.0,0.0,0.0,0.0003289473684210526,0,0,1,1
466,466,ham,46,2.5,0.1,1.2,0.2,1.0,0.3,4.6,0.4,16.0,0.2,18.8,0.0,0.2,0.079,0.074,0.094,0.8,0.1,0.041,1.1,0.08,0.076,0.0,6.7,0.002,0.3,6.2,0.2,42.8,80.4,0.063,0.4,16.6,FOOD-DATA-GROUP3,56.79012345679012,12.34567901234568,30.864197530864203,2.3,46,9.787234042553191,0.851063829787234,15.0,0.8,0.00425531914893617,0,0,0,0
467,467,pork meat cooked,283,14.1,4.4,6.8,2.1,0.0,0.0,14.1,0.0,112.6,0.7,79.2,0.02,0.8,0.0,0.044,0.3,11.0,0.7,0.7,0.0,0.095,0.0,0.0,10.7,0.082,0.7,41.5,0.077,369.8,615.1,0.048,2.6,39.657,FOOD-DATA-GROUP3,50.0,0.0,50.0,14.1,283,4.964788732394366,0.0,0.0,0.0,0.002464788732394366,0,0,0,1
468,468,bacon roasted,43,3.3,1.1,1.5,0.4,0.1,0.0,3.0,0.0,8.8,0.034,1.0,0.0,0.037,0.05,0.007,0.081,0.015,0.9,0.051,0.09,0.0,0.002,0.039,0.097,0.9,0.096,0.1,2.6,0.003,42.6,45.2,0.09,6.516,FOOD-DATA-GROUP3,46.875,1.5625,51.562499999999986,2.727272727272727,43,6.8181818181818175,0.0,0.0,0.0,0.0007727272727272728,0,0,0,0
469,469,pork top loin roasts raw,3644,182.8,35.1,40.8,14.3,0.0,0.0,468.4,0.0,1404.8,1.0,1539.6,0.09,9.4,0.0,0.075,4.0,122.2,15.8,15.8,0.0,0.042,2.6,0.0,153.7,1.2,11.6,526.8,0.2,4741.2,7858.1,0.6,38.0,816.574,FOOD-DATA-GROUP3,71.92874692874692,0.0,28.07125307125307,468.4,3644,12.850480109739367,0.0,0.0,0.0,0.00027434842249657066,0,0,1,1
470,470,pork blade roll raw,76,6.2,2.2,2.8,0.7,0.0,0.0,4.7,0.0,15.0,0.4,16.7,0.0,0.2,0.076,0.08,0.089,0.8,0.2,0.097,0.014,0.0,0.0,0.0,2.0,0.084,0.2,3.7,0.042,56.3,83.5,0.078,0.7,13.143,FOOD-DATA-GROUP3,43.11926605504588,0.0,56.88073394495413,4.7,76,6.103896103896104,0.0,0.0,0.0,0.005194805194805195,0,0,0,0
471,471,pork backribs raw,2399,174.9,61.9,73.5,28.7,0.0,0.0,204.2,0.0,739.0,0.9,679.8,0.035,4.9,0.0,0.028,3.3,72.6,8.8,4.5,0.0,0.025,2.6,0.0,332.0,1.0,8.1,171.4,0.085,1649.3,2645.4,0.3,27.2,719.224,FOOD-DATA-GROUP3,53.864415721445525,0.0,46.13558427855447,204.2,2399,8.508333333333333,0.0,0.0,0.0,0.000375,0,0,1,1
472,472,pork spareribs cooked,703,53.6,19.7,23.9,4.8,0.0,0.0,51.4,0.0,214.2,0.2,71.5,0.065,0.7,0.022,0.016,0.7,9.7,1.3,0.6,0.0,0.043,0.6,0.0,83.2,0.3,3.3,42.5,0.083,462.0,566.4,0.092,8.1,191.598,FOOD-DATA-GROUP3,48.952380952380956,0.0,51.04761904761905,51.4,703,7.301136363636364,0.0,0.0,0.0,0.00028409090909090913,0,0,1,1
473,473,pork stomach cooked,44,2.1,0.8,0.6,0.2,0.029,0.0,6.1,0.0,89.4,0.035,20.0,0.0,0.08,0.09,0.067,0.05,0.4,0.2,0.038,0.0,0.0,0.087,0.0,4.2,0.048,0.3,4.2,0.015,36.5,24.1,0.077,0.8,12.779,FOOD-DATA-GROUP3,74.1280836067566,0.352412200753433,25.51950419248998,5.928085519922255,44,13.555555555555554,0.0,0.0,0.0,0.0007777777777777778,0,0,0,0
474,474,honey smoked ham cooked,67,1.3,0.6,0.9,0.2,4.0,0.0,9.9,0.0,12.1,0.5,38.5,0.0,0.2,0.013,0.091,0.097,1.3,0.1,0.1,0.3,0.0,0.0,0.0,3.3,0.039,0.2,4.4,0.096,211.2,90.8,0.099,0.5,19.0,FOOD-DATA-GROUP3,65.13157894736842,26.31578947368421,8.552631578947368,1.98,67,14.558823529411766,0.0,0.0,0.0,0.007352941176470588,0,0,0,0
475,475,boston butt steak raw,844,56.1,19.7,23.6,7.2,0.0,0.0,79.0,0.0,281.2,0.3,313.8,0.051,2.4,0.0,0.088,1.6,19.2,6.6,2.2,0.0,0.028,1.0,0.0,72.6,0.4,5.1,90.7,0.098,861.8,1442.4,0.1,14.0,212.848,FOOD-DATA-GROUP3,58.47520355292376,0.0,41.52479644707624,79.0,844,9.349112426035502,0.0,0.0,0.0,0.00035502958579881655,0,0,1,1
476,476,pork sirloin chops cooked,140,4.5,1.5,1.8,0.8,0.0,0.0,23.3,0.0,65.6,0.001,53.9,0.075,0.075,0.5,0.0,0.07,0.2,6.4,0.8,0.4,0.0,0.01,0.1,0.0,9.0,0.012,0.6,20.5,0.073,238.6,337.0,0.043,28.239,FOOD-DATA-GROUP3,83.81294964028777,0.0,16.18705035971223,23.3,140,16.524822695035464,0.0,0.0,0.0,7.092198581560284e-06,0,0,0,0
477,477,pork country style ribs raw,242,15.1,3.0,3.5,1.2,0.0,0.0,24.8,0.0,94.7,0.061,87.3,0.009,0.5,0.0,0.055,0.3,3.9,2.1,0.7,0.0,0.028,0.3,0.0,28.2,0.023,1.1,26.9,0.072,247.0,407.0,0.048,3.6,69.223,FOOD-DATA-GROUP3,62.15538847117795,0.0,37.84461152882205,24.8,242,10.205761316872428,0.0,0.0,0.0,0.0002510288065843621,0,0,0,0
478,478,ham patties,205,18.3,6.6,8.6,2.0,1.1,0.0,8.3,0.0,45.5,0.7,35.4,0.0,0.3,0.061,0.084,0.1,2.0,0.2,0.1,0.0,0.0,0.0,0.0,5.2,0.039,0.7,6.5,0.064,96.9,155.4,0.075,1.0,33.6,FOOD-DATA-GROUP3,29.96389891696751,3.9711191335740073,66.06498194945848,3.9523809523809526,205,4.029126213592233,0.0,0.0,0.0,0.0033980582524271844,0,0,1,0
479,479,pork feet cooked,67,4.5,1.2,2.3,0.4,0.0,0.0,6.2,0.0,30.3,0.046,17.8,0.0,0.08,0.014,0.048,0.029,0.2,0.047,0.081,0.0,0.0,0.054,0.0,0.0,0.014,0.3,1.4,0.017,23.2,9.3,0.04,0.3,11.0,FOOD-DATA-GROUP3,57.94392523364487,0.0,42.056074766355145,6.2,67,9.11764705882353,0.0,0.0,0.0,0.0006764705882352941,0,0,0,0
480,480,ground pork cooked,930,65.0,24.2,29.0,5.9,0.0,0.0,80.4,0.0,294.2,0.2,165.1,0.01,2.2,0.005,0.058,0.7,13.2,1.6,1.2,2.2,0.066,0.7,0.0,68.9,0.1,4.0,75.1,0.081,707.4,1133.1,0.1,10.0,220.513,FOOD-DATA-GROUP3,55.29573590096286,0.0,44.70426409903714,80.4,930,8.635875402792696,0.0,0.0,0.0,0.00021482277121374866,0,0,1,1
481,481,pork centre loin chops cooked,328,17.4,5.5,6.6,2.1,0.0,0.0,40.2,0.0,131.9,0.065,97.8,0.2,0.021,0.9,0.0,0.059,0.4,12.8,1.0,1.1,0.0,0.089,0.2,0.0,37.7,0.1,1.2,39.3,0.005,345.4,540.1,0.07,59.0,FOOD-DATA-GROUP3,69.79166666666667,0.0,30.208333333333332,40.2,328,12.218844984802432,0.0,0.0,0.0,0.00019756838905775077,0,0,1,1
482,482,pork leg cap steak cooked,307,8.6,2.6,3.7,1.1,0.0,0.0,53.5,0.0,157.1,0.1,133.3,0.0,0.9,0.071,0.068,0.8,15.9,1.5,0.8,0.0,0.0,0.2,0.0,13.6,0.1,1.9,44.6,0.061,428.7,710.0,0.035,8.0,77.6,FOOD-DATA-GROUP3,86.1513687600644,0.0,13.848631239935589,53.5,307,17.37012987012987,0.0,0.0,0.0,0.0003246753246753247,0,0,0,1
483,483,pork blade chops raw,376,15.4,5.2,6.1,2.1,0.0,0.0,55.8,0.0,155.2,0.2,191.6,0.039,1.4,0.0,0.055,0.9,18.7,2.9,1.2,0.0,0.067,0.5,0.0,78.9,0.2,1.9,47.3,0.059,594.4,823.2,0.038,7.2,152.089,FOOD-DATA-GROUP3,78.37078651685393,0.0,21.629213483146067,55.8,376,14.801061007957559,0.0,0.0,0.0,0.0005305039787798409,0,0,1,1
484,484,pork tenderloin raw,606,17.8,6.0,6.8,2.8,0.0,0.0,104.3,0.0,328.3,0.3,378.6,0.0,5.0,0.0,0.023,1.7,33.4,4.2,3.9,0.0,0.075,1.1,0.0,30.3,0.4,4.9,136.4,0.098,1227.2,1984.7,0.2,9.4,157.3,FOOD-DATA-GROUP3,85.42178542178543,0.0,14.57821457821458,104.3,606,17.182866556836903,0.0,0.0,0.0,0.0004942339373970346,0,0,1,1
485,485,pork sirloin chops raw,1090,23.3,8.2,9.9,3.7,0.0,0.0,205.5,0.0,567.6,0.6,669.4,0.023,5.5,0.0,0.083,2.3,66.2,6.6,5.5,0.0,0.005,1.5,0.0,81.1,0.6,5.0,207.2,0.094,2261.5,3189.5,0.3,15.5,314.931,FOOD-DATA-GROUP3,89.81643356643356,0.0,10.183566433566433,205.5,1090,18.835930339138404,0.0,0.0,0.0,0.0005499541704857929,0,0,1,1
486,486,pork leg cap steak raw,284,7.8,2.7,3.9,1.2,0.0,0.0,50.0,0.0,145.5,0.2,173.7,0.0,1.2,0.004,0.072,1.0,16.4,1.9,1.3,0.0,0.0,0.2,0.0,16.2,0.1,1.9,50.8,0.069,478.2,843.2,0.009,7.3,75.9,FOOD-DATA-GROUP3,86.50519031141869,0.0,13.494809688581316,50.0,284,17.543859649122805,0.0,0.0,0.0,0.0007017543859649123,0,0,0,1
487,487,pork carcass raw,1706,159.1,56.4,72.3,17.2,0.0,0.0,63.1,0.0,335.7,0.2,226.0,0.007,2.7,0.002,0.096,0.9,17.4,2.4,1.3,1.8,0.0,1.3,0.0,86.2,0.2,3.1,59.0,0.081,703.1,1147.6,0.1,7.2,313.327,FOOD-DATA-GROUP3,28.3978397839784,0.0,71.6021602160216,63.1,1706,3.6965436438195667,0.0,0.0,0.0,0.00011716461628588167,0,0,1,1
488,488,pork splean cooked,446,9.6,3.2,2.6,0.7,0.0,0.0,84.3,0.0,1507.0,0.3,199.4,0.0,0.4,0.002,0.071,0.8,17.8,2.7,0.2,34.7,0.0,0.0,0.0,38.9,0.4,66.5,44.9,0.1,846.2,678.7,0.1,10.6,234.0,FOOD-DATA-GROUP3,89.77635782747603,0.0,10.223642172523963,84.3,446,18.859060402684563,0.0,0.0,0.0,0.0006711409395973154,0,0,0,1
489,489,chopped ham,50,2.9,1.0,1.4,0.4,1.2,0.0,4.6,0.0,16.5,0.3,18.3,0.0,0.2,0.008,0.006,0.035,1.1,0.0,0.01,0.0,0.025,0.087,0.0,2.0,0.049,0.2,4.5,0.0,43.4,89.3,0.098,0.5,10.9,FOOD-DATA-GROUP3,52.87356321839081,13.793103448275861,33.333333333333336,2.0909090909090904,50,9.019607843137255,0.0,0.0,0.0,0.0058823529411764705,0,0,0,0
490,490,pork centre loin chops raw,338,18.0,6.0,7.1,2.4,0.0,0.0,41.2,0.0,137.3,0.1,138.7,0.048,1.0,0.0,0.02,0.4,13.2,1.4,1.4,0.0,0.062,0.2,0.0,37.8,0.1,1.3,49.8,0.096,415.9,682.6,0.052,3.5,98.301,FOOD-DATA-GROUP3,69.5945945945946,0.0,30.405405405405407,41.2,338,12.153392330383483,0.0,0.0,0.0,0.0002949852507374631,0,0,1,1
491,491,pork blade chops cooked,265,14.6,4.3,5.1,1.9,1.1,0.0,32.4,0.0,100.9,0.072,81.4,0.069,0.8,0.0,0.068,0.3,10.1,1.5,0.7,0.0,0.028,0.3,0.0,10.5,0.1,1.2,31.4,0.076,355.0,533.2,0.085,3.0,59.882,FOOD-DATA-GROUP3,67.35966735966736,2.2869022869022873,30.35343035343035,15.428571428571427,265,12.180451127819548,0.0,0.0,0.0,0.0002706766917293233,0,0,0,1
492,492,boston butt steak cooked,494,32.7,12.2,14.8,3.8,0.0,0.0,46.4,0.0,181.3,0.1,101.7,0.066,0.9,0.0,0.064,0.7,7.2,2.4,0.8,0.0,0.051,0.2,0.0,48.1,0.2,3.2,42.6,0.063,384.8,564.3,0.04,9.0,130.498,FOOD-DATA-GROUP3,58.659924146649814,0.0,41.34007585335019,46.4,494,9.373737373737374,0.0,0.0,0.0,0.00020202020202020202,0,0,1,1
493,493,pork meat raw,179,18.6,6.2,7.9,3.7,0.0,0.0,2.6,0.0,20.4,0.021,7.0,0.094,0.05,0.0,0.086,0.059,0.7,0.1,0.07,0.0,0.055,0.1,0.0,4.0,0.076,0.07,1.7,0.0,23.8,94.2,0.046,0.2,25.261,FOOD-DATA-GROUP3,12.264150943396226,0.0,87.73584905660377,2.6,179,1.4444444444444446,0.0,0.0,0.0,0.00011666666666666668,0,0,1,0
494,494,pork top loin chops raw,287,12.8,4.5,5.5,1.6,0.0,0.0,39.9,0.0,124.0,0.099,130.2,0.074,1.2,0.0,0.087,0.3,14.8,1.3,1.3,0.0,0.089,0.2,0.0,13.0,0.1,0.9,48.1,0.02,418.1,690.1,0.096,2.9,66.684,FOOD-DATA-GROUP3,75.71157495256166,0.0,24.28842504743833,39.9,287,13.854166666666668,0.0,0.0,0.0,0.00034375000000000003,0,0,0,1
495,495,pork blade steak braised,694,44.7,16.6,20.1,5.3,0.087,0.0,68.2,0.0,256.1,0.4,148.2,0.4,0.0,1.1,0.0,0.1,0.9,9.5,3.5,1.2,0.0,0.032,0.3,0.0,71.3,0.5,4.5,52.8,0.06,599.3,976.8,0.1,115.063,FOOD-DATA-GROUP3,60.36092647826741,0.07700000885057572,39.56207351288201,62.74149034038639,694,9.81294964028777,0.0,0.0,0.0,0.0005755395683453237,0,0,1,1
496,496,pork boston steaks cooked,438,28.1,10.1,12.5,2.5,0.0,0.0,43.2,0.0,160.6,0.1,96.8,0.06,1.2,0.096,0.046,0.7,6.9,1.2,0.5,0.5,0.091,0.5,0.0,60.8,0.003,2.4,35.5,0.037,354.9,550.9,0.06,7.6,135.049,FOOD-DATA-GROUP3,60.589060308555396,0.0,39.4109396914446,43.2,438,9.840546697038725,0.0,0.0,0.0,0.00022779043280182233,0,0,1,1
497,497,bacon cooked,43,3.1,1.1,1.4,0.5,0.068,0.0,3.5,0.0,10.1,0.2,1.9,0.053,0.0,0.031,0.0,0.037,0.066,1.0,0.1,0.047,0.0,0.0,0.009,0.0,1.2,0.047,0.1,3.1,0.071,35.4,47.8,0.064,6.747,FOOD-DATA-GROUP3,52.489502099580086,1.0197960407918416,46.490701859628075,3.2771535580524342,43,7.954545454545454,0.0,0.0,0.0,0.004545454545454546,0,0,0,0
498,498,pickled pork hocks,48,3.0,0.9,1.5,0.3,0.0,0.0,5.4,0.0,25.2,0.3,19.2,0.055,0.056,0.058,0.061,0.066,0.3,0.02,0.047,0.0,0.0,0.047,0.0,5.4,0.063,0.3,1.7,0.018,17.0,13.3,0.089,0.7,14.146,FOOD-DATA-GROUP3,64.28571428571429,0.0,35.714285714285715,5.4,48,11.020408163265307,0.0,0.0,0.0,0.006122448979591836,0,0,0,0
499,499,pork boston roast cooked,705,49.4,18.3,21.7,4.6,0.0,0.0,60.5,0.0,225.3,0.2,150.6,0.061,1.7,0.084,0.041,0.9,10.6,1.7,0.6,1.8,0.029,0.5,0.0,73.4,0.3,3.8,47.2,0.052,516.1,869.8,0.022,10.4,188.948,FOOD-DATA-GROUP3,55.050045495905366,0.0,44.94995450409463,60.5,705,8.569405099150142,0.0,0.0,0.0,0.00028328611898017,0,0,1,1
500,500,canadian style bacon grilled,43,2.0,0.7,0.9,0.2,0.3,0.0,5.7,0.0,13.6,0.4,14.5,0.0,0.2,0.07,0.03,0.054,1.6,0.1,0.1,0.0,0.048,0.061,0.0,2.4,0.043,0.2,4.9,0.023,69.6,91.7,0.058,0.4,10.6,FOOD-DATA-GROUP3,71.25,3.75,25.0,4.384615384615385,43,12.954545454545455,0.0,0.0,0.0,0.009090909090909092,0,0,0,0
501,501,ham steak,70,2.4,0.8,1.1,0.3,0.0,0.0,11.1,0.0,25.7,0.7,41.2,0.0,0.5,0.064,0.08,0.1,2.9,0.4,0.2,18.4,0.0,0.0,0.0,2.3,0.05,0.6,10.8,0.011,148.2,185.3,0.068,1.2,34.8,FOOD-DATA-GROUP3,82.22222222222221,0.0,17.77777777777778,11.1,70,15.633802816901406,0.0,0.0,0.0,0.009859154929577464,0,0,0,0
502,502,pork backfat,3683,402.3,146.1,190.3,46.9,0.0,0.0,13.2,0.0,258.6,0.064,34.9,0.032,0.4,0.072,0.035,0.2,4.5,0.5,0.2,0.5,0.003,0.0,0.0,9.1,0.094,0.8,9.1,0.082,172.4,294.8,0.063,1.7,425.932,FOOD-DATA-GROUP3,3.1768953068592056,0.0,96.82310469314079,13.2,3683,0.3583061889250814,0.0,0.0,0.0,1.737242128121607e-05,0,0,1,1
503,503,bacon baked,44,3.5,1.1,1.5,0.4,0.1,0.0,2.9,0.0,8.7,0.2,1.0,0.0,0.052,0.09,0.095,0.053,0.058,0.9,0.077,0.084,0.0,0.0,0.038,0.047,0.8,0.054,0.1,2.4,0.078,41.0,43.7,0.003,6.673,FOOD-DATA-GROUP3,44.61538461538461,1.5384615384615385,53.84615384615385,2.6363636363636362,44,6.444444444444445,0.0,0.0,0.0,0.0044444444444444444,0,0,0,0
504,504,pork arm picnic raw,5298,343.4,113.6,147.3,67.9,0.0,0.0,513.6,0.0,1729.4,2.3,1875.9,0.1,16.1,0.0,0.04,6.8,124.0,27.9,12.1,0.0,0.064,5.8,0.0,329.4,2.0,15.6,494.1,0.3,5490.0,11336.9,0.6,59.0,1202.1,FOOD-DATA-GROUP3,59.92998833138857,0.0,40.070011668611436,513.6,5298,9.69239479147009,0.0,0.0,0.0,0.0004340441592753349,0,0,1,1
505,505,salt pork raw,212,22.8,8.3,10.7,2.7,0.0,0.0,1.4,0.0,24.3,0.8,3.1,0.0,0.054,0.011,0.049,0.01,0.5,0.078,0.048,0.0,0.035,0.0,0.0,1.7,0.053,0.1,2.0,0.073,14.7,18.7,0.056,0.3,26.0,FOOD-DATA-GROUP3,5.785123966942148,0.0,94.21487603305786,1.4,212,0.6572769953051643,0.0,0.0,0.0,0.0037558685446009393,0,0,1,0
506,506,pork arm picnic cooked,5292,322.7,109.3,139.0,62.7,0.0,0.0,560.3,0.0,1936.7,2.2,1351.9,0.007,9.9,0.1,0.086,7.3,119.5,27.0,7.8,0.0,0.062,5.9,0.0,360.3,2.4,20.7,495.4,0.5,5404.8,8039.6,0.7,69.8,1264.074,FOOD-DATA-GROUP3,63.45413363533409,0.0,36.545866364665905,560.3,5292,10.585679198941998,0.0,0.0,0.0,0.000415643302474967,0,0,1,1
507,507,pork top loin chops cooked,270,11.2,4.3,4.9,1.7,0.0,0.0,39.4,0.0,97.2,0.064,84.3,0.062,0.02,0.7,0.0,0.067,0.3,13.4,1.4,0.7,0.0,0.043,0.3,0.0,16.2,0.1,1.2,31.1,0.052,298.4,352.4,0.079,51.481,FOOD-DATA-GROUP3,77.86561264822134,0.0,22.134387351778656,39.4,270,14.538745387453874,0.0,0.0,0.0,0.00023616236162361624,0,0,0,0
508,508,ground pork raw,329,26.5,9.8,11.8,2.4,0.0,0.0,21.1,0.0,90.0,0.033,76.3,0.034,0.9,0.055,0.005,0.3,5.4,0.8,0.5,0.9,0.0,0.0,0.0,17.5,0.08,1.1,23.8,0.083,218.8,358.8,0.039,2.8,67.15,FOOD-DATA-GROUP3,44.32773109243698,0.0,55.67226890756303,21.1,329,6.3939393939393945,0.0,0.0,0.0,0.0001,0,0,1,0
509,509,pork shoulder raw,1070,81.6,28.3,36.3,8.7,0.0,0.0,77.9,0.0,322.1,0.3,290.4,0.087,3.5,0.077,0.034,1.2,17.4,3.3,1.6,3.2,0.025,0.9,0.0,68.0,0.4,4.8,81.6,0.083,825.6,1369.9,0.1,12.2,235.572,FOOD-DATA-GROUP3,48.84012539184953,0.0,51.15987460815047,77.9,1070,7.27357609710551,0.0,0.0,0.0,0.00028011204481792715,0,0,1,1
510,510,pork chitterlings cooked,66,5.8,2.7,2.0,0.3,0.0,0.0,3.5,0.0,78.4,0.078,19.2,0.0,0.0,0.099,0.024,0.056,0.093,0.065,0.059,0.0,0.0,0.0,0.083,0.0,7.1,0.056,0.4,2.5,0.033,18.7,4.0,0.07,9.329,FOOD-DATA-GROUP3,37.634408602150536,0.0,62.36559139784945,3.5,66,5.223880597014925,0.0,0.0,0.0,0.0011641791044776119,0,0,0,0
511,511,pork breakfast strips cooked,52,4.1,1.4,1.9,0.6,0.1,0.0,3.3,0.0,11.9,0.2,3.0,0.0,0.039,0.02,0.02,0.073,0.9,0.1,0.068,0.0,0.066,0.057,0.0,1.6,0.054,0.2,2.9,0.085,29.9,52.7,0.061,0.4,9.3,FOOD-DATA-GROUP3,44.0,1.3333333333333335,54.666666666666664,2.9999999999999996,52,6.226415094339623,0.0,0.0,0.0,0.0037735849056603774,0,0,0,0
512,512,pork blade roll roasted,1079,88.3,31.5,41.5,9.4,1.4,0.0,65.0,0.0,251.9,3.7,211.2,0.0,1.7,0.032,0.007,1.1,8.9,2.9,0.8,12.0,0.0,0.0,0.0,26.3,0.3,3.3,48.9,0.098,586.6,729.4,0.1,9.2,196.3,FOOD-DATA-GROUP3,42.016806722689076,0.904977375565611,57.07821590174531,27.083333333333336,1079,6.018518518518518,0.0,0.0,0.0,0.003425925925925926,0,0,1,1
513,513,pork tail cooked,1089,98.5,34.2,46.4,10.8,0.0,0.0,46.8,0.0,354.8,0.093,128.4,0.0,0.2,0.002,0.061,0.2,3.1,1.2,0.7,0.0,0.0,0.0,0.0,38.5,0.2,2.2,19.3,0.087,129.3,431.8,0.087,4.5,186.0,FOOD-DATA-GROUP3,32.20922229869236,0.0,67.79077770130763,46.8,1089,4.293577981651376,0.0,0.0,0.0,8.53211009174312e-05,0,0,1,1
514,514,pork centre rib roasts raw,275,9.7,3.3,4.0,1.1,0.0,0.0,44.0,0.0,113.1,0.1,146.2,0.0,1.0,0.0,0.094,0.4,13.5,1.5,1.5,0.0,0.072,0.3,0.0,48.5,0.1,1.2,50.5,0.053,436.3,725.2,0.05,4.0,103.4,FOOD-DATA-GROUP3,81.93668528864059,0.0,18.063314711359403,44.0,275,15.942028985507244,0.0,0.0,0.0,0.00036231884057971015,0,0,0,1
515,515,pork centre rib roasts roasted,1942,114.9,42.6,48.4,19.4,0.0,0.0,211.3,0.0,610.7,0.7,452.3,0.8,0.041,4.1,0.0,0.018,2.3,74.3,11.6,3.8,0.0,0.094,1.6,0.0,148.8,0.7,7.5,164.4,0.063,1800.9,2129.8,0.3,331.5,FOOD-DATA-GROUP3,64.77621091354996,0.0,35.22378908645003,211.3,1942,10.874935666495112,0.0,0.0,0.0,0.0003602676273803397,0,0,1,1
516,516,minced ham,55,4.3,1.5,2.0,0.5,0.4,0.0,3.4,0.0,14.7,0.3,12.0,0.0,0.1,0.094,0.059,0.073,0.9,0.094,0.081,0.0,0.058,0.012,0.0,2.1,0.029,0.2,3.4,0.074,33.0,65.3,0.048,0.4,10.4,FOOD-DATA-GROUP3,41.97530864197531,4.938271604938272,53.086419753086425,2.428571428571429,55,6.071428571428571,0.0,0.0,0.0,0.005357142857142857,0,0,0,0
517,517,ham roasted,316,21.3,7.1,9.9,2.5,0.6,0.0,28.7,0.0,86.8,1.3,85.3,0.0,1.1,0.033,0.054,0.4,7.4,1.0,0.4,19.6,0.0,0.0,0.0,11.2,0.2,1.9,23.8,0.084,340.2,499.8,0.053,3.5,83.3,FOOD-DATA-GROUP3,56.7193675889328,1.185770750988142,42.094861660079054,17.9375,316,9.053627760252365,0.0,0.0,0.0,0.004100946372239748,0,0,1,0
518,518,pork loin raw,232,14.7,5.1,6.6,1.6,0.0,0.0,23.1,0.0,73.7,0.003,78.3,0.049,1.1,0.013,0.019,0.3,5.4,0.8,0.6,0.7,0.044,0.2,0.0,21.1,0.037,0.9,24.6,0.066,230.5,416.5,0.013,2.0,60.563,FOOD-DATA-GROUP3,61.111111111111114,0.0,38.88888888888889,23.1,232,9.914163090128755,0.0,0.0,0.0,1.2875536480686696e-05,0,0,1,0
519,519,pork backribs roasted,2564,188.9,68.5,81.6,31.0,0.0,0.0,202.0,0.0,737.5,0.8,481.3,1.7,0.023,4.0,0.0,0.08,2.9,67.0,11.1,3.6,0.0,0.068,2.2,0.0,403.9,0.9,8.1,149.3,0.065,1448.7,2107.2,0.3,397.1,FOOD-DATA-GROUP3,51.675620363264265,0.0,48.32437963673574,202.0,2564,7.875243664717349,0.0,0.0,0.0,0.0003118908382066277,0,0,1,1
520,520,pork belly raw,2350,240.5,87.7,112.0,25.6,0.0,0.0,42.4,0.0,326.6,0.1,166.7,0.095,1.8,0.088,0.075,1.1,21.1,1.2,0.6,1.4,0.0,1.8,0.0,22.7,0.2,2.4,18.1,0.01,489.9,839.2,0.085,4.6,309.486,FOOD-DATA-GROUP3,14.987628137150939,0.0,85.01237186284906,42.4,2350,1.8034878774989365,0.0,0.0,0.0,4.253509145044662e-05,0,0,1,1
521,521,ham raw,266,18.2,6.0,8.7,2.1,0.046,0.0,23.8,0.0,54.6,1.5,93.2,0.0,1.3,0.021,0.034,0.3,4.5,0.6,0.7,0.0,0.054,0.3,0.0,8.4,0.075,1.2,19.6,0.063,245.0,442.4,0.065,2.3,51.697,FOOD-DATA-GROUP3,56.604671074537414,0.10940398611045045,43.285924939352135,22.753346080305928,266,8.913857677902621,0.0,0.0,0.0,0.0056179775280898875,0,0,1,0
522,522,ham extra lean,45,2.3,0.8,1.1,0.3,0.6,0.0,5.1,0.0,14.8,0.4,18.7,0.0,0.2,0.022,0.097,0.028,1.4,0.1,0.1,0.0,0.094,0.04,0.0,2.0,0.075,0.3,5.0,0.049,66.1,83.2,0.041,0.6,10.3,FOOD-DATA-GROUP3,63.75000000000001,7.500000000000001,28.750000000000004,3.1874999999999996,45,11.08695652173913,0.0,0.0,0.0,0.008695652173913044,0,0,0,0
523,523,pork feet pickled,635,45.5,13.4,25.8,3.6,0.029,0.0,52.8,0.0,376.5,4.3,340.2,0.098,0.031,0.061,0.003,0.085,1.0,1.2,0.058,0.0,0.01,1.0,0.0,145.2,0.2,1.4,49.9,0.049,394.6,59.0,0.003,0.9,245.019,FOOD-DATA-GROUP3,53.69728157512025,0.02949282510754711,46.27322559977219,51.31195335276968,635,8.30188679245283,0.0,0.0,0.0,0.0067610062893081755,0,0,1,1
524,524,pork shoulder cooked,394,28.9,10.6,12.8,2.8,0.0,0.0,31.4,0.0,121.5,0.001,74.0,0.004,0.8,0.065,0.007,0.4,5.4,0.8,0.4,0.7,0.007,0.3,0.0,32.4,0.2,1.8,24.3,0.084,286.2,444.2,0.026,5.0,95.226,FOOD-DATA-GROUP3,52.072968490878935,0.0,47.92703150912106,31.4,394,7.949367088607595,0.0,0.0,0.0,2.531645569620253e-06,0,0,1,1
525,525,pork top loin roasts roasted,1628,74.8,24.1,29.8,8.5,0.0,0.0,224.3,0.0,678.4,0.4,540.7,0.7,0.011,4.6,0.0,0.051,2.0,60.2,5.7,5.9,0.0,0.017,0.9,0.0,59.4,0.7,5.4,212.0,0.052,1891.0,2959.5,0.3,306.4,FOOD-DATA-GROUP3,74.99164159144098,0.0,25.008358408559005,224.3,1628,13.769183548189073,0.0,0.0,0.0,0.00024554941682013506,0,0,1,1
526,526,pork skin,154,8.9,3.2,4.2,1.0,0.0,0.0,17.3,0.0,26.9,0.5,0.5,0.037,0.009,0.0,0.036,0.034,0.4,0.1,0.096,0.1,0.0,0.1,0.0,8.5,0.033,0.2,3.1,0.066,24.1,35.9,0.062,0.2,35.03,FOOD-DATA-GROUP3,66.03053435114504,0.0,33.96946564885496,17.3,154,11.161290322580646,0.0,0.0,0.0,0.0032258064516129032,0,0,0,0
527,527,pork country style ribs cooked,235,15.2,5.4,6.6,1.8,0.0,0.0,22.8,0.0,88.6,0.049,46.4,0.098,0.4,0.0,0.016,0.2,4.8,1.2,0.4,0.0,0.09,0.1,0.0,29.2,0.072,1.2,19.8,0.025,173.7,247.7,0.026,3.6,68.402,FOOD-DATA-GROUP3,60.0,0.0,40.0,22.8,235,9.661016949152543,0.0,0.0,0.0,0.0002076271186440678,0,0,1,0
528,528,pork blade steak raw,664,43.7,15.4,18.4,5.6,0.6,0.0,67.6,0.0,243.7,0.6,276.5,0.0,1.9,0.0,0.01,1.3,14.8,5.6,1.9,0.0,0.083,0.8,0.0,59.0,0.5,3.8,70.7,0.0,829.2,1536.6,0.1,11.1,174.7,FOOD-DATA-GROUP3,60.41108132260947,0.5361930294906166,39.05272564789992,42.24999999999999,664,10.165413533834586,0.0,0.0,0.0,0.0009022556390977444,0,0,1,1
529,529,pork tenderloin cooked,153,6.2,2.2,2.5,0.6,0.0,0.0,22.7,0.0,71.4,0.091,46.4,0.017,0.7,0.051,0.014,0.3,3.8,0.7,0.4,0.8,0.0,0.0,0.0,3.8,0.045,1.1,26.6,0.072,220.4,337.4,0.082,2.2,34.679,FOOD-DATA-GROUP3,78.54671280276817,0.0,21.453287197231834,22.7,153,14.74025974025974,0.0,0.0,0.0,0.0005909090909090909,0,0,0,0
530,530,pork loin cooked,213,12.1,4.5,5.4,1.0,0.0,0.0,24.2,0.0,71.2,0.077,51.9,0.008,0.6,0.066,0.024,0.2,3.9,0.6,0.3,0.5,0.007,0.2,0.0,18.7,0.006,1.0,16.9,0.033,161.1,332.9,0.02,2.1,56.575,FOOD-DATA-GROUP3,66.66666666666667,0.0,33.333333333333336,24.2,213,11.30841121495327,0.0,0.0,0.0,0.00035981308411214954,0,0,0,0
531,531,pork ears cooked,184,12.0,4.3,5.5,1.3,0.2,0.0,17.7,0.0,99.9,0.2,80.6,0.0,0.004,0.0,0.0,0.07,0.6,0.051,0.066,0.0,0.0,0.0,0.0,20.0,0.086,1.7,7.8,0.086,26.6,44.4,0.044,0.2,51.6,FOOD-DATA-GROUP3,59.19732441471572,0.6688963210702342,40.13377926421405,14.75,184,9.567567567567567,0.0,0.0,0.0,0.001081081081081081,0,0,0,0
532,532,pork tongue cooked,626,43.0,14.9,20.2,4.5,0.0,0.0,55.7,0.0,337.3,0.3,131.4,0.0,0.7,0.019,0.077,1.2,12.3,1.2,0.5,3.9,0.0,0.0,0.0,43.9,0.3,11.5,46.2,0.054,401.9,547.5,0.04,10.5,158.0,FOOD-DATA-GROUP3,56.43363728470111,0.0,43.56636271529889,55.7,626,8.883572567783094,0.0,0.0,0.0,0.00047846889952153106,0,0,1,1
533,533,pork spareribs raw,3593,303.5,97.7,110.8,51.3,0.0,0.0,200.6,0.0,1037.6,1.1,775.0,0.0,4.1,0.0,0.055,3.3,60.5,8.1,7.4,0.0,0.084,4.8,0.0,194.6,1.0,11.8,207.5,0.1,1828.8,3138.7,0.3,32.4,710.5,FOOD-DATA-GROUP3,39.79369172783178,0.0,60.206308272168215,200.6,3593,5.581524763494714,0.0,0.0,0.0,0.0003060656649972176,0,0,1,1
534,534,ham patties grilled,205,18.5,6.7,8.8,2.0,1.0,0.0,8.0,0.0,43.2,0.6,30.8,0.0,0.2,0.034,0.046,0.1,1.9,0.2,0.085,0.0,0.056,0.3,0.0,5.4,0.043,1.0,6.0,0.045,60.6,146.4,0.028,1.1,33.9,FOOD-DATA-GROUP3,29.09090909090909,3.6363636363636362,67.27272727272727,4.0,205,3.8834951456310676,0.0,0.0,0.0,0.002912621359223301,0,0,1,0
535,535,chicken skin roasted,508,45.6,12.8,19.1,9.6,0.0,0.0,22.8,0.0,93.0,0.028,45.1,0.083,0.021,0.08,0.099,0.1,6.3,0.8,0.1,0.0,0.026,0.4,0.032,15.7,0.034,1.7,16.8,0.083,140.0,152.3,0.2,1.4,85.844,FOOD-DATA-GROUP3,33.33333333333333,0.0,66.66666666666666,22.8,508,4.479371316306483,0.0,0.0,0.0,5.50098231827112e-05,0,0,1,0
536,536,turkey breast raw,3554,158.9,43.2,60.2,37.6,0.0,0.0,495.6,0.0,1471.6,1.3,1585.9,0.015,1.3,0.2,0.004,2.6,117.7,14.1,10.9,0.0,0.0,0.0,0.0,294.3,1.7,27.2,543.4,0.4,4211.0,6226.0,0.5,35.5,976.092,FOOD-DATA-GROUP3,75.72192513368984,0.0,24.278074866310163,495.6,3554,13.940928270042194,0.0,0.0,0.0,0.0003656821378340366,0,0,1,1
537,537,ground turkey raw,169,8.7,2.3,3.0,2.5,0.0,0.0,22.4,0.0,78.7,0.047,82.5,0.041,0.037,0.073,0.08,0.2,7.7,1.1,0.6,0.0,0.086,0.1,0.0,21.7,0.1,1.2,26.2,0.096,228.0,270.2,0.025,2.7,54.095,FOOD-DATA-GROUP3,72.02572347266882,0.0,27.974276527331188,22.4,169,13.176470588235292,0.0,0.0,0.0,0.0002764705882352941,0,0,0,0
538,538,chicken wing cooked,52,3.5,1.0,1.4,0.8,0.0,0.0,4.8,0.0,14.7,0.086,13.1,0.041,0.036,0.071,0.092,0.097,1.0,0.1,0.086,0.0,0.022,0.052,0.092,2.5,0.095,0.2,3.4,0.041,25.4,29.2,0.092,0.3,11.058,FOOD-DATA-GROUP3,57.831325301204814,0.0,42.16867469879518,4.8,52,9.056603773584905,0.0,0.0,0.0,0.0016226415094339622,0,0,0,0
539,539,turkey roast roasted,209,7.8,2.6,1.6,2.2,4.1,0.0,28.8,0.0,71.6,0.9,91.6,0.0,0.058,0.054,0.079,0.2,8.5,1.1,0.4,0.0,0.084,0.5,0.09,6.8,0.037,2.2,29.7,0.066,329.4,402.3,0.081,3.4,49.7,FOOD-DATA-GROUP3,70.76167076167077,10.073710073710075,19.164619164619165,5.647058823529412,209,13.714285714285715,0.0,0.0,0.0,0.004285714285714286,0,0,0,0
540,540,pheasant meat raw,1448,74.3,21.6,34.6,9.4,0.0,0.0,181.6,0.0,568.0,0.3,542.2,0.4,0.6,0.064,0.015,1.1,51.4,7.4,5.3,42.4,0.0,0.0,0.0,96.0,0.5,9.2,160.0,0.1,1712.0,1944.0,0.1,7.7,403.9,FOOD-DATA-GROUP3,70.96522078937085,0.0,29.034779210629154,181.6,1448,12.532781228433402,0.0,0.0,0.0,0.00020703933747412008,0,0,1,1
541,541,chicken back raw,188,17.0,4.9,7.2,3.6,0.0,0.0,8.3,0.0,46.6,0.043,34.3,0.087,0.022,0.084,0.026,0.063,2.9,0.5,0.1,0.9,0.0,0.2,0.03,7.7,0.066,0.6,8.9,0.024,66.7,85.0,0.009,0.7,34.564,FOOD-DATA-GROUP3,32.80632411067194,0.0,67.19367588932806,8.3,188,4.3915343915343925,0.0,0.0,0.0,0.00022751322751322748,0,0,0,0
542,542,chicken back cooked,93,6.5,1.8,2.6,1.4,0.0,0.0,8.0,0.0,28.1,0.091,21.9,0.005,0.026,0.035,0.052,0.035,1.6,0.3,0.048,0.0,0.084,0.074,0.051,6.5,0.052,0.4,5.8,0.016,43.2,52.2,0.055,0.7,21.425,FOOD-DATA-GROUP3,55.172413793103445,0.0,44.827586206896555,8.0,93,8.51063829787234,0.0,0.0,0.0,0.0009680851063829787,0,0,0,0
543,543,chicken leg fried,431,25.5,6.8,10.4,6.1,13.8,0.0,34.4,0.5,142.2,0.4,82.3,0.07,0.2,0.089,0.056,0.3,8.6,1.6,0.4,0.0,0.0,0.0,0.0,28.4,0.1,2.2,31.6,0.043,240.2,298.6,0.041,3.4,104.858,FOOD-DATA-GROUP3,46.675712347354136,18.724559023066487,34.599728629579374,2.324324324324324,431,7.962962962962962,0.11574074074074073,0.0,1.0,0.000925925925925926,0,0,1,1
544,544,chicken feet cooked,975,66.2,17.8,24.9,13.5,0.9,0.0,88.0,0.0,381.0,0.3,298.5,0.1,0.3,0.4,0.011,0.9,1.8,0.0,0.052,0.0,0.068,1.2,0.036,399.2,0.5,4.1,22.7,0.0,376.5,140.6,0.033,3.1,558.5,FOOD-DATA-GROUP3,56.73758865248226,0.5802707930367504,42.68214055448097,46.31578947368421,975,9.01639344262295,0.0,0.0,0.0,0.00030737704918032784,0,0,1,1
545,545,turkey steak fried,179,10.8,2.8,4.4,2.8,10.9,0.0,9.1,0.0,41.0,0.5,31.6,0.092,0.075,0.071,0.088,0.1,1.3,0.3,0.1,0.0,0.0,0.0,0.0,9.0,0.01,1.4,9.6,0.028,149.8,166.4,0.013,0.9,41.229,FOOD-DATA-GROUP3,29.54545454545454,35.38961038961039,35.064935064935064,0.7647058823529411,179,5.055555555555555,0.0,0.0,0.0,0.002777777777777778,0,0,0,0
546,546,turkey taco meat cooked,271,13.9,3.2,4.7,3.9,5.5,0.0,30.7,0.0,129.9,1.2,128.1,0.0,0.1,0.051,0.062,0.6,5.5,1.1,0.5,0.0,0.0,0.5,0.089,126.3,0.072,3.3,49.4,0.3,329.4,543.5,0.067,4.6,179.7,FOOD-DATA-GROUP3,61.27744510978044,10.978043912175648,27.744510978043913,4.723076923076923,271,11.286764705882353,0.0,0.0,0.0,0.004411764705882353,0,0,0,1
547,547,chicken leg raw,736,54.9,15.0,22.8,11.5,0.6,0.0,56.3,0.0,319.9,0.3,231.5,0.018,0.3,0.053,0.096,0.5,16.3,3.4,1.1,0.7,0.033,0.8,0.096,31.0,0.2,2.4,65.4,0.088,533.2,698.3,0.091,5.1,145.973,FOOD-DATA-GROUP3,50.357781753130595,0.5366726296958855,49.105545617173526,35.18749999999999,736,7.6390773405698775,0.0,0.0,0.0,0.00040705563093622793,0,0,1,1
548,548,chicken meat raw,1978,138.6,39.7,57.4,29.7,0.0,0.0,171.1,0.0,690.0,0.6,607.1,0.4,0.6,0.039,0.069,1.1,62.6,8.4,3.2,14.7,0.054,2.8,0.054,101.2,0.4,8.3,184.0,0.2,1352.4,1738.8,0.1,12.1,434.3,FOOD-DATA-GROUP3,55.24701323861802,0.0,44.75298676138198,171.1,1978,8.645780697321879,0.0,0.0,0.0,0.0003031834259727135,0,0,1,1
549,549,chicken neck cooked,94,6.9,1.9,2.7,1.5,0.0,0.0,7.5,0.0,26.6,0.085,23.5,0.065,0.05,0.078,0.079,0.035,1.3,0.2,0.033,0.0,0.087,0.1,0.032,10.3,0.065,0.9,4.9,0.095,46.4,41.0,0.054,1.0,25.616,FOOD-DATA-GROUP3,52.083333333333336,0.0,47.91666666666667,7.5,94,7.894736842105263,0.0,0.0,0.0,0.0008947368421052633,0,0,0,0
550,550,chicken drumstick fried,193,11.3,3.0,4.6,2.7,6.0,0.0,15.8,0.2,61.9,0.2,38.0,0.028,0.049,0.065,0.061,0.2,3.7,1.2,0.2,0.0,0.0,0.0,0.0,12.2,0.063,1.0,14.4,0.004,105.8,133.9,0.018,1.7,46.519,FOOD-DATA-GROUP3,47.73413897280967,18.12688821752266,34.13897280966767,2.257142857142857,193,8.144329896907216,0.10309278350515465,0.0,0.4,0.0010309278350515464,0,0,0,0
551,551,quail egg,14,1.0,0.3,0.4,0.1,0.08,0.048,1.2,0.0,76.0,0.042,6.7,0.083,0.014,0.089,0.039,0.001,0.076,0.2,0.016,0.0,0.047,0.03,0.01,5.8,0.078,0.3,1.2,0.061,20.3,11.9,0.091,0.1,8.343,FOOD-DATA-GROUP3,52.63157894736842,3.508771929824561,43.859649122807014,1.111111111111111,14,8.0,0.0,4.444444444444444,0.0,0.0028,0,0,0,0
552,552,duck meat cooked,472,39.7,13.5,18.1,5.1,0.0,0.0,26.6,0.0,117.6,0.041,72.6,0.008,0.2,0.073,0.098,0.4,6.8,1.5,0.3,0.0,0.067,1.0,0.047,15.4,0.3,3.8,22.4,0.071,218.4,285.6,0.092,2.6,85.544,FOOD-DATA-GROUP3,40.120663650075414,0.0,59.879336349924586,26.6,472,5.623678646934461,0.0,0.0,0.0,8.668076109936576e-05,0,0,1,1
553,553,chicken wing roasted,216,14.3,4.2,6.6,3.1,0.0,0.0,20.2,0.0,119.9,0.039,50.5,0.073,0.017,0.005,0.069,0.08,0.1,5.4,0.8,0.5,0.0,0.094,0.6,0.024,15.3,0.092,0.7,16.2,0.095,125.0,180.2,0.032,35.155,FOOD-DATA-GROUP3,58.550724637681164,0.0,41.44927536231884,20.2,216,9.308755760368664,0.0,0.0,0.0,0.00017972350230414745,0,0,0,1
554,554,quail meat cooked,1028,63.9,17.9,22.2,15.8,0.0,0.0,113.7,0.0,389.6,0.2,271.8,0.3,1.0,0.098,0.02,1.4,35.9,0.0,2.8,10.4,0.003,3.2,0.074,68.0,2.7,20.1,99.7,0.0,1263.9,978.5,0.063,14.0,276.4,FOOD-DATA-GROUP3,64.02027027027027,0.0,35.97972972972973,113.7,1028,11.049562682215743,0.0,0.0,0.0,0.00019436345966958212,0,0,1,1
555,555,goose meat cooked,427,30.7,9.6,14.4,3.5,0.0,0.0,35.2,0.0,127.4,0.089,72.7,0.081,0.1,0.039,0.076,0.5,5.8,2.1,0.5,0.0,0.002,2.4,0.026,18.2,0.4,4.0,30.8,0.082,378.0,460.6,0.047,3.7,88.168,FOOD-DATA-GROUP3,53.414264036418814,0.0,46.58573596358118,35.2,427,8.224299065420562,0.0,0.0,0.0,0.00020794392523364484,0,0,1,1
556,556,chicken breast cooked,114,4.5,1.3,1.8,1.0,0.0,0.0,17.3,0.0,48.7,0.058,36.2,0.08,0.018,0.092,0.074,0.056,7.4,0.5,0.3,0.0,0.019,0.2,0.004,8.1,0.012,0.6,15.7,0.024,124.1,142.1,0.046,0.6,30.552,FOOD-DATA-GROUP3,79.35779816513761,0.0,20.642201834862384,17.3,114,15.043478260869566,0.0,0.0,0.0,0.0005043478260869566,0,0,0,0
557,557,chicken neck raw,149,13.1,3.6,5.3,2.8,0.0,0.0,7.0,0.0,49.5,0.027,30.0,0.066,0.079,0.05,0.028,0.021,1.8,0.4,0.005,0.0,0.0,0.2,0.0,9.0,0.075,1.0,6.5,0.093,56.0,68.5,0.073,0.9,30.146,FOOD-DATA-GROUP3,34.82587064676616,0.0,65.17412935323382,7.0,149,4.666666666666667,0.0,0.0,0.0,0.00018,0,0,0,0
558,558,duck egg,130,9.6,2.6,4.6,0.9,1.0,0.7,9.0,0.0,618.8,0.1,49.6,0.1,0.1,0.09,0.02,0.3,0.1,1.3,0.2,0.0,0.026,0.9,0.098,44.8,0.035,2.7,11.9,0.058,154.0,155.4,0.058,1.0,67.2,FOOD-DATA-GROUP3,45.91836734693877,5.10204081632653,48.979591836734684,4.5,130,6.870229007633588,0.0,35.0,0.0,0.0007633587786259542,0,0,0,1
559,559,pheasant breast raw,484,11.8,4.0,3.8,2.0,0.0,0.0,88.7,0.0,211.1,0.1,263.5,0.2,0.3,0.088,0.009,0.4,31.1,3.5,2.7,21.8,0.0,0.0,0.0,10.9,0.2,2.9,76.4,0.051,728.0,880.9,0.06,2.3,136.3,FOOD-DATA-GROUP3,88.2587064676617,0.0,11.74129353233831,88.7,484,18.288659793814432,0.0,0.0,0.0,0.0002061855670103093,0,0,0,1
560,560,duck meat raw,5123,498.8,167.6,237.0,64.4,0.0,0.0,145.7,0.0,963.7,0.8,615.0,0.6,2.5,0.2,0.048,2.7,49.9,12.1,2.4,35.5,0.088,8.9,0.025,139.5,3.0,30.4,190.2,0.2,1762.5,2650.1,0.2,17.2,850.5,FOOD-DATA-GROUP3,22.606671838634597,0.0,77.3933281613654,145.7,5123,2.8434816549570643,0.0,0.0,0.0,0.000156128024980484,0,0,1,1
561,561,squab meat raw,585,47.4,16.8,19.3,6.1,0.0,0.0,36.8,0.0,189.1,0.1,112.6,0.1,0.4,0.054,0.012,0.4,12.0,1.5,0.8,10.3,0.0,0.0,0.0,23.9,0.9,7.0,43.8,0.021,493.5,396.0,0.087,4.4,125.5,FOOD-DATA-GROUP3,43.705463182897866,0.0,56.29453681710215,36.8,585,6.279863481228669,0.0,0.0,0.0,0.00017064846416382253,0,0,1,1
562,562,chicken drumstick raw,211,12.4,3.3,4.9,2.6,0.1,0.0,23.4,0.0,122.4,0.1,96.4,0.067,0.1,0.039,0.042,0.2,6.4,1.4,0.4,0.0,0.044,0.3,0.007,13.3,0.039,0.8,26.6,0.064,220.8,296.6,0.063,2.6,50.075,FOOD-DATA-GROUP3,65.18105849582173,0.27855153203342625,34.540389972144844,21.27272727272727,211,11.037735849056602,0.0,0.0,0.0,0.0004716981132075472,0,0,0,1
563,563,turkey meat roasted,284,11.1,3.2,4.0,3.2,0.031,0.0,42.8,0.0,163.5,0.2,95.3,0.004,0.073,0.083,0.019,0.4,14.4,1.4,0.9,0.0,0.091,0.1,0.0,21.0,0.1,1.6,45.0,0.053,334.5,358.5,0.022,3.7,76.629,FOOD-DATA-GROUP3,79.36066455285457,0.0574808551667872,20.58185459197864,41.51309408341416,284,15.017543859649122,0.0,0.0,0.0,0.0007017543859649123,0,0,0,1
564,564,chicken breast raw,299,16.1,4.6,6.6,3.4,0.0,0.0,36.3,0.0,111.4,0.1,120.9,0.026,0.1,0.082,0.057,0.1,17.2,1.4,0.9,0.0,0.053,0.5,0.0,19.1,0.003,1.3,43.5,0.017,302.8,382.8,0.029,1.4,72.834,FOOD-DATA-GROUP3,69.27480916030534,0.0,30.725190839694662,36.3,299,12.1,0.0,0.0,0.0,0.0003333333333333334,0,0,0,1
565,565,ground chicken cooked,474,27.4,7.8,12.2,5.2,0.0,0.0,58.4,0.0,268.6,0.2,162.9,0.2,0.0,0.3,0.093,0.079,0.8,17.8,3.3,1.4,0.0,0.0,1.0,0.044,20.1,0.2,2.3,70.3,0.038,587.3,1699.3,0.047,87.678,FOOD-DATA-GROUP3,68.06526806526807,0.0,31.934731934731936,58.4,474,12.294736842105262,0.0,0.0,0.0,0.0004210526315789474,0,0,1,1
566,566,turkey wing cooked,426,23.1,6.3,8.7,5.5,0.0,0.0,50.9,0.0,150.7,0.1,110.7,0.0,0.092,0.095,0.051,0.2,10.7,1.1,0.8,0.0,0.03,0.3,0.0,44.6,0.1,2.7,46.5,0.05,366.4,494.8,0.026,3.9,121.3,FOOD-DATA-GROUP3,68.78378378378378,0.0,31.216216216216218,50.9,426,11.920374707259953,0.0,0.0,0.0,0.000234192037470726,0,0,1,1
567,567,goose meat raw,6077,550.7,160.2,291.1,61.6,0.0,0.0,259.8,0.0,1310.4,1.2,813.4,0.3,1.4,0.094,0.049,4.0,59.1,21.2,6.4,68.8,0.0,0.0,0.0,196.6,4.4,41.0,294.8,0.3,3832.9,5045.0,0.2,28.2,1117.2,FOOD-DATA-GROUP3,32.054287476866136,0.0,67.94571252313388,259.8,6077,4.2744323790720635,0.0,0.0,0.0,0.00019743336623889436,0,0,1,1
568,568,turkey breast roasted,3266,128.0,36.3,42.3,31.1,0.0,0.0,496.1,0.0,1278.7,1.1,1092.4,0.0,1.0,0.1,0.004,2.3,110.0,11.0,8.3,0.0,0.0,0.0,0.0,362.9,0.8,24.2,466.6,0.3,3628.8,4976.6,0.5,35.1,1011.2,FOOD-DATA-GROUP3,79.49046627143086,0.0,20.50953372856914,496.1,3266,15.185185185185185,0.0,0.0,0.0,0.0003367003367003367,0,0,1,1
569,569,chicken fajita strips,13,0.5,0.2,0.2,0.1,0.2,0.0,1.7,0.0,8.3,0.044,6.6,0.041,0.028,0.062,0.011,0.021,0.4,0.005,0.049,0.0,0.0,0.031,0.015,1.2,0.034,0.097,2.1,0.099,26.0,26.7,0.018,0.1,3.66,FOOD-DATA-GROUP3,70.83333333333334,8.333333333333334,20.833333333333336,1.4166666666666667,13,12.142857142857142,0.0,0.0,0.0,0.0031428571428571426,0,0,0,0
570,570,crispy chicken strips tyson,145,6.0,7.7,14.5,1.0,0.0,0.0,0.0,0.0,0.0,0.0,0.0,0.0,0.0,0.0,0.0,0.0,0.0,0.0,0.0,0.0,0.0,0.0,0.0,0.0,0.0,0.0,0.0,0.0,0.0,0.0,0.0,0.0,6.0,FOOD-DATA-GROUP3,0.0,0.0,100.0,0.0,145,0.0,0.0,0.0,0.0,0.0,0,0,1,0
0,0,chocolate pudding fat free,105,0.3,0.0,0.0,0.0,23.6,17.8,2.2,0.3,1.1,0.1,86.1,0.0,0.021,0.06,0.069,0.046,0.022,0.2,0.084,0.0,0.0,0.0,0.098,44.1,0.035,1.9,17.0,0.04,61.0,235.0,0.052,0.3,72.4,FOOD-DATA-GROUP4,8.42911877394636,90.42145593869732,1.1494252873563215,0.08943089430894309,105,2.075471698113208,0.2830188679245283,72.35772357723576,0.6,0.0009433962264150943,0,1,0,0
1,1,tapioca pudding,143,4.3,1.1,2.8,0.088,23.9,16.4,2.1,0.0,1.1,0.2,79.0,0.0,0.025,0.003,0.021,0.1,0.031,0.3,0.052,0.3,0.0,0.2,0.01,78.1,0.026,0.1,6.6,0.096,66.0,101.2,0.0,0.2,108.8,FOOD-DATA-GROUP4,6.9306930693069315,78.87788778877886,14.19141914191419,0.08433734939759037,143,1.4583333333333333,0.0,65.86345381526104,0.0,0.001388888888888889,0,1,0,0
2,2,tapioca pudding fat free,105,0.4,0.1,0.08,0.067,23.9,15.9,1.6,0.0,1.1,0.2,85.4,0.0,0.044,0.096,0.012,0.043,0.1,0.056,0.039,0.3,0.0,0.072,0.0,58.2,0.004,0.1,5.6,0.023,73.9,78.4,0.0,0.2,84.5,FOOD-DATA-GROUP4,6.177606177606179,92.27799227799228,1.5444015444015446,0.06425702811244981,105,1.509433962264151,0.0,63.85542168674699,0.0,0.0018867924528301887,0,1,0,0
3,3,rice pudding,122,2.4,1.4,0.6,0.1,20.8,13.1,3.6,0.3,13.6,0.1,84.9,0.043,0.002,0.098,0.089,0.098,0.2,0.2,0.4,0.074,1.5,0.0,0.011,0.063,107.4,0.014,0.1,9.0,0.1,92.7,141.3,0.083,27.329,FOOD-DATA-GROUP4,13.432835820895523,77.61194029850746,8.955223880597014,0.1651376146788991,122,2.9268292682926833,0.24390243902439024,60.09174311926605,0.6,0.0008130081300813008,0,0,0,0
4,4,corn pudding,328,12.6,6.3,3.9,1.4,42.4,16.5,11.1,3.0,180.0,0.7,180.8,0.2,0.1,0.2,0.074,0.026,0.4,2.6,1.3,0.3,9.3,0.048,0.7,0.066,97.5,0.1,1.3,37.5,0.2,225.0,440.0,0.069,69.795,FOOD-DATA-GROUP4,16.792738275340394,64.14523449319213,19.062027231467475,0.2557603686635945,328,3.3738601823708207,0.911854103343465,38.0184331797235,6.0,0.002127659574468085,0,1,1,1
5,5,chocolate pudding,213,6.9,1.9,4.1,0.2,34.5,25.8,3.1,0.0,1.5,0.2,104.2,0.045,0.003,0.061,0.044,0.1,0.2,0.4,0.062,0.5,0.0,0.5,0.066,76.5,0.1,1.9,27.0,0.2,84.0,276.0,0.0,0.5,123.424,FOOD-DATA-GROUP4,6.96629213483146,77.52808988764045,15.505617977528091,0.08732394366197184,213,1.4485981308411215,0.0,72.67605633802818,0.0,0.0009345794392523365,0,1,0,0
6,6,lemon pudding,173,4.4,2.6,1.3,0.2,30.2,0.0,4.1,0.0,16.5,0.4,109.8,0.026,0.092,0.071,0.028,0.2,0.1,0.4,0.083,1.2,0.0,0.0,0.0,148.5,0.07,0.058,16.5,0.007,307.5,190.5,0.041,0.5,188.516,FOOD-DATA-GROUP4,10.594315245478036,78.03617571059432,11.36950904392765,0.13141025641025642,173,2.3563218390804597,0.0,0.0,0.0,0.0022988505747126436,0,0,0,0
7,7,vanilla pudding,195,5.7,1.5,3.4,0.1,33.9,25.5,2.2,0.0,1.5,0.3,107.5,0.018,0.012,0.084,0.092,0.1,0.047,0.2,0.048,0.3,0.0,0.5,0.034,73.5,0.08,0.1,6.0,0.031,61.5,97.5,0.0,0.2,115.796,FOOD-DATA-GROUP4,5.263157894736842,81.10047846889951,13.636363636363635,0.06303724928366763,195,1.1224489795918369,0.0,73.06590257879655,0.0,0.001530612244897959,0,1,0,0
8,8,profeel proteiinirahka valio,140,0.4,0.2,16.8,16.8,19.3,0.2,175.0,0.0,0.0,0.0,0.0,0.0,0.0,0.0,0.0,0.0,0.0,0.0,0.0,0.0,0.0,0.0,0.0,0.0,0.0,0.0,0.0,0.0,0.0,0.0,0.0,0.0,194.7,FOOD-DATA-GROUP4,89.88186954288648,9.912686183872625,0.2054442732408834,8.620689655172413,140,124.11347517730495,0.0,0.9852216748768473,0.0,0.0,0,0,0,0
9,9,cottage cheese creamed,20,0.9,0.3,0.2,0.084,0.7,0.5,2.2,0.0,3.4,0.095,16.0,0.022,0.089,0.039,0.06,0.06,0.059,0.1,0.036,0.0,0.085,0.082,0.0,16.6,0.019,0.071,1.6,0.009,31.8,20.8,0.045,0.018,20.576,FOOD-DATA-GROUP4,57.89473684210527,18.421052631578945,23.684210526315788,1.2941176470588236,20,10.476190476190476,0.0,29.411764705882355,0.0,0.004523809523809524,0,0,0,0
10,10,zaziki milfina,51,4.4,1.6,1.2,0.0,0.0,0.0,0.0,0.0,0.0,0.0,0.0,0.0,0.0,0.0,0.0,0.0,0.0,0.0,0.0,0.0,0.0,0.0,0.0,0.0,0.0,0.0,0.0,0.0,0.0,0.0,0.0,0.0,4.4,FOOD-DATA-GROUP4,0.0,0.0,100.0,0.0,51,0.0,0.0,0.0,0.0,0.0,0,0,0,0
11,11,cottage cheese low fat,163,2.3,1.5,0.7,0.041,6.1,6.1,28.0,0.0,9.0,0.9,186.4,0.021,0.081,0.005,0.072,0.4,0.3,0.5,0.2,0.0,0.0,0.035,0.024,137.9,0.005,0.3,11.3,0.041,302.8,194.4,0.055,0.9,174.683,FOOD-DATA-GROUP4,76.92307692307693,16.758241758241756,6.318681318681318,3.943661971830986,163,17.073170731707318,0.0,85.91549295774648,0.0,0.005487804878048781,0,0,0,0
12,12,cottage cheese nonfat,104,0.4,0.2,0.1,0.066,9.7,2.7,15.0,0.0,10.2,0.5,117.5,0.093,0.063,0.013,0.006,0.3,0.2,0.6,0.039,0.0,0.0,0.096,0.0,124.7,0.071,0.2,16.0,0.063,275.5,198.7,0.063,0.7,150.072,FOOD-DATA-GROUP4,59.76095617529881,38.645418326693225,1.5936254980079685,1.4018691588785048,104,14.285714285714285,0.0,25.233644859813086,0.0,0.004761904761904762,0,0,0,0
13,13,vanilla yogurt low fat,208,3.1,2.0,0.8,0.036,33.8,33.8,12.1,0.0,12.3,0.2,193.6,0.051,0.1,0.054,0.01,0.5,0.3,1.4,0.1,2.0,0.0,0.029,0.024,419.0,0.012,0.2,39.2,0.023,330.8,536.6,0.049,2.0,470.265,FOOD-DATA-GROUP4,24.693877551020407,68.97959183673468,6.326530612244897,0.34770114942528735,208,5.7894736842105265,0.0,97.12643678160919,0.0,0.0009569377990430622,0,1,0,0
14,14,classique yogurt plain 2 liberte,30,1.2,0.7,0.7,0.0,1.7,1.7,3.3,0.0,0.017,0.0,0.0,0.0,0.0,0.0,0.0,0.0,0.0,0.0,0.0,0.0,0.0,0.0,0.0,0.0,0.0,0.0,0.0,0.0,0.0,0.0,0.0,0.0,6.2,FOOD-DATA-GROUP4,53.2258064516129,27.419354838709676,19.35483870967742,1.222222222222222,30,10.64516129032258,0.0,62.962962962962955,0.0,0.0,0,0,0,0
15,15,yoplait light strawberry yogurt yoplait,79,0.0,14.1,8.8,4.4,0.074,0.0,0.0,0.0,0.0,0.0,0.0,0.0,0.0,0.0,0.0,0.0,0.0,0.0,0.0,0.0,0.0,0.0,0.0,0.0,0.0,0.0,0.0,0.0,0.0,0.0,0.0,0.0,0.061,FOOD-DATA-GROUP4,0.0,100.0,0.0,0.0,79,0.0,0.0,0.0,0.0,0.0,0,0,1,0
16,16,vanilla yogurt,145,2.1,1.3,0.5,0.069,23.5,23.5,8.4,0.0,8.5,0.1,134.3,0.005,0.091,0.068,0.026,0.3,0.2,0.9,0.094,1.4,0.0,0.003,0.037,290.7,0.089,0.1,27.2,0.087,229.5,372.3,0.08,1.4,326.243,FOOD-DATA-GROUP4,24.705882352941178,69.11764705882352,6.176470588235294,0.34285714285714286,145,5.7534246575342465,0.0,95.91836734693877,0.0,0.0006849315068493151,0,1,0,0
17,17,chocolate yogurt,168,0.0,0.0,0.0,0.0,35.3,22.5,5.3,1.8,1.5,0.2,107.4,0.0,0.083,0.019,0.042,0.3,0.3,0.0,0.05,0.0,0.0,0.0,0.0,132.0,0.3,0.6,60.0,0.0,249.0,508.5,0.069,1.7,175.0,FOOD-DATA-GROUP4,13.054187192118228,86.94581280788178,0.0,0.14600550964187328,168,3.1360946745562126,1.0650887573964496,61.98347107438017,3.6,0.001183431952662722,0,1,0,0
18,18,yogurt parfait,125,1.5,0.8,0.5,0.2,23.6,17.4,5.0,1.6,4.5,0.048,117.7,0.073,0.1,0.018,0.1,0.3,1.1,0.0,0.3,21.3,0.042,0.4,0.085,156.5,0.025,0.7,25.3,0.0,138.6,281.6,0.088,1.3,210.272,FOOD-DATA-GROUP4,16.611295681063122,78.40531561461795,4.983388704318937,0.2032520325203252,125,3.968253968253968,1.2698412698412698,70.73170731707316,3.2,0.00038095238095238096,0,1,0,0
19,19,yogurt,92,4.9,3.1,1.3,0.1,7.0,7.0,5.2,0.0,19.5,0.005,131.9,0.026,0.017,0.06,0.081,0.2,0.1,0.6,0.026,0.8,0.076,0.035,0.02,181.5,0.049,0.001,18.0,0.084,142.5,232.5,0.075,0.9,199.51,FOOD-DATA-GROUP4,30.409356725146196,40.93567251461988,28.654970760233915,0.65,92,5.591397849462366,0.0,87.5,0.0,5.3763440860215054e-05,0,0,0,0
20,20,chocolate frozen yogurt,221,6.3,4.0,1.7,0.2,37.6,33.5,5.2,4.0,22.6,0.1,123.9,0.036,0.08,0.008,0.088,0.3,0.2,0.0,0.021,0.0,0.057,0.2,0.071,174.0,0.028,0.8,43.5,0.0,154.9,407.2,0.059,0.5,227.929,FOOD-DATA-GROUP4,10.590631364562118,76.57841140529533,12.830957230142564,0.13471502590673576,221,2.3423423423423424,1.8018018018018018,86.78756476683938,8.0,0.00045045045045045046,0,1,0,0
21,21,frozen yogurt,221,6.3,4.0,1.7,0.2,37.6,34.7,5.2,0.0,22.6,0.1,123.9,0.013,0.062,0.095,0.05,0.3,0.1,0.0,0.072,1.2,0.01,0.2,0.054,174.0,0.074,0.8,17.4,0.0,154.9,271.4,0.005,0.5,225.163,FOOD-DATA-GROUP4,10.590631364562118,76.57841140529533,12.830957230142564,0.13471502590673576,221,2.3423423423423424,0.0,89.89637305699483,0.0,0.00045045045045045046,0,1,0,0
22,22,yogurt low fat,154,3.8,2.5,1.0,0.1,17.2,17.2,12.9,0.0,14.7,0.2,208.4,0.021,0.1,0.045,0.034,0.5,0.3,1.4,0.1,2.0,0.0,0.007,0.007,448.4,0.005,0.2,41.7,0.039,352.8,573.3,0.071,2.2,484.517,FOOD-DATA-GROUP4,38.05309734513275,50.737463126843664,11.209439528023598,0.7087912087912088,154,8.32258064516129,0.0,94.5054945054945,0.0,0.0012903225806451613,0,1,0,0
23,23,vanilla yoghurt oikos,120,1.8,24.0,4.9,0.0,0.0,0.0,0.0,0.0,0.0,0.0,0.0,0.0,0.0,0.0,0.0,0.0,0.0,0.0,0.0,0.0,0.0,0.0,0.0,0.0,0.0,0.0,0.0,0.0,0.0,0.0,0.0,0.0,1.8,FOOD-DATA-GROUP4,0.0,0.0,100.0,0.0,120,0.0,0.0,0.0,0.0,0.0,0,0,1,0
24,24,fruit yogurt,149,1.7,1.1,0.5,0.024,28.0,28.0,6.0,0.0,7.5,0.013,113.0,0.006,0.081,0.032,0.087,0.2,0.1,0.7,0.099,0.9,0.0,0.079,0.031,207.0,0.1,0.066,19.5,0.029,163.5,265.5,0.026,1.0,243.671,FOOD-DATA-GROUP4,16.806722689075627,78.43137254901961,4.761904761904762,0.20689655172413793,149,4.0,0.0,96.55172413793103,0.0,8.666666666666667e-05,0,1,0,0
25,25,danone low fat alsafi,88,1.7,1.0,11.1,7.1,0.089,255.0,0.0,0.0,0.0,0.0,0.0,0.0,0.0,0.0,0.0,0.0,0.0,0.0,0.0,0.0,0.0,0.0,0.0,0.0,0.0,0.0,0.0,0.0,0.0,0.0,0.0,0.0,1.743,FOOD-DATA-GROUP4,0.0,4.974846282839575,95.02515371716042,0.0,88,0.0,0.0,23415.97796143251,0.0,0.0,0,1,0,0
26,26,fruit n yogurt parfait mcdonalds,156,1.9,0.044,0.2,0.1,30.9,19.1,4.1,1.5,7.5,0.065,111.2,0.0,0.004,0.029,0.099,0.2,0.4,0.6,0.0,20.7,0.0,0.0,0.0,128.1,0.092,0.7,20.9,0.3,125.2,248.8,0.0,0.5,187.9,FOOD-DATA-GROUP4,11.11111111111111,83.73983739837398,5.149051490514905,0.12852664576802508,156,2.611464968152866,0.9554140127388535,59.87460815047023,3.0,0.0004140127388535032,0,1,0,0
27,27,triple zero greek yogurt dannon oikos,120,0.0,0.0,15.0,7.0,22.5,6.0,0.038,0.0,0.0,0.0,0.0,0.0,0.0,0.0,0.0,0.0,0.0,0.0,0.0,0.0,0.0,0.0,0.0,0.0,0.0,0.0,0.0,0.0,0.0,0.0,0.0,0.0,22.598,FOOD-DATA-GROUP4,0.16860413523826426,99.83139586476173,0.0,0.0016170212765957447,120,0.031404958677685946,0.0,25.53191489361702,0.0,0.0,0,0,0,0
28,28,greek yogurt,100,0.7,0.2,0.018,0.01,6.1,5.5,17.3,0.0,8.5,0.081,144.7,0.035,0.009,0.045,0.036,0.5,0.4,0.6,0.1,0.0,0.0,0.089,0.01,187.0,0.021,0.1,18.7,0.004,229.5,239.7,0.032,0.9,211.251,FOOD-DATA-GROUP4,71.78423236514524,25.311203319502074,2.904564315352697,2.4366197183098595,100,17.12871287128713,0.0,77.46478873239437,0.0,0.000801980198019802,0,0,0,0
29,29,chocolate rasberry protein mini proteinfx,102,2.9,1.8,9.1,0.0,0.0,0.0,0.0,0.0,0.0,0.0,0.0,0.0,0.0,0.0,0.0,0.0,0.0,0.0,0.0,0.0,0.0,0.0,0.0,0.0,0.0,0.0,0.0,0.0,0.0,0.0,0.0,0.0,2.9,FOOD-DATA-GROUP4,0.0,0.0,100.0,0.0,102,0.0,0.0,0.0,0.0,0.0,0,0,0,0
30,30,gushers fruit gushers,360,6.0,80.0,40.0,0.0,0.2,0.0,0.0,0.0,0.0,0.0,0.0,0.0,0.0,0.0,0.0,0.0,0.0,0.0,0.0,0.0,0.0,0.0,0.0,0.0,0.0,0.0,0.0,0.0,0.0,0.0,0.0,0.0,6.2,FOOD-DATA-GROUP4,0.0,3.225806451612903,96.77419354838709,0.0,360,0.0,0.0,0.0,0.0,0.0,0,0,1,0
31,31,egg fried,90,6.8,2.0,2.8,1.5,0.4,0.2,6.3,0.0,184.5,0.043,32.0,0.016,0.049,0.035,0.029,0.2,0.093,0.8,0.093,0.0,0.081,0.6,0.079,28.5,0.065,0.9,6.0,0.046,98.9,69.9,0.078,0.6,42.904,FOOD-DATA-GROUP4,46.666666666666664,2.9629629629629632,50.37037037037037,4.5,90,6.923076923076923,0.0,14.285714285714288,0.0,0.0004725274725274725,0,0,0,1
32,32,glucerna abbott,1010,35.6,2.8,0.0,0.0,120.9,49.8,0.0,12.8,0.0,0.0,0.0,0.0,0.0,0.0,0.0,0.0,0.0,0.0,0.0,0.0,0.0,0.0,0.0,0.0,0.0,0.0,0.0,0.0,0.0,0.0,0.0,0.0,169.3,FOOD-DATA-GROUP4,0.0,77.25239616613419,22.747603833865814,0.0,1010,0.0,1.2660731948565778,40.85315832649712,10.0,0.0,0,1,0,0
33,33,sports drink,26,0.0,0.0,0.0,0.0,7.2,0.0,0.0,0.0,0.0,0.073,232.3,0.0,0.0,0.0,0.0,0.0,0.0,0.0,0.0,15.1,0.0,0.0,0.0,0.0,0.098,0.1,2.4,0.0,21.6,24.0,0.088,0.056,22.4,FOOD-DATA-GROUP4,0.0,100.0,0.0,0.0,26,0.0,0.0,0.0,0.0,0.0027037037037037034,0,0,0,0
34,34,peanut butter cookie protein syntha 6,200,6.0,15.0,2.0,22.0,5.0,0.0,0.0,0.0,0.0,0.0,0.0,0.0,0.0,0.0,0.0,0.0,0.0,0.0,0.0,0.0,0.0,0.0,0.0,0.0,0.0,0.0,0.0,0.0,0.0,0.0,0.0,0.0,11.0,FOOD-DATA-GROUP4,0.0,45.45454545454545,54.54545454545454,0.0,200,0.0,0.0,0.0,0.0,0.0,0,0,1,0
35,35,hanfprotein pulver rohkostqualitat veganz,107,3.1,0.3,2.3,1.6,14.2,0.057,0.0,0.0,0.0,0.0,0.0,0.0,0.0,0.0,0.0,0.0,0.0,0.0,0.0,0.0,0.0,0.0,0.0,0.0,0.0,0.0,0.0,0.0,0.0,0.0,0.0,0.0,17.3,FOOD-DATA-GROUP4,0.0,82.08092485549132,17.91907514450867,0.0,107,0.0,0.0,0.37500000000000006,0.0,0.0,0,0,0,0
36,36,smoothie high protein creamy chocolate slimfast,110,3.5,0.5,0.0,0.0,2.1,1.0,12.0,0.0,5.0,0.2,15.0,45.0,25.0,100.0,25.0,35.0,25.0,0.0,0.0,0.0,0.0,0.0,0.0,0.0,0.0,0.0,0.0,0.0,0.0,0.0,0.0,0.0,62.6,FOOD-DATA-GROUP4,68.18181818181817,11.931818181818182,19.886363636363637,3.8709677419354835,110,10.81081081081081,0.0,32.25806451612903,0.0,0.0018018018018018018,0,0,0,0
37,37,egg large,138,9.3,0.5,11.8,0.0,0.0,0.0,0.0,0.0,0.0,0.0,0.0,0.0,0.0,0.0,0.0,0.0,0.0,0.0,0.0,0.0,0.0,0.0,0.0,0.0,0.0,0.0,0.0,0.0,0.0,0.0,0.0,0.0,9.3,FOOD-DATA-GROUP4,0.0,0.0,100.0,0.0,138,0.0,0.0,0.0,0.0,0.0,0,0,0,0
38,38,boysenberries frozen,66,0.3,0.049,0.059,0.2,16.1,9.1,1.5,7.0,0.0,0.064,113.4,0.0,0.063,0.07,0.0,0.045,1.0,0.3,0.054,4.1,0.0,1.1,0.002,35.6,0.1,1.1,21.1,0.7,35.6,183.5,0.058,0.3,65.7,FOOD-DATA-GROUP4,8.379888268156424,89.94413407821229,1.6759776536312845,0.08771929824561403,66,2.2388059701492535,10.44776119402985,53.21637426900584,10.0,0.000955223880597015,0,0,0,0
39,39,malt beverage,88,0.3,0.005,0.032,0.1,19.1,19.1,0.5,0.0,0.0,0.02,216.0,0.0,0.022,0.021,0.0,0.1,2.6,0.02,0.044,1.2,0.0,0.0,0.0,16.6,0.048,0.1,16.6,0.046,37.9,19.0,0.049,0.025,37.8,FOOD-DATA-GROUP4,2.5125628140703515,95.97989949748744,1.507537688442211,0.02487562189054726,88,0.5617977528089888,0.0,95.02487562189054,0.0,0.00022471910112359551,0,1,0,0
40,40,chocolate powder for milk,88,0.5,0.5,0.0,0.0,19.9,18.0,1.0,1.0,0.0,0.012,0.2,0.0,0.041,0.079,0.0,0.09,0.064,0.0,0.2,6.0,0.0,0.038,0.041,100.1,0.2,0.0,11.7,0.2,18.9,61.6,0.039,1.5,128.5,FOOD-DATA-GROUP4,4.672897196261683,92.99065420560748,2.3364485981308416,0.04784688995215311,88,1.1235955056179776,1.1235955056179776,86.1244019138756,2.0,0.00013483146067415732,0,1,0,0
41,41,vegetable fruit juice,9,0.017,0.0,0.0,0.0,2.2,0.6,0.071,0.0,0.0,0.043,27.2,0.0,0.047,0.0,0.0,0.075,0.023,0.025,0.05,9.6,0.0,0.5,0.036,0.9,0.031,0.013,0.3,0.032,0.6,5.6,0.027,0.069,12.912,FOOD-DATA-GROUP4,3.1031468531468525,96.15384615384616,0.743006993006993,0.022187499999999995,9,0.71,0.0,18.749999999999996,0.0,0.0043,0,0,0,0
42,42,cocoa powder unsweetened,12,0.7,0.4,0.2,0.048,3.1,0.087,1.1,1.8,0.0,0.062,0.2,0.0,0.049,0.078,0.0,0.058,0.1,0.054,0.028,0.0,0.0,0.085,0.056,6.9,0.2,0.7,26.9,0.2,39.6,82.3,0.035,0.4,14.3,FOOD-DATA-GROUP4,22.448979591836736,63.26530612244897,14.285714285714285,0.26829268292682934,12,8.461538461538462,13.846153846153847,2.1219512195121952,3.6,0.0047692307692307695,0,0,0,0
43,43,coconut milk,35,3.6,3.2,0.2,0.01,0.8,0.5,0.3,0.3,0.0,0.001,10.1,0.0,0.058,0.094,0.0,0.0,0.1,0.045,0.069,0.4,0.0,0.063,0.014,2.4,0.023,0.2,5.6,0.1,15.0,39.5,0.096,0.1,8.0,FOOD-DATA-GROUP4,6.382978723404255,17.02127659574468,76.59574468085107,0.16666666666666666,35,0.8333333333333334,0.8333333333333334,27.77777777777778,0.6,2.777777777777778e-05,0,0,0,0
44,44,cocoa powder,28,0.3,0.2,0.061,0.055,5.9,4.6,0.5,0.3,0.0,0.034,0.1,0.066,0.045,0.096,0.051,0.033,0.048,0.066,0.085,0.016,0.0,0.094,0.001,9.3,0.049,0.075,5.8,0.01,22.1,49.8,0.069,0.1,16.393,FOOD-DATA-GROUP4,7.462686567164178,88.05970149253731,4.477611940298507,0.07246376811594203,28,1.7241379310344827,1.0344827586206897,66.66666666666666,0.6,0.0011724137931034483,0,0,0,0
45,45,rice drink,113,2.3,0.0,1.5,0.8,22.0,12.7,0.7,0.7,0.0,0.058,214.3,0.0,0.2,0.01,0.0,0.008,0.3,0.9,0.4,0.059,0.0,0.042,1.1,0.078,283.2,0.013,0.5,26.4,0.7,134.4,64.8,0.009,25.883,FOOD-DATA-GROUP4,2.8,88.0,9.2,0.03043478260869565,113,0.6140350877192983,0.6140350877192983,55.21739130434782,1.4,0.0005087719298245614,0,0,0,0
46,46,coconut water,46,0.5,0.4,0.091,0.03,8.9,6.3,1.7,2.6,0.0,0.3,228.0,0.0,0.002,0.05,0.0,0.1,0.2,0.1,0.082,5.8,0.0,0.0,0.0,57.6,0.029,0.7,60.0,0.3,48.0,600.0,0.045,0.2,77.8,FOOD-DATA-GROUP4,15.315315315315313,80.18018018018019,4.504504504504505,0.1717171717171717,46,3.6170212765957444,5.531914893617022,63.63636363636363,5.2,0.006382978723404255,0,0,0,0
47,47,caramel med iced coffee dunkin donuts,268,9.0,41.0,37.0,5.0,0.0,0.0,0.0,0.0,0.0,0.0,0.0,0.0,0.0,0.0,0.0,0.0,0.0,0.0,0.0,0.0,0.0,0.0,0.0,0.0,0.0,0.0,0.0,0.0,0.0,0.0,0.0,0.0,9.0,FOOD-DATA-GROUP4,0.0,0.0,100.0,0.0,268,0.0,0.0,0.0,0.0,0.0,0,0,1,0
48,48,instant coffee with water decaffeinated,4,0.0,0.024,0.0,0.068,0.8,0.0,0.2,0.0,0.0,0.093,177.1,0.0,0.0,0.0,0.0,0.058,0.5,0.092,0.0,0.0,0.0,0.0,0.0,7.2,0.046,0.042,7.2,0.098,5.4,64.4,0.02,0.053,8.247,FOOD-DATA-GROUP4,20.0,80.0,0.0,0.11111111111111112,4,4.0,0.0,0.0,0.0,0.0186,0,0,0,0
49,49,instant coffee powder,353,0.5,0.2,0.09,0.2,75.4,0.0,12.2,0.0,0.0,0.051,3.1,0.0,0.09,0.0,0.0,0.031,28.2,0.019,0.073,0.0,0.0,0.0,0.077,141.0,0.1,4.4,327.0,1.7,303.0,3535.0,0.024,0.4,233.5,FOOD-DATA-GROUP4,13.847900113507375,85.58456299659478,0.5675368898978433,0.15968586387434552,353,3.446327683615819,0.0,0.0,0.0,0.00014406779661016949,0,0,0,0
50,50,instant coffee powder decaffeinated,6,0.069,0.015,0.031,0.075,1.4,0.0,0.2,0.0,0.0,0.09,0.051,0.0,0.0,0.0,0.0,0.072,0.5,0.077,0.0,0.0,0.0,0.0,0.015,2.5,0.031,0.056,5.6,0.084,5.1,63.0,0.015,0.004,4.121,FOOD-DATA-GROUP4,11.983223487118037,83.88256440982624,4.134212103055723,0.08333333333333334,6,2.857142857142857,0.0,0.0,0.0,0.012857142857142857,0,0,0,0
51,51,instant cappuccino powder,53,0.7,0.4,0.2,0.098,11.2,9.0,0.4,0.2,0.3,0.074,0.2,0.0,0.073,0.067,0.037,0.087,0.3,0.037,0.011,0.1,0.0,0.08,0.062,17.3,0.078,0.036,5.6,0.014,23.8,108.0,0.064,0.058,29.908,FOOD-DATA-GROUP4,3.2520325203252036,91.0569105691057,5.691056910569106,0.03278688524590164,53,0.7407407407407408,0.3703703703703704,73.77049180327869,0.4,0.0013703703703703703,0,0,0,0
52,52,coffee decaffeinated,0,0.0,0.087,0.0,0.099,0.0,0.0,0.2,0.0,0.0,0.058,235.3,0.0,0.0,0.0,0.0,0.0,0.5,0.091,0.0,0.0,0.0,0.0,0.023,4.7,0.028,0.1,11.9,0.083,2.4,128.0,0.042,0.084,5.0,FOOD-DATA-GROUP4,100.0,0.0,0.0,0.2,0,20.0,0.0,0.0,0.0,0.058,0,0,0,0
53,53,espresso decaffeinated,3,0.011,0.037,0.0,0.057,0.5,0.0,0.065,0.0,0.0,0.011,29.3,0.0,0.087,0.054,0.0,0.003,1.6,0.086,0.035,0.026,0.0,0.0,0.047,0.6,0.085,0.087,24.0,0.093,2.1,34.5,0.0,0.036,1.391,FOOD-DATA-GROUP4,11.284722222222223,86.80555555555556,1.9097222222222223,0.043333333333333335,3,1.625,0.0,0.0,0.0,0.00275,0,0,0,0
54,54,instant coffee with water,4,0.0,0.051,0.0,0.025,0.6,0.0,0.2,0.0,0.0,0.015,177.4,0.0,0.0,0.0,0.0,0.073,0.4,0.089,0.0,0.0,0.0,0.0,0.0,7.2,0.026,0.015,7.2,0.001,5.4,53.7,0.054,0.013,8.027,FOOD-DATA-GROUP4,25.0,74.99999999999999,0.0,0.125,4,4.0,0.0,0.0,0.0,0.003,0,0,0,0
55,55,coffee,2,0.069,0.011,0.016,0.011,0.0,0.0,0.3,0.0,0.0,0.075,235.6,0.0,0.034,0.076,0.0,0.2,0.5,0.6,0.022,0.0,0.0,0.068,0.025,4.7,0.045,0.051,7.1,0.076,7.1,116.1,0.0,0.039,5.09,FOOD-DATA-GROUP4,81.30081300813008,0.0,18.699186991869922,0.3,2,10.0,0.0,0.0,0.0,0.024999999999999998,0,0,0,0
56,56,espresso,3,0.086,0.068,0.0,0.054,0.5,0.0,0.021,0.0,0.0,0.083,29.3,0.0,0.088,0.073,0.0,0.08,1.6,0.075,0.099,0.099,0.0,0.005,0.027,0.6,0.022,0.049,24.0,0.023,2.1,34.5,0.0,0.02,1.263,FOOD-DATA-GROUP4,3.4596375617792425,82.37232289950576,14.168039538714991,0.014,3,0.525,0.0,0.0,0.0,0.02075,0,0,0,0
57,57,whey protein powder vanilla eas,108,1.7,1.4,1.3,20.2,0.0,0.0,0.0,0.0,0.0,0.0,0.0,0.0,0.0,0.0,0.0,0.0,0.0,0.0,0.0,0.0,0.0,0.0,0.0,0.0,0.0,0.0,0.0,0.0,0.0,0.0,0.0,0.0,1.7,FOOD-DATA-GROUP4,0.0,0.0,100.0,0.0,108,0.0,0.0,0.0,0.0,0.0,0,0,0,0
58,58,energy drink sugar free red bull,13,0.2,0.0,0.0,0.0,1.8,0.0,0.6,0.0,0.0,0.008,245.9,0.0,0.031,0.0,0.09,1.4,21.3,4.8,5.0,0.0,0.0,0.0,0.0,32.5,0.048,0.023,7.5,0.016,0.0,7.5,0.067,0.0,35.19,FOOD-DATA-GROUP4,23.076923076923077,69.23076923076923,7.6923076923076925,0.2142857142857143,13,4.285714285714286,0.0,0.0,0.0,0.0005714285714285715,0,0,0,0
59,59,powerade coca cola,9,0.009,0.076,0.078,0.054,2.3,1.8,0.0,0.0,0.0,0.005,27.1,0.0,0.021,0.0,0.082,0.0,0.5,0.0,0.013,0.0,0.0,0.0,0.0,0.3,0.0,0.096,0.0,0.0,0.3,5.3,0.0,0.058,2.671,FOOD-DATA-GROUP4,0.0,99.6102208748376,0.389779125162408,0.0,9,0.0,0.0,54.545454545454554,0.0,0.0005,0,0,0,0
60,60,amp energy pepsi,110,0.2,0.0,0.0,0.0,29.0,29.0,0.6,0.0,0.0,0.093,209.5,0.0,0.078,0.0,0.083,0.8,4.8,2.4,0.5,0.0,0.0,0.0,0.0,31.2,0.044,0.053,7.2,0.0,40.8,7.2,0.075,0.0,61.067,FOOD-DATA-GROUP4,2.013422818791946,97.31543624161073,0.6711409395973155,0.02,110,0.5405405405405405,0.0,96.66666666666667,0.0,0.0008378378378378379,0,1,0,0
61,61,gatorade g2 pepsi,2,0.052,0.0,0.0,0.0,0.6,0.4,0.069,0.0,0.0,0.011,28.9,0.0,0.0,0.0,0.091,0.0,0.0,0.0,0.0,0.0,0.0,0.0,0.038,0.0,0.0,0.0,0.0,0.0,2.1,3.8,0.0,0.0,0.69,FOOD-DATA-GROUP4,9.57004160887656,83.21775312066573,7.212205270457696,0.043125000000000004,2,2.3000000000000003,0.0,25.0,0.0,0.0036666666666666666,0,0,0,0
62,62,amp energy sugar free pepsi,5,0.0,0.0,0.0,0.0,2.5,0.0,0.0,0.0,0.0,0.093,236.0,0.0,0.0,0.0,0.084,0.3,2.0,1.0,0.2,0.0,0.0,0.0,0.0,0.0,0.095,0.0,7.2,0.0,40.8,4.8,0.038,0.0,2.5,FOOD-DATA-GROUP4,0.0,100.0,0.0,0.0,5,0.0,0.0,0.0,0.0,0.0155,0,0,0,0
63,63,energy drink red bull,111,0.0,0.0,0.0,0.0,26.4,26.4,1.2,0.0,0.0,0.1,230.2,0.0,0.0,0.1,0.0,0.068,0.3,25.4,4.9,5.6,0.0,0.0,0.0,0.0,15.5,0.049,0.2,49.0,0.086,0.0,7.7,0.072,33.224,FOOD-DATA-GROUP4,4.3478260869565215,95.65217391304348,0.0,0.043795620437956206,111,1.0714285714285714,0.0,96.35036496350365,0.0,0.0008928571428571429,0,1,0,0
64,64,powerade zero ion4 coca cola,0,0.0,0.0,0.0,0.0,0.0,0.0,0.0,0.0,0.0,0.03,29.5,0.0,0.098,0.0,0.028,0.0,0.2,0.0,0.064,0.7,0.0,0.2,0.057,0.6,0.051,0.072,0.3,0.0,0.0,3.0,0.0,0.026,1.393,FOOD-DATA-GROUP4,0.0,0.0,0.0,0.0,0,0.0,0.0,0.0,0.0,0.03,0,0,0,0
65,65,full throttle coca cola,110,0.2,0.0,0.0,0.0,29.0,29.0,0.6,0.0,0.0,0.071,209.5,0.0,0.037,0.0,0.031,0.0,4.0,0.0,0.4,0.0,0.0,0.0,0.0,31.2,0.054,0.037,7.2,0.0,0.0,7.2,0.083,0.0,61.049,FOOD-DATA-GROUP4,2.013422818791946,97.31543624161073,0.6711409395973155,0.02,110,0.5405405405405405,0.0,96.66666666666667,0.0,0.0006396396396396395,0,1,0,0
66,66,passion fruit juice purple,148,0.4,0.064,0.037,0.3,35.7,35.2,1.7,0.5,0.0,0.084,208.0,0.0,0.0,0.039,0.0,0.2,5.5,0.0,0.1,45.0,0.0,0.09,0.011,9.9,0.1,0.9,42.0,0.0,61.8,686.7,0.001,0.1,94.1,FOOD-DATA-GROUP4,4.497354497354497,94.44444444444444,1.0582010582010581,0.04632152588555858,148,1.1409395973154361,0.33557046979865773,95.91280653950953,1.0,0.000563758389261745,0,1,0,0
67,67,pomegranate juice,134,0.7,0.2,0.1,0.1,32.7,31.5,0.4,0.2,0.0,0.089,214.0,0.0,0.037,0.014,0.0,0.006,0.6,0.7,0.019,0.2,0.0,0.9,0.081,27.4,0.06,0.2,17.4,0.2,27.4,532.9,0.065,0.2,61.8,FOOD-DATA-GROUP4,1.183431952662722,96.7455621301775,2.071005917159763,0.011869436201780416,134,0.29629629629629634,0.14814814814814817,93.47181008902076,0.4,0.0006592592592592593,0,1,0,0
68,68,cranberry apricot juice,157,0.0,0.0,0.0,0.0,39.7,0.0,0.5,0.2,0.0,0.007,204.6,0.0,0.089,0.071,0.0,0.01,0.3,0.071,0.082,0.0,0.0,0.0,0.0,22.1,0.051,0.4,7.4,0.3,12.3,149.5,0.0,0.05,62.9,FOOD-DATA-GROUP4,1.243781094527363,98.75621890547264,0.0,0.012285012285012284,157,0.31645569620253167,0.12658227848101267,0.0,0.4,4.430379746835443e-05,0,0,0,0
69,69,pineapple juice,133,0.3,0.071,0.027,0.1,32.2,25.0,0.9,0.5,0.0,0.075,215.9,0.0,0.0,0.1,0.004,0.0,0.064,0.5,0.1,0.3,109.5,0.0,0.048,0.062,32.5,0.2,0.8,30.0,1.3,20.0,325.0,0.099,34.477,FOOD-DATA-GROUP4,2.694610778443114,96.40718562874252,0.8982035928143712,0.027108433734939756,133,0.6716417910447761,0.3731343283582089,75.3012048192771,1.0,0.0005597014925373135,0,1,0,0
70,70,passion fruit juice yellow,126,0.1,0.008,0.02,0.094,33.6,33.1,1.0,0.5,0.0,0.003,211.5,0.0,0.0,0.1,0.0,0.3,3.6,0.0,0.1,73.6,0.0,0.036,0.09,9.9,0.1,0.6,42.0,0.0,32.1,686.7,0.098,0.1,119.3,FOOD-DATA-GROUP4,2.881844380403458,96.82997118155619,0.2881844380403458,0.028901734104046242,126,0.7874015748031495,0.39370078740157477,95.66473988439307,1.0,2.362204724409449e-05,0,1,0,0
71,71,orange apricot juice,128,0.3,0.001,0.078,0.063,31.8,30.2,0.8,0.3,0.0,0.096,216.8,0.0,0.022,0.094,0.0,0.021,0.5,0.2,0.08,50.0,0.0,0.3,0.054,12.5,0.024,0.3,12.5,0.091,20.0,200.0,0.086,0.1,96.0,FOOD-DATA-GROUP4,2.4316109422492405,96.6565349544073,0.911854103343465,0.02439024390243903,128,0.6201550387596899,0.23255813953488372,92.07317073170732,0.6,0.000744186046511628,0,1,0,0
72,72,tangerine juice,106,0.5,0.082,0.015,0.054,24.9,24.5,1.2,0.5,0.0,0.022,219.6,0.0,0.0,0.1,0.086,0.0,0.094,0.2,0.3,0.1,76.6,0.0,0.3,0.0,44.5,0.06,0.5,19.8,0.031,34.6,439.7,0.016,27.29,FOOD-DATA-GROUP4,4.511278195488722,93.60902255639097,1.879699248120301,0.04633204633204633,106,1.1214953271028036,0.46728971962616817,94.5945945945946,1.0,0.000205607476635514,0,1,0,0
73,73,orange juice,90,0.4,0.079,0.046,0.037,20.8,16.8,1.4,0.4,0.0,0.067,176.6,0.0,0.0,0.2,0.002,0.0,0.01,0.8,0.4,0.052,100.0,0.0,0.013,0.053,22.0,0.06,0.4,22.0,0.056,34.0,400.0,0.067,23.177,FOOD-DATA-GROUP4,6.1946902654867255,92.0353982300885,1.769911504424779,0.06422018348623852,90,1.5384615384615383,0.43956043956043955,77.06422018348624,0.8,0.0007362637362637363,0,1,0,0
74,74,grapefruit juice,96,0.2,0.011,0.09,0.008,22.7,0.0,1.2,0.0,0.0,0.061,222.3,0.0,0.0,0.06,0.038,0.0,0.01,0.5,0.5,0.1,93.9,0.0,0.0,0.0,22.2,0.004,0.5,29.6,0.037,37.1,400.1,0.0,24.254,FOOD-DATA-GROUP4,4.979253112033195,94.19087136929461,0.8298755186721993,0.05063291139240506,96,1.2371134020618557,0.0,0.0,0.0,0.0006288659793814433,0,0,0,0
75,75,pineapple grapefruit juice,118,0.3,0.077,0.0,0.022,29.0,28.8,0.5,0.3,0.0,0.054,219.8,0.0,0.042,0.047,0.0,0.07,0.7,0.1,0.1,115.0,0.0,0.001,0.046,17.5,0.1,0.8,15.0,1.0,15.0,152.5,0.025,0.2,163.4,FOOD-DATA-GROUP4,1.6778523489932886,97.31543624161073,1.006711409395973,0.016666666666666666,118,0.42016806722689076,0.25210084033613445,96.00000000000001,0.6,0.000453781512605042,0,1,0,0
76,76,tamarind nectar,143,0.3,0.0,0.0,0.0,37.0,31.9,0.2,1.3,0.0,0.046,213.3,0.0,0.077,0.055,0.0,0.024,0.2,0.025,0.048,17.8,0.0,0.3,0.069,25.1,0.054,1.9,10.0,0.079,5.0,67.8,0.0,0.089,83.6,FOOD-DATA-GROUP4,0.5333333333333334,98.66666666666667,0.8,0.005263157894736842,143,0.1388888888888889,0.9027777777777779,83.94736842105263,2.6,0.00031944444444444446,0,1,0,0
77,77,apple juice,114,0.3,0.064,0.078,0.09,28.0,23.9,0.2,0.5,0.0,0.038,218.8,0.0,0.0,0.083,0.0,0.0,0.019,0.2,0.1,0.025,2.2,0.0,0.057,0.0,19.8,0.065,0.3,12.4,0.2,17.4,250.5,0.039,29.087,FOOD-DATA-GROUP4,0.7017543859649122,98.24561403508771,1.0526315789473684,0.006896551724137932,114,0.17391304347826086,0.43478260869565216,82.41379310344827,1.0,0.0003304347826086956,0,1,0,0
78,78,limeade,128,0.0,0.0,0.0,0.0,34.1,32.8,0.0,0.0,0.0,0.071,212.6,0.0,0.047,0.058,0.0,0.034,0.05,0.006,0.051,7.7,0.0,0.0,0.0,4.9,0.058,0.0,4.9,0.068,2.5,24.7,0.081,0.024,46.7,FOOD-DATA-GROUP4,0.0,100.0,0.0,0.0,128,0.0,0.0,93.44729344729343,0.0,0.0005503875968992248,0,1,0,0
79,79,guava nectar,158,0.2,0.05,0.071,0.054,40.8,32.5,0.2,2.5,0.0,0.063,209.6,0.0,0.0,0.06,0.075,0.0,0.073,0.4,0.2,0.057,53.0,0.0,0.1,0.087,20.1,0.055,1.0,5.0,0.1,5.0,97.9,0.0,43.83,FOOD-DATA-GROUP4,0.48543689320388345,99.02912621359222,0.48543689320388345,0.004784688995215312,158,0.1257861635220126,1.5723270440251573,77.75119617224881,5.0,0.0003962264150943396,0,1,0,0
80,80,orange grapefruit juice,106,0.2,0.009,0.001,0.098,25.4,25.1,1.5,0.2,0.0,0.082,218.9,0.0,0.1,0.005,0.0,0.04,0.8,0.3,0.079,71.9,0.0,0.3,0.066,19.8,0.2,1.1,24.7,0.067,34.6,390.3,0.005,0.2,120.1,FOOD-DATA-GROUP4,5.535055350553506,93.7269372693727,0.7380073800738008,0.05681818181818182,106,1.4018691588785046,0.1869158878504673,95.07575757575759,0.4,0.0007663551401869159,0,1,0,0
81,81,orange juice sainsburys,14,0.088,2.5,0.1,0.0,0.0,0.0,0.0,0.0,0.0,0.0,0.0,0.0,0.0,0.0,0.0,0.0,0.0,0.0,0.0,0.0,0.0,0.0,0.0,0.0,0.0,0.0,0.0,0.0,0.0,0.0,0.0,0.0,0.049,FOOD-DATA-GROUP4,0.0,0.0,100.0,0.0,14,0.0,0.0,0.0,0.0,0.0,0,0,0,0
82,82,cranberry apple juice,154,0.3,0.066,0.014,0.1,38.8,35.5,0.0,0.0,0.0,0.061,205.3,0.0,0.0,0.0,0.0,0.0,0.0,0.0,0.0,96.8,0.0,0.3,0.075,7.4,0.07,0.2,2.5,0.1,4.9,41.7,0.0,0.015,143.5,FOOD-DATA-GROUP4,0.0,99.23273657289003,0.7672634271099745,0.0,154,0.0,0.0,89.19597989949749,0.0,0.0003935483870967742,0,1,0,0
83,83,pineapple orange juice,125,0.0,0.0,0.0,0.0,29.5,29.0,3.3,0.3,0.0,0.069,217.3,0.0,0.035,0.046,0.0,0.02,0.5,0.1,0.1,56.3,0.0,0.079,0.085,12.5,0.1,0.7,15.0,0.9,10.0,115.0,0.071,0.2,102.6,FOOD-DATA-GROUP4,10.060975609756099,89.93902439024392,0.0,0.10819672131147541,125,2.6190476190476186,0.23809523809523808,95.08196721311475,0.6,0.0005476190476190477,0,1,0,0
84,84,pear nectar,150,0.062,0.032,0.086,0.038,39.4,0.0,0.3,1.5,0.0,0.056,210.0,0.0,0.0,0.032,0.049,0.0,0.033,0.3,0.087,0.017,67.5,0.0,0.0,0.0,12.5,0.2,0.7,7.5,0.041,7.5,32.5,0.065,41.466,FOOD-DATA-GROUP4,0.7544892108042855,99.08958301896284,0.1559277702328857,0.007425742574257425,150,0.1986754966887417,0.9933774834437087,0.0,3.0,0.0003708609271523179,0,0,0,0
85,85,blackberry juice,95,1.5,0.095,0.1,0.9,19.5,19.3,0.8,0.3,0.0,0.072,227.3,0.0,0.076,0.091,0.0,0.053,1.1,0.0,0.075,28.3,0.0,2.3,0.088,30.0,0.3,1.2,52.5,0.0,30.0,337.5,0.093,1.0,81.6,FOOD-DATA-GROUP4,3.669724770642202,89.44954128440367,6.8807339449541285,0.03902439024390244,95,0.8333333333333334,0.3125,94.14634146341464,0.6,0.0007499999999999999,0,1,0,0
86,86,lemon juice,54,0.6,0.06,0.073,0.038,16.6,6.1,0.9,0.7,0.0,0.046,225.2,0.0,0.0,0.015,0.093,0.0,0.084,0.2,0.2,0.1,94.4,0.0,0.4,0.0,14.6,0.073,0.2,14.6,0.091,19.5,251.3,0.09,18.9,FOOD-DATA-GROUP4,4.972375690607735,91.71270718232044,3.314917127071823,0.05113636363636363,54,1.6363636363636365,1.2727272727272725,34.65909090909091,1.4,0.0008363636363636364,0,0,0,0
87,87,cranberry grape juice,137,0.2,0.053,0.092,0.08,34.3,0.0,0.5,0.2,0.0,0.079,209.7,0.0,0.094,0.09,0.0,0.056,0.3,0.1,0.027,78.4,0.0,0.0,0.0,19.6,0.051,0.04,7.4,0.4,9.8,58.8,0.0,0.055,133.2,FOOD-DATA-GROUP4,1.4285714285714286,97.99999999999999,0.5714285714285714,0.0141643059490085,137,0.36231884057971014,0.14492753623188406,0.0,0.4,0.000572463768115942,0,0,0,0
88,88,citrus fruit juice,114,0.057,0.088,0.048,0.085,28.3,20.2,0.8,0.2,0.0,0.051,217.8,0.0,0.043,0.021,0.0,0.096,0.2,0.2,0.054,67.2,0.0,0.1,0.042,22.3,0.065,2.8,14.9,0.2,24.8,277.8,0.036,0.011,121.7,FOOD-DATA-GROUP4,2.7437665054703846,97.06074013101485,0.19549336351476493,0.027303754266211604,114,0.6956521739130435,0.17391304347826086,68.9419795221843,0.4,0.0004434782608695652,0,1,0,0
89,89,prune juice,182,0.006,0.033,0.082,0.011,44.7,42.1,1.6,2.6,0.0,0.1,208.0,0.0,0.038,0.0,0.0,0.2,2.0,0.3,0.6,10.5,0.0,0.3,0.007,30.7,0.2,3.0,35.8,0.4,64.0,706.6,0.083,0.5,93.105,FOOD-DATA-GROUP4,3.455275774197728,96.53176694164902,0.01295728415324148,0.0350109409190372,182,0.8743169398907104,1.4207650273224044,92.12253829321662,5.2,0.000546448087431694,0,1,0,0
90,90,guanabana nectar,148,0.4,0.096,0.1,0.006,37.5,32.8,0.3,0.3,0.0,0.061,212.6,0.0,0.086,0.05,0.0,0.027,0.3,0.2,0.05,27.9,0.0,0.036,0.0,17.6,0.067,0.9,7.5,0.056,5.0,62.8,0.067,0.011,84.9,FOOD-DATA-GROUP4,0.7853403141361258,98.16753926701571,1.0471204188481678,0.007792207792207792,148,0.20134228187919462,0.20134228187919462,85.19480519480518,0.6,0.0004093959731543624,0,1,0,0
91,91,fruit juice,108,0.1,0.059,0.048,0.036,26.3,24.2,0.3,0.2,0.0,0.1,172.7,0.0,0.071,0.2,0.0,0.0,0.096,0.028,0.0,0.001,50.8,0.0,0.1,0.0,6.0,0.039,0.5,10.0,0.0,14.0,244.0,0.089,26.937,FOOD-DATA-GROUP4,1.1235955056179774,98.50187265917603,0.3745318352059925,0.010989010989010988,108,0.2752293577981651,0.1834862385321101,88.64468864468864,0.4,0.0009174311926605505,0,1,0,0
92,92,horchata,15,0.2,0.0,0.0,0.0,3.3,2.6,0.1,0.0,0.0,0.013,24.6,0.0,0.0,0.0,0.0,0.0,0.016,0.0,0.029,0.0,0.0,0.022,0.0,5.1,0.028,0.057,0.8,0.045,4.2,9.6,0.005,0.058,8.717,FOOD-DATA-GROUP4,2.777777777777778,91.66666666666666,5.555555555555556,0.023255813953488375,15,0.625,0.0,60.465116279069775,0.0,0.0008125,0,0,0,0
93,93,fruit punch,98,0.4,0.048,0.011,0.039,24.4,0.0,0.2,0.0,0.0,0.08,208.6,0.0,0.092,0.061,0.0,0.1,0.1,0.035,0.047,11.2,0.0,0.0,0.0,16.4,0.097,0.5,7.0,0.1,7.0,154.4,0.0,0.4,53.1,FOOD-DATA-GROUP4,0.8000000000000002,97.60000000000001,1.6000000000000003,0.007874015748031498,98,0.20202020202020202,0.0,0.0,0.0,0.0008080808080808081,0,0,0,0
94,94,apricot nectar,139,0.2,0.07,0.085,0.039,35.7,34.2,0.9,1.5,0.0,0.025,210.5,0.0,0.044,0.059,0.0,0.014,0.6,0.2,0.036,1.5,0.0,0.8,0.008,17.4,0.2,0.9,12.4,0.008,22.3,282.7,0.0,0.2,58.1,FOOD-DATA-GROUP4,2.445652173913043,97.01086956521738,0.5434782608695652,0.024523160762942777,139,0.6428571428571428,1.0714285714285714,93.18801089918256,3.0,0.00017857142857142857,0,1,0,0
95,95,orangensaft ja,86,0.0,0.0,17.8,17.8,1.4,0.024,0.0,0.0,0.0,0.0,0.0,0.0,0.0,0.0,0.0,0.0,0.0,0.0,0.0,0.0,0.0,0.0,0.0,0.0,0.0,0.0,0.0,0.0,0.0,0.0,0.0,0.0,1.4,FOOD-DATA-GROUP4,0.0,100.0,0.0,0.0,86,0.0,0.0,1.0,0.0,0.0,0,0,0,0
96,96,fruchtcocktail granini,102,0.4,0.2,23.0,23.0,1.0,0.0,0.0,0.0,0.0,0.0,0.0,0.0,0.0,0.0,0.0,0.0,0.0,0.0,0.0,0.0,0.0,0.0,0.0,0.0,0.0,0.0,0.0,0.0,0.0,0.0,0.0,0.0,1.4,FOOD-DATA-GROUP4,0.0,71.42857142857143,28.571428571428577,0.0,102,0.0,0.0,0.0,0.0,0.0,0,0,0,0
97,97,peach nectar,125,1.3,0.6,0.2,0.5,29.7,27.8,0.5,0.2,0.0,0.077,217.3,0.0,0.038,0.1,0.005,0.0,0.049,0.5,0.2,0.091,75.2,0.0,1.5,0.0,14.9,0.2,0.2,12.5,0.058,12.5,124.5,0.071,31.949,FOOD-DATA-GROUP4,1.5873015873015872,94.28571428571428,4.1269841269841265,0.016286644951140065,125,0.3968253968253968,0.15873015873015872,90.55374592833877,0.4,0.0006111111111111111,0,1,0,0
98,98,orange pineapple juice,15,0.08,0.056,0.026,0.024,3.6,3.1,0.1,0.032,0.0,0.044,25.7,0.0,0.044,0.01,0.0,0.069,0.054,0.0,0.053,12.0,0.0,0.036,0.016,2.4,0.09,0.086,3.0,0.1,3.2,44.3,0.076,0.072,18.261,FOOD-DATA-GROUP4,2.6455026455026456,95.23809523809523,2.1164021164021163,0.02173913043478261,15,0.625,0.2,67.3913043478261,0.064,0.00275,0,0,0,0
99,99,cranberry juice,92,0.3,0.061,0.098,0.1,24.4,24.2,0.8,0.2,0.0,0.093,174.3,0.0,0.0,0.069,0.011,0.0,0.016,0.2,0.0,0.1,18.6,0.0,2.4,0.099,16.0,0.1,0.5,12.0,0.0,26.0,154.0,0.036,25.975,FOOD-DATA-GROUP4,3.1372549019607843,95.68627450980391,1.1764705882352942,0.03149606299212599,92,0.8602150537634409,0.21505376344086022,95.2755905511811,0.4,0.001,0,1,0,0
100,100,white grapefruit juice,96,0.2,0.083,0.091,0.007,22.7,22.5,1.2,0.2,0.0,0.018,222.3,0.0,0.015,0.029,0.0,0.005,0.5,0.5,0.1,93.9,0.0,0.5,0.0,22.2,0.035,0.5,29.6,0.032,37.1,400.1,0.019,0.1,140.9,FOOD-DATA-GROUP4,4.979253112033195,94.19087136929461,0.8298755186721993,0.05063291139240506,96,1.2371134020618557,0.2061855670103093,94.9367088607595,0.4,0.00018556701030927834,0,1,0,0
101,101,mango nectar,128,0.2,0.04,0.092,0.066,32.9,31.2,0.3,0.8,0.0,0.061,217.4,0.0,0.0,0.039,0.055,0.0,0.06,0.2,0.2,0.038,38.2,0.0,0.5,0.047,42.7,0.087,0.9,7.5,0.007,5.0,60.2,0.025,34.447,FOOD-DATA-GROUP4,0.8982035928143712,98.50299401197606,0.5988023952095809,0.008849557522123894,128,0.23255813953488372,0.6201550387596899,92.03539823008849,1.6,0.00047286821705426355,0,1,0,0
102,102,acerola cherry juice,56,0.7,0.2,0.2,0.2,11.6,10.9,1.0,0.7,0.0,0.082,228.2,0.0,0.067,0.084,0.0,0.1,1.0,0.5,0.051,3872.0,0.0,0.4,0.057,24.2,0.2,1.2,29.0,0.0,21.8,234.7,0.061,0.2,3911.4,FOOD-DATA-GROUP4,7.518796992481204,87.21804511278197,5.2631578947368425,0.07936507936507936,56,1.7543859649122806,1.2280701754385965,86.5079365079365,1.4,0.0014385964912280703,0,0,0,0
103,103,apple juice concentrate,350,0.8,0.1,0.053,0.2,86.5,81.9,1.1,0.8,0.0,0.049,120.3,0.0,0.029,0.005,0.0,0.1,0.3,0.5,0.2,4.4,0.0,0.022,0.0,42.2,0.1,1.9,35.9,0.5,52.8,945.3,0.067,0.3,137.7,FOOD-DATA-GROUP4,1.2443438914027152,97.85067873303169,0.904977375565611,0.012571428571428572,350,0.3133903133903134,0.22792022792022795,93.60000000000001,1.6,0.00013960113960113962,0,1,0,0
104,104,papaya nectar,143,0.4,0.1,0.1,0.07,36.3,34.8,0.4,1.5,0.0,0.082,212.6,0.0,0.0,0.053,0.039,0.0,0.077,0.4,0.1,0.017,7.5,0.0,0.6,0.076,25.0,0.029,0.9,7.5,0.012,0.0,77.5,0.072,38.657,FOOD-DATA-GROUP4,1.078167115902965,97.84366576819407,1.078167115902965,0.010723860589812334,143,0.2777777777777778,1.0416666666666665,93.2975871313673,3.0,0.0005694444444444445,0,1,0,0
105,105,apple juice martinellis,122,0.0,0.0,29.1,0.7,0.0,0.0,0.0,0.0,0.0,0.0,0.0,0.0,0.0,0.0,0.0,0.0,0.0,0.0,0.0,0.0,0.0,0.0,0.0,0.0,0.0,0.0,0.0,0.0,0.0,0.0,0.0,0.0,0.0,FOOD-DATA-GROUP4,0.0,0.0,0.0,0.0,122,0.0,0.0,0.0,0.0,0.0,0,0,0,0
106,106,lime juice,61,0.2,0.052,0.087,0.071,20.4,4.1,1.0,1.0,0.0,0.014,219.7,0.0,0.015,0.01,0.0,0.078,0.3,0.3,0.04,72.6,0.0,0.5,0.074,33.9,0.027,0.2,19.4,0.011,33.9,283.1,0.052,0.2,129.3,FOOD-DATA-GROUP4,4.62962962962963,94.44444444444444,0.925925925925926,0.04672897196261683,61,1.6129032258064515,1.6129032258064515,19.158878504672895,2.0,0.00022580645161290324,0,0,0,0
107,107,grape juice,152,0.3,0.06,0.03,0.059,37.4,35.9,0.9,0.5,0.0,0.003,213.8,0.0,0.05,0.0,0.0,0.025,0.3,0.1,0.086,0.3,0.0,0.0,0.025,27.8,0.025,0.6,25.3,0.6,35.4,263.1,0.0,0.2,67.8,FOOD-DATA-GROUP4,2.3316062176165806,96.89119170984458,0.7772020725388602,0.0234375,152,0.5882352941176471,0.32679738562091504,93.48958333333334,1.0,1.9607843137254903e-05,0,1,0,0
108,108,water dannon,0,0.0,0.0,0.0,0.0,0.0,0.0,0.0,0.0,0.0,0.0,330.9,0.0,0.0,0.0,0.0,0.0,0.0,0.0,0.0,0.0,0.0,0.0,0.0,9.9,0.0,0.0,3.3,0.0,0.0,0.0,0.0,0.0,9.9,FOOD-DATA-GROUP4,0.0,0.0,0.0,0.0,0,0.0,0.0,0.0,0.0,0.0,0,0,0,0
109,109,tap water,0,0.0,0.0,0.0,0.0,0.0,0.0,0.0,0.0,0.0,0.018,236.8,0.0,0.0,0.0,0.0,0.0,0.0,0.0,0.0,0.0,0.0,0.0,0.0,7.1,0.086,0.0,2.4,0.0,0.0,0.0,0.0,0.042,7.1,FOOD-DATA-GROUP4,0.0,0.0,0.0,0.0,0,0.0,0.0,0.0,0.0,0.018,0,0,0,0
110,110,table water,0,0.0,0.0,0.0,0.0,0.0,0.0,0.0,0.0,0.0,0.044,499.5,0.0,0.0,0.0,0.0,0.0,0.0,0.0,0.0,0.0,0.0,0.0,0.0,70.0,0.0,0.0,0.0,0.0,0.0,0.0,0.0,0.0,70.0,FOOD-DATA-GROUP4,0.0,0.0,0.0,0.0,0,0.0,0.0,0.0,0.0,0.044,0,0,0,0
111,111,fruit flavored water,52,0.0,0.0,0.0,0.0,13.0,13.0,0.0,0.0,0.0,0.0,223.8,0.05,0.0,0.016,0.049,0.0,2.0,1.0,0.2,30.1,0.0,4.5,0.0,40.3,0.061,0.0,7.1,0.0,0.0,0.0,0.0,0.8,83.471,FOOD-DATA-GROUP4,0.0,100.0,0.0,0.0,52,0.0,0.0,92.85714285714286,0.0,0.0,0,0,0,0
112,112,water,0,0.0,0.0,0.0,0.0,0.0,0.0,0.0,0.0,0.0,0.024,237.0,0.0,0.0,0.0,0.0,0.0,0.0,0.0,0.0,0.0,0.0,0.0,0.0,23.7,0.098,0.0,4.7,0.0,0.0,0.0,0.0,0.0,23.7,FOOD-DATA-GROUP4,0.0,0.0,0.0,0.0,0,0.0,0.0,0.0,0.0,0.024,0,0,0,0
113,113,cola light coca cola,0,0.0,0.0,0.0,0.0,0.0,0.0,0.0,0.0,0.0,0.087,336.5,0.0,0.0,0.0,0.0,0.0,0.0,0.0,0.0,0.0,0.0,0.0,0.0,0.0,0.0,0.0,0.0,0.0,0.0,0.0,0.0,0.0,0.0,FOOD-DATA-GROUP4,0.0,0.0,0.0,0.0,0,0.0,0.0,0.0,0.0,0.087,0,0,0,0
114,114,lemon lime soda,151,0.0,0.0,0.0,0.0,38.4,37.6,0.3,0.0,0.0,0.024,330.2,0.0,0.0,0.0,0.0,0.0,0.055,0.0,0.0,0.0,0.0,0.0,0.0,7.4,0.0,0.061,3.7,0.0,0.0,3.7,0.0,0.065,46.113,FOOD-DATA-GROUP4,0.7751937984496124,99.2248062015504,0.0,0.007614213197969543,151,0.19736842105263158,0.0,95.43147208121829,0.0,0.00015789473684210527,0,1,0,0
115,115,tonic water,114,0.0,0.0,0.0,0.0,29.6,29.6,0.0,0.0,0.0,0.049,306.1,0.0,0.0,0.0,0.0,0.0,0.0,0.0,0.0,0.0,0.0,0.0,0.0,3.4,0.031,0.09,0.0,0.05,0.0,0.0,0.0,0.3,33.038,FOOD-DATA-GROUP4,0.0,100.0,0.0,0.0,114,0.0,0.0,96.73202614379085,0.0,0.00042608695652173915,0,1,0,0
116,116,lemonade low calorie,7,0.0,0.0,0.0,0.0,1.6,0.0,0.092,0.0,0.0,0.013,236.8,0.0,0.0,0.0,0.0,0.0,0.0,0.0,0.0,7.6,0.0,0.0,0.0,66.9,0.04,0.1,2.4,0.057,31.1,2.4,0.0,0.011,76.216,FOOD-DATA-GROUP4,5.437352245862884,94.5626477541371,0.0,0.03538461538461538,7,1.15,0.0,0.0,0.0,0.001625,0,0,0,0
117,117,ginger ale,68,0.0,0.0,0.0,0.0,17.5,17.4,0.0,0.0,0.0,0.043,182.5,0.0,0.0,0.0,0.0,0.0,0.0,0.0,0.0,0.0,0.0,0.0,0.0,0.0,6.0,0.024,0.4,2.0,0.087,0.0,2.0,0.078,17.528,FOOD-DATA-GROUP4,0.0,100.0,0.0,0.0,68,0.0,0.0,94.05405405405405,0.0,0.0006231884057971014,0,1,0,0
118,118,ice tea lemon flavor nestle,88,0.0,0.0,0.0,0.0,22.3,22.3,0.0,0.0,0.0,0.063,223.4,0.0,0.0,0.0,0.0,0.0,0.0,0.0,0.0,0.0,0.0,0.0,0.0,7.4,0.068,0.0,2.5,0.3,88.2,46.6,0.0,0.1,29.7,FOOD-DATA-GROUP4,0.0,100.0,0.0,0.0,88,0.0,0.0,95.70815450643777,0.0,0.0007078651685393258,0,1,0,0
119,119,sprite coca cola,80,0.063,0.0,0.0,0.0,20.3,18.0,0.1,0.0,0.0,0.021,179.6,0.0,0.0,0.0,0.0,0.0,0.0,0.032,0.0,0.0,0.0,0.0,0.0,0.0,4.0,0.042,0.2,2.0,0.017,0.0,2.0,0.0,20.538,FOOD-DATA-GROUP4,0.4886868983042565,99.20344035576406,0.30787274593168157,0.004694835680751174,80,0.12345679012345678,0.0,84.50704225352112,0.0,0.00025925925925925926,0,1,0,0
120,120,cola coca cola,151,0.0,0.0,0.0,0.0,38.9,38.9,0.0,0.0,0.0,0.045,329.8,0.0,0.0,0.0,0.0,0.0,0.0,0.0,0.0,0.0,0.0,0.0,0.0,7.4,0.0,0.048,0.0,0.0,40.5,11.0,0.045,0.052,46.4,FOOD-DATA-GROUP4,0.0,100.0,0.0,0.0,151,0.0,0.0,97.4937343358396,0.0,0.00029605263157894733,0,1,0,0
121,121,cola,74,0.07,0.0,0.0,0.0,19.1,17.9,0.1,0.0,0.0,0.072,180.6,0.0,0.0,0.0,0.0,0.0,0.0,0.0,0.0,0.0,0.0,0.0,0.0,0.0,4.0,0.012,0.2,0.0,0.081,20.0,4.0,0.038,19.336,FOOD-DATA-GROUP4,0.5189413596263621,99.11779968863517,0.3632589517384535,0.004975124378109453,74,0.13333333333333336,0.0,89.05472636815918,0.0,0.0009599999999999999,0,1,0,0
122,122,cream soda,252,0.0,0.0,0.0,0.0,65.7,65.7,0.0,0.0,0.0,0.098,428.3,0.0,0.0,0.0,0.0,0.0,0.0,0.0,0.0,0.0,0.0,0.0,0.0,24.7,0.036,0.2,4.9,0.08,0.0,4.9,0.0,0.3,90.6,FOOD-DATA-GROUP4,0.0,100.0,0.0,0.0,252,0.0,0.0,98.50074962518741,0.0,0.0003873517786561265,0,1,0,0
123,123,club soda,0,0.0,0.0,0.0,0.0,0.0,0.0,0.0,0.0,0.0,0.046,199.8,0.0,0.0,0.0,0.0,0.0,0.0,0.0,0.0,0.0,0.0,0.0,0.0,0.0,10.0,0.015,0.078,2.0,0.052,0.0,4.0,0.0,0.025,FOOD-DATA-GROUP4,0.0,0.0,0.0,0.0,0,0.0,0.0,0.0,0.0,0.046,0,0,0,0
124,124,pink lemonade,86,0.3,0.079,0.03,0.034,21.6,20.6,0.1,0.2,0.0,0.01,177.8,0.0,0.003,0.078,0.0,0.0,0.047,0.035,0.061,6.2,0.0,0.062,0.0,8.0,0.011,0.092,4.0,0.094,4.0,34.0,0.0,0.093,36.488,FOOD-DATA-GROUP4,0.45454545454545453,98.18181818181817,1.3636363636363633,0.004424778761061947,86,0.11494252873563218,0.22988505747126436,91.1504424778761,0.4,0.00011494252873563218,0,1,0,0
125,125,grape soda,160,0.0,0.0,0.0,0.0,41.7,0.0,0.0,0.0,0.0,0.042,330.3,0.0,0.0,0.0,0.0,0.0,0.0,0.0,0.0,0.0,0.0,0.0,0.0,11.2,0.038,0.3,3.7,0.054,0.0,3.7,0.0,0.3,53.2,FOOD-DATA-GROUP4,0.0,100.0,0.0,0.0,160,0.0,0.0,0.0,0.0,0.00026086956521739134,0,0,0,0
126,126,cola without caffeine coca cola,151,0.0,0.0,0.0,0.0,38.9,38.9,0.0,0.0,0.0,0.04,329.8,0.0,0.0,0.0,0.0,0.0,0.0,0.0,0.0,0.0,0.0,0.0,0.0,7.4,0.0,0.026,0.0,0.0,40.5,11.0,0.063,0.032,46.381,FOOD-DATA-GROUP4,0.0,100.0,0.0,0.0,151,0.0,0.0,97.4937343358396,0.0,0.0002631578947368421,0,1,0,0
127,127,white lemonade,80,0.003,0.093,0.024,0.076,20.8,20.0,0.1,0.0,0.0,0.02,178.7,0.0,0.0,0.004,0.043,0.0,0.02,0.094,0.094,0.007,7.8,0.0,0.04,0.0,8.0,0.013,0.3,4.0,0.083,4.0,30.0,0.066,21.02,FOOD-DATA-GROUP4,0.4784002296321102,99.50724776347893,0.014352006888963304,0.0045871559633027525,80,0.12345679012345678,0.0,91.74311926605505,0.0,0.0002469135802469136,0,1,0,0
128,128,chocolate soda,207,0.0,0.0,0.0,0.0,52.6,52.6,0.0,0.0,0.0,0.031,438.9,0.0,0.0,0.0,0.0,0.0,0.0,0.0,0.0,0.0,0.0,0.0,0.0,19.7,0.022,0.5,4.9,0.2,4.9,246.0,0.015,0.8,72.8,FOOD-DATA-GROUP4,0.0,100.0,0.0,0.0,207,0.0,0.0,98.13432835820896,0.0,0.00014903846153846155,0,1,0,0
129,129,sweet tea lipton,130,0.0,0.0,0.0,0.0,35.0,35.0,0.0,0.0,0.0,0.0,0.0,0.0,0.0,0.0,0.0,0.0,0.0,0.0,0.0,0.0,0.0,0.0,0.0,0.0,0.0,0.0,0.0,0.0,0.0,0.0,0.0,0.0,35.0,FOOD-DATA-GROUP4,0.0,100.0,0.0,0.0,130,0.0,0.0,97.22222222222221,0.0,0.0,0,1,0,0
130,130,hibiscus tea,74,1.3,0.5,0.2,0.04,14.8,12.0,0.9,0.6,0.0,0.091,179.3,0.0,2.6,0.03,0.0,0.2,0.0,0.0,0.0,36.8,0.0,0.0,0.0,2.0,0.1,17.3,2.0,0.0,6.0,18.0,0.0,0.2,73.7,FOOD-DATA-GROUP4,5.294117647058823,87.05882352941177,7.647058823529412,0.056962025316455694,74,1.2,0.8,75.94936708860759,1.2,0.0012133333333333334,0,0,0,0
131,131,instant lemon tea,2,0.0,0.0,0.0,0.0,0.3,0.047,0.1,0.0,0.0,0.046,199.2,0.0,0.0,0.0,0.0,0.0,0.003,0.023,0.06,0.009,0.0,0.0,0.0,0.0,6.0,0.026,0.02,4.0,0.8,2.0,36.0,0.0,0.494,FOOD-DATA-GROUP4,25.0,74.99999999999999,0.0,0.07692307692307693,2,3.3333333333333335,0.0,3.6153846153846154,0.0,0.015333333333333332,0,0,0,0
132,132,pesca tea santal,116,0.0,28.1,0.0,0.0,0.0,0.0,0.0,0.0,0.0,0.0,0.0,0.0,0.0,0.0,0.0,0.0,0.0,0.0,0.0,0.0,0.0,0.0,0.0,0.0,0.0,0.0,0.0,0.0,0.0,0.0,0.0,0.0,0.0,FOOD-DATA-GROUP4,0.0,0.0,0.0,0.0,116,0.0,0.0,0.0,0.0,0.0,0,0,1,0
133,133,instant lemon tea sweetened,91,0.2,0.018,0.046,0.093,22.3,21.6,0.071,0.3,0.0,0.089,236.2,0.0,0.083,0.0,0.0,0.0,0.006,0.0,0.044,0.0,0.0,0.0,0.0,5.2,0.076,0.0,2.6,0.3,0.0,38.9,0.017,0.048,28.147,FOOD-DATA-GROUP4,0.31456293473926716,98.7993442913473,0.8860927739134288,0.003047210300429184,91,0.07717391304347826,0.32608695652173914,92.70386266094421,0.6,0.0009673913043478261,0,1,0,0
134,134,tea with milk and sugar yorkshire,15,0.5,0.3,0.7,0.7,0.4,0.0,0.0,0.0,0.0,0.0,0.0,0.0,0.0,0.0,0.0,0.0,0.0,0.0,0.0,0.0,0.0,0.0,0.0,0.0,0.0,0.0,0.0,0.0,0.0,0.0,0.0,0.0,0.9,FOOD-DATA-GROUP4,0.0,44.44444444444445,55.55555555555556,0.0,15,0.0,0.0,0.0,0.0,0.0,0,0,0,0
135,135,tea blueberry muffin tekanne,4,0.2,0.2,0.6,0.4,0.4,0.007,0.0,0.0,0.0,0.0,0.0,0.0,0.0,0.0,0.0,0.0,0.0,0.0,0.0,0.0,0.0,0.0,0.0,0.0,0.0,0.0,0.0,0.0,0.0,0.0,0.0,0.0,0.6,FOOD-DATA-GROUP4,0.0,66.66666666666666,33.33333333333333,0.0,4,0.0,0.0,0.5,0.0,0.0,0,0,0,0
136,136,chamomile tea,2,0.0,0.028,0.032,0.073,0.4,0.0,0.0,0.0,0.0,0.003,199.4,0.0,0.06,0.05,0.0,0.022,0.0,0.027,0.0,0.0,0.0,0.0,0.0,4.0,0.097,0.2,2.0,0.078,0.0,18.0,0.0,0.006,4.6,FOOD-DATA-GROUP4,0.0,100.0,0.0,0.0,2,0.0,0.0,0.0,0.0,0.001,0,0,0,0
137,137,black tea,2,0.0,0.072,0.032,0.029,0.7,0.0,0.0,0.0,0.0,0.091,236.3,0.0,0.0,0.041,0.0,0.018,0.0,0.04,0.0,0.0,0.0,0.0,0.0,0.0,0.088,0.088,7.1,0.5,2.4,87.7,0.0,0.081,0.72,FOOD-DATA-GROUP4,0.0,100.0,0.0,0.0,2,0.0,0.0,0.0,0.0,0.030333333333333334,0,0,0,0
138,138,herb tea,2,0.0,0.014,0.043,0.071,0.4,0.0,0.0,0.0,0.0,0.064,199.4,0.0,0.007,0.093,0.0,0.051,0.0,0.096,0.0,0.0,0.0,0.0,0.0,4.0,0.059,0.2,2.0,0.019,0.0,18.0,0.0,0.006,4.6,FOOD-DATA-GROUP4,0.0,100.0,0.0,0.0,2,0.0,0.0,0.0,0.0,0.021333333333333333,0,0,0,0
139,139,clam tomato juice,80,0.3,0.0,0.0,0.0,18.2,5.5,1.0,0.7,0.0,0.6,145.1,0.0,0.015,0.079,0.0,0.064,0.4,0.1,0.1,8.3,0.0,0.2,0.0,13.3,0.011,0.2,8.3,0.073,18.3,147.7,0.097,0.1,42.0,FOOD-DATA-GROUP4,5.128205128205128,93.33333333333333,1.5384615384615383,0.052083333333333336,80,1.2345679012345678,0.8641975308641975,28.645833333333336,1.4,0.007407407407407407,0,0,0,0
140,140,tomato juice,41,0.7,0.043,0.062,0.043,8.6,6.3,2.1,1.0,0.0,0.063,229.0,0.0,0.069,0.2,0.003,0.0,0.2,1.6,0.6,0.2,170.3,0.0,0.8,0.056,24.3,0.1,0.9,26.7,0.2,46.2,527.3,0.067,12.742,FOOD-DATA-GROUP4,18.42105263157895,75.43859649122807,6.140350877192983,0.21875000000000003,41,5.0,2.380952380952381,65.625,2.0,0.0015,0,0,0,0
141,141,vegetable juice,53,0.2,0.071,0.016,0.1,11.1,7.9,1.5,1.9,0.0,0.1,226.3,0.0,0.0,0.095,0.039,0.0,0.091,1.8,0.6,0.3,67.0,0.0,0.8,0.007,26.6,0.5,1.0,26.6,0.2,41.1,467.1,0.026,15.538,FOOD-DATA-GROUP4,11.718750000000002,86.71875,1.5625000000000004,0.12396694214876033,53,2.7777777777777777,3.518518518518518,65.28925619834712,3.8,0.001851851851851852,0,0,0,0
142,142,tomato vegetable juice,53,0.2,0.014,0.014,0.1,11.1,9.2,1.5,1.9,0.0,0.2,226.3,0.0,0.034,0.047,0.0,0.097,1.8,0.0,0.3,67.0,0.0,0.8,0.085,26.6,0.5,1.0,26.6,0.0,41.1,467.1,0.046,0.5,109.3,FOOD-DATA-GROUP4,11.718750000000002,86.71875,1.5625000000000004,0.12396694214876033,53,2.7777777777777777,3.518518518518518,76.03305785123966,3.8,0.003703703703703704,0,0,0,0
143,143,carrot juice,80,0.3,0.055,0.027,0.1,18.6,7.8,1.9,1.6,0.0,0.1,177.7,0.0,0.2,0.077,0.0,0.1,0.8,0.5,0.4,17.0,0.0,2.3,0.047,48.0,0.087,0.9,28.0,0.3,84.0,584.0,0.046,0.4,88.3,FOOD-DATA-GROUP4,9.134615384615383,89.42307692307693,1.4423076923076923,0.09693877551020406,80,2.3456790123456788,1.9753086419753085,39.795918367346935,3.2,0.0012345679012345679,0,0,0,0
144,144,acorn dried,144,8.9,1.2,5.6,1.7,15.2,0.0,2.3,0.0,0.0,0.0,1.4,0.0,0.005,0.085,0.0,0.021,0.7,0.3,0.2,0.0,0.0,0.0,0.0,15.3,0.2,0.3,23.2,0.4,29.1,200.6,0.0,0.2,42.0,FOOD-DATA-GROUP4,8.712121212121211,57.57575757575758,33.71212121212122,0.1419753086419753,144,1.586206896551724,0.0,0.0,0.0,0.0,0,0,0,0
145,145,fenugreek seeds,36,0.7,0.2,0.0,0.0,6.5,0.0,2.6,2.7,0.0,0.09,1.0,0.0,0.036,0.046,0.0,0.019,0.2,0.0,0.064,0.3,0.0,0.0,0.0,19.5,0.1,3.7,21.2,0.1,32.9,85.5,0.025,0.3,36.0,FOOD-DATA-GROUP4,26.53061224489796,66.32653061224491,7.142857142857144,0.3466666666666667,36,7.027027027027027,7.297297297297297,0.0,5.4,0.0024324324324324323,0,0,0,0
146,146,peanut topping mcdonalds,181,15.0,2.4,7.3,4.0,4.6,1.2,7.9,0.0,0.0,0.0,0.2,0.0,0.07,0.015,0.0,0.099,4.7,0.3,0.2,0.0,0.0,2.3,0.0,13.0,0.1,0.4,54.6,0.6,103.0,179.4,0.0,0.8,40.9,FOOD-DATA-GROUP4,28.72727272727273,16.727272727272727,54.54545454545454,1.4107142857142858,181,4.340659340659341,0.0,21.42857142857143,0.0,0.0,0,0,0,0
147,147,beechnuts dried,173,15.0,1.7,6.6,6.0,10.1,0.0,1.9,0.0,0.0,0.068,2.0,0.0,0.053,0.087,0.0,0.1,0.3,0.3,0.2,4.7,0.0,0.0,0.0,0.3,0.2,0.7,0.0,0.4,0.0,305.1,0.0,0.1,32.7,FOOD-DATA-GROUP4,7.037037037037036,37.407407407407405,55.55555555555556,0.17117117117117117,173,1.0919540229885056,0.0,0.0,0.0,0.00039080459770114945,0,0,0,0
148,148,breadnut tree seeds raw,61,0.3,0.089,0.061,0.1,13.1,0.0,1.7,0.0,0.0,0.084,12.7,0.0,0.04,0.077,0.0,0.053,0.2,0.3,0.1,7.8,0.0,0.0,0.0,27.7,0.4,0.6,19.2,0.015,19.0,334.8,0.0,0.3,51.2,FOOD-DATA-GROUP4,11.258278145695364,86.75496688741721,1.9867549668874174,0.12056737588652482,61,2.741935483870968,0.0,0.0,0.0,0.0013548387096774194,0,0,0,0
149,149,cumin seeds,8,0.5,0.096,0.3,0.013,0.9,0.063,0.4,0.2,0.0,0.073,0.2,0.0,0.079,0.015,0.0,0.093,0.064,0.0,0.021,0.2,0.0,0.096,0.001,19.6,0.058,1.4,7.7,0.087,10.5,37.5,0.072,0.1,23.2,FOOD-DATA-GROUP4,22.222222222222225,50.0,27.77777777777778,0.2105263157894737,8,4.444444444444445,2.2222222222222223,3.3157894736842106,0.4,0.00811111111111111,0,0,0,0
150,150,pili nuts dried,863,95.5,37.4,44.7,9.1,4.8,0.0,13.0,0.0,0.0,0.014,3.3,0.0,1.1,0.066,0.0,0.1,0.6,0.6,0.1,0.7,0.0,0.0,0.0,174.0,1.1,4.2,362.4,2.8,690.0,608.4,0.0,3.6,292.2,FOOD-DATA-GROUP4,11.47396293027361,4.236540158870255,84.28949691085613,2.241379310344828,863,1.5046296296296295,0.0,0.0,0.0,1.6203703703703704e-05,0,0,1,0
151,151,hazelnuts roasted,194,18.7,1.4,14.0,2.5,5.3,1.5,4.5,2.8,0.0,0.0,0.8,0.0,0.1,0.031,0.0,0.074,0.6,0.3,0.2,1.1,0.0,4.6,0.0,36.9,0.5,1.3,51.9,1.7,93.0,226.5,0.061,0.8,70.6,FOOD-DATA-GROUP4,15.789473684210526,18.596491228070175,65.61403508771929,0.7142857142857143,194,2.307692307692308,1.4358974358974357,23.80952380952381,5.6,0.0,0,0,0,0
152,152,lupins cooked,193,4.8,0.6,2.0,1.2,15.4,0.0,25.8,4.6,0.0,0.4,118.0,0.0,0.2,0.083,0.0,0.071,0.8,0.3,0.016,1.8,0.0,0.0,0.0,84.7,0.4,2.0,89.6,1.1,212.5,406.7,0.084,2.3,139.1,FOOD-DATA-GROUP4,56.086956521739125,33.47826086956522,10.434782608695652,1.5731707317073174,193,13.29896907216495,2.3711340206185567,0.0,9.2,0.002061855670103093,0,0,0,0
153,153,hazelnuts blanched,178,17.3,1.3,13.6,1.6,4.8,1.0,3.9,3.1,0.0,0.0,1.6,0.0,0.1,0.021,0.0,0.049,0.4,0.2,0.2,0.6,0.0,5.0,0.0,42.2,0.5,0.9,45.3,3.6,87.7,186.2,0.015,0.6,72.8,FOOD-DATA-GROUP4,15.0,18.46153846153846,66.53846153846155,0.6724137931034483,178,2.17877094972067,1.7318435754189943,17.24137931034483,6.2,0.0,0,0,0,0
154,154,brazilnuts dried,33,3.3,0.8,1.2,1.0,0.6,0.1,0.7,0.4,0.0,0.073,0.2,0.0,0.079,0.035,0.0,0.013,0.083,0.051,0.041,0.024,0.0,0.3,0.0,8.0,0.074,0.1,18.8,0.084,36.3,33.0,0.035,0.2,13.139,FOOD-DATA-GROUP4,15.217391304347828,13.043478260869565,71.73913043478261,0.43749999999999994,33,2.0588235294117645,1.1764705882352942,6.25,0.8,0.0021470588235294116,0,0,0,0
155,155,sunflower seeds dry roasted,47,4.0,0.4,0.8,2.6,1.9,0.2,1.5,0.9,0.0,0.067,0.076,0.0,0.087,0.072,0.0,0.086,0.6,0.6,0.01,0.1,0.0,2.1,0.037,5.6,0.1,0.3,10.3,0.2,92.4,68.0,0.021,0.4,14.3,FOOD-DATA-GROUP4,20.27027027027027,25.675675675675674,54.05405405405405,0.5172413793103449,47,3.125,1.875,6.896551724137931,1.8,0.0013958333333333333,0,0,0,0
156,156,ginkgo nuts canned,172,2.5,0.5,0.9,0.9,34.3,0.0,3.5,14.4,0.0,0.5,113.1,0.0,0.2,0.06,0.0,0.052,5.6,0.2,0.3,14.1,0.0,0.0,0.0,6.2,0.3,0.4,24.8,0.1,83.7,279.0,0.067,0.3,75.4,FOOD-DATA-GROUP4,8.6848635235732,85.11166253101737,6.20347394540943,0.09915014164305949,172,2.023121387283237,8.323699421965317,0.0,10.0,0.002890173410404624,0,0,0,0
157,157,peanuts cooked,572,39.6,5.5,19.7,12.5,38.3,4.4,24.3,15.8,0.0,1.4,75.2,0.0,0.5,0.1,0.0,0.1,9.5,1.5,0.3,0.0,0.0,7.4,0.0,99.0,0.9,1.8,183.6,1.8,356.4,324.0,0.027,3.3,218.8,FOOD-DATA-GROUP4,23.77690802348337,37.47553816046967,38.74755381604697,0.6183206106870229,572,4.2408376963350785,2.757417102966841,11.195928753180663,10.0,0.0024432809773123907,0,0,1,0
158,158,pumpkin squash seeds dried,721,63.3,11.2,21.0,27.1,13.8,1.8,39.0,7.7,0.0,0.013,6.7,0.0,0.4,0.024,0.0,0.2,6.4,1.0,0.2,2.5,0.0,2.8,0.03,59.3,1.7,11.4,763.7,5.9,1590.6,1043.6,0.078,10.1,197.0,FOOD-DATA-GROUP4,33.59173126614987,11.886304909560724,54.52196382428941,2.635135135135135,721,5.401662049861495,1.0664819944598338,12.162162162162161,10.0,1.8005540166204986e-05,0,0,1,0
159,159,cashew nuts raw,156,12.4,2.2,6.7,2.2,8.5,1.7,5.2,0.9,0.0,0.02,1.5,0.0,0.1,0.076,0.0,0.071,0.3,0.2,0.1,0.1,0.0,0.3,0.04,10.5,0.6,1.9,82.6,0.5,167.8,186.8,0.039,1.6,39.5,FOOD-DATA-GROUP4,19.923371647509576,32.56704980842912,47.509578544061306,0.5473684210526316,156,3.3121019108280256,0.5732484076433122,17.894736842105264,1.8,0.00012738853503184715,0,0,0,0
160,160,sunflower seeds dried,269,23.7,2.0,8.5,10.6,9.2,1.2,9.6,4.0,0.0,0.014,2.2,0.0,0.7,0.1,0.0,0.2,3.8,0.5,0.6,0.6,0.0,16.2,0.0,35.9,0.8,2.4,149.5,0.9,303.6,296.7,0.077,2.3,85.4,FOOD-DATA-GROUP4,22.588235294117645,21.64705882352941,55.76470588235294,0.9411764705882353,269,3.5555555555555554,1.4814814814814816,11.76470588235294,8.0,5.185185185185185e-05,0,0,0,0
161,161,lotus seeds dried,106,0.6,0.1,0.1,0.4,20.6,0.0,4.9,0.0,0.0,0.024,4.5,0.0,0.2,0.019,0.0,0.059,0.5,0.3,0.2,0.0,0.0,0.0,0.0,52.2,0.1,1.1,67.2,0.7,200.3,437.8,0.0,0.3,79.4,FOOD-DATA-GROUP4,18.773946360153257,78.9272030651341,2.298850574712643,0.22685185185185186,106,4.579439252336448,0.0,0.0,0.0,0.00022429906542056075,0,0,0,0
162,162,butternuts dried,734,68.4,1.6,12.5,51.3,14.5,0.0,29.9,5.6,0.0,0.062,4.0,0.0,0.5,0.088,0.0,0.2,1.3,0.8,0.7,3.8,0.0,0.0,0.0,63.6,0.5,4.8,284.4,7.9,535.2,505.2,0.028,3.8,190.6,FOOD-DATA-GROUP4,26.507092198581557,12.854609929078013,60.63829787234043,1.929032258064516,734,4.068027210884353,0.7619047619047619,0.0,10.0,8.435374149659864e-05,0,0,0,0
163,163,sesame seeds dried,52,4.5,0.6,1.7,2.0,2.1,0.031,1.6,1.1,0.0,0.049,0.4,0.0,0.037,0.05,0.0,0.057,0.4,0.082,0.096,0.0,0.0,0.099,0.0,87.8,0.4,1.3,31.6,0.2,56.6,42.1,0.047,0.7,98.4,FOOD-DATA-GROUP4,19.512195121951223,25.609756097560975,54.87804878048781,0.5161290322580645,52,3.018867924528302,2.075471698113208,1.0,2.2,0.0009245283018867925,0,0,0,0
164,164,breadfruit seeds,57,1.7,0.5,0.2,0.9,8.8,0.0,2.2,1.6,0.0,0.04,16.9,0.0,0.1,0.095,0.0,0.066,0.1,0.3,0.024,2.0,0.0,0.0,0.0,10.8,0.3,1.1,16.2,0.049,52.5,282.3,0.0,0.3,28.2,FOOD-DATA-GROUP4,17.322834645669293,69.29133858267717,13.385826771653544,0.22448979591836735,57,3.7931034482758625,2.7586206896551726,0.0,3.2,0.0006896551724137932,0,0,0,0
165,165,pinyon pine nuts dried,1,0.073,0.022,0.044,0.074,0.01,0.0,0.083,0.005,0.0,0.07,0.045,0.0,0.02,0.066,0.0,0.04,0.027,0.0,0.048,0.004,0.0,0.0,0.0,0.022,0.078,0.007,0.2,0.012,0.098,0.6,0.0,0.049,0.359,FOOD-DATA-GROUP4,50.000000000000014,6.024096385542169,43.975903614457835,0.08217821782178218,1,4.15,0.25,0.0,0.01,0.035,0,0,0,0
166,166,pine nuts dried,909,92.3,6.6,25.3,46.0,17.7,4.8,18.5,5.0,0.0,0.086,3.1,0.0,0.5,0.018,0.0,0.3,5.9,0.4,0.1,1.1,0.0,12.6,0.002,21.6,1.8,7.5,338.9,11.9,776.3,806.0,0.061,8.7,163.7,FOOD-DATA-GROUP4,14.396887159533073,13.774319066147859,71.82879377431907,0.9893048128342247,909,2.032967032967033,0.5494505494505495,25.668449197860966,10.0,9.45054945054945e-05,0,0,1,0
167,167,flaxseeds,55,4.3,0.4,0.8,3.0,3.0,0.2,1.9,2.8,0.0,0.035,0.7,0.0,0.2,0.015,0.0,0.095,0.3,0.1,0.056,0.023,0.0,0.042,0.053,26.3,0.1,0.6,40.4,0.3,66.1,83.7,0.05,0.4,38.994,FOOD-DATA-GROUP4,20.652173913043477,32.608695652173914,46.73913043478261,0.475,55,3.392857142857143,5.0,5.0,5.6,0.000625,0,0,0,0
168,168,safflower seed kernels dried,146,10.9,1.0,1.4,8.0,9.7,0.0,4.6,0.0,0.0,0.042,1.6,0.0,0.3,0.055,0.0,0.1,0.6,1.1,0.3,0.0,0.0,0.0,0.0,22.1,0.5,1.4,99.9,0.6,182.3,194.4,0.0,1.4,48.7,FOOD-DATA-GROUP4,18.253968253968253,38.49206349206349,43.25396825396825,0.42990654205607476,146,3.1292517006802716,0.0,0.0,0.0,0.00028571428571428574,0,0,0,0
169,169,pistachio nuts raw,691,55.8,6.8,29.3,16.9,33.8,9.4,24.9,12.7,0.0,0.037,4.8,0.0,1.1,0.087,0.0,0.2,1.6,0.6,2.1,6.9,0.0,2.8,0.0,129.2,1.6,4.8,148.8,1.5,602.7,1260.8,0.078,2.7,268.1,FOOD-DATA-GROUP4,21.746724890829693,29.519650655021834,48.73362445414847,0.7155172413793104,691,3.598265895953757,1.8352601156069361,27.011494252873568,10.0,5.346820809248555e-05,0,0,1,0
170,170,peanuts raw,828,71.9,10.0,35.7,22.7,23.5,5.8,37.7,12.4,0.0,0.038,9.5,0.0,0.9,0.4,0.0,0.2,17.6,2.6,0.5,0.0,0.0,12.2,0.0,134.3,1.7,6.7,245.3,2.8,549.0,1029.3,0.032,4.8,286.5,FOOD-DATA-GROUP4,28.32456799398948,17.655897821187075,54.019534184823435,1.5387755102040817,828,4.547647768395658,1.4957780458383596,23.6734693877551,10.0,4.583835946924005e-05,0,0,1,0
171,171,poppy seeds,46,3.7,0.4,0.5,2.5,2.5,0.3,1.6,1.7,0.0,0.079,0.5,0.0,0.034,0.044,0.0,0.04,0.069,0.071,0.09,0.061,0.0,0.2,0.0,126.5,0.1,0.9,30.5,0.6,76.6,63.3,0.059,0.7,136.934,FOOD-DATA-GROUP4,20.512820512820515,32.05128205128205,47.43589743589744,0.4571428571428572,46,3.404255319148936,3.6170212765957444,8.571428571428571,3.4,0.0016808510638297873,0,0,0,0
172,172,valencia peanuts raw,832,69.5,10.7,31.3,24.1,30.5,0.0,36.6,12.7,0.0,0.094,6.2,0.0,0.9,0.4,0.0,0.4,18.8,2.6,0.5,0.0,0.0,0.0,0.0,90.5,1.7,3.1,268.6,2.9,490.6,484.7,0.056,4.9,242.9,FOOD-DATA-GROUP4,26.793557833089316,22.327964860907763,50.878477306002935,1.161904761904762,832,4.393757503001201,1.5246098439375748,0.0,10.0,0.00011284513805522209,0,0,1,0
173,173,spanish peanuts,832,72.4,11.2,32.6,25.1,23.1,0.0,38.2,13.9,0.0,0.036,9.3,0.0,1.0,0.4,0.0,0.2,23.3,2.6,0.5,0.0,0.0,0.0,0.0,154.8,1.3,5.7,274.5,3.9,566.5,1086.2,0.077,3.1,308.1,FOOD-DATA-GROUP4,28.57142857142857,17.277486910994764,54.15108451757666,1.5850622406639003,832,4.585834333733494,1.6686674669867947,0.0,10.0,4.32172869147659e-05,0,0,1,0
174,174,dill seeds,20,1.0,0.018,0.6,0.041,3.6,0.0,1.1,1.4,0.0,0.037,0.5,0.0,0.011,0.085,0.0,0.059,0.2,0.0,0.001,1.4,0.0,0.0,0.0,100.1,0.009,1.1,16.9,0.1,18.3,78.3,0.075,0.3,109.7,FOOD-DATA-GROUP4,19.29824561403509,63.1578947368421,17.543859649122805,0.23913043478260873,20,5.238095238095238,6.666666666666667,0.0,2.8,0.0017619047619047618,0,0,0,0
175,175,caraway seeds,22,1.0,0.03,0.5,0.2,3.3,0.038,1.3,2.5,0.0,0.014,0.7,0.0,0.096,0.052,0.0,0.075,0.2,0.0,0.099,1.4,0.0,0.2,0.0,46.2,0.077,1.1,17.3,0.034,38.1,90.5,0.062,0.4,56.8,FOOD-DATA-GROUP4,23.21428571428572,58.92857142857143,17.857142857142858,0.3023255813953489,22,5.6521739130434785,10.869565217391305,0.8837209302325582,5.0,0.0006086956521739131,0,0,0,0
176,176,acorn raw,110,6.8,0.9,4.3,1.3,11.5,0.0,1.7,0.0,0.0,0.0,7.9,0.0,0.016,0.06,0.0,0.045,0.5,0.2,0.1,0.0,0.0,0.0,0.0,11.6,0.2,0.2,17.5,0.4,22.4,152.5,0.0,0.1,31.8,FOOD-DATA-GROUP4,8.5,57.49999999999999,34.0,0.136,110,1.5315315315315314,0.0,0.0,0.0,0.0,0,0,0,0
177,177,almonds roasted,182,16.6,1.3,10.4,4.1,5.3,1.4,6.4,3.2,0.0,0.029,0.8,0.0,0.055,0.032,0.0,0.2,1.1,0.049,0.065,0.0,0.0,7.8,0.0,87.3,0.3,1.1,82.2,0.7,139.8,209.7,0.017,0.9,119.9,FOOD-DATA-GROUP4,22.614840989399294,18.727915194346288,58.65724381625442,1.015873015873016,182,3.4972677595628414,1.7486338797814207,22.22222222222222,6.4,0.00015846994535519127,0,0,0,0
178,178,lotus seeds raw,25,0.1,0.097,0.011,0.002,4.9,0.0,1.2,0.0,0.0,0.02,21.8,0.0,0.073,0.052,0.0,0.07,0.1,0.088,0.074,0.0,0.0,0.0,0.0,12.5,0.079,0.3,15.8,0.2,47.5,103.9,0.0,0.043,19.0,FOOD-DATA-GROUP4,19.35483870967742,79.03225806451614,1.6129032258064515,0.20338983050847456,25,4.615384615384615,0.0,0.0,0.0,0.0007692307692307692,0,0,0,0
179,179,chestnuts cooked,37,0.4,0.016,0.1,0.2,7.9,0.0,0.6,0.0,0.0,0.046,19.3,0.0,0.095,0.099,0.0,0.053,0.2,0.046,0.021,7.6,0.0,0.0,0.0,13.0,0.1,0.5,15.3,0.2,28.0,202.3,0.0,0.02,30.0,FOOD-DATA-GROUP4,6.741573033707865,88.76404494382022,4.49438202247191,0.06741573033707865,37,1.5789473684210527,0.0,0.0,0.0,0.0012105263157894737,0,0,0,0
180,180,alfalfa seeds,1,0.075,0.029,0.067,0.057,0.002,0.058,0.1,0.015,0.0,0.048,2.8,0.0,0.065,0.008,0.0,0.078,0.02,0.051,0.021,0.2,0.0,0.036,0.042,1.0,0.048,0.034,0.8,0.024,2.1,2.4,0.076,0.071,1.435,FOOD-DATA-GROUP4,56.49717514124294,1.129943502824859,42.3728813559322,0.0998003992015968,1,5.0,0.75,5.788423153692615,0.03,0.024,0,0,0,0
181,181,virginia peanuts roasted,173,14.6,1.9,7.6,4.4,6.0,0.0,7.8,2.7,0.0,0.018,0.7,0.0,0.066,0.061,0.0,0.022,4.4,0.4,0.099,0.0,0.0,0.0,0.0,25.8,0.4,0.5,56.4,0.6,151.8,195.6,0.006,2.0,57.4,FOOD-DATA-GROUP4,27.464788732394368,21.126760563380284,51.40845070422535,1.1142857142857143,173,4.482758620689655,1.5517241379310347,0.0,5.4,0.00010344827586206896,0,0,0,0
182,182,hazelnuts raw,471,45.6,3.3,34.2,5.9,12.5,3.3,11.2,7.3,0.0,0.0,4.0,0.0,0.5,0.034,0.0,0.022,1.4,0.7,0.4,4.7,0.0,11.3,0.097,85.5,1.3,3.5,122.3,4.6,217.5,510.0,0.012,1.8,170.3,FOOD-DATA-GROUP4,16.16161616161616,18.037518037518037,65.80086580086581,0.8296296296296296,471,2.3728813559322033,1.5466101694915253,24.444444444444443,10.0,0.0,0,0,0,0
183,183,anise seeds,7,0.3,0.06,0.2,0.066,1.1,0.0,0.4,0.3,0.0,0.1,0.2,0.0,0.058,0.002,0.0,0.091,0.09,0.058,0.01,0.4,0.0,0.0,0.0,13.6,0.024,0.8,3.6,0.031,9.2,30.3,0.05,0.1,16.9,FOOD-DATA-GROUP4,22.222222222222225,61.111111111111114,16.666666666666664,0.19047619047619047,7,5.0,3.75,0.0,0.6,0.0125,0,0,0,0
184,184,macadamia nuts roasted,215,22.8,3.6,17.8,0.4,4.0,1.2,2.3,2.4,0.0,0.064,0.5,0.0,0.2,0.002,0.0,0.086,0.7,0.2,0.1,0.2,0.0,0.2,0.0,21.0,0.2,0.8,35.4,0.9,59.4,108.9,0.085,0.4,53.5,FOOD-DATA-GROUP4,7.903780068728522,13.745704467353951,78.35051546391753,0.45999999999999996,215,1.0648148148148149,1.1111111111111112,24.0,4.8,0.0002962962962962963,0,0,0,0
185,185,studentenfutter alnatura,139,7.8,0.9,4.8,2.0,13.2,11.7,3.1,0.031,1.7,0.0,0.0,0.0,0.0,0.0,0.0,0.0,0.0,0.0,0.0,0.0,0.0,0.0,0.0,0.0,0.0,0.0,0.0,0.0,0.0,0.0,0.0,0.0,24.152,FOOD-DATA-GROUP4,12.863070539419086,54.77178423236514,32.365145228215766,0.2183098591549296,139,2.2142857142857144,0.02214285714285714,82.3943661971831,0.062,0.0,0,0,0,0
186,186,pumpkin squash seeds roasted,46,3.9,0.7,1.3,1.6,1.2,0.1,2.4,0.5,0.0,0.045,0.2,0.0,0.046,0.041,0.0,0.046,0.4,0.02,0.012,0.1,0.0,0.049,0.002,4.2,0.1,0.6,44.0,0.4,93.9,63.0,0.05,0.6,12.9,FOOD-DATA-GROUP4,32.0,16.0,52.0,1.0909090909090908,46,5.106382978723404,1.0638297872340425,4.545454545454546,1.0,0.0009574468085106382,0,0,0,0
187,187,water chestnut raw,120,0.1,0.039,0.055,0.089,29.7,6.0,1.7,3.7,0.0,0.097,91.1,0.0,0.2,0.011,0.0,0.2,1.2,0.6,0.4,5.0,0.0,1.5,0.058,13.6,0.4,0.034,27.3,0.4,78.1,724.2,0.004,0.6,53.84,FOOD-DATA-GROUP4,5.396825396825396,94.28571428571428,0.31746031746031744,0.05537459283387622,120,1.4049586776859504,3.057851239669422,19.54397394136808,7.4,0.0008016528925619834,0,0,0,0
188,188,chestnuts roasted,37,0.3,0.009,0.1,0.1,7.9,1.6,0.5,0.8,0.0,0.043,6.1,0.0,0.08,0.096,0.0,0.011,0.2,0.046,0.075,3.9,0.0,0.08,0.008,4.4,0.075,0.1,5.0,0.2,16.1,88.8,0.037,0.086,17.9,FOOD-DATA-GROUP4,5.747126436781609,90.80459770114942,3.448275862068965,0.056179775280898875,37,1.3157894736842104,2.1052631578947367,17.97752808988764,1.6,0.001131578947368421,0,0,0,0
189,189,ginkgo nuts raw,52,0.5,0.029,0.2,0.2,10.6,0.0,1.2,0.0,0.0,0.067,15.6,0.0,0.013,0.085,0.0,0.04,1.7,0.078,0.098,4.2,0.0,0.0,0.0,0.6,0.029,0.3,7.6,0.027,35.1,144.3,0.0,0.079,17.4,FOOD-DATA-GROUP4,9.75609756097561,86.1788617886179,4.065040650406504,0.10344827586206896,52,2.2641509433962264,0.0,0.0,0.0,0.0012641509433962265,0,0,0,0
190,190,almonds raw,9,0.7,0.04,0.5,0.2,0.3,0.026,0.3,0.2,0.0,0.043,0.026,0.0,0.079,0.073,0.0,0.066,0.052,0.068,0.029,0.0,0.0,0.4,0.0,4.0,0.007,0.082,4.0,0.007,7.3,10.6,0.013,0.061,5.554,FOOD-DATA-GROUP4,23.076923076923077,23.076923076923077,53.846153846153854,0.23076923076923075,9,3.0,2.0,1.9999999999999998,0.4,0.0043,0,0,0,0
191,191,peanuts roasted,180,15.8,2.6,7.8,4.6,4.6,1.3,8.4,2.8,0.0,0.069,0.4,0.0,0.057,0.051,0.0,0.02,4.1,0.4,0.1,0.2,0.0,2.1,0.0,18.3,0.2,0.5,52.8,0.6,119.1,217.8,0.066,1.0,50.6,FOOD-DATA-GROUP4,29.166666666666668,15.972222222222221,54.861111111111114,1.5000000000000002,180,4.640883977900553,1.5469613259668507,23.21428571428572,5.6,0.0003812154696132597,0,0,0,0
192,192,sunflower seeds toasted,829,76.1,8.0,14.5,50.3,27.6,0.0,23.1,15.4,0.0,0.8,1.3,0.0,0.4,0.3,0.0,0.4,5.6,9.5,1.1,1.9,0.0,0.0,0.0,76.4,2.5,9.1,172.9,2.8,1551.7,657.9,0.066,7.1,229.6,FOOD-DATA-GROUP4,18.217665615141957,21.766561514195583,60.01577287066245,0.8076923076923077,829,2.7831325301204823,1.855421686746988,0.0,10.0,0.000963855421686747,0,0,1,0
193,193,sisymbrium seeds,235,3.4,0.7,1.1,1.5,43.1,0.0,9.0,0.0,0.0,0.047,4.5,0.0,0.1,0.072,0.0,0.3,12.5,0.7,0.6,22.7,0.0,0.0,0.0,1208.4,0.052,0.098,232.4,1.1,4.4,1576.2,0.0,0.2,1286.643,FOOD-DATA-GROUP4,16.216216216216218,77.65765765765767,6.126126126126126,0.20408163265306123,235,3.8135593220338984,0.0,0.0,0.0,0.00019915254237288136,0,0,0,0
194,194,breadnut tree seeds dried,587,2.7,0.7,0.3,1.4,127.0,0.0,13.8,23.8,0.0,0.091,10.4,0.0,0.04,0.2,0.0,0.2,3.4,3.0,1.1,74.6,0.0,0.0,0.0,150.4,3.9,7.4,184.0,0.5,284.8,3217.6,0.011,3.1,399.7,FOOD-DATA-GROUP4,9.616724738675957,88.50174216027874,1.8815331010452963,0.1078125,587,2.3469387755102042,4.0476190476190474,0.0,10.0,0.00015476190476190475,0,0,0,0
195,195,pecans raw,753,78.4,6.7,44.5,23.6,15.1,4.3,10.0,10.5,0.0,0.0,3.8,0.0,0.7,0.019,0.0,0.1,1.3,0.9,0.2,1.2,0.0,1.5,0.033,76.3,1.3,2.8,131.9,4.9,301.9,446.9,0.039,4.9,194.3,FOOD-DATA-GROUP4,9.66183574879227,14.589371980676328,75.74879227053141,0.6211180124223602,753,1.3262599469496021,1.3925729442970822,26.708074534161486,10.0,0.0,0,0,1,0
196,196,chia seeds dried,138,8.7,0.9,0.7,6.7,11.9,0.0,4.7,9.7,0.0,0.047,1.6,0.0,0.2,0.098,0.0,0.08,2.5,0.0,0.0,0.5,0.0,0.1,0.0,178.6,0.3,2.2,94.8,0.8,243.4,115.2,0.035,1.3,216.3,FOOD-DATA-GROUP4,18.57707509881423,47.03557312252965,34.387351778656125,0.3643410852713178,138,3.381294964028777,6.97841726618705,0.0,10.0,0.0003381294964028777,0,0,0,0
197,197,japanese chestnuts roasted,57,0.2,0.08,0.1,0.094,12.8,0.0,0.8,0.0,0.0,0.079,14.1,0.0,0.1,0.022,0.0,0.0,0.2,0.1,0.1,7.9,0.0,0.0,0.0,9.9,0.2,0.6,18.1,0.6,26.3,120.8,0.0,0.4,32.2,FOOD-DATA-GROUP4,5.797101449275362,92.7536231884058,1.4492753623188406,0.057971014492753624,57,1.3793103448275863,0.0,0.0,0.0,0.0013620689655172414,0,0,0,0
198,198,sesame seeds toasted,45,3.8,0.5,1.5,1.7,2.1,0.0,1.4,1.1,0.0,0.07,0.3,0.0,0.084,0.075,0.0,0.022,0.4,0.074,0.002,0.0,0.0,0.0,0.0,79.1,0.2,1.2,28.5,0.2,51.0,38.0,0.03,0.6,88.7,FOOD-DATA-GROUP4,19.17808219178082,28.767123287671236,52.054794520547944,0.4516129032258064,45,3.043478260869565,2.391304347826087,0.0,2.2,0.0015217391304347828,0,0,0,0
199,199,cashew nuts roasted,174,14.3,2.5,7.8,2.6,9.0,1.5,5.1,1.0,0.0,0.091,0.7,0.0,0.1,0.08,0.0,0.025,0.5,0.3,0.056,0.071,0.0,0.3,0.041,12.9,0.6,1.8,81.9,0.5,159.3,189.6,0.02,1.6,44.12,FOOD-DATA-GROUP4,17.957746478873236,31.690140845070424,50.352112676056336,0.51,174,2.914285714285714,0.5714285714285714,15.0,2.0,0.00052,0,0,0,0
200,200,lupins raw,668,17.5,2.1,7.1,4.4,72.7,0.0,65.1,34.0,0.0,0.009,18.8,0.0,1.2,0.6,0.0,0.4,3.9,1.4,0.6,8.6,0.0,0.0,0.0,316.8,1.8,7.8,356.4,4.3,792.0,1823.4,0.09,8.6,522.5,FOOD-DATA-GROUP4,41.918866709594326,46.8126207340631,11.268512556342563,0.8833107191316145,668,9.730941704035875,5.082212257100149,0.0,10.0,1.3452914798206276e-05,0,0,0,0
201,201,mustard seeds ground,10,0.7,0.012,0.5,0.2,0.6,0.1,0.5,0.2,0.0,0.017,0.1,0.0,0.072,0.093,0.0,0.02,0.093,0.018,0.0,0.1,0.0,0.1,0.086,5.3,0.055,0.2,7.4,0.078,16.6,14.8,0.003,0.1,7.6,FOOD-DATA-GROUP4,27.77777777777778,33.33333333333333,38.888888888888886,0.3125,10,4.545454545454546,1.8181818181818183,6.25,0.4,0.0015454545454545456,0,0,0,0
202,202,mixed nuts roasted,178,15.4,2.0,9.4,3.2,7.6,1.4,5.2,2.7,0.0,0.1,0.5,0.0,0.063,0.008,0.0,0.074,1.4,0.4,0.073,0.1,0.0,3.3,0.017,21.0,0.4,1.1,67.5,0.6,130.5,207.9,0.053,1.1,53.1,FOOD-DATA-GROUP4,18.439716312056735,26.95035460992907,54.60992907801418,0.6046511627906977,178,2.905027932960894,1.5083798882681565,16.279069767441857,5.4,0.000558659217877095,0,0,0,0
203,203,salat mix alestro,61,5.2,0.9,0.1,0.3,2.4,0.0,0.0,0.0,0.0,0.0,0.0,0.0,0.0,0.0,0.0,0.0,0.0,0.0,0.0,0.0,0.0,0.0,0.0,0.0,0.0,0.0,0.0,0.0,0.0,0.0,0.0,0.0,7.6,FOOD-DATA-GROUP4,0.0,31.57894736842105,68.42105263157895,0.0,61,0.0,0.0,0.0,0.0,0.0,0,0,0,0
204,204,chestnuts raw,309,3.3,0.6,1.1,1.3,66.0,0.0,3.5,11.7,0.0,0.02,70.5,0.0,0.3,0.03,0.0,0.2,1.7,0.7,0.5,62.4,0.0,0.0,0.0,39.2,0.6,1.5,46.4,1.4,134.9,751.1,0.0,0.8,187.6,FOOD-DATA-GROUP4,4.807692307692308,90.65934065934066,4.532967032967033,0.05223880597014925,309,1.129032258064516,3.774193548387097,0.0,10.0,6.451612903225807e-05,0,0,0,0
205,205,pistachio nuts roasted,172,13.7,1.7,7.4,4.0,8.5,2.3,6.3,3.1,0.0,0.008,0.6,0.0,0.0,0.2,0.009,0.0,0.072,0.4,0.2,0.3,0.9,0.0,0.7,0.054,32.1,0.4,1.2,32.7,0.4,140.7,302.1,0.021,32.348,FOOD-DATA-GROUP4,22.105263157894736,29.82456140350877,48.07017543859649,0.6631578947368421,172,3.641618497109826,1.7919075144508672,24.210526315789473,6.2,4.624277456647399e-05,0,0,0,0
206,206,walnut,33,3.3,0.3,0.4,2.4,0.7,0.1,0.8,0.3,0.0,0.041,0.2,0.0,0.064,0.004,0.0,0.037,0.075,0.029,0.018,0.037,0.0,0.06,0.029,4.9,0.058,0.1,7.9,0.2,17.3,22.1,0.06,0.2,10.109,FOOD-DATA-GROUP4,16.666666666666668,14.583333333333334,68.75,0.4705882352941177,33,2.3529411764705883,0.8823529411764706,5.882352941176471,0.6,0.0012058823529411764,0,0,0,0
207,207,celery seeds,25,1.6,0.1,1.0,0.2,2.7,0.078,1.2,0.8,0.0,0.068,0.4,0.0,0.098,0.05,0.0,0.022,0.2,0.0,0.039,1.1,0.0,0.06,0.0,114.9,0.029,2.9,28.6,0.5,35.6,91.0,0.057,0.5,125.2,FOOD-DATA-GROUP4,21.818181818181817,49.09090909090909,29.090909090909093,0.3243243243243243,25,4.615384615384615,3.076923076923077,2.108108108108108,1.6,0.0026153846153846158,0,0,0,0
208,208,hickorynuts dried,788,77.2,8.4,39.1,26.3,21.9,0.0,15.3,7.7,0.0,0.053,3.2,0.0,1.0,0.042,0.0,0.2,1.1,2.1,0.2,2.4,0.0,0.0,0.0,73.2,0.9,2.5,207.6,5.5,403.2,523.2,0.038,5.2,200.2,FOOD-DATA-GROUP4,13.374125874125875,19.14335664335664,67.48251748251748,0.6681222707423582,788,1.9391634980988595,0.9759188846641318,0.0,10.0,6.717363751584284e-05,0,0,1,0
209,209,spanish peanuts roasted,851,72.1,11.1,32.4,25.0,25.7,0.0,41.2,13.1,0.0,0.6,2.6,0.0,0.5,0.2,0.0,0.1,22.0,2.0,0.4,0.0,0.0,0.0,0.0,147.0,1.0,3.4,247.0,3.5,568.9,1140.7,0.083,2.9,302.5,FOOD-DATA-GROUP4,29.640287769784173,18.489208633093522,51.870503597122294,1.5430711610486894,851,4.835680751173709,1.5375586854460093,0.0,10.0,0.000704225352112676,0,0,1,0
210,210,woca seeds dried,102,0.3,0.025,0.044,0.059,22.6,0.1,2.2,5.4,0.0,0.048,2.6,0.0,0.029,0.092,0.0,0.042,1.2,0.4,0.3,0.0,0.0,10.1,0.0,7.6,0.041,0.4,24.3,0.3,64.8,156.5,0.021,1.8,38.5,FOOD-DATA-GROUP4,8.764940239043826,90.0398406374502,1.195219123505976,0.09322033898305085,102,2.1359223300970878,5.242718446601942,0.423728813559322,10.0,0.00046601941747572817,0,0,0,0
211,211,pecans roasted,215,22.6,2.2,12.3,7.1,3.9,1.2,2.8,2.9,0.0,0.062,0.3,0.0,0.1,0.053,0.0,0.02,0.4,0.2,0.071,0.2,0.0,0.8,0.0,20.1,0.4,0.7,36.3,1.1,78.9,117.6,0.004,1.3,53.2,FOOD-DATA-GROUP4,9.556313993174061,13.310580204778155,77.13310580204778,0.5714285714285714,215,1.2962962962962963,1.3425925925925926,24.489795918367342,5.8,0.00028703703703703703,0,0,0,0
212,212,fennel seeds,7,0.3,0.008,0.2,0.065,1.0,0.0,0.3,0.8,0.0,0.097,0.2,0.0,0.021,0.0,0.0,0.092,0.1,0.0,0.045,0.4,0.0,0.0,0.0,23.9,0.051,0.4,7.7,0.1,9.7,33.9,0.0,0.042,27.1,FOOD-DATA-GROUP4,18.749999999999996,62.5,18.749999999999996,0.15,7,3.75,10.0,0.0,1.6,0.012125,0,0,0,0
213,213,chinese chestnuts roasted,68,0.3,0.027,0.2,0.073,14.8,0.0,1.3,0.0,0.0,0.052,11.4,0.0,0.036,0.1,0.0,0.037,0.4,0.2,0.1,10.9,0.0,0.0,0.0,5.4,0.1,0.4,25.5,0.5,28.9,135.0,0.0,0.3,33.1,FOOD-DATA-GROUP4,7.926829268292682,90.24390243902438,1.8292682926829265,0.08227848101265822,68,1.884057971014493,0.0,0.0,0.0,0.0007536231884057971,0,0,0,0
214,214,watermelon seed kernels dried,602,51.2,10.6,8.0,30.3,16.5,0.0,30.6,0.0,0.0,0.1,5.5,0.0,0.2,0.038,0.0,0.2,3.8,0.4,0.032,0.0,0.0,0.0,0.0,58.3,0.7,7.9,556.2,1.7,815.4,699.8,0.0,11.1,164.5,FOOD-DATA-GROUP4,31.129196337741604,16.785350966429295,52.08545269582909,1.7485714285714287,602,5.074626865671642,0.0,0.0,0.0,0.0001658374792703151,0,0,1,0
215,215,macadamia nuts raw,38,4.0,0.6,3.1,0.059,0.7,0.2,0.4,0.5,0.0,0.011,0.011,0.0,0.032,0.061,0.0,0.042,0.1,0.066,0.035,0.062,0.0,0.058,0.0,4.5,0.009,0.2,6.8,0.2,9.9,19.3,0.064,0.034,10.387,FOOD-DATA-GROUP4,7.843137254901962,13.725490196078432,78.43137254901961,0.23529411764705885,38,1.0256410256410255,1.282051282051282,11.764705882352942,1.0,0.00028205128205128203,0,0,0,0
216,216,pectin,163,0.2,0.052,0.093,0.076,45.2,0.0,0.2,4.3,0.0,0.1,4.4,0.0,0.042,0.025,0.0,0.021,0.017,0.023,0.063,0.0,0.0,0.0,0.0,3.5,0.2,1.4,0.5,0.094,1.0,3.5,0.0,0.2,54.8,FOOD-DATA-GROUP4,0.43859649122807015,99.12280701754385,0.43859649122807015,0.004329004329004329,163,0.12195121951219512,2.6219512195121952,0.0,8.6,0.0006097560975609756,0,0,0,0
217,217,black walnut dried,31,3.0,0.2,0.8,1.8,0.5,0.018,1.2,0.3,0.0,0.028,0.2,0.0,0.014,0.083,0.0,0.097,0.036,0.056,0.067,0.032,0.0,0.091,0.029,3.1,0.071,0.2,10.1,0.2,25.7,26.2,0.046,0.2,8.347,FOOD-DATA-GROUP4,25.53191489361702,10.638297872340425,63.82978723404255,0.7999999999999999,31,3.75,0.9375,1.2,0.6,0.000875,0,0,0,0
218,218,water chestnut canned,70,0.015,0.05,0.068,0.053,17.2,3.4,1.2,3.5,0.0,0.011,121.0,0.0,0.035,0.016,0.0,0.03,0.5,0.3,0.2,1.8,0.0,0.7,0.043,5.6,0.1,1.2,7.0,0.2,26.6,165.2,0.099,0.5,30.594,FOOD-DATA-GROUP4,6.5164268259571,93.40211783871844,0.08145533532446375,0.06593406593406594,70,1.6901408450704223,4.929577464788732,18.681318681318682,7.0,0.00015492957746478874,0,0,0,0
219,219,ginkgo nuts dried,98,0.6,0.1,0.2,0.2,20.5,0.0,2.9,0.0,0.0,0.045,3.5,0.0,0.1,0.054,0.0,0.01,3.3,0.4,0.2,8.3,0.0,0.0,0.0,5.7,0.2,0.5,15.0,0.059,76.1,282.4,0.0,0.2,38.5,FOOD-DATA-GROUP4,12.083333333333334,85.41666666666666,2.5,0.13488372093023254,98,2.929292929292929,0.0,0.0,0.0,0.00045454545454545455,0,0,0,0
220,220,virginia peanuts raw,822,71.2,9.3,36.9,21.5,24.1,5.8,36.8,12.4,0.0,0.008,10.1,0.0,1.0,0.3,0.0,0.2,18.1,2.6,0.5,0.0,0.0,9.6,0.0,129.9,1.6,3.7,249.7,2.5,554.8,1007.4,0.042,6.5,278.1,FOOD-DATA-GROUP4,27.857683573050718,18.243754731264193,53.89856169568509,1.4661354581673305,822,4.471445929526124,1.5066828675577157,23.107569721115535,10.0,9.720534629404617e-06,0,0,1,0
221,221,valencia peanuts roasted,177,15.4,2.4,6.9,5.3,4.9,0.0,8.1,2.7,0.0,0.004,0.6,0.0,0.052,0.003,0.0,0.068,4.3,0.4,0.072,0.0,0.0,0.0,0.0,16.2,0.3,0.5,48.0,0.5,95.7,183.6,0.046,0.9,47.8,FOOD-DATA-GROUP4,28.52112676056338,17.253521126760564,54.22535211267606,1.3728813559322033,177,4.550561797752809,1.5168539325842698,0.0,5.4,2.2471910112359552e-05,0,0,0,0
222,222,nesfit diet cereal nestle,75,0.0,14.5,2.8,0.0,0.0,0.0,0.0,0.0,0.0,0.0,0.0,0.0,0.0,0.0,0.0,0.0,0.0,0.0,0.0,0.0,0.0,0.0,0.0,0.0,0.0,0.0,0.0,0.0,0.0,0.0,0.0,0.0,0.0,FOOD-DATA-GROUP4,0.0,0.0,0.0,0.0,75,0.0,0.0,0.0,0.0,0.0,0,0,1,0
223,223,corn grits cooked,182,1.2,0.2,0.2,0.4,37.9,0.3,4.4,2.1,0.0,0.6,213.1,0.0,0.2,0.002,0.0,0.1,2.1,0.1,0.1,0.0,0.0,0.03,0.0,2.6,0.0,1.5,18.0,0.008,51.4,69.4,0.052,0.5,49.7,FOOD-DATA-GROUP4,10.114942528735634,87.1264367816092,2.7586206896551726,0.11311053984575836,182,2.4043715846994536,1.1475409836065575,0.7712082262210797,4.2,0.003278688524590164,0,0,0,0
224,224,amaranth flakes,134,2.7,0.5,0.8,1.0,27.0,0.2,5.9,3.6,0.0,0.067,1.1,0.0,0.033,0.025,0.0,0.0,1.0,0.0,0.006,1.0,0.0,0.5,0.007,6.5,0.011,0.7,9.5,0.0,125.8,134.1,0.009,0.011,47.4,FOOD-DATA-GROUP4,16.57303370786517,75.84269662921348,7.584269662921349,0.21071428571428572,134,4.37037037037037,2.666666666666667,0.7142857142857143,7.2,0.0004962962962962963,0,0,0,0
225,225,granola,293,14.6,2.4,6.6,4.7,32.3,11.9,8.2,5.3,0.0,0.01,3.5,0.008,0.3,0.017,0.0,0.2,1.6,0.9,0.2,0.7,0.0,6.7,0.035,45.6,0.4,2.4,100.8,2.4,258.6,323.4,0.087,2.5,109.142,FOOD-DATA-GROUP4,14.882032667876585,58.620689655172406,26.497277676950997,0.24624624624624625,293,2.7891156462585034,1.8027210884353742,35.735735735735744,10.0,3.401360544217687e-05,0,0,0,0
226,226,muesli with fruit nuts,231,3.4,0.5,1.2,1.4,45.7,14.2,4.3,5.8,0.0,0.1,5.1,0.2,0.4,177.6,0.047,0.5,5.5,2.8,0.5,0.0,0.028,1.4,0.038,25.8,0.2,5.9,72.0,1.3,176.4,229.2,0.083,1.6,91.1,FOOD-DATA-GROUP4,8.05243445692884,85.5805243445693,6.367041198501873,0.09207708779443254,231,1.853448275862069,2.5,30.406852248394,10.0,0.00043103448275862074,0,0,0,0
227,227,muesli master crumble,124,2.4,1.0,19.8,8.5,4.5,0.042,2.4,0.0,0.0,0.0,0.0,0.0,0.0,0.0,0.0,0.0,0.0,0.0,0.0,0.0,0.0,0.0,0.0,0.0,0.0,0.0,0.0,0.0,0.0,0.0,0.0,0.0,9.3,FOOD-DATA-GROUP4,25.806451612903224,48.387096774193544,25.806451612903224,0.43636363636363634,124,1.92,0.0,0.7636363636363637,0.0,0.0,0,0,0,0
228,228,bran flakes,131,0.8,0.2,0.1,0.5,32.2,7.4,4.0,7.3,0.0,0.2,1.4,0.0,0.3,0.5,0.4,0.011,0.6,6.7,0.3,0.7,0.0,0.09,0.3,0.025,17.6,0.3,11.2,91.6,1.4,179.6,213.2,0.083,45.358,FOOD-DATA-GROUP4,10.81081081081081,87.02702702702703,2.1621621621621623,0.12048192771084336,131,3.0303030303030303,5.530303030303029,22.289156626506024,10.0,0.0015151515151515152,0,0,0,0
229,229,nut cereal,245,5.9,1.0,3.9,0.5,46.2,17.2,4.0,3.6,0.0,0.3,2.6,0.2,0.5,0.3,0.0,0.6,6.5,0.3,0.7,10.7,0.002,0.0,0.0,75.6,0.2,10.3,39.0,1.0,106.8,134.4,0.066,3.0,156.5,FOOD-DATA-GROUP4,7.130124777183601,82.3529411764706,10.516934046345812,0.0847457627118644,245,1.6260162601626018,1.4634146341463417,36.440677966101696,7.2,0.0012195121951219512,0,1,0,0
230,230,corn flakes,108,0.3,0.098,0.071,0.018,24.6,2.2,1.7,0.8,0.0,0.2,0.9,0.0,0.3,1.3,0.026,0.056,0.5,5.9,0.022,0.5,18.2,0.011,0.011,0.0,0.6,0.083,5.4,2.0,0.06,9.2,30.0,0.077,27.947,FOOD-DATA-GROUP4,6.390977443609022,92.4812030075188,1.1278195488721803,0.06640625,108,1.5596330275229358,0.7339449541284404,8.59375,1.6,0.001834862385321101,0,0,0,0
231,231,corn grits dry,36,0.2,0.022,0.018,0.032,7.7,0.008,0.7,0.4,0.0,0.054,1.1,0.0,0.1,0.08,0.0,0.032,0.4,0.072,0.097,0.0,0.0,0.07,0.0,0.4,0.086,0.3,3.5,0.029,10.8,13.7,0.024,0.046,9.7,FOOD-DATA-GROUP4,8.139534883720929,89.53488372093024,2.3255813953488373,0.08045977011494253,36,1.8918918918918917,1.0810810810810811,0.09195402298850576,0.8,0.0014594594594594594,0,0,0,0
0,0,margarine with yoghurt,88,9.8,1.9,5.6,2.0,0.073,0.0,0.058,0.0,0.0,0.018,3.9,0.1,0.074,0.086,0.073,0.005,0.097,0.0,0.075,0.082,0.0,0.7,0.002,2.8,0.001,0.027,0.3,0.0,2.2,3.5,0.0,0.008,12.971,FOOD-DATA-GROUP5,0.5840298056590474,0.7350719967777665,98.68089819756318,0.05405405405405406,88,0.0651685393258427,0.0,0.0,0.0,0.00020224719101123595,0,0,0,0
1,1,sunflower seed butter,99,8.8,0.7,6.2,1.6,3.7,1.7,2.8,0.9,0.0,0.065,0.1,0.0,0.021,0.005,0.0,0.075,1.1,0.2,0.013,0.4,0.0,3.7,0.0,10.2,0.3,0.7,49.8,0.3,106.6,92.2,0.075,0.8,27.5,FOOD-DATA-GROUP5,18.30065359477124,24.18300653594771,57.516339869281055,0.5957446808510638,99,2.8,0.9000000000000001,36.170212765957444,1.8,0.00065,0,0,0,0
2,2,hazelnut oil,120,13.6,1.0,10.6,1.4,0.0,0.0,0.0,0.0,0.0,0.0,0.0,0.0,0.0,0.0,0.0,0.0,0.0,0.0,0.0,0.0,0.0,6.4,0.0,0.0,0.0,0.0,0.0,0.0,0.0,0.0,0.0,0.0,13.6,FOOD-DATA-GROUP5,0.0,0.0,100.0,0.0,120,0.0,0.0,0.0,0.0,0.0,0,0,0,0
3,3,menhaden fish oil,1966,218.0,66.3,58.2,74.5,0.0,0.0,0.0,0.0,1135.8,0.0,0.0,0.0,0.0,0.0,0.0,0.0,0.0,0.0,0.0,0.0,0.0,0.0,0.0,0.0,0.0,0.0,0.0,0.0,0.0,0.0,0.0,0.0,218.0,FOOD-DATA-GROUP5,0.0,0.0,100.0,0.0,1966,0.0,0.0,0.0,0.0,0.0,0,0,1,1
4,4,cod liver fish oil,123,13.6,3.1,6.4,3.1,0.0,0.0,0.0,0.0,77.5,0.0,0.0,4.1,0.0,0.0,0.0,0.0,0.0,0.0,0.0,0.0,0.004,0.0,0.0,0.0,0.0,0.0,0.0,0.0,0.0,0.0,0.0,0.0,17.7,FOOD-DATA-GROUP5,0.0,0.0,100.0,0.0,123,0.0,0.0,0.0,0.0,0.0,0,0,0,0
5,5,sardine oil,123,13.6,4.1,4.6,4.3,0.0,0.0,0.0,0.0,96.6,0.0,0.0,0.0,0.0,0.0,0.0,0.0,0.0,0.0,0.0,0.0,0.02,0.0,0.0,0.0,0.0,0.0,0.0,0.0,0.0,0.0,0.0,0.0,13.6,FOOD-DATA-GROUP5,0.0,0.0,100.0,0.0,123,0.0,0.0,0.0,0.0,0.0,0,0,0,0
6,6,cupu assu oil,120,13.6,7.2,5.3,0.5,0.0,0.0,0.0,0.0,0.0,0.0,0.0,0.0,0.0,0.0,0.0,0.0,0.0,0.0,0.0,0.0,0.0,0.035,0.0,0.0,0.0,0.0,0.0,0.0,0.0,0.0,0.0,0.0,13.6,FOOD-DATA-GROUP5,0.0,0.0,100.0,0.0,120,0.0,0.0,0.0,0.0,0.0,0,0,1,0
7,7,lard,115,12.8,5.0,5.8,1.4,0.0,0.0,0.0,0.0,12.2,0.0,0.0,0.0,0.0,0.0,0.0,0.0,0.0,0.0,0.0,0.0,0.025,0.078,0.0,0.0,0.0,0.0,0.0,0.0,0.0,0.0,0.012,0.089,12.8,FOOD-DATA-GROUP5,0.0,0.0,100.0,0.0,115,0.0,0.0,0.0,0.0,0.0,0,0,0,0
8,8,sesame butter,94,8.1,1.1,3.1,3.6,3.8,0.0,2.9,0.9,0.0,0.031,0.3,0.0,0.004,0.002,0.0,0.099,1.1,0.077,0.1,0.0,0.0,0.0,0.0,153.6,0.7,3.1,57.9,0.4,105.4,93.1,0.088,1.2,172.4,FOOD-DATA-GROUP5,19.594594594594593,25.675675675675674,54.729729729729726,0.6041666666666666,94,3.052631578947368,0.9473684210526316,0.0,1.8,0.0003263157894736842,0,0,0,0
9,9,margarine spread,59,6.7,1.2,2.3,2.8,0.1,0.0,0.082,0.0,0.1,0.019,7.0,0.0,0.0,0.067,0.0,0.084,0.0,0.051,0.049,0.0,0.0,0.6,0.073,0.6,0.045,0.078,0.1,0.0,0.6,5.0,0.0,0.054,7.547,FOOD-DATA-GROUP5,1.191514094739901,1.4530659691950014,97.35541993606509,0.07454545454545454,59,0.13666666666666666,0.0,0.0,0.0,0.00031666666666666665,0,0,0,0
10,10,lard vegetable oil,115,12.8,5.2,5.7,1.4,0.0,0.0,0.0,0.0,7.2,0.0,0.0,0.0,0.0,0.0,0.0,0.0,0.0,0.0,0.0,0.0,0.0,0.1,0.016,0.0,0.0,0.0,0.0,0.0,0.0,0.0,0.0,0.0,12.8,FOOD-DATA-GROUP5,0.0,0.0,100.0,0.0,115,0.0,0.0,0.0,0.0,0.0,0,0,1,0
11,11,shortening,113,12.8,3.2,5.7,3.3,0.0,0.0,0.0,0.0,0.0,0.0,0.0,0.0,0.0,0.0,0.0,0.0,0.0,0.0,0.0,0.0,0.0,0.8,0.039,0.0,0.0,0.0,0.0,0.0,0.0,0.0,0.0,0.0,12.8,FOOD-DATA-GROUP5,0.0,0.0,100.0,0.0,113,0.0,0.0,0.0,0.0,0.0,0,0,0,0
12,12,vegetable oil spread,75,8.4,1.7,2.7,3.7,0.1,0.0,0.007,0.0,0.1,0.081,5.3,0.1,0.098,0.052,0.088,0.06,0.081,0.0,0.5,0.092,0.0,3.0,0.022,2.9,0.0,0.0,0.3,0.0,2.2,4.2,0.0,0.0,11.613,FOOD-DATA-GROUP5,0.08228517691313036,1.1755025273304338,98.74221229575645,0.006363636363636363,75,0.009210526315789475,0.0,0.0,0.0,0.0010657894736842105,0,0,0,0
13,13,cottonseed oil,120,13.6,3.5,2.4,7.1,0.0,0.0,0.0,0.0,0.0,0.0,0.0,0.0,0.0,0.0,0.0,0.0,0.0,0.0,0.0,0.0,0.0,4.8,0.066,0.0,0.0,0.0,0.0,0.0,0.0,0.0,0.0,0.0,13.6,FOOD-DATA-GROUP5,0.0,0.0,100.0,0.0,120,0.0,0.0,0.0,0.0,0.0,0,0,0,0
14,14,vegetable oil spread fat free,6,0.5,0.015,0.1,0.3,0.4,0.0,0.2,0.0,0.2,0.1,13.7,0.1,0.015,0.004,0.069,0.079,0.002,0.0,0.077,0.051,0.0,0.8,0.062,5.7,0.052,0.041,0.6,0.0,4.5,7.5,0.0,0.044,7.001,FOOD-DATA-GROUP5,18.181818181818183,36.36363636363637,45.45454545454545,0.14285714285714288,6,2.857142857142857,0.0,0.0,0.0,0.014285714285714287,0,0,0,0
15,15,soy margarine,88,9.9,3.2,5.2,1.1,0.0,0.0,0.0,0.0,0.0,0.1,3.9,2.7,0.0,0.006,0.058,0.0,0.035,0.0,0.041,0.051,0.0,0.0,0.8,0.0,0.0,0.0,0.0,0.0,0.0,0.0,0.0,0.0,12.642,FOOD-DATA-GROUP5,0.0,0.0,100.0,0.0,88,0.0,0.0,0.0,0.0,0.0011235955056179776,0,0,0,0
16,16,margarine with salt,100,11.3,2.1,5.4,3.4,0.017,0.0,0.031,0.0,0.0,0.1,2.3,2.1,0.1,0.001,0.063,0.08,0.094,0.054,0.0,0.036,0.013,0.0,1.3,0.068,0.4,0.0,0.059,0.4,0.0,0.7,2.5,0.0,13.618,FOOD-DATA-GROUP5,0.27317589002467396,0.1498061332393373,99.57701797673599,0.030481809242871194,100,0.030693069306930693,0.0,0.0,0.0,0.0009900990099009901,0,0,0,0
17,17,margarine,102,11.5,2.2,5.5,3.5,0.018,0.0,0.037,0.0,0.0,0.091,2.3,2.1,0.1,0.084,0.065,0.02,0.093,0.034,0.0,0.076,0.098,0.0,1.3,0.059,0.4,0.0,0.073,0.4,0.0,0.7,2.6,0.0,13.719,FOOD-DATA-GROUP5,0.32020770229337947,0.15577672003461704,99.524015577672,0.036345776031434185,102,0.035922330097087375,0.0,0.0,0.0,0.000883495145631068,0,0,0,0
18,18,salmon fish oil,123,13.6,2.7,3.9,5.5,0.0,0.0,0.0,0.0,66.0,0.0,0.0,0.0,0.0,0.0,0.0,0.0,0.0,0.0,0.0,0.0,0.0,0.0,0.0,0.0,0.0,0.0,0.0,0.0,0.0,0.0,0.0,0.0,13.6,FOOD-DATA-GROUP5,0.0,0.0,100.0,0.0,123,0.0,0.0,0.0,0.0,0.0,0,0,0,0
19,19,nutmeg butter oil,1927,218.0,196.2,10.5,0.0,0.0,0.0,0.0,0.0,0.0,0.0,0.0,0.0,0.0,0.0,0.0,0.0,0.0,0.0,0.0,0.0,0.0,0.4,0.0,0.0,0.0,0.0,0.0,0.0,0.0,0.0,0.0,0.0,218.0,FOOD-DATA-GROUP5,0.0,0.0,100.0,0.0,1927,0.0,0.0,0.0,0.0,0.0,0,0,1,0
20,20,almond butter,98,8.9,0.7,5.2,2.2,3.0,0.7,3.4,1.6,0.0,0.037,0.3,0.0,0.039,0.017,0.0,0.2,0.5,0.016,0.072,0.0,0.0,3.9,0.0,55.5,0.1,0.6,44.6,0.3,81.3,119.7,0.054,0.5,73.0,FOOD-DATA-GROUP5,22.22222222222222,19.607843137254903,58.16993464052288,0.85,98,3.4343434343434343,1.6161616161616161,17.5,3.2,0.0003737373737373737,0,0,0,0
21,21,sour cream shoprite,60,5.0,3.5,1.0,1.0,1.0,0.014,0.0,0.0,0.0,0.0,0.0,0.0,0.0,0.0,0.0,0.0,0.0,0.0,0.0,0.0,0.0,0.0,0.0,0.0,0.0,0.0,0.0,0.0,0.0,0.0,0.0,0.0,6.0,FOOD-DATA-GROUP5,0.0,16.666666666666664,83.33333333333334,0.0,60,0.0,0.0,0.7000000000000001,0.0,0.0,0,0,0,0
22,22,ucuhuba butter oil,120,13.6,11.6,0.9,0.4,0.0,0.0,0.0,0.0,0.0,0.0,0.0,0.0,0.0,0.0,0.0,0.0,0.0,0.0,0.0,0.0,0.0,0.061,0.0,0.0,0.0,0.0,0.0,0.0,0.0,0.0,0.0,0.0,13.6,FOOD-DATA-GROUP5,0.0,0.0,100.0,0.0,120,0.0,0.0,0.0,0.0,0.0,0,0,1,0
23,23,chicken fat,115,12.8,3.8,5.7,2.7,0.0,0.0,0.0,0.0,10.9,0.0,0.032,0.0,0.0,0.0,0.0,0.0,0.0,0.0,0.0,0.0,0.011,0.3,0.0,0.0,0.0,0.0,0.0,0.0,0.0,0.0,0.068,0.0,12.8,FOOD-DATA-GROUP5,0.0,0.0,100.0,0.0,115,0.0,0.0,0.0,0.0,0.0,0,0,0,0
24,24,herring fish oil,123,13.6,2.9,7.7,2.1,0.0,0.0,0.0,0.0,104.2,0.0,0.0,0.0,0.0,0.0,0.0,0.0,0.0,0.0,0.0,0.0,0.0,0.0,0.0,0.0,0.0,0.0,0.0,0.0,0.0,0.0,0.0,0.0,13.6,FOOD-DATA-GROUP5,0.0,0.0,100.0,0.0,123,0.0,0.0,0.0,0.0,0.0,0,0,0,1
25,25,bacon grease,39,4.3,1.7,1.9,0.5,0.0,0.0,0.0,0.0,4.1,0.009,0.0,0.0,0.0,0.0,0.0,0.0,0.0,0.0,0.0,0.0,0.063,0.081,0.0,0.0,0.0,0.0,0.0,0.0,0.0,0.0,0.0,0.031,4.3,FOOD-DATA-GROUP5,0.0,0.0,100.0,0.0,39,0.0,0.0,0.0,0.0,0.000225,0,0,0,0
26,26,turkey fat,45,5.0,1.5,2.1,1.2,0.0,0.0,0.0,0.0,5.1,0.0,0.014,0.0,0.0,0.0,0.0,0.0,0.0,0.0,0.0,0.0,0.085,0.1,0.0,0.0,0.0,0.0,0.0,0.0,0.0,0.0,0.083,0.0,5.0,FOOD-DATA-GROUP5,0.0,0.0,100.0,0.0,45,0.0,0.0,0.0,0.0,0.0,0,0,0,0
27,27,beef tallow,115,12.8,6.4,5.4,0.5,0.0,0.0,0.0,0.0,14.0,0.0,0.0,0.0,0.0,0.0,0.0,0.0,0.0,0.0,0.0,0.0,0.062,0.3,0.0,0.0,0.0,0.0,0.0,0.0,0.0,0.0,0.015,0.0,12.8,FOOD-DATA-GROUP5,0.0,0.0,100.0,0.0,115,0.0,0.0,0.0,0.0,0.0,0,0,1,0
28,28,goose fat,45,5.0,1.4,2.8,0.6,0.0,0.0,0.0,0.0,5.0,0.0,0.053,0.0,0.0,0.0,0.0,0.0,0.0,0.0,0.0,0.0,0.0,0.1,0.0,0.0,0.0,0.0,0.0,0.0,0.0,0.0,0.098,0.0,5.0,FOOD-DATA-GROUP5,0.0,0.0,100.0,0.0,45,0.0,0.0,0.0,0.0,0.0,0,0,0,0
29,29,duck fat,44,5.0,1.7,2.5,0.6,0.0,0.0,0.0,0.0,5.0,0.0,0.015,0.0,0.0,0.0,0.0,0.0,0.0,0.0,0.0,0.0,0.043,0.1,0.0,0.0,0.0,0.0,0.0,0.0,0.0,0.0,0.041,0.0,5.0,FOOD-DATA-GROUP5,0.0,0.0,100.0,0.0,44,0.0,0.0,0.0,0.0,0.0,0,0,0,0
30,30,mutton tallow,45,5.0,2.4,2.0,0.4,0.0,0.0,0.0,0.0,5.1,0.0,0.0,0.0,0.0,0.0,0.0,0.0,0.0,0.0,0.0,0.0,0.089,0.1,0.0,0.0,0.0,0.0,0.0,0.0,0.0,0.0,0.057,0.0,5.0,FOOD-DATA-GROUP5,0.0,0.0,100.0,0.0,45,0.0,0.0,0.0,0.0,0.0,0,0,0,0
31,31,grapeseed oil,120,13.6,1.3,2.2,9.5,0.0,0.0,0.0,0.0,0.0,0.0,0.0,0.0,0.0,0.0,0.0,0.0,0.0,0.0,0.0,0.0,0.0,3.9,0.0,0.0,0.0,0.0,0.0,0.0,0.0,0.0,0.0,0.0,13.6,FOOD-DATA-GROUP5,0.0,0.0,100.0,0.0,120,0.0,0.0,0.0,0.0,0.0,0,0,0,0
32,32,sheanut oil,1927,218.0,101.6,95.9,11.3,0.0,0.0,0.0,0.0,0.0,0.0,0.0,0.0,0.0,0.0,0.0,0.0,0.0,0.0,0.0,0.0,0.0,0.0,0.0,0.0,0.0,0.0,0.0,0.0,0.0,0.0,0.0,0.0,218.0,FOOD-DATA-GROUP5,0.0,0.0,100.0,0.0,1927,0.0,0.0,0.0,0.0,0.0,0,0,1,0
33,33,almond oil,120,13.6,1.1,9.5,2.4,0.0,0.0,0.0,0.0,0.0,0.0,0.0,0.0,0.0,0.0,0.0,0.0,0.0,0.0,0.0,0.0,0.0,5.3,0.053,0.0,0.0,0.0,0.0,0.0,0.0,0.0,0.0,0.0,13.6,FOOD-DATA-GROUP5,0.0,0.0,100.0,0.0,120,0.0,0.0,0.0,0.0,0.0,0,0,0,0
34,34,sunflower oil,120,13.6,1.2,7.8,3.9,0.0,0.0,0.0,0.0,0.0,0.0,0.0,0.066,0.0,0.0,0.0,0.0,0.0,0.0,0.0,0.0,0.0,0.0,5.6,0.1,0.0,0.0,0.06,0.0,0.0,0.0,0.0,0.0,13.617,FOOD-DATA-GROUP5,0.0,0.0,100.0,0.0,120,0.0,0.0,0.0,0.0,0.0,0,0,0,0
35,35,cashew butter,94,7.9,1.6,4.7,1.3,4.4,0.8,2.8,0.3,0.0,0.071,0.5,0.0,0.065,0.099,0.0,0.042,0.3,0.2,0.059,0.0,0.0,0.1,0.093,6.9,0.4,0.8,41.3,0.1,73.1,87.4,0.056,0.8,23.1,FOOD-DATA-GROUP5,18.543046357615893,29.13907284768212,52.317880794701985,0.5185185185185185,94,2.9473684210526314,0.3157894736842105,14.814814814814813,0.6,0.0007473684210526316,0,0,0,0
36,36,canola oil,124,14.0,1.0,8.9,3.9,0.0,0.0,0.0,0.0,0.0,0.0,0.0,0.032,0.0,0.0,0.0,0.0,0.0,0.0,0.0,0.0,0.0,0.0,2.4,0.088,0.0,0.0,0.0,0.0,0.0,0.0,0.0,0.0,14.132,FOOD-DATA-GROUP5,0.0,0.0,100.0,0.0,124,0.0,0.0,0.0,0.0,0.0,0,0,0,0
37,37,babassu oil,1927,218.0,177.0,24.9,3.5,0.0,0.0,0.0,0.0,0.0,0.0,0.0,0.0,0.0,0.0,0.0,0.0,0.0,0.0,0.0,0.0,0.0,41.6,0.0,0.0,0.0,0.0,0.0,0.0,0.0,0.0,0.0,0.0,218.0,FOOD-DATA-GROUP5,0.0,0.0,100.0,0.0,1927,0.0,0.0,0.0,0.0,0.0,0,0,1,0
38,38,teaseed oil,120,13.6,2.9,7.0,3.1,0.0,0.0,0.0,0.0,0.0,0.0,0.0,0.0,0.0,0.0,0.0,0.0,0.0,0.0,0.0,0.0,0.0,0.0,0.0,0.0,0.0,0.0,0.0,0.0,0.0,0.0,0.0,0.0,13.6,FOOD-DATA-GROUP5,0.0,0.0,100.0,0.0,120,0.0,0.0,0.0,0.0,0.0,0,0,0,0
39,39,avocado oil,124,14.0,1.6,9.9,1.9,0.0,0.0,0.0,0.0,0.0,0.0,0.0,0.0,0.0,0.0,0.0,0.0,0.0,0.0,0.0,0.0,0.0,0.0,0.0,0.0,0.0,0.0,0.0,0.0,0.0,0.0,0.0,0.0,14.0,FOOD-DATA-GROUP5,0.0,0.0,100.0,0.0,124,0.0,0.0,0.0,0.0,0.0,0,0,0,0
40,40,vegetable palm kernel oil,117,13.6,11.1,1.6,0.2,0.0,0.0,0.0,0.0,0.0,0.0,0.0,0.0,0.0,0.0,0.0,0.0,0.0,0.0,0.0,0.0,0.0,0.5,0.026,0.0,0.0,0.0,0.0,0.0,0.0,0.0,0.0,0.0,13.6,FOOD-DATA-GROUP5,0.0,0.0,100.0,0.0,117,0.0,0.0,0.0,0.0,0.0,0,0,1,0
41,41,coconut oil,117,13.6,11.2,0.9,0.2,0.0,0.0,0.0,0.0,0.0,0.0,0.0,0.045,0.0,0.0,0.0,0.0,0.0,0.0,0.0,0.0,0.0,0.0,0.017,0.029,0.0,0.0,0.013,0.0,0.0,0.0,0.0,0.0,13.661,FOOD-DATA-GROUP5,0.0,0.0,100.0,0.0,117,0.0,0.0,0.0,0.0,0.0,0,0,1,0
42,42,safflower oil,120,13.6,1.0,10.2,1.7,0.0,0.0,0.0,0.0,0.0,0.0,0.0,0.0,0.0,0.0,0.0,0.0,0.0,0.0,0.0,0.0,0.0,4.6,0.055,0.0,0.0,0.0,0.0,0.0,0.0,0.0,0.0,0.0,13.6,FOOD-DATA-GROUP5,0.0,0.0,100.0,0.0,120,0.0,0.0,0.0,0.0,0.0,0,0,0,0
43,43,vegetable oil,120,13.6,2.1,3.1,7.8,0.0,0.0,0.0,0.0,0.0,0.0,0.0,0.08,0.0,0.0,0.0,0.0,0.0,0.0,0.0,0.0,0.0,0.0,1.3,0.073,0.0,0.0,0.083,0.0,0.0,0.0,0.0,0.0,13.706,FOOD-DATA-GROUP5,0.0,0.0,100.0,0.0,120,0.0,0.0,0.0,0.0,0.0,0,0,0,0
44,44,apricot kernel oil,40,4.5,0.3,2.7,1.3,0.0,0.0,0.0,0.0,0.0,0.0,0.0,0.0,0.0,0.0,0.0,0.0,0.0,0.0,0.0,0.0,0.0,0.2,0.0,0.0,0.0,0.0,0.0,0.0,0.0,0.0,0.0,0.0,4.5,FOOD-DATA-GROUP5,0.0,0.0,100.0,0.0,40,0.0,0.0,0.0,0.0,0.0,0,0,0,0
45,45,peanut oil,119,13.5,2.3,6.2,4.3,0.0,0.0,0.0,0.0,0.0,0.0,0.0,0.0,0.0,0.0,0.0,0.0,0.0,0.0,0.0,0.0,0.0,2.1,0.04,0.0,0.0,0.004,0.0,0.0,0.0,0.0,0.0,0.056,13.575,FOOD-DATA-GROUP5,0.0,0.0,100.0,0.0,119,0.0,0.0,0.0,0.0,0.0,0,0,0,0
46,46,poppyseed oil,120,13.6,1.8,2.7,8.5,0.0,0.0,0.0,0.0,0.0,0.0,0.0,0.0,0.0,0.0,0.0,0.0,0.0,0.0,0.0,0.0,0.0,1.6,0.0,0.0,0.0,0.0,0.0,0.0,0.0,0.0,0.0,0.0,13.6,FOOD-DATA-GROUP5,0.0,0.0,100.0,0.0,120,0.0,0.0,0.0,0.0,0.0,0,0,0,0
47,47,flaxseed oil,120,13.6,1.2,2.5,9.2,0.0,0.0,0.086,0.0,0.0,0.0,0.04,0.0,0.0,0.0,0.0,0.0,0.0,0.0,0.0,0.0,0.0,0.025,0.081,0.1,0.0,0.0,0.0,0.0,0.1,0.0,0.0,0.086,13.729,FOOD-DATA-GROUP5,0.6283793657752448,0.0,99.37162063422475,0.086,120,0.07107438016528925,0.0,0.0,0.0,0.0,0,0,0,0
48,48,tomatoseed oil,1927,218.0,42.9,49.7,115.8,0.0,0.0,0.0,0.0,0.0,0.0,0.0,0.0,0.0,0.0,0.0,0.0,0.0,0.0,0.0,0.0,0.0,8.3,0.0,0.0,0.0,0.0,0.0,0.0,0.0,0.0,0.0,0.0,218.0,FOOD-DATA-GROUP5,0.0,0.0,100.0,0.0,1927,0.0,0.0,0.0,0.0,0.0,0,0,1,0
49,49,wheat germ oil,120,13.6,2.6,2.1,8.4,0.0,0.0,0.0,0.0,0.0,0.0,0.0,0.0,0.0,0.0,0.0,0.0,0.0,0.0,0.0,0.0,0.0,20.3,0.034,0.0,0.0,0.0,0.0,0.0,0.0,0.0,0.0,0.0,13.6,FOOD-DATA-GROUP5,0.0,0.0,100.0,0.0,120,0.0,0.0,0.0,0.0,0.0,0,0,0,0
50,50,sesame oil,40,4.5,0.6,1.8,1.9,0.0,0.0,0.0,0.0,0.0,0.0,0.0,0.0,0.0,0.0,0.0,0.0,0.0,0.0,0.0,0.0,0.0,0.002,0.071,0.0,0.0,0.0,0.0,0.0,0.0,0.0,0.0,0.0,4.5,FOOD-DATA-GROUP5,0.0,0.0,100.0,0.0,40,0.0,0.0,0.0,0.0,0.0,0,0,0,0
51,51,corn granola oil,124,14.0,1.1,8.2,4.1,0.0,0.0,0.0,0.0,0.0,0.0,0.0,0.0,0.0,0.0,0.0,0.0,0.0,0.0,0.0,0.0,0.0,2.1,0.082,0.0,0.0,0.0,0.0,0.0,0.0,0.0,0.0,0.0,14.0,FOOD-DATA-GROUP5,0.0,0.0,100.0,0.0,124,0.0,0.0,0.0,0.0,0.0,0,0,0,0
52,52,cocoa butter oil,120,13.6,8.1,4.5,0.4,0.0,0.0,0.0,0.0,0.0,0.0,0.0,0.0,0.0,0.0,0.0,0.0,0.0,0.0,0.0,0.0,0.0,0.2,0.037,0.0,0.0,0.0,0.0,0.0,0.0,0.0,0.0,0.0,13.6,FOOD-DATA-GROUP5,0.0,0.0,100.0,0.0,120,0.0,0.0,0.0,0.0,0.0,0,0,1,0
53,53,olive oil,119,13.5,1.9,9.8,1.4,0.0,0.0,0.0,0.0,0.0,0.004,0.0,0.0,0.0,0.0,0.0,0.0,0.0,0.0,0.0,0.0,0.0,1.9,0.066,0.1,0.0,0.092,0.0,0.0,0.0,0.1,0.0,0.0,13.618,FOOD-DATA-GROUP5,0.0,0.0,100.0,0.0,119,0.0,0.0,0.0,0.0,3.3333333333333335e-05,0,0,0,0
54,54,palm kernel oil,40,4.5,4.0,0.3,0.0,0.0,0.0,0.0,0.0,0.0,0.098,0.064,0.2,0.0,0.0,0.0,0.0,0.0,0.0,0.0,0.0,0.0,0.0,0.2,0.033,0.04,0.0,0.071,0.0,0.0,0.0,0.061,0.0,4.741,FOOD-DATA-GROUP5,0.0,0.0,100.0,0.0,40,0.0,0.0,0.0,0.0,0.0023902439024390243,0,0,0,0
55,55,mustard oil,124,14.0,1.6,8.3,3.0,0.0,0.0,0.0,0.0,0.0,0.0,0.0,0.0,0.0,0.0,0.0,0.0,0.0,0.0,0.0,0.0,0.0,0.0,0.0,0.0,0.0,0.0,0.0,0.0,0.0,0.0,0.0,0.0,14.0,FOOD-DATA-GROUP5,0.0,0.0,100.0,0.0,124,0.0,0.0,0.0,0.0,0.0,0,0,0,0
56,56,rice bran oil,120,13.6,2.7,5.3,4.8,0.0,0.0,0.0,0.0,0.0,0.0,0.0,0.0,0.0,0.0,0.0,0.0,0.0,0.0,0.0,0.0,0.0,4.4,0.072,0.0,0.0,0.001,0.0,0.0,0.0,0.0,0.0,0.0,13.689,FOOD-DATA-GROUP5,0.0,0.0,100.0,0.0,120,0.0,0.0,0.0,0.0,0.0,0,0,0,0
57,57,vegetable macaroni dry,308,0.9,0.1,0.1,0.4,62.9,0.0,11.0,3.6,0.0,0.06,8.3,0.0,0.9,0.2,0.0,0.4,6.2,0.6,0.1,0.0,0.0,0.0,0.0,28.6,0.2,3.6,38.6,3.2,97.4,239.4,0.0,0.6,110.6,FOOD-DATA-GROUP5,14.705882352941174,84.09090909090907,1.2032085561497323,0.17214397496087638,308,3.559870550161812,1.1650485436893203,0.0,7.2,0.00019417475728155338,0,0,0,0
58,58,chow mein noodles,257,9.9,1.0,3.0,5.9,37.5,0.5,5.9,1.5,0.0,0.5,0.7,0.0,0.3,0.048,0.0,0.2,3.3,0.3,0.029,0.0,0.0,1.3,0.08,11.2,0.028,2.6,29.1,0.0,90.2,67.2,0.086,0.8,68.6,FOOD-DATA-GROUP5,11.06941838649156,70.3564727954972,18.574108818011258,0.15324675324675324,257,2.2868217054263567,0.5813953488372093,1.2987012987012987,3.0,0.001937984496124031,0,0,0,0
59,59,chinese noodles,456,0.094,0.088,0.085,0.072,111.9,0.0,0.2,0.7,0.0,0.088,17.4,0.0,0.0,0.2,0.032,0.0,0.0,0.3,0.1,0.031,0.0,0.0,0.2,0.0,32.5,0.1,2.8,3.9,0.1,41.6,13.0,0.044,112.906,FOOD-DATA-GROUP5,0.1782626521917393,99.73795390127815,0.08378344653011748,0.001771479185119575,456,0.0437636761487965,0.15317286652078774,0.0,1.4,0.00019256017505470458,0,0,0,0
60,60,vegetable macaroni cooked,172,0.1,0.037,0.079,0.011,35.7,1.5,6.1,5.8,0.0,0.015,91.6,0.0,0.2,0.045,0.0,0.052,1.4,0.5,0.079,0.0,0.0,0.3,0.045,14.7,0.1,0.7,25.5,1.3,67.0,41.5,0.082,0.6,63.1,FOOD-DATA-GROUP5,14.55847255369928,85.20286396181383,0.23866348448687347,0.1662125340599455,172,3.5260115606936413,3.352601156069364,4.087193460490464,10.0,8.670520231213873e-05,0,0,0,0
61,61,corn pasta dry,375,2.2,0.3,0.6,1.0,83.2,0.0,7.8,11.6,0.0,0.027,10.5,0.0,0.2,0.048,0.0,0.002,2.6,0.5,0.2,0.0,0.0,0.0,0.0,4.2,0.2,1.0,125.0,0.5,265.7,308.7,0.09,1.9,110.0,FOOD-DATA-GROUP5,8.369098712446352,89.27038626609442,2.3605150214592276,0.09263657957244655,375,2.074468085106383,3.0851063829787235,0.0,10.0,7.180851063829787e-05,0,0,0,0
62,62,egg noodles dry,146,1.7,0.4,0.5,0.5,27.1,0.7,5.4,1.3,31.9,0.095,3.4,0.086,0.03,0.029,0.047,0.039,0.8,0.3,0.06,0.0,0.083,0.1,0.026,13.3,0.1,0.7,22.0,0.3,91.6,92.7,0.016,0.7,49.598,FOOD-DATA-GROUP5,15.789473684210526,79.23976608187134,4.970760233918129,0.19217081850533807,146,3.6734693877551026,0.8843537414965987,2.4911032028469746,2.6,0.0006462585034013606,0,0,0,0
63,63,whole wheat spaghetti dry,98,0.4,0.047,0.003,0.2,21.2,0.0,4.1,0.0,0.0,0.002,2.1,0.0,0.1,0.024,0.0,0.042,1.5,0.3,0.093,0.0,0.0,0.0,0.0,11.3,0.1,1.0,40.5,0.9,73.0,60.8,0.022,0.7,38.0,FOOD-DATA-GROUP5,15.953307392996111,82.49027237354086,1.5564202334630355,0.18468468468468469,98,4.141414141414141,0.0,0.0,0.0,2.0202020202020203e-05,0,0,0,0
64,64,japanese soba noodles dry,95,0.2,0.084,0.035,0.094,21.1,0.0,4.1,0.0,0.0,0.2,1.9,0.0,0.1,0.023,0.0,0.015,0.9,0.3,0.009,0.0,0.0,0.0,0.0,9.9,0.035,0.8,26.9,0.4,71.9,71.3,0.0,0.5,36.1,FOOD-DATA-GROUP5,16.141732283464563,83.07086614173228,0.7874015748031495,0.1855203619909502,95,4.270833333333333,0.0,0.0,0.0,0.0020833333333333333,0,0,0,0
65,65,rice noodles dry,103,0.2,0.053,0.067,0.09,23.6,0.0,1.0,0.5,0.0,0.006,3.4,0.0,0.062,0.091,0.0,0.03,0.032,0.062,0.017,0.0,0.0,0.0,0.0,5.1,0.079,0.2,3.4,0.1,43.3,8.5,0.053,0.2,30.6,FOOD-DATA-GROUP5,4.032258064516129,95.16129032258065,0.8064516129032258,0.04065040650406504,103,0.9615384615384616,0.4807692307692308,0.0,1.0,5.769230769230769e-05,0,0,0,0
66,66,spinach spaghetti dry,105,0.4,0.097,0.015,0.2,21.2,0.8,3.8,3.0,0.0,0.094,2.4,0.0,0.1,0.007,0.0,0.09,1.3,0.3,0.087,0.0,0.0,0.2,0.067,16.4,0.1,0.6,49.2,0.7,94.0,106.4,0.068,0.8,45.4,FOOD-DATA-GROUP5,14.960629921259844,83.46456692913387,1.5748031496062995,0.17117117117117117,105,3.5849056603773586,2.8301886792452833,3.6036036036036037,6.0,0.0008867924528301887,0,0,0,0
67,67,egg noodles cooked,110,1.7,0.3,0.5,0.4,20.1,0.3,3.6,1.0,23.2,0.027,54.2,0.007,0.029,0.2,0.012,0.011,0.1,1.7,0.2,0.029,0.0,0.0,0.1,0.0,9.6,0.051,1.2,16.8,0.3,60.8,30.4,0.066,26.542,FOOD-DATA-GROUP5,14.173228346456693,79.13385826771653,6.69291338582677,0.17061611374407581,110,3.2432432432432434,0.9009009009009009,1.4218009478672986,2.0,0.00024324324324324323,0,0,0,0
68,68,japanese somen noodles cooked,231,0.3,0.006,0.062,0.1,48.5,0.0,7.0,0.0,0.0,0.3,119.5,0.0,0.029,0.039,0.0,0.046,0.2,0.3,0.051,0.0,0.0,0.0,0.0,14.1,0.082,0.9,3.5,0.4,47.5,51.0,0.0,0.4,70.8,FOOD-DATA-GROUP5,12.544802867383515,86.91756272401435,0.5376344086021506,0.1414141414141414,231,3.0172413793103448,0.0,0.0,0.0,0.001293103448275862,0,0,0,0
69,69,whole wheat macaroni dry,365,1.5,0.3,0.2,0.6,78.8,0.0,15.4,8.7,0.0,0.028,7.7,0.0,0.5,0.023,0.0,0.2,5.4,1.0,0.2,0.0,0.0,0.0,0.0,42.0,0.5,3.8,150.2,3.2,270.9,225.8,0.0,2.5,150.2,FOOD-DATA-GROUP5,16.091954022988507,82.34064785788922,1.5673981191222568,0.1929824561403509,365,4.2076502732240435,2.3770491803278686,0.0,10.0,7.650273224043716e-05,0,0,0,0
70,70,pasta marinara and ground beef sauce,41,1.6,0.5,0.7,0.1,4.1,1.0,2.5,0.5,0.2,0.0,0.0,0.0,0.0,0.0,0.0,0.0,0.0,0.0,0.0,0.0,0.0,0.0,0.0,0.0,0.0,0.0,0.0,0.0,0.0,0.0,0.0,0.0,8.7,FOOD-DATA-GROUP5,30.487804878048784,50.0,19.512195121951223,0.4901960784313726,41,5.952380952380952,1.1904761904761905,19.607843137254903,1.0,0.0,0,0,0,0
71,71,macaroni raw,390,1.6,0.3,0.2,0.6,78.4,2.8,13.7,3.4,0.0,0.097,10.4,0.0,0.9,0.2,0.0,0.4,7.5,0.5,0.1,0.0,0.0,0.1,0.056,22.1,0.3,3.5,55.7,1.0,198.5,234.2,0.073,1.5,122.7,FOOD-DATA-GROUP5,14.62113127001067,83.67129135538954,1.7075773745997866,0.172544080604534,390,3.5038363171355495,0.8695652173913043,3.5264483627204024,6.8,0.0002480818414322251,0,0,0,0
72,72,spaghetti dry,105,0.4,0.045,0.043,0.2,21.1,0.8,3.7,0.9,0.0,0.09,2.8,0.0,0.3,0.061,0.0,0.1,2.0,0.1,0.084,0.0,0.0,0.064,0.089,5.9,0.047,0.9,15.0,0.3,53.5,63.1,0.011,0.4,32.9,FOOD-DATA-GROUP5,14.682539682539684,83.73015873015875,1.5873015873015877,0.167420814479638,105,3.490566037735849,0.8490566037735849,3.619909502262443,1.8,0.0008490566037735849,0,0,0,0
73,73,fusilli cucina,100,0.4,0.1,20.1,0.8,3.4,0.041,0.0,0.0,0.0,0.0,0.0,0.0,0.0,0.0,0.0,0.0,0.0,0.0,0.0,0.0,0.0,0.0,0.0,0.0,0.0,0.0,0.0,0.0,0.0,0.0,0.0,0.0,3.8,FOOD-DATA-GROUP5,0.0,89.47368421052632,10.526315789473685,0.0,100,0.0,0.0,0.9318181818181818,0.0,0.0,0,0,0,0
74,74,japanese somen noodles dry,101,0.2,0.0,0.013,0.012,21.0,0.0,3.2,1.2,0.0,0.5,2.6,0.0,0.0,0.028,0.0,0.086,0.2,0.1,0.098,0.0,0.0,0.0,0.0,6.5,0.052,0.4,7.9,0.1,22.6,46.4,0.0,0.1,32.5,FOOD-DATA-GROUP5,13.114754098360656,86.06557377049181,0.819672131147541,0.14545454545454548,101,3.1372549019607843,1.1764705882352942,0.0,2.4,0.004901960784313725,0,0,0,0
75,75,pasta cooked,301,2.4,0.3,0.3,1.0,57.3,0.0,11.8,0.0,75.9,0.073,157.7,0.061,0.5,0.1,0.089,0.3,2.3,0.4,0.036,0.0,0.0,0.0,0.0,13.8,0.2,2.6,41.4,0.5,144.9,55.2,0.0,1.3,87.985,FOOD-DATA-GROUP5,16.503496503496503,80.13986013986013,3.3566433566433567,0.202401372212693,301,3.907284768211921,0.0,0.0,0.0,0.00024172185430463574,0,0,0,0
76,76,macaroni cooked,221,1.3,0.2,0.2,0.4,43.2,0.8,8.1,2.5,0.0,0.071,87.0,0.0,0.0,0.4,0.1,0.0,0.2,2.4,0.2,0.089,0.0,0.0,0.021,0.0,9.8,0.1,1.8,25.2,0.5,81.2,61.6,0.029,55.217,FOOD-DATA-GROUP5,15.399239543726233,82.12927756653993,2.4714828897338403,0.1832579185520362,221,3.6486486486486482,1.1261261261261262,1.8099547511312215,5.0,0.0003198198198198198,0,0,0,0
77,77,spinach egg noodles dry,145,1.7,0.4,0.5,0.4,26.7,0.0,5.6,2.6,36.1,0.096,3.3,0.0,0.4,0.083,0.1,0.2,2.5,0.3,0.2,0.0,0.0,0.0,0.0,21.3,0.025,1.6,31.2,0.4,73.3,134.9,0.0,0.7,59.5,FOOD-DATA-GROUP5,16.470588235294116,78.52941176470588,5.0,0.20216606498194944,145,3.8356164383561637,1.7808219178082192,0.0,5.2,0.0006575342465753425,0,0,0,0
78,78,japanese soba noodles cooked,113,0.1,0.026,0.085,0.007,24.4,0.0,5.8,0.0,0.0,0.1,83.2,0.0,0.1,0.022,0.0,0.097,0.6,0.3,0.026,0.0,0.0,0.0,0.0,4.6,0.084,0.5,10.3,0.4,28.5,39.9,0.0,0.1,35.4,FOOD-DATA-GROUP5,19.14191419141914,80.52805280528052,0.33003300330033003,0.2283464566929134,113,5.087719298245614,0.0,0.0,0.0,0.0008771929824561404,0,0,0,0
79,79,rice noodles cooked,190,0.4,0.072,0.007,0.021,42.3,0.052,3.2,1.8,0.0,0.075,129.9,0.0,0.002,0.009,0.0,0.011,0.1,0.087,0.003,0.0,0.0,0.0,0.0,7.0,0.045,0.2,5.3,0.2,35.2,7.0,0.076,0.4,54.9,FOOD-DATA-GROUP5,6.971677559912854,92.15686274509804,0.8714596949891068,0.07390300230946883,190,1.6753926701570683,0.9424083769633508,0.12009237875288684,3.6,0.0003926701570680628,0,0,0,0
80,80,whole wheat macaroni cooked,174,0.8,0.1,0.1,0.3,37.2,1.1,7.5,3.9,0.0,0.057,94.0,0.0,0.2,0.039,0.0,0.087,1.0,0.6,0.1,0.0,0.0,0.4,0.061,21.0,0.2,1.5,42.0,1.9,124.6,61.6,0.077,1.1,71.9,FOOD-DATA-GROUP5,16.483516483516482,81.75824175824177,1.7582417582417582,0.1963350785340314,174,4.285714285714286,2.228571428571428,2.8795811518324608,7.8,0.00032571428571428573,0,0,0,0
81,81,spaghetti cooked,363,2.1,0.4,0.3,0.7,71.0,1.3,13.3,4.1,0.0,0.089,142.9,0.0,0.0,0.6,0.2,0.0,0.3,3.9,0.3,0.1,0.0,0.0,0.1,0.0,16.1,0.2,2.9,41.4,0.7,133.4,101.2,0.016,90.8,FOOD-DATA-GROUP5,15.39351851851852,82.17592592592592,2.430555555555556,0.18472222222222223,363,3.653846153846154,1.1263736263736264,1.8055555555555558,8.2,0.0002445054945054945,0,0,0,0
82,82,whole wheat spaghetti cooked,174,0.8,0.1,0.1,0.3,37.2,1.1,7.5,6.3,0.0,0.091,94.0,0.0,0.2,0.081,0.0,0.043,1.0,0.6,0.1,0.0,0.0,0.4,0.083,21.0,0.2,1.5,42.0,1.9,124.6,61.6,0.028,1.1,74.3,FOOD-DATA-GROUP5,16.483516483516482,81.75824175824177,1.7582417582417582,0.1963350785340314,174,4.285714285714286,3.5999999999999996,2.8795811518324608,10.0,0.00052,0,0,0,0
83,83,waffle,218,10.6,2.1,2.6,5.1,24.7,0.0,5.9,0.0,51.8,0.4,31.5,0.069,0.2,0.062,0.08,0.3,1.6,0.4,0.067,0.3,0.0,0.0,0.0,191.3,0.024,1.7,14.3,0.2,142.5,119.3,0.068,0.5,234.547,FOOD-DATA-GROUP5,14.320388349514563,59.95145631067961,25.728155339805824,0.22957198443579768,218,2.6940639269406397,0.0,0.0,0.0,0.0018264840182648403,0,0,0,0
84,84,baked taco shell,61,2.7,0.8,0.8,0.9,8.3,0.2,0.8,0.9,0.0,0.004,0.8,0.0,0.09,0.038,0.0,0.048,0.2,0.0,0.089,0.0,0.0,0.094,0.069,12.5,0.043,0.2,11.1,0.092,30.4,30.1,0.097,0.2,25.4,FOOD-DATA-GROUP5,6.779661016949152,70.33898305084746,22.88135593220339,0.08602150537634408,61,1.2903225806451613,1.4516129032258065,2.150537634408602,1.8,6.451612903225807e-05,0,0,0,0
85,85,puff pastry,1367,94.3,13.5,21.6,54.5,112.0,1.8,18.1,3.7,0.0,0.6,18.1,0.0,0.8,0.1,0.0,0.6,9.3,0.0,0.062,0.0,0.0,1.3,0.03,24.5,0.3,6.4,39.2,1.2,147.0,151.9,0.051,1.3,259.0,FOOD-DATA-GROUP5,8.065953654188949,49.91087344028521,42.023172905525854,0.16017699115044248,1367,1.3230994152046784,0.27046783625730997,1.592920353982301,7.4,0.0004385964912280702,0,0,1,0
86,86,blueberry muffin,214,9.2,1.6,2.7,4.6,30.2,17.9,2.6,0.6,17.1,0.2,14.2,0.1,0.095,0.068,0.077,0.094,0.016,0.8,0.3,0.034,0.5,0.065,0.9,0.054,25.1,0.063,0.7,5.7,0.3,83.2,69.0,0.002,42.915,FOOD-DATA-GROUP5,6.190476190476191,71.9047619047619,21.9047619047619,0.08333333333333334,214,1.2093023255813955,0.27906976744186046,57.37179487179487,1.2,0.0009302325581395349,0,1,0,0
87,87,bread crumbs,427,5.7,1.3,1.1,2.2,77.7,6.7,14.4,4.9,0.0,0.8,7.0,0.0,1.0,0.1,0.021,0.4,7.2,0.6,0.1,0.0,0.0,0.011,0.005,197.6,0.3,5.2,46.4,1.0,178.2,211.7,0.079,1.6,305.5,FOOD-DATA-GROUP5,14.723926380368097,79.4478527607362,5.828220858895705,0.18297331639135958,427,3.364485981308411,1.144859813084112,8.513341804320202,9.8,0.001869158878504673,0,0,0,0
88,88,warm cinnamon roll mcdonalds,113,5.1,1.3,2.6,0.8,15.0,7.0,2.0,0.5,16.4,0.1,5.8,0.06,0.05,0.019,0.0,0.059,0.7,0.2,0.043,0.0,0.0,0.5,0.0,16.1,0.083,0.5,5.4,0.1,29.4,39.6,0.0,0.2,39.264,FOOD-DATA-GROUP5,9.049773755656108,67.8733031674208,23.076923076923073,0.125,113,1.7543859649122806,0.43859649122807015,43.75,1.0,0.0008771929824561404,0,0,0,0
89,89,corn muffin,201,5.5,0.9,1.4,2.1,33.7,11.7,3.9,2.2,17.2,0.3,21.5,0.01,0.2,0.043,0.099,0.2,1.3,0.3,0.063,0.0,0.0,0.5,0.035,48.8,0.2,1.9,21.1,0.2,187.4,45.5,0.041,0.4,96.069,FOOD-DATA-GROUP5,9.048723897911833,78.19025522041764,12.761020881670534,0.11239193083573486,201,1.9306930693069306,1.0891089108910892,33.71757925072046,4.4,0.0014851485148514852,0,0,0,0
90,90,tortilla,467,1.9,0.6,0.4,0.8,98.4,5.4,14.3,4.7,0.0,0.9,78.7,0.0,0.7,0.2,0.0,0.2,8.1,0.3,0.1,0.0,0.0,0.4,0.028,137.9,0.2,7.5,37.4,0.5,287.6,206.9,0.011,0.6,264.7,FOOD-DATA-GROUP5,12.478184991273997,85.86387434554975,1.657940663176265,0.14386317907444668,467,3.055555555555556,1.0042735042735043,5.432595573440644,9.4,0.0019230769230769232,0,0,0,0
91,91,croutons seasoned,186,7.3,2.1,3.8,0.9,25.4,1.8,4.3,2.0,2.8,0.4,1.4,0.029,0.2,0.057,0.053,0.2,1.9,0.3,0.078,0.0,0.0,0.2,0.069,38.4,0.043,1.1,16.8,0.2,56.0,72.4,0.012,0.4,78.5,FOOD-DATA-GROUP5,11.621621621621621,68.64864864864865,19.729729729729726,0.16287878787878787,186,2.299465240641711,1.06951871657754,6.818181818181819,4.0,0.0021390374331550803,0,0,0,0
92,92,buttermilk waffle,102,3.1,0.8,1.7,0.5,16.0,1.5,2.4,0.9,4.3,0.2,10.4,0.1,0.2,0.045,0.06,0.2,2.6,0.098,0.4,0.0,0.0,0.2,0.043,98.7,0.072,2.2,7.3,0.054,146.5,45.5,0.008,0.2,123.4,FOOD-DATA-GROUP5,11.162790697674419,74.4186046511628,14.418604651162791,0.1411764705882353,102,2.3300970873786406,0.8737864077669903,8.823529411764707,1.8,0.0019417475728155341,0,0,0,0
93,93,flour tortilla,146,3.7,0.6,1.9,1.1,24.1,1.3,3.9,1.2,0.0,0.4,15.9,0.0,0.2,0.065,0.0,0.093,2.1,0.1,0.042,0.0,0.0,0.4,0.095,79.9,0.089,1.6,10.3,0.3,104.4,65.2,0.004,0.3,114.4,FOOD-DATA-GROUP5,12.302839116719243,76.02523659305994,11.67192429022082,0.1553784860557769,146,2.6530612244897958,0.8163265306122448,5.179282868525896,2.4,0.00272108843537415,0,0,0,0
94,94,glazed donut,55,3.0,1.2,0.9,0.5,6.2,3.0,0.8,0.3,3.9,0.082,2.9,0.098,0.002,0.062,0.077,0.061,0.3,0.059,0.021,0.2,0.016,0.2,0.025,13.1,0.07,0.3,2.2,0.086,15.2,13.3,0.056,0.031,23.931,FOOD-DATA-GROUP5,8.0,62.0,30.0,0.11111111111111112,55,1.4285714285714286,0.5357142857142857,41.666666666666664,0.6,0.0014642857142857144,0,0,0,0
95,95,corn tortilla,52,0.7,0.1,0.2,0.3,10.7,0.2,1.4,1.5,0.0,0.075,11.0,0.0,0.075,0.036,0.0,0.028,0.4,0.073,0.041,0.0,0.0,0.038,0.0,19.4,0.036,0.3,17.3,0.066,75.4,44.6,0.056,0.3,34.0,FOOD-DATA-GROUP5,10.9375,83.59375,5.46875,0.11965811965811966,52,2.641509433962264,2.8301886792452833,1.7094017094017095,3.0,0.0014150943396226414,0,0,0,0
96,96,muffin,169,6.5,1.2,1.6,3.3,23.6,0.0,3.9,1.5,22.2,0.3,21.5,0.078,0.2,0.094,0.028,0.2,1.3,0.2,0.01,0.2,0.0,0.0,0.0,114.0,0.042,1.4,9.7,0.2,87.2,69.0,0.023,0.3,151.166,FOOD-DATA-GROUP5,11.470588235294118,69.41176470588236,19.11764705882353,0.15853658536585363,169,2.2941176470588234,0.8823529411764706,0.0,3.0,0.001764705882352941,0,0,0,0
97,97,croutons,33,0.5,0.1,0.2,0.1,5.9,0.0,1.0,0.4,0.0,0.035,0.4,0.0,0.047,0.061,0.0,0.078,0.4,0.073,0.06,0.0,0.0,0.0,0.0,6.1,0.068,0.3,2.5,0.093,9.2,9.9,0.026,0.093,14.2,FOOD-DATA-GROUP5,13.513513513513512,79.72972972972973,6.756756756756756,0.14492753623188406,33,2.941176470588235,1.1764705882352942,0.0,0.8,0.0010294117647058824,0,0,0,0
98,98,donut with jelly filling,289,15.9,4.1,8.7,2.0,33.2,17.9,5.0,0.8,22.1,0.4,30.3,0.044,0.3,0.086,0.081,0.1,1.8,0.7,0.05,0.0,0.0,0.4,0.012,21.3,0.1,1.5,17.0,0.2,72.3,67.2,0.009,0.6,77.736,FOOD-DATA-GROUP5,9.242144177449168,61.367837338262476,29.390018484288355,0.14619883040935672,289,1.7241379310344827,0.27586206896551724,52.339181286549696,1.6,0.0013793103448275863,0,1,0,0
99,99,sweet cinnamon rolls,309,13.6,2.6,4.0,6.2,42.2,26.3,5.1,2.0,54.8,0.3,20.6,0.039,0.3,0.003,0.073,0.2,2.0,0.3,0.085,1.7,0.0,1.7,0.088,59.8,0.034,1.3,14.1,0.2,63.1,92.1,0.085,0.5,125.783,FOOD-DATA-GROUP5,8.3743842364532,69.29392446633825,22.331691297208536,0.11805555555555554,309,1.6451612903225805,0.6451612903225806,60.879629629629626,4.0,0.000967741935483871,0,1,0,0
100,100,oat bran muffin,46,1.3,0.2,0.3,0.7,8.2,1.4,1.2,0.8,0.0,0.067,6.0,0.0,0.028,0.09,0.0,0.049,0.024,0.2,0.026,0.0,0.0,0.1,0.035,10.7,0.082,0.7,26.7,0.4,63.9,86.2,0.035,0.3,22.9,FOOD-DATA-GROUP5,11.214953271028037,76.63551401869158,12.149532710280376,0.13043478260869565,46,2.553191489361702,1.702127659574468,15.217391304347828,1.6,0.001425531914893617,0,0,0,0
101,101,french cruller donut,169,7.5,1.9,4.3,0.9,24.4,14.4,1.3,0.5,4.5,0.1,7.3,0.002,0.005,0.062,0.061,0.057,0.9,0.02,0.052,0.0,0.0,0.058,0.036,10.7,0.084,1.0,4.9,0.018,50.4,32.0,0.07,0.1,45.42,FOOD-DATA-GROUP5,3.91566265060241,73.49397590361446,22.59036144578313,0.05118110236220473,169,0.7647058823529412,0.29411764705882354,56.69291338582677,1.0,0.0005882352941176471,0,0,0,0
102,102,pancakes,86,3.7,0.8,0.9,1.7,10.8,0.0,2.4,0.0,22.4,0.2,20.1,0.025,0.082,0.031,0.03,0.1,0.6,0.2,0.069,0.1,0.0,0.0,0.0,83.2,0.049,0.7,6.1,0.06,60.4,50.2,0.03,0.2,100.942,FOOD-DATA-GROUP5,14.20118343195266,63.90532544378698,21.893491124260354,0.20338983050847456,86,2.7586206896551726,0.0,0.0,0.0,0.0022988505747126436,0,0,0,0
103,103,chocolate donut,250,11.9,3.1,6.8,1.5,34.4,19.2,2.7,1.3,34.2,0.1,9.8,0.078,0.091,0.059,0.009,0.051,0.3,0.2,0.04,0.041,0.0,0.1,0.071,127.8,0.1,1.4,20.4,0.2,97.2,63.6,0.051,0.3,179.637,FOOD-DATA-GROUP5,5.510204081632653,70.20408163265306,24.285714285714285,0.07627118644067797,250,1.0756972111553786,0.5179282868525896,54.23728813559322,2.6,0.00039840637450199205,0,1,0,0
104,104,sweet cheese rolls,238,12.1,4.0,6.0,1.3,28.8,0.0,4.7,0.8,50.2,0.2,19.4,0.0,0.016,0.06,0.048,0.083,0.5,0.3,0.086,0.1,0.0,0.0,0.0,77.9,0.049,0.5,12.5,0.1,64.7,90.4,0.009,0.4,124.9,FOOD-DATA-GROUP5,10.307017543859649,63.1578947368421,26.535087719298247,0.15771812080536912,238,1.9665271966527196,0.3347280334728034,0.0,1.6,0.0008368200836820084,0,0,0,0
105,105,eclair,234,19.2,11.5,5.4,1.1,11.2,2.0,4.4,0.4,121.5,0.1,54.4,0.2,0.1,0.02,0.056,0.2,0.7,0.4,0.005,0.2,0.04,0.7,0.047,31.5,0.034,0.9,7.2,0.1,67.5,63.9,0.091,0.4,68.0,FOOD-DATA-GROUP5,12.643678160919542,32.18390804597701,55.172413793103445,0.3606557377049181,234,1.872340425531915,0.17021276595744683,16.393442622950822,0.8,0.00042553191489361707,0,0,1,1
106,106,donut with cream filling,307,20.8,4.6,10.3,2.6,25.5,12.4,5.4,0.7,20.4,0.3,32.5,0.043,0.3,0.02,0.026,0.1,1.9,0.6,0.096,0.0,0.0,0.2,0.088,21.3,0.039,1.6,17.0,0.2,64.6,68.0,0.017,0.7,75.331,FOOD-DATA-GROUP5,10.444874274661508,49.32301740812379,40.232108317214696,0.2037735849056604,307,1.7532467532467535,0.22727272727272727,46.79245283018868,1.4,0.000974025974025974,0,0,0,0
107,107,fruit toaster pastry,209,5.6,1.3,3.3,0.7,37.1,14.8,2.4,0.5,0.0,0.2,5.3,0.2,0.2,0.051,0.0,0.2,2.7,0.2,0.2,0.0,0.0,0.5,0.011,5.6,0.025,2.0,6.1,0.2,38.8,41.3,0.03,0.2,53.4,FOOD-DATA-GROUP5,5.32150776053215,82.26164079822617,12.416851441241684,0.06299212598425197,209,1.1428571428571428,0.2380952380952381,38.84514435695538,1.0,0.0009523809523809524,0,0,0,0
108,108,donut,192,10.3,2.7,5.7,1.3,22.9,0.0,2.3,0.7,14.4,0.2,8.8,0.062,0.1,0.082,0.01,0.026,0.7,0.2,0.065,0.027,0.0,0.0,0.0,27.0,0.018,0.5,7.7,0.2,52.7,45.9,0.001,0.2,63.823,FOOD-DATA-GROUP5,6.478873239436619,64.50704225352112,29.014084507042252,0.09623430962343096,192,1.1917098445595855,0.36269430051813467,0.0,1.4,0.0010362694300518134,0,0,0,0
109,109,pancakes whole wheat,92,2.9,0.8,0.8,1.1,12.9,0.0,3.7,1.2,26.8,0.3,23.2,0.047,0.026,0.094,0.091,0.2,1.0,0.2,0.075,0.2,0.0,0.0,0.0,110.0,0.056,1.4,20.2,0.7,164.1,122.8,0.044,0.5,132.377,FOOD-DATA-GROUP5,18.974358974358978,66.15384615384615,14.871794871794872,0.26618705035971224,92,3.978494623655914,1.2903225806451613,0.0,2.4,0.0032258064516129032,0,0,0,0
110,110,keikitos,196,10.6,0.0,0.0,0.0,22.3,10.8,2.9,0.5,0.0,0.2,5.5,0.0,0.0,0.0,0.0,0.0,0.0,0.0,0.0,0.0,0.0,0.0,0.0,26.5,0.095,1.1,5.0,0.011,107.1,37.8,0.033,0.2,63.9,FOOD-DATA-GROUP5,8.100558659217876,62.2905027932961,29.608938547486037,0.12446351931330471,196,1.4720812182741116,0.25380710659898476,46.351931330472105,1.0,0.0010152284263959391,0,0,0,0
111,111,zwieback,30,0.7,0.2,0.3,0.1,5.2,0.9,0.7,0.2,0.6,0.05,0.3,0.063,0.031,0.007,0.002,0.0,0.004,0.002,0.079,0.01,0.4,0.0,0.2,0.041,1.4,0.083,0.06,1.0,0.0,3.9,21.4,0.023,7.083,FOOD-DATA-GROUP5,10.606060606060606,78.78787878787878,10.606060606060606,0.1129032258064516,30,2.258064516129032,0.6451612903225806,14.516129032258066,0.4,0.0016129032258064516,0,0,0,0
112,112,chocolate coated donut,81,4.5,2.4,1.6,0.4,9.2,4.8,0.9,0.3,3.4,0.099,3.0,0.077,0.078,0.077,0.048,0.016,0.3,0.061,0.032,0.2,0.0,0.4,0.04,4.3,0.061,0.7,5.4,0.1,37.8,36.2,0.037,0.2,20.16,FOOD-DATA-GROUP5,6.164383561643836,63.013698630136986,30.82191780821918,0.08823529411764706,81,1.0975609756097562,0.36585365853658536,47.05882352941176,0.6,0.0012073170731707317,0,0,0,0
113,113,waffle toasted,103,3.2,0.5,1.6,0.7,16.3,1.7,2.4,0.8,5.0,0.2,10.1,0.1,0.2,0.023,0.019,0.2,2.9,0.1,0.3,0.0,0.0,0.3,0.029,101.3,0.059,2.3,7.9,0.035,141.6,47.5,0.009,0.2,126.4,FOOD-DATA-GROUP5,10.958904109589042,74.42922374429224,14.611872146118724,0.13872832369942195,103,2.3076923076923075,0.7692307692307693,9.826589595375722,1.6,0.0019230769230769232,0,0,0,0
114,114,cinnamon toaster pastry,206,7.1,1.8,4.0,0.9,34.1,0.0,2.6,0.5,0.0,0.2,5.4,0.1,0.2,0.063,0.043,0.3,2.3,0.1,0.2,0.017,0.0,0.0,0.0,17.0,0.088,2.0,12.0,0.2,66.5,57.0,0.022,0.3,63.489,FOOD-DATA-GROUP5,5.93607305936073,77.85388127853881,16.210045662100452,0.07407407407407407,206,1.2560386473429952,0.24154589371980675,0.0,1.0,0.0009661835748792271,0,0,0,0
115,115,wheat bran bread,89,1.2,0.3,0.6,0.2,17.2,3.5,3.2,1.4,0.0,0.2,13.6,0.0,0.1,0.082,0.0,0.1,1.6,0.2,0.079,0.0,0.0,0.1,0.069,26.6,0.003,1.1,29.2,0.6,66.6,81.7,0.057,0.5,50.7,FOOD-DATA-GROUP5,14.814814814814817,79.62962962962963,5.555555555555556,0.17582417582417584,89,3.5555555555555554,1.5555555555555556,19.230769230769234,2.8,0.0022222222222222222,0,0,0,0
116,116,white bread,77,1.0,0.2,0.2,0.5,14.3,1.6,2.6,0.8,0.0,0.1,10.6,0.022,0.0,0.2,0.026,0.0,0.006,1.4,0.2,0.038,0.0,0.0,0.001,0.081,41.8,0.04,1.0,6.7,0.2,28.4,36.5,0.009,18.931,FOOD-DATA-GROUP5,14.525139664804469,79.88826815642457,5.58659217877095,0.16993464052287582,77,3.3333333333333335,1.0256410256410255,10.457516339869281,1.6,0.001282051282051282,0,0,0,0
117,117,oat bran bread,71,1.3,0.2,0.5,0.5,11.9,2.3,3.1,1.4,0.0,0.1,13.2,0.09,0.2,0.066,0.0,0.1,1.4,0.2,0.008,0.0,0.0,0.1,0.075,19.5,0.08,0.9,10.5,0.2,42.3,44.1,0.071,0.3,38.121,FOOD-DATA-GROUP5,19.01840490797546,73.00613496932516,7.975460122699387,0.24031007751937986,71,4.305555555555555,1.9444444444444444,17.829457364341085,2.8,0.001388888888888889,0,0,0,0
118,118,whole wheat bread natures own,50,1.0,11.0,3.0,2.0,0.0,0.0,0.0,0.0,0.0,0.0,0.0,0.0,0.0,0.0,0.0,0.0,0.0,0.0,0.0,0.0,0.0,0.0,0.0,0.0,0.0,0.0,0.0,0.0,0.0,0.0,0.0,0.0,1.0,FOOD-DATA-GROUP5,0.0,0.0,100.0,0.0,50,0.0,0.0,0.0,0.0,0.0,0,0,1,0
119,119,high protein bread dr zaks,152,3.0,0.5,15.3,2.5,15.3,0.6,0.0,0.0,0.0,0.0,0.0,0.0,0.0,0.0,0.0,0.0,0.0,0.0,0.0,0.0,0.0,0.0,0.0,0.0,0.0,0.0,0.0,0.0,0.0,0.0,0.0,0.0,18.3,FOOD-DATA-GROUP5,0.0,83.60655737704919,16.39344262295082,0.0,152,0.0,0.0,3.680981595092024,0.0,0.0,0,0,0,0
120,120,wheat bread,79,1.3,0.2,0.2,0.5,13.8,1.7,3.1,1.2,0.0,0.1,10.2,0.039,0.0,0.1,0.054,0.0,0.09,1.6,0.2,0.062,0.026,0.0,0.024,0.026,36.3,0.066,1.0,11.9,0.3,37.4,40.9,0.039,19.619,FOOD-DATA-GROUP5,17.03296703296703,75.82417582417582,7.142857142857142,0.20945945945945946,79,3.875,1.5,11.486486486486486,2.4,0.00125,0,0,0,0
121,121,egg bread toasted,117,2.4,0.6,1.1,0.4,19.5,0.7,3.9,0.9,20.7,0.2,10.5,0.096,0.1,0.066,0.091,0.2,1.8,0.05,0.004,0.0,0.001,0.1,0.063,37.7,0.005,1.2,7.8,0.2,43.3,46.6,0.046,0.3,65.618,FOOD-DATA-GROUP5,15.116279069767444,75.58139534883722,9.30232558139535,0.1902439024390244,117,3.305084745762712,0.7627118644067797,3.414634146341463,1.8,0.0016949152542372883,0,0,0,0
122,122,butter toastbrot ja,66,0.9,0.6,12.0,0.8,2.0,0.4,0.0,0.0,0.0,0.0,0.0,0.0,0.0,0.0,0.0,0.0,0.0,0.0,0.0,0.0,0.0,0.0,0.0,0.0,0.0,0.0,0.0,0.0,0.0,0.0,0.0,0.0,2.9,FOOD-DATA-GROUP5,0.0,68.96551724137932,31.03448275862069,0.0,66,0.0,0.0,13.333333333333334,0.0,0.0,0,0,0,0
123,123,vienna bread toasted,93,0.6,0.1,0.1,0.2,18.0,1.0,3.8,0.9,0.0,0.2,6.0,0.0,0.1,0.037,0.0,0.1,1.6,0.2,0.007,0.095,0.0,0.011,0.063,13.6,0.075,1.1,9.0,0.2,36.5,40.6,0.082,0.3,38.073,FOOD-DATA-GROUP5,16.96428571428571,80.35714285714285,2.678571428571428,0.19999999999999998,93,4.042553191489361,0.9574468085106382,5.263157894736842,1.8,0.002127659574468085,0,0,0,0
124,124,vienna bread,92,0.6,0.2,0.1,0.3,18.1,0.8,3.8,0.8,0.0,0.2,8.9,0.0,0.1,0.08,0.0,0.081,1.5,0.1,0.062,0.095,0.0,0.007,0.076,14.1,0.018,1.2,9.0,0.2,36.5,41.0,0.057,0.3,38.633,FOOD-DATA-GROUP5,16.888888888888886,80.44444444444444,2.666666666666666,0.19895287958115182,92,4.086021505376344,0.8602150537634409,4.18848167539267,1.6,0.002150537634408602,0,0,0,0
125,125,protein bread,47,0.4,0.009,0.091,0.2,8.3,0.3,2.3,0.6,0.0,0.008,7.6,0.0,0.0,0.043,0.0,0.083,0.8,0.0,0.025,0.0,0.0,0.003,0.007,23.6,0.091,0.8,12.4,0.3,35.2,61.2,0.085,0.3,36.0,FOOD-DATA-GROUP5,20.909090909090907,75.45454545454545,3.6363636363636362,0.24731182795698922,47,4.791666666666666,1.25,3.225806451612903,1.2,0.00016666666666666666,0,0,0,0
126,126,banana bread,186,6.0,1.3,2.6,1.8,31.1,0.0,2.5,0.6,24.5,0.2,16.6,0.068,0.078,0.073,0.035,0.1,0.8,0.2,0.037,1.0,0.0,0.0,0.0,12.0,0.004,0.8,8.0,0.1,33.1,76.4,0.096,0.2,54.061,FOOD-DATA-GROUP5,6.313131313131313,78.53535353535354,15.151515151515152,0.0778816199376947,186,1.3368983957219251,0.32085561497326204,0.0,1.2,0.0010695187165775401,0,0,0,0
127,127,rice bran bread,66,1.2,0.2,0.4,0.5,11.7,1.3,2.4,1.3,0.0,0.081,11.1,0.0,0.2,0.063,0.0,0.051,1.8,0.2,0.092,0.0,0.0,0.2,0.019,18.6,0.039,1.0,21.6,0.4,48.1,58.1,0.061,0.4,36.2,FOOD-DATA-GROUP5,15.686274509803921,76.47058823529413,7.8431372549019605,0.1889763779527559,66,3.582089552238806,1.9402985074626864,10.236220472440946,2.6,0.001208955223880597,0,0,0,0
128,128,white fibre wonder bread,95,1.0,0.2,0.2,0.5,18.0,2.0,3.5,1.5,0.1,0.0,0.0,0.0,0.0,0.0,0.0,0.0,0.0,0.0,0.0,0.0,0.0,0.0,0.0,0.0,0.0,0.0,0.0,0.0,0.0,0.0,0.0,0.0,24.0,FOOD-DATA-GROUP5,15.555555555555555,80.0,4.444444444444445,0.18421052631578946,95,3.6458333333333335,1.5625,10.526315789473683,3.0,0.0,0,0,0,0
129,129,focaccia,142,4.5,0.5,3.2,0.6,20.4,1.0,5.0,1.0,0.0,0.3,26.2,0.0,0.3,0.038,0.0,0.2,2.1,0.4,0.01,0.0,0.0,0.8,0.014,20.0,0.073,1.8,11.4,0.2,73.0,65.0,0.016,0.8,52.7,FOOD-DATA-GROUP5,16.722408026755854,68.22742474916387,15.050167224080269,0.23364485981308414,142,3.4965034965034967,0.6993006993006993,4.672897196261683,2.0,0.002097902097902098,0,0,0,0
130,130,oat bran bread toasted,70,1.3,0.2,0.5,0.5,11.8,2.3,3.1,1.3,0.0,0.1,10.4,0.07,0.1,0.035,0.0,0.046,1.3,0.079,0.023,0.0,0.0,0.1,0.084,19.2,0.049,0.9,9.2,0.2,31.3,33.2,0.08,0.3,37.631,FOOD-DATA-GROUP5,19.135802469135804,72.83950617283952,8.024691358024691,0.2421875,70,4.366197183098592,1.8309859154929577,17.968749999999996,2.6,0.0014084507042253522,0,0,0,0
131,131,rye bread,83,1.1,0.2,0.4,0.3,15.5,1.2,2.7,1.9,0.0,0.2,11.9,0.0,0.1,0.037,0.0,0.1,1.2,0.1,0.098,0.1,0.0,0.1,0.063,23.4,0.005,0.9,12.8,0.3,40.0,53.1,0.088,0.4,45.6,FOOD-DATA-GROUP5,13.989637305699482,80.31088082901555,5.699481865284974,0.16363636363636364,83,3.214285714285715,2.261904761904762,7.2727272727272725,3.8,0.002380952380952381,0,0,0,0
132,132,wheat germ bread,73,0.8,0.2,0.4,0.2,13.5,1.0,2.7,0.6,0.0,0.2,10.4,0.0,0.1,0.059,0.072,0.1,1.3,0.1,0.086,0.033,0.0,0.1,0.09,24.9,0.057,1.0,7.8,0.2,33.9,71.1,0.085,0.3,43.598,FOOD-DATA-GROUP5,15.882352941176473,79.41176470588235,4.705882352941177,0.18620689655172415,73,3.6486486486486487,0.8108108108108109,6.896551724137931,1.2,0.002702702702702703,0,0,0,0
133,133,protein bread toasted,46,0.4,0.059,0.082,0.2,8.2,0.2,2.2,0.6,0.0,0.049,5.8,0.0,0.036,0.023,0.0,0.067,0.7,0.03,0.06,0.0,0.0,0.069,0.025,23.1,0.045,0.8,9.5,0.1,32.1,58.8,0.015,0.2,35.3,FOOD-DATA-GROUP5,20.370370370370374,75.92592592592592,3.703703703703704,0.23913043478260873,46,4.680851063829787,1.276595744680851,2.173913043478261,1.2,0.0010425531914893618,0,0,0,0
134,134,oatmeal bread,73,1.2,0.2,0.4,0.5,13.1,2.2,2.3,1.1,0.0,0.1,9.9,0.083,0.1,0.064,0.0,0.025,0.8,0.009,0.026,0.0,0.0,0.1,0.058,17.8,0.091,0.7,10.0,0.3,34.0,38.3,0.005,0.3,36.227,FOOD-DATA-GROUP5,13.855421686746988,78.91566265060241,7.2289156626506035,0.1631205673758865,73,3.108108108108108,1.4864864864864866,15.602836879432624,2.2,0.0013513513513513514,0,0,0,0
135,135,arepa,215,5.3,2.8,1.5,1.0,36.4,0.9,5.4,2.5,4.9,0.3,49.8,0.011,0.021,0.0,0.0,0.05,0.9,0.2,0.1,0.0,0.0,0.3,0.041,87.2,0.09,1.0,26.5,0.1,114.7,86.2,0.04,0.8,137.897,FOOD-DATA-GROUP5,11.464968152866243,77.2823779193206,11.252653927813165,0.14438502673796794,215,2.5,1.1574074074074074,2.4064171122994655,5.0,0.001388888888888889,0,0,0,0
136,136,raisin bread toasted,86,1.4,0.3,0.7,0.2,16.5,1.8,2.5,1.4,0.0,0.1,8.1,0.0,0.027,0.077,0.0,0.1,1.0,0.001,0.065,0.1,0.0,0.013,0.089,20.9,0.099,0.9,8.1,0.2,34.2,71.3,0.013,0.2,43.7,FOOD-DATA-GROUP5,12.254901960784315,80.88235294117648,6.862745098039216,0.14285714285714285,86,2.8735632183908044,1.6091954022988506,10.285714285714285,2.8,0.0011494252873563218,0,0,0,0
137,137,cracked wheat bread,74,1.1,0.3,0.5,0.2,14.0,0.0,2.5,1.6,0.0,0.2,10.1,0.0,0.1,0.011,0.0,0.042,1.0,0.1,0.08,0.0,0.0,0.0,0.0,12.2,0.074,0.8,14.7,0.4,43.3,50.1,0.055,0.4,32.2,FOOD-DATA-GROUP5,14.204545454545453,79.54545454545455,6.25,0.16666666666666666,74,3.3333333333333335,2.1333333333333337,0.0,3.2,0.002666666666666667,0,0,0,0
138,138,garlic bread,151,7.1,2.3,2.0,2.3,17.9,1.6,3.6,1.1,0.0,0.2,13.7,0.067,0.2,0.034,0.052,0.037,1.8,0.3,0.04,0.095,0.058,0.5,0.012,11.6,0.079,1.3,9.9,0.2,37.4,44.3,0.052,0.4,42.646,FOOD-DATA-GROUP5,12.587412587412587,62.58741258741259,24.825174825174823,0.1904761904761905,151,2.368421052631579,0.7236842105263158,8.465608465608467,2.2,0.0013157894736842105,0,0,0,0
139,139,rye bread toasted,82,1.0,0.2,0.4,0.3,15.4,1.2,2.7,1.9,0.0,0.2,9.0,0.0,0.1,0.039,0.0,0.019,1.1,0.009,0.076,0.047,0.0,0.1,0.048,23.2,0.099,0.9,12.5,0.3,40.0,53.1,0.072,0.4,45.128,FOOD-DATA-GROUP5,14.136125654450263,80.6282722513089,5.235602094240837,0.16463414634146345,82,3.2530120481927716,2.289156626506024,7.3170731707317085,3.8,0.0024096385542168677,0,0,0,0
140,140,whole wheat bread,128,2.5,0.4,0.5,1.4,23.6,1.8,3.9,2.8,0.0,0.2,15.0,0.0,0.1,0.084,0.0,0.1,1.8,0.2,0.043,0.0,0.0,0.3,0.007,15.2,0.1,1.4,37.3,0.9,86.0,144.4,0.078,0.7,49.4,FOOD-DATA-GROUP5,13.0,78.66666666666667,8.333333333333332,0.15853658536585363,128,3.0232558139534884,2.1705426356589146,7.317073170731707,5.6,0.0015503875968992248,0,0,0,0
141,141,whole wheat bread toasted,128,2.5,0.4,0.5,1.4,23.7,1.8,3.9,2.8,0.0,0.2,10.9,0.0,0.1,0.012,0.0,0.03,1.7,0.1,0.049,0.0,0.0,0.4,0.048,15.1,0.1,1.4,37.4,0.9,86.1,144.9,0.015,0.7,49.4,FOOD-DATA-GROUP5,12.956810631229237,78.7375415282392,8.305647840531561,0.15789473684210525,128,3.0232558139534884,2.1705426356589146,7.287449392712551,5.6,0.0015503875968992248,0,0,0,0
142,142,pan dulce bread,231,7.3,1.4,2.2,1.0,35.5,7.9,5.9,1.4,18.9,0.1,13.6,0.048,0.2,0.038,0.082,0.1,2.2,0.4,0.058,0.8,0.0,0.2,0.049,54.2,0.045,1.8,15.1,0.3,59.2,64.9,0.014,0.5,106.92,FOOD-DATA-GROUP5,12.11498973305955,72.89527720739221,14.989733059548255,0.16164383561643836,231,2.543103448275862,0.603448275862069,21.643835616438356,2.8,0.00043103448275862074,0,0,0,0
143,143,rice bran bread toasted,66,1.3,0.2,0.4,0.5,11.8,1.3,2.4,1.3,0.0,0.026,9.0,0.0,0.1,0.064,0.0,0.0,1.7,0.015,0.073,0.0,0.0,0.2,0.064,18.8,0.022,1.0,19.0,0.4,43.5,53.0,0.041,0.3,36.6,FOOD-DATA-GROUP5,15.483870967741934,76.12903225806451,8.387096774193548,0.18749999999999997,66,3.582089552238806,1.9402985074626864,10.15625,2.6,0.0003880597014925373,0,0,0,0
144,144,pita bread whole wheat,74,0.7,0.1,0.053,0.3,15.4,0.2,2.7,2.1,0.0,0.1,8.6,0.0,0.083,0.068,0.0,0.073,0.8,0.2,0.028,0.0,0.0,0.2,0.076,4.2,0.016,0.9,19.3,0.5,50.4,47.6,0.046,0.4,26.0,FOOD-DATA-GROUP5,14.361702127659576,81.91489361702128,3.723404255319149,0.16463414634146345,74,3.6000000000000005,2.8000000000000003,1.2195121951219514,4.2,0.0013333333333333335,0,0,0,0
145,145,wheat germ bread toasted,73,0.8,0.2,0.4,0.2,13.6,1.0,2.7,0.6,0.3,0.2,7.3,0.0,0.011,0.084,0.063,0.022,1.1,0.063,0.076,0.03,0.0,0.1,0.092,25.0,0.059,1.0,9.5,0.3,43.8,71.3,0.008,0.4,43.706,FOOD-DATA-GROUP5,15.789473684210526,79.53216374269006,4.678362573099415,0.18493150684931509,73,3.6486486486486487,0.8108108108108109,6.8493150684931505,1.2,0.002702702702702703,0,0,0,0
146,146,pumpernickel bread,65,0.8,0.1,0.2,0.3,12.4,0.1,2.3,1.7,0.0,0.2,9.9,0.0,0.034,0.06,0.0,0.094,0.8,0.1,0.065,0.0,0.0,0.1,0.001,17.7,0.008,0.7,14.0,0.3,46.3,54.1,0.061,0.4,35.6,FOOD-DATA-GROUP5,14.838709677419354,80.0,5.161290322580645,0.17164179104477612,65,3.4848484848484844,2.5757575757575757,0.7462686567164178,3.4,0.0030303030303030303,0,0,0,0
147,147,frybread,502,18.6,7.0,6.7,1.6,73.4,3.1,10.2,0.0,10.6,0.5,48.0,0.0,0.7,0.2,0.0,0.3,7.0,0.2,0.092,0.0,0.0,0.0,0.058,86.6,0.1,6.1,27.4,0.5,187.0,117.0,0.094,0.5,194.9,FOOD-DATA-GROUP5,9.980430528375733,71.81996086105674,18.199608610567513,0.13709677419354838,502,2.0278330019880717,0.0,4.166666666666666,0.0,0.0009940357852882703,0,0,1,0
148,148,white bread toasted,83,1.1,0.2,0.2,0.6,15.4,1.3,2.5,0.7,0.3,0.2,8.6,0.0,0.1,0.005,0.0,0.07,1.1,0.01,0.077,0.0,0.0,0.014,0.094,33.7,0.03,0.9,7.4,0.1,29.1,37.1,0.011,0.2,54.3,FOOD-DATA-GROUP5,13.157894736842104,81.05263157894737,5.7894736842105265,0.15243902439024393,83,2.976190476190476,0.8333333333333334,7.926829268292685,1.4,0.002380952380952381,0,0,0,0
149,149,piki bread,109,2.0,0.2,0.5,0.5,20.2,0.4,2.5,2.6,0.0,0.028,2.5,0.0,0.023,0.0,0.0,0.093,0.8,0.2,0.2,0.0,0.0,0.2,0.078,51.5,0.04,1.7,50.7,0.5,104.7,169.1,0.019,1.1,80.5,FOOD-DATA-GROUP5,10.121457489878543,81.78137651821862,8.097165991902834,0.1179245283018868,109,2.272727272727273,2.3636363636363638,1.886792452830189,5.2,0.00025454545454545456,0,0,0,0
150,150,wheat bread toasted,75,1.0,0.2,0.2,0.4,13.4,1.5,3.1,1.1,0.0,0.1,5.8,0.0,0.1,0.048,0.0,0.045,1.5,0.1,0.068,0.008,0.0,0.087,0.086,39.6,0.015,1.0,14.2,0.3,45.1,53.5,0.079,0.4,59.243,FOOD-DATA-GROUP5,17.714285714285715,76.57142857142857,5.714285714285714,0.2152777777777778,75,4.078947368421053,1.4473684210526316,10.416666666666666,2.2,0.0013157894736842105,0,0,0,0
151,151,pita bread,165,0.7,0.091,0.038,0.3,33.4,0.8,5.5,1.3,0.0,0.3,19.3,0.0,0.4,0.012,0.0,0.2,2.8,0.2,0.095,0.0,0.0,0.2,0.001,51.6,0.1,1.6,15.6,0.3,58.2,72.0,0.082,0.5,94.1,FOOD-DATA-GROUP5,13.88888888888889,84.34343434343432,1.7676767676767675,0.15988372093023256,165,3.313253012048193,0.783132530120482,2.3255813953488373,2.6,0.0018072289156626504,0,0,0,0
152,152,potato bread,85,1.0,0.0,0.0,0.0,15.1,3.0,4.0,2.0,0.0,0.1,10.7,0.0,0.016,0.059,0.037,0.012,0.077,0.4,0.3,0.084,0.0,0.024,0.2,0.072,60.2,0.072,0.7,9.0,0.074,118.1,229.8,0.051,22.272,FOOD-DATA-GROUP5,19.90049751243781,75.12437810945272,4.975124378109452,0.24844720496894407,85,4.651162790697675,2.3255813953488373,18.633540372670808,4.0,0.0011627906976744186,0,0,0,0
153,153,egg bread,115,2.4,0.6,0.9,0.4,19.1,0.7,3.8,0.9,20.4,0.2,13.9,0.095,0.2,0.066,0.009,0.2,1.9,0.1,0.006,0.0,0.087,0.1,0.078,37.2,0.084,1.2,7.6,0.2,42.4,46.0,0.077,0.3,64.622,FOOD-DATA-GROUP5,15.019762845849801,75.49407114624506,9.486166007905137,0.18905472636815918,115,3.275862068965517,0.7758620689655172,3.482587064676616,1.8,0.001724137931034483,0,0,0,0
154,154,oatmeal bread toasted,73,1.2,0.2,0.4,0.5,13.2,2.2,2.3,1.1,0.0,0.1,7.8,0.043,0.011,0.079,0.0,0.086,0.8,0.026,0.038,0.004,0.0,0.1,0.023,18.0,0.083,0.7,10.3,0.3,34.3,38.5,0.043,0.3,36.622,FOOD-DATA-GROUP5,13.77245508982036,79.04191616766467,7.18562874251497,0.1619718309859155,73,3.108108108108108,1.4864864864864866,15.492957746478876,2.2,0.0013513513513513514,0,0,0,0
155,155,cheese bread,196,10.0,3.0,2.1,4.4,21.5,1.0,5.0,1.0,4.8,0.4,10.1,0.007,0.2,0.007,0.014,0.1,1.6,0.2,0.08,0.0,0.056,0.7,0.035,43.2,0.096,1.2,8.2,0.2,57.6,40.3,0.08,0.5,81.937,FOOD-DATA-GROUP5,13.698630136986301,58.9041095890411,27.397260273972602,0.2222222222222222,196,2.5380710659898478,0.5076142131979695,4.444444444444445,2.0,0.0020304568527918783,0,0,0,0
156,156,pumpernickel bread toasted,80,1.0,0.1,0.3,0.4,15.1,0.2,2.8,2.1,0.0,0.2,9.2,0.0,0.047,0.085,0.0,0.062,0.9,0.05,0.015,0.0,0.0,0.1,0.044,21.5,0.025,0.9,17.4,0.4,56.6,66.1,0.033,0.5,43.4,FOOD-DATA-GROUP5,14.814814814814813,79.8941798941799,5.291005291005291,0.17391304347826084,80,3.45679012345679,2.592592592592593,1.2422360248447204,4.2,0.0024691358024691358,0,0,0,0
157,157,raisin bread,88,1.4,0.3,0.7,0.2,16.7,1.8,2.5,1.4,0.0,0.1,10.8,0.0,0.1,0.037,0.0,0.1,1.1,0.1,0.003,0.052,0.0,0.05,0.032,21.1,0.032,0.9,8.3,0.2,34.9,72.6,0.096,0.2,44.09,FOOD-DATA-GROUP5,12.135922330097088,81.06796116504856,6.796116504854369,0.14124293785310735,88,2.8089887640449436,1.5730337078651684,10.16949152542373,2.8,0.0011235955056179776,0,0,0,0
158,158,pumpernickel roll,77,0.8,0.1,0.2,0.3,14.8,0.1,3.0,1.5,0.0,0.1,9.0,0.0,0.1,0.027,0.0,0.018,0.8,0.2,0.028,0.0,0.0,0.2,0.054,18.8,0.067,0.8,15.1,0.5,47.9,58.2,0.069,0.4,39.7,FOOD-DATA-GROUP5,16.129032258064516,79.56989247311827,4.301075268817204,0.18987341772151897,77,3.8461538461538463,1.9230769230769231,0.6329113924050633,3.0,0.001282051282051282,0,0,0,0
159,159,cinnamon raisin bagel,71,0.4,0.054,0.079,0.2,14.4,1.6,2.5,0.6,0.0,0.047,8.3,0.098,0.08,0.03,0.0,0.05,0.8,0.1,0.045,0.2,0.0,0.022,0.081,4.9,0.073,1.0,7.3,0.2,26.0,38.5,0.026,0.3,24.016,FOOD-DATA-GROUP5,14.450867052023122,83.2369942196532,2.3121387283237,0.16233766233766234,71,3.4722222222222223,0.8333333333333334,10.38961038961039,1.2,0.0006527777777777777,0,0,0,0
160,160,english muffin,127,1.1,0.2,0.2,0.5,25.5,0.9,5.0,2.6,0.0,0.2,24.1,0.0,0.2,0.054,0.0,0.2,1.9,0.2,0.018,0.0,0.0,0.3,0.094,101.5,0.04,1.6,21.1,0.3,61.0,106.0,0.018,0.6,137.3,FOOD-DATA-GROUP5,15.822784810126581,80.69620253164557,3.481012658227848,0.18867924528301888,127,3.90625,2.03125,3.3962264150943398,5.2,0.0015625,0,0,0,0
161,161,rye dinner roll,123,1.5,0.3,0.5,0.3,22.8,0.5,4.4,2.1,0.0,0.3,12.9,0.0,0.2,0.008,0.0,0.1,1.7,0.2,0.015,0.0,0.0,0.1,0.028,12.9,0.029,1.2,23.2,0.3,68.4,77.4,0.029,0.4,44.9,FOOD-DATA-GROUP5,15.33101045296167,79.44250871080139,5.2264808362369335,0.18487394957983194,123,3.5483870967741935,1.6935483870967745,2.1008403361344534,4.2,0.0024193548387096775,0,0,0,0
162,162,english muffin whole wheat,134,1.4,0.2,0.3,0.6,26.7,5.3,5.8,4.4,0.0,0.2,30.2,0.0,0.2,0.091,0.0,0.003,2.3,0.5,0.1,0.0,0.0,0.3,0.078,174.9,0.1,1.6,46.9,1.2,186.1,138.6,0.029,1.1,214.8,FOOD-DATA-GROUP5,17.10914454277286,78.76106194690266,4.129793510324483,0.20938628158844766,134,4.296296296296296,3.2592592592592595,19.133574007220215,8.8,0.0014814814814814816,0,0,0,0
163,163,dinner roll whole wheat,74,1.3,0.2,0.3,0.6,14.3,2.4,2.4,2.1,0.0,0.1,9.3,0.0,0.001,0.032,0.0,0.032,1.0,0.1,0.07,0.0,0.0,0.3,0.085,29.7,0.05,0.7,23.8,0.6,62.7,76.2,0.091,0.6,50.5,FOOD-DATA-GROUP5,13.333333333333334,79.44444444444446,7.222222222222223,0.1568627450980392,74,3.2,2.8000000000000003,15.686274509803921,4.2,0.0013333333333333335,0,0,0,0
164,164,dinner roll,76,1.8,0.4,0.9,0.3,12.9,0.5,2.4,1.1,0.0,0.1,10.4,0.0,0.1,0.059,0.0,0.071,1.1,0.1,0.072,0.0,0.0,0.1,0.074,49.3,0.032,1.0,10.1,0.3,29.1,32.2,0.097,0.3,68.5,FOOD-DATA-GROUP5,14.035087719298245,75.43859649122805,10.526315789473683,0.1726618705035971,76,3.116883116883117,1.4285714285714286,3.597122302158273,2.2,0.0012987012987012987,0,0,0,0
165,165,hotdog roll,117,1.6,0.4,0.3,0.7,21.1,3.1,4.1,0.8,0.0,0.2,14.4,0.004,0.007,0.2,0.095,0.03,0.1,1.8,0.0,0.048,0.5,0.0,0.1,0.008,60.5,0.095,1.4,9.7,0.2,42.4,51.2,0.087,27.796,FOOD-DATA-GROUP5,15.298507462686564,78.73134328358208,5.970149253731343,0.1855203619909502,117,3.4745762711864407,0.6779661016949153,14.027149321266968,1.6,0.0016949152542372883,0,0,0,0
166,166,bagel,245,1.5,0.0,0.3,0.9,47.9,6.0,10.0,4.0,0.0,0.4,36.8,0.0,0.0,0.4,0.068,0.0,0.2,3.3,0.4,0.1,0.0,0.0,0.3,0.019,19.6,0.2,2.7,50.0,1.4,139.2,161.7,0.099,63.783,FOOD-DATA-GROUP5,16.835016835016837,80.63973063973064,2.525252525252525,0.20449897750511248,245,4.0650406504065035,1.6260162601626018,12.269938650306749,8.0,0.0016260162601626016,0,0,0,0
167,167,oat bran bagel,176,0.8,0.1,0.2,0.3,36.8,1.1,7.4,2.5,0.0,0.4,22.7,0.031,0.2,0.053,0.0,0.2,2.0,0.3,0.005,0.1,0.0,0.2,0.014,8.3,0.1,2.1,21.4,0.6,75.9,79.4,0.087,0.6,58.051,FOOD-DATA-GROUP5,16.444444444444446,81.77777777777779,1.7777777777777781,0.19576719576719578,176,4.1807909604519775,1.4124293785310735,2.9100529100529107,5.0,0.0022598870056497176,0,0,0,0
168,168,pain au chocolat de la boulangerie,235,12.0,27.6,4.2,0.0,0.0,0.0,0.0,0.0,0.0,0.0,0.0,0.0,0.0,0.0,0.0,0.0,0.0,0.0,0.0,0.0,0.0,0.0,0.0,0.0,0.0,0.0,0.0,0.0,0.0,0.0,0.0,0.0,12.0,FOOD-DATA-GROUP5,0.0,0.0,100.0,0.0,235,0.0,0.0,0.0,0.0,0.0,0,0,1,0
169,169,egg bagel,72,0.5,0.1,0.1,0.2,13.8,0.0,2.8,0.6,6.2,0.1,8.5,0.012,0.1,0.016,0.064,0.064,0.9,0.2,0.053,0.2,0.0,0.0,0.0,3.4,0.09,1.0,6.5,0.1,21.8,17.7,0.088,0.2,22.349,FOOD-DATA-GROUP5,16.37426900584795,80.7017543859649,2.923976608187134,0.18918918918918917,72,3.8356164383561637,0.821917808219178,0.0,1.2,0.0013698630136986301,0,0,0,0
170,170,english muffin toasted,140,1.1,0.3,0.2,0.5,27.4,1.8,5.4,1.5,0.0,0.2,17.1,0.0,0.3,0.041,0.074,0.1,2.6,0.2,0.051,0.9,0.0,0.2,0.002,102.4,0.051,2.4,14.6,0.3,55.6,67.1,0.057,0.7,141.1,FOOD-DATA-GROUP5,15.92920353982301,80.8259587020649,3.244837758112095,0.19014084507042256,140,3.829787234042553,1.0638297872340425,6.338028169014084,3.0,0.0014184397163120568,0,0,0,0
171,171,english muffin whole wheat toasted,135,1.4,0.2,0.3,0.6,26.9,5.4,5.9,4.5,0.0,0.2,25.0,0.0,0.2,0.089,0.0,0.045,2.0,0.3,0.024,0.0,0.0,0.3,0.047,175.7,0.1,1.6,47.0,1.2,187.3,139.1,0.099,1.1,216.0,FOOD-DATA-GROUP5,17.251461988304094,78.65497076023392,4.093567251461989,0.21146953405017924,135,4.338235294117648,3.308823529411765,19.35483870967742,9.0,0.0014705882352941176,0,0,0,0
172,172,biscuit,357,16.5,4.4,7.0,4.2,45.0,2.2,7.1,1.5,3.0,0.6,29.2,0.0,0.4,0.006,0.011,0.3,3.0,0.3,0.06,0.2,0.0,0.0,0.0,237.4,0.048,2.9,18.2,0.4,165.6,122.2,0.003,0.5,310.6,FOOD-DATA-GROUP5,10.349854227405249,65.59766763848397,24.05247813411079,0.15434782608695652,357,1.9832402234636872,0.41899441340782123,4.782608695652174,3.0,0.0016759776536312849,0,0,0,0
173,173,french roll,105,1.6,0.4,0.7,0.3,19.1,0.1,3.3,1.2,0.0,0.2,13.2,0.0,0.2,0.07,0.0,0.1,1.7,0.2,0.087,0.0,0.0,0.1,0.088,34.6,0.048,1.0,7.6,0.2,31.9,43.3,0.067,0.3,60.8,FOOD-DATA-GROUP5,13.749999999999998,79.58333333333333,6.666666666666667,0.16417910447761191,105,3.1132075471698113,1.1320754716981132,0.4975124378109453,2.4,0.0018867924528301887,0,0,0,0
174,174,oat bran dinner roll,78,1.5,0.2,0.5,0.5,13.3,2.2,3.1,1.4,0.0,0.1,14.5,0.0,0.1,0.076,0.0,0.082,1.6,0.1,0.021,0.0,0.0,0.2,0.045,28.1,0.004,1.4,10.9,0.2,38.0,39.9,0.067,0.3,48.8,FOOD-DATA-GROUP5,17.31843575418994,74.30167597765363,8.379888268156424,0.21678321678321677,78,3.9240506329113924,1.772151898734177,15.384615384615385,2.8,0.0012658227848101266,0,0,0,0
175,175,pecan shortbread cookies,76,4.6,1.1,2.6,0.6,8.2,0.0,0.7,0.3,4.6,0.002,0.5,0.078,0.034,0.016,0.0,0.1,0.3,0.077,0.065,0.0,0.0,0.0,0.0,4.2,0.084,0.3,2.5,0.052,11.9,10.2,0.002,0.1,18.349,FOOD-DATA-GROUP5,5.185185185185186,60.74074074074074,34.074074074074076,0.07608695652173914,76,0.9090909090909091,0.38961038961038963,0.0,0.6,2.5974025974025975e-05,0,0,0,0
176,176,oatmeal cookies,113,4.5,1.1,2.5,0.6,17.2,6.2,1.6,0.7,0.0,0.1,1.4,0.001,0.003,0.051,0.0,0.044,0.6,0.076,0.059,0.1,0.0,0.046,0.07,9.3,0.029,0.6,8.3,0.2,34.5,35.5,0.044,0.2,34.069,FOOD-DATA-GROUP5,6.866952789699571,73.81974248927038,19.313304721030043,0.08791208791208792,113,1.4035087719298245,0.6140350877192983,34.065934065934066,1.4,0.0008771929824561404,0,0,0,0
177,177,chocolate wafers,485,15.9,4.7,5.4,4.7,81.1,33.2,7.4,3.8,2.2,0.8,5.0,0.089,0.2,0.038,0.037,0.3,3.2,0.4,0.071,0.0,0.0,0.8,0.039,34.7,0.5,4.5,59.4,0.8,147.8,235.2,0.048,1.2,147.442,FOOD-DATA-GROUP5,7.088122605363985,77.68199233716474,15.229885057471265,0.09013398294762485,485,1.5226337448559673,0.7818930041152263,40.43848964677223,7.6,0.001646090534979424,0,1,0,0
178,178,vanilla wafers low fat,353,12.2,3.1,5.2,3.1,58.9,30.0,4.0,1.5,40.8,0.3,4.1,0.037,0.2,0.045,0.028,0.3,2.5,0.3,0.027,0.0,0.0,0.2,0.082,38.4,0.036,1.9,11.2,0.2,83.2,77.6,0.001,0.3,116.995,FOOD-DATA-GROUP5,5.326231691078562,78.42876165113182,16.245006657789617,0.0667779632721202,353,1.1299435028248588,0.423728813559322,50.08347245409015,3.0,0.000847457627118644,0,1,0,0
179,179,chocolate chip cookies mcdonalds,136,6.4,3.2,1.7,0.4,18.7,9.6,1.6,0.6,18.4,0.058,1.2,0.003,0.063,0.046,0.082,0.051,0.6,0.2,0.03,0.0,0.0,0.2,0.0,9.6,0.012,1.1,11.3,0.2,29.7,54.9,0.0,0.2,38.09,FOOD-DATA-GROUP5,5.99250936329588,70.0374531835206,23.97003745318352,0.08121827411167513,136,1.1678832116788322,0.437956204379562,48.73096446700508,1.2,0.0004233576642335767,0,0,0,0
180,180,gingersnap cookies,29,0.7,0.2,0.4,0.062,5.4,1.4,0.4,0.2,0.0,0.012,0.4,0.0,0.026,0.0,0.0,0.007,0.2,0.016,0.09,0.0,0.0,0.07,0.063,5.4,0.021,0.4,3.4,0.1,5.8,24.2,0.079,0.06,12.5,FOOD-DATA-GROUP5,6.153846153846153,83.07692307692307,10.769230769230766,0.0625,29,1.3333333333333335,0.6666666666666667,21.874999999999996,0.4,0.0004,0,0,0,0
181,181,biscotti abbracci mulino bianco,54,2.6,1.6,6.8,2.6,0.8,0.051,0.4,0.0,0.0,0.0,0.0,0.0,0.0,0.0,0.0,0.0,0.0,0.0,0.0,0.0,0.0,0.0,0.0,0.0,0.0,0.0,0.0,0.0,0.0,0.0,0.0,0.0,3.8,FOOD-DATA-GROUP5,10.526315789473683,21.052631578947366,68.42105263157895,0.22222222222222224,54,0.7272727272727273,0.0,2.833333333333333,0.0,0.0,0,0,0,0
182,182,chocolate chip cookie,63,2.8,1.4,1.0,0.3,9.3,5.3,0.5,0.3,0.0,0.047,1.4,0.013,0.0,0.093,0.095,0.0,0.068,0.3,0.068,0.052,0.0,0.0,0.2,0.036,2.4,0.049,0.6,4.1,0.026,8.7,18.5,0.034,13.122,FOOD-DATA-GROUP5,3.968253968253968,73.8095238095238,22.222222222222218,0.04854368932038835,63,0.78125,0.46875,51.45631067961165,0.6,0.000734375,0,0,0,0
183,183,brownie,243,9.8,2.5,5.4,0.4,38.3,22.0,2.9,1.3,10.2,0.2,8.2,0.02,0.2,0.046,0.098,0.1,1.0,0.3,0.092,0.0,0.0,0.098,0.048,17.4,0.0,1.4,18.6,0.1,60.6,89.4,0.053,0.4,71.166,FOOD-DATA-GROUP5,5.686274509803922,75.09803921568627,19.215686274509807,0.07379134860050891,243,1.1885245901639343,0.5327868852459017,55.97964376590331,2.6,0.000819672131147541,0,1,0,0
184,184,shortbread cookies,40,1.9,0.5,1.1,0.3,5.2,1.2,0.5,0.1,1.6,0.097,0.3,0.018,0.023,0.05,0.053,0.023,0.3,0.011,0.027,0.0,0.01,0.063,0.042,2.8,0.073,0.2,1.4,0.013,8.6,8.0,0.033,0.005,10.729,FOOD-DATA-GROUP5,6.578947368421052,68.42105263157895,25.0,0.08064516129032258,40,1.2195121951219512,0.24390243902439024,19.35483870967742,0.2,0.0023658536585365853,0,0,0,0
185,185,oatmeal cookies with raisins,65,2.4,0.5,1.0,0.8,10.3,0.0,1.0,0.0,5.0,0.022,1.0,0.096,0.015,0.069,0.037,0.088,0.2,0.053,0.006,0.078,0.0,0.0,0.0,15.0,0.031,0.4,6.3,0.1,24.2,35.9,0.016,0.1,29.198,FOOD-DATA-GROUP5,7.2992700729927,75.18248175182481,17.518248175182478,0.08849557522123894,65,1.5151515151515151,0.0,0.0,0.0,0.0003333333333333333,0,0,0,0
186,186,peanut butter sandwich cookies,67,3.0,0.7,1.6,0.5,9.2,5.0,1.2,0.3,0.0,0.098,0.4,0.039,0.017,0.038,0.033,0.033,0.5,0.1,0.068,0.093,0.0,0.3,0.1,7.4,0.012,0.4,6.9,0.1,26.3,26.9,0.06,0.1,21.624,FOOD-DATA-GROUP5,8.955223880597016,68.65671641791045,22.38805970149254,0.11764705882352941,67,1.7647058823529411,0.4411764705882353,49.01960784313726,0.6,0.0014411764705882354,0,0,0,0
187,187,sugar cookies,72,3.2,0.8,1.8,0.4,10.2,5.7,0.8,0.1,7.7,0.007,0.7,0.039,0.035,0.028,0.019,0.03,0.4,0.042,0.052,0.091,0.097,0.073,0.058,3.2,0.034,0.3,1.8,0.073,12.0,9.5,0.052,0.024,17.981,FOOD-DATA-GROUP5,5.633802816901409,71.83098591549295,22.535211267605636,0.07142857142857144,72,1.095890410958904,0.136986301369863,50.89285714285715,0.2,9.58904109589041e-05,0,0,0,0
188,188,chocolate covered graham crackers,68,3.2,1.8,1.1,0.1,9.3,5.8,0.8,0.4,0.0,0.067,0.4,0.016,0.017,0.019,0.0,0.097,0.3,0.004,0.095,0.0,0.0,0.062,0.071,8.1,0.019,0.5,8.1,0.1,18.8,29.3,0.033,0.1,22.313,FOOD-DATA-GROUP5,6.015037593984962,69.92481203007519,24.06015037593985,0.07766990291262135,68,1.1594202898550725,0.5797101449275363,56.310679611650485,0.8,0.0009710144927536232,0,0,0,0
189,189,raisin cookies,60,2.0,0.5,1.1,0.3,10.2,7.1,0.6,0.2,0.3,0.077,2.0,0.008,0.031,0.074,0.0,0.082,0.3,0.046,0.044,0.1,0.0,0.3,0.086,6.9,0.04,0.3,3.2,0.001,12.5,21.0,0.039,0.034,20.215,FOOD-DATA-GROUP5,4.6875,79.6875,15.625,0.053571428571428575,60,0.983606557377049,0.32786885245901637,63.39285714285714,0.4,0.001262295081967213,0,0,0,0
190,190,vanilla wafers,28,1.2,0.3,0.7,0.1,4.3,0.0,0.3,0.1,0.0,0.045,0.3,0.0,0.071,0.067,0.0,0.057,0.2,0.013,0.09,0.0,0.0,0.0,0.0,1.5,0.028,0.1,0.7,0.038,3.8,6.4,0.036,0.06,7.5,FOOD-DATA-GROUP5,5.172413793103448,74.13793103448276,20.689655172413794,0.05660377358490566,28,1.0344827586206897,0.3448275862068966,0.0,0.2,0.0015517241379310344,0,0,0,0
191,191,graham crackers,355,8.5,1.3,3.4,3.2,64.5,26.1,5.8,2.4,0.0,0.4,3.7,0.0,0.2,0.013,0.0,0.3,3.5,0.5,0.047,0.0,0.0,0.3,0.084,20.2,0.2,3.1,25.2,0.7,87.4,113.4,0.098,0.7,104.5,FOOD-DATA-GROUP5,7.3604060913705585,81.8527918781726,10.786802030456853,0.08854961832061069,355,1.6292134831460674,0.6741573033707865,39.84732824427481,4.8,0.0011235955056179776,0,1,0,0
192,192,peanut butter cookies,95,4.8,0.9,2.2,1.4,11.8,0.0,1.8,0.0,6.2,0.1,1.2,0.066,0.044,0.092,0.023,0.06,0.7,0.025,0.079,0.032,0.0,0.0,0.0,7.8,0.075,0.4,7.8,0.1,23.2,46.2,0.062,0.2,26.738,FOOD-DATA-GROUP5,9.782608695652172,64.13043478260869,26.086956521739125,0.140625,95,1.875,0.0,0.0,0.0,0.0010416666666666667,0,0,0,0
193,193,vanilla sandwich cookie,72,3.0,0.4,1.3,1.1,10.8,5.9,0.7,0.2,0.0,0.044,0.3,0.0,0.096,0.036,0.0,0.08,0.4,0.036,0.085,0.0,0.0,0.2,0.085,4.1,0.053,0.3,2.1,0.08,11.3,13.7,0.064,0.051,19.1,FOOD-DATA-GROUP5,4.827586206896552,74.48275862068967,20.689655172413794,0.05932203389830508,72,0.9589041095890409,0.273972602739726,50.0,0.4,0.0006027397260273972,0,0,0,0
194,194,sugar wafers with creme filling,51,2.3,1.2,0.8,0.3,7.1,4.3,0.4,0.2,0.0,0.06,0.2,0.0,0.016,0.069,0.0,0.031,0.2,0.03,0.051,0.0,0.0,0.3,0.059,2.7,0.019,0.4,1.6,0.052,7.3,11.8,0.085,0.074,13.1,FOOD-DATA-GROUP5,4.081632653061225,72.44897959183673,23.469387755102037,0.04938271604938272,51,0.7692307692307693,0.38461538461538464,53.086419753086425,0.4,0.0011538461538461537,0,0,0,0
195,195,cheese puffs,197,12.8,1.9,3.8,6.9,18.6,1.1,2.1,0.6,2.5,0.3,0.6,0.012,0.01,0.039,0.035,0.065,1.6,0.3,0.092,0.0,0.0,1.5,0.043,20.0,0.038,0.7,6.3,0.033,44.8,66.2,0.031,0.2,54.854,FOOD-DATA-GROUP5,6.268656716417912,55.5223880597015,38.2089552238806,0.10714285714285714,197,1.0606060606060608,0.30303030303030304,5.612244897959184,1.2,0.0015151515151515152,0,0,0,0
196,196,saltine crackers,13,0.3,0.097,0.098,0.1,2.2,0.063,0.3,0.022,0.0,0.067,0.1,0.037,0.0,0.075,0.097,0.033,0.094,0.2,0.017,0.062,0.0,0.0,0.071,0.059,0.6,0.025,0.2,0.8,0.088,3.3,4.8,0.039,3.081,FOOD-DATA-GROUP5,10.714285714285715,78.57142857142858,10.714285714285715,0.09374999999999999,13,2.142857142857143,0.15714285714285714,1.96875,0.044,0.004785714285714286,0,0,0,0
197,197,trail mix,139,8.8,1.7,3.8,2.9,13.5,0.0,4.1,0.0,0.0,0.014,2.8,0.0,0.1,0.002,0.0,0.027,1.4,0.3,0.077,0.4,0.0,0.0,0.0,23.4,0.3,0.9,47.4,0.3,103.5,205.5,0.0,1.0,51.1,FOOD-DATA-GROUP5,15.530303030303028,51.13636363636363,33.33333333333333,0.2827586206896551,139,2.9285714285714284,0.0,0.0,0.0,0.0001,0,0,0,0
198,198,corn cones,144,7.6,6.4,0.5,0.2,17.8,0.0,1.6,0.3,0.0,0.3,0.6,0.0,0.097,0.079,0.0,0.032,0.4,0.011,0.095,0.0,0.0,0.0,0.0,0.8,0.052,0.7,3.1,0.013,12.5,22.9,0.05,0.032,28.8,FOOD-DATA-GROUP5,5.9259259259259265,65.92592592592594,28.148148148148145,0.0851063829787234,144,1.103448275862069,0.20689655172413793,0.0,0.6,0.0020689655172413794,0,0,1,0
199,199,chocolate pretzels,50,1.8,0.8,0.6,0.2,7.8,0.0,0.8,0.0,0.0,0.037,0.3,0.0,0.068,0.094,0.0,0.078,0.003,0.033,0.052,0.076,0.0,0.0,0.0,8.1,0.081,0.2,4.5,0.071,16.0,24.8,0.0,0.1,18.726,FOOD-DATA-GROUP5,7.6923076923076925,75.0,17.307692307692307,0.09090909090909091,50,1.5686274509803921,0.0,0.0,0.0,0.0007254901960784313,0,0,0,0
200,200,french toast sticks,73,3.8,0.9,2.1,0.6,8.9,2.1,1.3,0.3,0.0,0.001,7.3,0.0,0.079,0.041,0.0,0.075,0.6,0.027,0.085,0.0,0.0,0.2,0.04,11.4,0.036,0.4,4.1,0.029,18.8,24.0,0.066,0.1,26.1,FOOD-DATA-GROUP5,9.285714285714286,63.57142857142858,27.142857142857142,0.13131313131313133,73,1.7567567567567568,0.40540540540540543,21.21212121212121,0.6,1.3513513513513513e-05,0,0,0,0
201,201,crackers,82,4.2,0.9,1.0,2.1,9.8,1.3,1.1,0.4,0.0,0.1,0.5,0.2,0.0,0.081,0.079,0.0,0.052,0.7,0.067,0.087,0.0,0.0,0.5,0.036,19.2,0.011,0.6,2.9,0.076,39.7,18.9,0.053,15.764,FOOD-DATA-GROUP5,7.28476821192053,64.90066225165563,27.81456953642384,0.10185185185185186,82,1.3253012048192772,0.48192771084337355,12.037037037037036,0.8,0.0012048192771084338,0,0,0,0
202,202,sesame sticks,54,3.7,0.6,1.1,1.7,4.7,0.084,1.1,0.3,0.0,0.09,0.2,0.0,0.025,0.006,0.0,0.045,0.2,0.033,0.018,0.0,0.0,0.4,0.043,17.0,0.08,0.055,4.5,0.068,13.8,17.7,0.021,0.1,26.81,FOOD-DATA-GROUP5,11.578947368421053,49.47368421052632,38.94736842105264,0.1929824561403509,54,2.0,0.5454545454545454,1.4736842105263157,0.6,0.0016363636363636363,0,0,0,0
203,203,cheese crackers,34,1.6,0.4,0.4,0.7,4.2,0.3,0.8,0.2,0.2,0.065,0.2,0.05,0.056,0.039,0.095,0.028,0.03,0.4,0.065,0.009,0.0,0.0,0.2,0.026,9.5,0.032,0.3,1.8,0.075,14.0,10.9,0.031,7.053,FOOD-DATA-GROUP5,12.121212121212123,63.63636363636365,24.242424242424246,0.15384615384615385,34,2.2857142857142856,0.5714285714285714,5.769230769230769,0.4,0.0018571428571428571,0,0,0,0
204,204,oriental rice cracker mix,143,7.2,1.1,2.8,3.0,14.6,0.8,4.9,3.7,0.0,0.1,0.7,0.0,0.033,0.038,0.0,0.083,0.9,0.1,0.026,0.037,0.0,1.6,0.068,15.3,0.069,0.7,33.4,0.4,74.1,92.8,0.067,0.8,46.416,FOOD-DATA-GROUP5,18.352059925093638,54.68164794007491,26.96629213483146,0.31410256410256415,143,3.402777777777778,2.5694444444444446,5.128205128205129,7.4,0.0006944444444444445,0,0,0,0
205,205,breadsticks,103,2.4,0.4,0.9,0.9,17.1,0.3,3.0,0.8,0.0,0.2,1.5,0.0,0.1,0.022,0.0,0.1,1.3,0.1,0.015,0.0,0.0,0.3,0.038,5.5,0.058,1.1,8.0,0.1,30.3,31.0,0.092,0.2,29.9,FOOD-DATA-GROUP5,13.333333333333334,76.0,10.666666666666666,0.16574585635359115,103,2.8846153846153846,0.7692307692307693,1.6574585635359116,1.6,0.0019230769230769232,0,0,0,0
206,206,milk crackers,50,1.7,0.3,0.7,0.6,7.7,1.8,0.8,0.2,1.2,0.095,0.5,0.073,0.078,0.056,0.09,0.09,0.5,0.032,0.055,0.017,0.0,0.1,0.016,18.9,0.01,0.4,2.4,0.054,33.3,12.5,0.097,0.022,29.845,FOOD-DATA-GROUP5,7.843137254901962,75.49019607843138,16.666666666666668,0.09195402298850576,50,1.5686274509803921,0.39215686274509803,20.689655172413797,0.4,0.0018627450980392157,0,0,0,0
207,207,matzo crackers whole wheat,98,0.4,0.005,0.019,0.2,22.1,0.0,3.7,3.3,0.0,0.002,1.3,0.0,0.1,0.088,0.0,0.013,1.5,0.3,0.078,0.0,0.0,0.0,0.0,6.4,0.079,1.3,37.5,1.0,85.4,88.5,0.04,0.7,37.2,FOOD-DATA-GROUP5,14.122137404580155,84.35114503816796,1.5267175572519085,0.16017316017316016,98,3.737373737373738,3.3333333333333335,0.0,6.6,2.0202020202020203e-05,0,0,0,0
208,208,matzo crackers with egg,109,0.6,0.2,0.2,0.1,22.0,0.0,3.4,0.8,23.2,0.057,1.8,0.077,0.2,0.041,0.006,0.2,1.4,0.1,0.039,0.07,0.0,0.0,0.0,11.2,0.069,0.8,6.7,0.2,41.4,42.0,0.048,0.2,38.972,FOOD-DATA-GROUP5,13.076923076923078,84.61538461538461,2.3076923076923075,0.14782608695652175,109,3.090909090909091,0.7272727272727273,0.0,1.6,0.0005181818181818182,0,0,0,0
209,209,granola bites,23,0.9,0.5,0.2,0.1,3.3,1.5,0.4,0.3,0.0,0.067,0.4,0.0,0.044,0.013,0.02,0.03,0.023,0.1,0.041,0.086,0.044,0.0,0.1,0.015,2.1,0.074,0.024,3.5,0.017,10.8,14.3,0.016,5.042,FOOD-DATA-GROUP5,8.695652173913045,71.73913043478261,19.565217391304348,0.0930232558139535,23,1.6666666666666667,1.25,34.883720930232556,0.6,0.0027916666666666667,0,0,0,0
210,210,crackers whole wheat,120,4.0,0.6,0.9,1.9,19.5,0.3,3.0,2.9,0.0,0.2,0.8,0.0,0.074,0.068,0.0,0.011,1.3,0.2,0.074,0.0,0.0,0.4,0.075,10.1,0.1,0.9,30.8,0.6,92.7,96.6,0.073,0.7,40.4,FOOD-DATA-GROUP5,11.320754716981133,73.58490566037736,15.09433962264151,0.14634146341463414,120,2.479338842975207,2.3966942148760326,1.4634146341463414,5.8,0.0016528925619834713,0,0,0,0
211,211,tropical trail mix,619,23.9,11.9,3.5,7.2,91.8,0.0,8.8,0.0,0.0,0.1,12.6,0.0,0.6,0.099,0.0,0.2,2.1,1.7,0.5,10.6,0.0,0.0,0.0,79.8,0.7,3.7,134.4,1.4,260.4,992.6,0.0,1.6,218.6,FOOD-DATA-GROUP5,7.068273092369479,73.73493975903614,19.196787148594378,0.09482758620689656,619,1.4193548387096775,0.0,0.0,0.0,0.00016129032258064516,0,0,1,0
212,212,soft pretzels,389,3.6,0.8,1.2,1.1,79.8,0.3,9.4,2.0,3.5,0.9,17.3,0.0,0.5,0.079,0.0,0.3,4.9,0.0,0.002,0.0,0.0,0.6,0.071,26.5,0.1,4.5,24.2,0.0,90.9,101.2,0.03,1.1,125.8,FOOD-DATA-GROUP5,10.129310344827587,85.99137931034483,3.8793103448275863,0.11633663366336634,389,2.41025641025641,0.5128205128205128,0.3712871287128713,4.0,0.002307692307692308,0,0,0,0
213,213,corn tostada shell,58,2.9,0.9,0.9,1.0,7.9,0.0,0.8,0.7,0.0,0.084,0.4,0.0,0.08,0.0,0.0,0.027,0.2,0.085,0.031,0.0,0.0,0.0,0.0,9.3,0.042,0.2,9.3,0.031,25.0,29.2,0.028,0.2,21.8,FOOD-DATA-GROUP5,6.896551724137931,68.10344827586206,24.999999999999996,0.0898876404494382,58,1.3559322033898307,1.1864406779661016,0.0,1.4,0.001423728813559322,0,0,0,0
214,214,matzo crackers,111,0.4,0.03,0.045,0.2,23.4,0.098,2.8,0.8,0.0,0.0,1.2,0.0,0.1,0.077,0.0,0.013,1.1,0.1,0.078,0.0,0.0,0.026,0.047,3.6,0.01,0.9,7.0,0.2,24.9,31.4,0.022,0.2,31.9,FOOD-DATA-GROUP5,10.526315789473685,87.96992481203007,1.503759398496241,0.11475409836065574,111,2.5,0.7142857142857143,0.40163934426229514,1.6,0.0,0,0,0,0
215,215,sesame crunch,9,0.6,0.096,0.2,0.3,0.9,0.6,0.2,0.1,0.0,0.027,0.073,0.0,0.061,0.051,0.0,0.015,0.025,0.049,0.013,0.0,0.0,0.002,0.0,11.5,0.096,0.019,4.5,0.055,7.4,5.5,0.033,0.013,13.351,FOOD-DATA-GROUP5,11.76470588235294,52.94117647058824,35.29411764705882,0.10526315789473685,9,2.0,1.0,31.57894736842105,0.2,0.0027,0,0,0,0
216,216,trail mix with chocolate chips,707,46.6,8.9,19.8,16.5,65.6,0.0,20.7,0.0,5.8,0.2,9.6,0.0,0.6,0.01,0.0,0.3,6.4,1.4,0.4,1.9,0.0,0.0,0.0,159.1,1.2,4.9,235.1,1.6,565.0,946.1,0.0,4.6,298.8,FOOD-DATA-GROUP5,15.575620767494355,49.360421369450705,35.06395786305493,0.3108108108108108,707,2.9237288135593222,0.0,0.0,0.0,0.0002824858757062147,0,0,1,0
217,217,cracker meal,440,2.0,0.3,0.2,0.8,93.0,0.4,10.7,3.0,0.0,0.078,8.7,0.0,0.8,0.2,0.0,0.5,6.6,0.5,0.017,0.0,0.0,0.5,0.053,26.5,0.3,5.3,27.6,1.1,119.6,132.3,0.086,0.8,140.5,FOOD-DATA-GROUP5,10.122989593188269,87.9848628192999,1.8921475875118259,0.11382978723404255,440,2.4263038548752833,0.6802721088435374,0.425531914893617,6.0,0.00017687074829931973,0,0,0,0
218,218,puffed rice,153,0.2,0.037,0.0,0.0,34.1,0.0,2.4,0.6,0.0,0.053,1.1,0.0,1.0,0.093,0.0,0.7,13.4,0.1,0.055,0.0,0.0,0.0,0.0,2.3,0.02,12.0,9.5,0.6,37.2,42.9,0.094,0.4,51.6,FOOD-DATA-GROUP5,6.539509536784741,92.91553133514986,0.544959128065395,0.06837606837606837,153,1.5584415584415585,0.38961038961038963,0.0,1.2,0.00034415584415584414,0,0,0,0
219,219,filinchen gutena,19,0.2,0.056,3.6,0.031,0.5,0.028,0.4,0.0,0.0,0.0,0.0,0.0,0.0,0.0,0.0,0.0,0.0,0.0,0.0,0.0,0.0,0.0,0.0,0.0,0.0,0.0,0.0,0.0,0.0,0.0,0.0,0.0,1.1,FOOD-DATA-GROUP5,36.36363636363637,45.45454545454545,18.181818181818183,0.26666666666666666,19,2.0,0.0,1.866666666666667,0.0,0.0,0,0,0,0
220,220,melba toast crackers,117,1.0,0.1,0.2,0.4,23.0,0.3,3.6,1.9,0.0,0.2,1.5,0.0,0.1,0.055,0.0,0.071,1.2,0.2,0.087,0.0,0.0,0.1,0.029,27.9,0.046,1.1,17.7,0.3,58.8,60.6,0.042,0.6,58.5,FOOD-DATA-GROUP5,13.043478260869565,83.33333333333333,3.6231884057971016,0.15,117,3.050847457627119,1.6101694915254237,1.25,3.8,0.0016949152542372883,0,0,0,0
221,221,matzo crackers with egg onion,109,1.1,0.3,0.3,0.3,21.6,0.0,2.8,1.4,12.6,0.052,2.0,0.062,0.2,0.069,0.018,0.1,1.4,0.2,0.036,0.026,0.0,0.0,0.0,10.1,0.013,1.2,8.4,0.2,24.9,23.2,0.066,0.2,38.316,FOOD-DATA-GROUP5,10.980392156862743,84.70588235294117,4.313725490196078,0.1238938053097345,109,2.545454545454545,1.2727272727272725,0.0,2.8,0.0004727272727272727,0,0,0,0
222,222,cornnuts,126,4.4,0.7,2.7,0.9,20.3,0.2,2.4,2.0,0.0,0.2,0.4,0.0,0.024,0.0,0.0,0.015,0.5,0.1,0.094,0.0,0.0,0.6,0.097,2.5,0.001,0.5,32.0,0.1,77.8,78.7,0.064,0.5,32.1,FOOD-DATA-GROUP5,8.856088560885608,74.90774907749078,16.236162361623617,0.11267605633802816,126,1.889763779527559,1.574803149606299,0.9389671361502347,4.0,0.0015748031496062994,0,0,0,0
223,223,bagel chips,789,26.5,12.0,10.6,3.6,116.1,10.5,21.6,7.2,0.0,0.4,8.8,0.0,0.9,0.2,0.0,0.6,13.4,0.8,0.2,0.0,0.0,1.4,0.031,42.0,0.3,8.8,68.3,1.2,229.3,245.0,0.03,1.8,222.2,FOOD-DATA-GROUP5,13.154689403166872,70.70645554202193,16.13885505481121,0.18445772843723315,789,2.7341772151898738,0.9113924050632912,8.9666951323655,10.0,0.0005063291139240507,0,0,1,0
224,224,pretzels,115,0.9,0.1,0.2,0.4,24.1,0.7,3.0,1.0,0.0,0.4,0.9,0.037,0.0,0.1,0.084,0.0,0.026,1.6,0.1,0.084,0.6,0.0,0.1,0.01,8.1,0.08,1.4,8.7,0.3,38.4,66.9,0.01,29.214,FOOD-DATA-GROUP5,10.714285714285714,86.07142857142858,3.214285714285715,0.1195219123505976,115,2.586206896551724,0.8620689655172413,2.788844621513944,2.0,0.003448275862068966,0,0,0,0
225,225,potato raw,164,0.2,0.028,0.063,0.071,37.2,1.7,4.3,4.7,0.0,0.072,169.0,0.0,0.2,0.002,0.0,0.02,2.2,0.6,0.6,42.0,0.0,0.059,0.043,25.6,0.2,1.7,49.0,0.3,121.4,896.7,0.079,0.6,115.7,FOOD-DATA-GROUP5,10.311750599520382,89.20863309352518,0.4796163069544364,0.112565445026178,164,2.606060606060606,2.8484848484848486,4.450261780104712,9.4,0.0004363636363636363,0,0,0,0
226,226,gatto di patate home made,202,9.4,4.6,21.0,9.4,4.0,3.6,0.0,0.0,0.0,0.0,0.0,0.0,0.0,0.0,0.0,0.0,0.0,0.0,0.0,0.0,0.0,0.0,0.0,0.0,0.0,0.0,0.0,0.0,0.0,0.0,0.0,0.0,13.4,FOOD-DATA-GROUP5,0.0,29.850746268656714,70.1492537313433,0.0,202,0.0,0.0,72.0,0.0,0.0,0,0,0,0
227,227,baked potato,161,0.2,0.074,0.086,0.1,36.6,2.0,4.3,3.8,0.0,0.097,129.6,0.0,0.0,0.1,0.001,0.0,0.056,2.4,0.7,0.5,16.6,0.0,0.034,0.057,26.0,0.2,1.9,48.4,0.4,121.1,925.6,0.028,45.667,FOOD-DATA-GROUP5,10.46228710462287,89.05109489051095,0.48661800486618007,0.11436170212765956,161,2.654320987654321,2.3456790123456788,5.319148936170213,7.6,0.0005987654320987654,0,0,0,0
228,228,potato sticks,188,12.4,3.2,2.2,6.4,19.2,0.006,2.4,1.2,0.0,0.2,0.8,0.0,0.041,0.043,0.0,0.062,1.7,0.1,0.1,17.0,0.0,3.3,0.089,6.5,0.1,0.8,23.0,0.2,61.9,445.3,0.042,0.4,59.5,FOOD-DATA-GROUP5,7.0588235294117645,56.470588235294116,36.47058823529412,0.1188118811881188,188,1.2698412698412698,0.6349206349206349,0.0297029702970297,2.4,0.0010582010582010583,0,0,0,0
229,229,potato cooked,52,0.006,0.003,0.027,0.071,12.1,0.5,1.1,1.2,0.0,0.035,46.2,0.0,0.026,0.082,0.0,0.029,0.9,0.3,0.2,7.8,0.0,0.043,0.042,3.0,0.1,0.2,13.2,0.044,26.4,227.4,0.022,0.2,25.487,FOOD-DATA-GROUP5,8.329547175526276,91.62501893078904,0.04543389368468878,0.08396946564885498,52,2.075471698113208,2.2641509433962264,3.816793893129771,2.4,0.0006603773584905661,0,0,0,0
230,230,vivaldi potatoes sainsburys,23,0.1,5.0,0.5,0.0,0.0,0.0,0.0,0.0,0.0,0.0,0.0,0.0,0.0,0.0,0.0,0.0,0.0,0.0,0.0,0.0,0.0,0.0,0.0,0.0,0.0,0.0,0.0,0.0,0.0,0.0,0.0,0.0,0.1,FOOD-DATA-GROUP5,0.0,0.0,100.0,0.0,23,0.0,0.0,0.0,0.0,0.0,0,0,0,0
231,231,potato ham chowder soup,192,12.5,3.9,5.9,0.8,13.4,0.0,6.5,1.4,21.6,0.9,204.7,0.0,0.0,0.0,0.0,0.0,0.0,0.0,0.0,0.0,0.0,0.0,0.0,0.0,0.0,1.7,0.0,0.0,0.0,0.0,0.0,0.0,35.5,FOOD-DATA-GROUP5,20.061728395061728,41.358024691358025,38.58024691358025,0.4513888888888889,192,3.3678756476683938,0.7253886010362693,0.0,2.8,0.004663212435233161,0,0,0,0
232,232,russet potato raw,292,0.3,0.06,0.061,0.2,66.7,2.3,7.9,4.8,0.0,0.068,290.0,0.0,0.3,0.056,0.0,0.1,3.8,1.1,1.3,21.0,0.0,0.097,0.083,48.0,0.4,3.2,84.9,0.6,203.0,1538.7,0.055,1.1,151.9,FOOD-DATA-GROUP5,10.54739652870494,89.05206942590121,0.4005340453938584,0.11669128508124077,292,2.696245733788396,1.6382252559726962,3.3973412112259966,9.6,0.00023208191126279865,0,0,0,0
233,233,russet potato baked,290,0.4,0.1,0.056,0.2,64.1,3.2,7.9,6.9,0.0,0.084,222.6,0.0,0.2,0.061,0.0,0.1,4.0,1.1,1.1,24.8,0.0,0.2,0.084,53.8,0.3,3.2,89.7,0.7,212.3,1644.5,0.01,1.0,161.1,FOOD-DATA-GROUP5,10.911602209944752,88.53591160220992,0.5524861878453038,0.12135176651305685,290,2.7147766323024056,2.371134020618557,4.915514592933948,10.0,0.000288659793814433,0,0,0,0
234,234,french fries,13,0.4,0.01,0.3,0.067,2.2,0.088,0.2,0.2,0.0,0.056,5.9,0.0,0.043,0.019,0.0,0.042,0.2,0.076,0.085,1.5,0.0,0.061,0.086,0.8,0.028,0.076,1.9,0.022,7.4,36.3,0.0,0.018,5.362,FOOD-DATA-GROUP5,7.142857142857142,78.57142857142857,14.285714285714285,0.0625,13,1.4285714285714286,1.4285714285714286,2.7499999999999996,0.4,0.004,0,0,0,0
235,235,potato scalloped,216,9.0,5.5,2.5,0.4,26.4,0.0,7.0,4.7,29.4,0.8,198.3,0.0,0.2,0.018,0.0,0.2,2.6,1.3,0.4,26.0,0.0,0.0,0.0,139.7,0.4,1.4,46.6,0.4,154.4,926.1,0.064,1.0,214.2,FOOD-DATA-GROUP5,16.509433962264154,62.264150943396224,21.22641509433962,0.25547445255474455,216,3.225806451612903,2.165898617511521,0.0,9.4,0.003686635944700461,0,0,1,0
236,236,cottage fries,11,0.4,0.084,0.2,0.055,1.9,0.019,0.2,0.2,0.0,0.058,4.4,0.0,0.026,0.063,0.0,0.086,0.1,0.003,0.016,0.8,0.0,0.043,0.076,0.9,0.053,0.025,1.9,0.086,6.7,32.5,0.06,0.027,4.413,FOOD-DATA-GROUP5,8.0,76.0,16.0,0.06896551724137931,11,1.6666666666666667,1.6666666666666667,0.6551724137931034,0.4,0.004833333333333334,0,0,0,0
237,237,mashed potatoes,215,6.8,1.4,1.7,3.2,35.5,1.2,4.0,3.1,0.0,0.7,192.7,0.079,0.023,0.013,0.049,0.005,2.6,0.0,0.3,0.0,0.0,1.0,0.078,43.6,0.06,0.8,36.3,0.2,142.8,692.1,0.055,0.5,93.836,FOOD-DATA-GROUP5,8.639308855291578,76.67386609071275,14.686825053995682,0.1095890410958904,215,1.8518518518518516,1.4351851851851851,3.287671232876712,6.2,0.0032407407407407406,0,0,0,0
238,238,mashed potato with milk and butter,237,8.9,5.5,2.2,0.4,35.3,3.0,3.9,3.2,23.1,0.7,158.8,0.026,0.2,0.023,0.05,0.069,2.3,1.0,0.5,12.6,0.08,0.3,0.033,50.4,0.3,0.5,37.8,0.2,94.5,596.4,0.074,0.6,114.854,FOOD-DATA-GROUP5,8.108108108108109,73.38877338877339,18.503118503118507,0.10743801652892562,237,1.6386554621848741,1.3445378151260505,8.264462809917356,6.4,0.0029411764705882353,0,0,1,0
239,239,red potato raw,149,0.3,0.074,0.001,0.1,33.9,2.7,4.0,3.6,0.0,0.02,172.4,0.0,0.2,0.026,0.0,0.06,2.4,0.6,0.4,18.3,0.0,0.003,0.051,21.3,0.3,1.6,46.9,0.3,129.9,969.2,0.022,0.7,83.0,FOOD-DATA-GROUP5,10.471204188481677,88.7434554973822,0.7853403141361258,0.11461318051575932,149,2.666666666666667,2.4,7.736389684813755,7.2,0.00013333333333333334,0,0,0,0
240,240,potato pancake,59,3.2,0.5,0.8,1.7,6.1,0.4,1.3,0.7,20.9,0.2,10.5,0.098,0.085,0.096,0.004,0.098,0.4,0.2,0.052,6.1,0.091,0.055,0.024,7.0,0.043,0.4,7.9,0.006,28.2,136.8,0.072,0.2,24.864,FOOD-DATA-GROUP5,12.264150943396228,57.54716981132076,30.188679245283023,0.18309859154929578,59,2.166666666666667,1.1666666666666665,5.633802816901409,1.4,0.0033333333333333335,0,0,0,0
241,241,potato puffs,243,11.0,2.3,7.7,0.6,35.5,0.3,2.6,3.2,0.0,0.6,76.4,0.0,0.2,0.019,0.0,0.049,1.9,0.4,0.2,8.1,0.0,0.3,0.001,17.9,0.01,0.8,21.8,0.2,131.8,399.4,0.018,0.4,79.1,FOOD-DATA-GROUP5,5.295315682281059,72.30142566191445,22.403258655804482,0.07123287671232877,243,1.0655737704918034,1.3114754098360655,0.821917808219178,6.4,0.0024590163934426227,0,0,0,0
242,242,red potato baked,74,0.1,0.008,0.078,0.004,16.7,1.2,2.0,1.5,0.0,0.037,65.2,0.0,0.0,0.097,0.034,0.0,0.046,1.4,0.3,0.2,10.7,0.0,0.066,0.075,7.7,0.1,0.6,23.8,0.1,61.2,463.3,0.0,20.689,FOOD-DATA-GROUP5,10.638297872340425,88.82978723404254,0.5319148936170213,0.11299435028248588,74,2.666666666666667,2.0,6.779661016949152,3.0,0.0004933333333333334,0,0,0,0
243,243,potatoes canned,132,0.3,0.098,0.021,0.1,29.7,0.0,3.6,4.2,0.0,0.7,263.5,0.0,0.1,0.011,0.0,0.015,2.7,0.5,0.4,22.8,0.0,0.0,0.0,117.0,0.2,2.2,42.0,0.2,66.0,615.0,0.049,1.2,179.8,FOOD-DATA-GROUP5,10.714285714285717,88.39285714285715,0.892857142857143,0.11726384364820848,132,2.706766917293233,3.1578947368421053,0.0,8.4,0.005263157894736842,0,0,0,0
244,244,potato skin raw,22,0.099,0.093,0.008,0.07,4.7,0.0,1.0,1.0,0.0,0.053,31.7,0.0,0.055,0.031,0.0,0.024,0.4,0.1,0.038,4.3,0.0,0.0,0.0,11.4,0.2,1.2,8.7,0.2,14.4,156.9,0.096,0.1,23.697,FOOD-DATA-GROUP5,17.24435247456458,81.04845663045353,1.7071908949818935,0.17543859649122806,22,4.3478260869565215,4.3478260869565215,0.0,2.0,0.0023043478260869566,0,0,0,0
245,245,shoestring french fries,4,0.1,0.059,0.083,0.06,0.7,0.062,0.099,0.099,0.0,0.055,1.2,0.0,0.008,0.004,0.0,0.092,0.075,0.003,0.048,0.3,0.0,0.022,0.048,0.3,0.057,0.052,0.5,0.057,2.4,10.6,0.038,0.053,1.604,FOOD-DATA-GROUP5,11.012235817575085,77.86429365962181,11.123470522803117,0.058235294117647066,4,1.9800000000000002,1.9800000000000002,3.6470588235294117,0.198,0.011,0,0,0,0
246,246,hash brown potato,144,9.0,1.3,4.1,3.0,15.3,0.3,1.4,1.4,0.0,0.3,26.1,0.041,0.0,0.023,0.012,0.0,0.055,1.0,0.1,0.068,2.9,0.0,1.4,0.069,10.1,0.004,0.3,11.1,0.099,51.9,188.2,0.043,27.245,FOOD-DATA-GROUP5,5.447470817120623,59.53307392996109,35.01945525291829,0.08588957055214723,144,0.9655172413793103,0.9655172413793103,1.840490797546012,2.8,0.0020689655172413794,0,0,0,0
247,247,baked chips lays,130,2.0,26.0,2.0,2.0,0.0,0.0,0.0,0.0,0.0,0.0,0.0,0.0,0.0,0.0,0.0,0.0,0.0,0.0,0.0,0.0,0.0,0.0,0.0,0.0,0.0,0.0,0.0,0.0,0.0,0.0,0.0,0.0,2.0,FOOD-DATA-GROUP5,0.0,0.0,100.0,0.0,130,0.0,0.0,0.0,0.0,0.0,0,0,1,0
248,248,corn chips,162,10.0,1.3,2.7,4.9,17.2,0.031,1.9,1.2,0.0,0.2,0.3,0.021,0.066,0.062,0.086,0.0,0.076,0.3,0.2,0.073,0.0,0.0,2.2,0.068,41.4,0.021,0.4,21.6,0.1,58.2,43.2,0.042,30.501,FOOD-DATA-GROUP5,6.529209621993128,59.106529209621996,34.36426116838488,0.1043956043956044,162,1.165644171779141,0.7361963190184049,0.17032967032967034,2.4,0.001226993865030675,0,0,0,0
249,249,nacho cheese tortilla chips low fat,90,1.0,0.3,0.4,0.3,18.5,0.8,2.4,1.8,0.6,0.2,0.5,0.0,0.058,0.036,0.003,0.039,0.4,0.048,0.088,1.6,0.0,1.0,0.088,36.2,0.04,1.4,28.0,0.2,69.3,112.1,0.056,1.0,62.9,FOOD-DATA-GROUP5,10.958904109589042,84.47488584474885,4.566210045662101,0.12307692307692307,90,2.6373626373626373,1.9780219780219779,4.102564102564102,3.6,0.002197802197802198,0,0,0,0
250,250,corn chips barbecue,1036,64.7,8.8,18.8,32.0,111.3,0.0,13.9,10.3,0.0,1.5,2.4,0.0,0.1,0.014,0.0,0.4,3.3,0.3,0.5,3.4,0.0,0.0,0.0,259.4,0.3,3.0,152.5,1.5,409.9,467.3,0.005,2.1,466.0,FOOD-DATA-GROUP5,7.319641916798315,58.60979462875198,34.07056345444971,0.12377560106856635,1036,1.3404050144648023,0.9932497589199615,0.0,10.0,0.0014464802314368371,0,0,1,0
251,251,corn chips unsalted,490,29.4,3.8,8.0,15.0,50.5,1.2,5.8,3.9,0.0,0.024,0.9,0.0,0.1,0.028,0.0,0.1,1.3,0.0,0.2,1.8,0.0,1.2,0.026,109.1,0.2,1.5,61.6,0.0,161.9,162.8,0.087,0.7,202.0,FOOD-DATA-GROUP5,6.767794632438741,58.926487747958,34.30571761960327,0.11262135922330097,490,1.1812627291242364,0.7942973523421588,2.3300970873786406,7.8,4.8879837067209774e-05,0,0,0,0
252,252,potato chips fat free,860,1.4,0.3,0.06,0.6,190.1,8.4,21.9,17.0,0.0,1.5,4.5,0.0,2.5,0.1,0.0,0.3,14.6,0.0,1.8,21.1,0.0,0.029,0.006,79.5,0.4,8.1,158.9,0.0,379.1,3695.6,0.038,1.7,339.1,FOOD-DATA-GROUP5,10.262417994376756,89.08153701968135,0.6560449859418931,0.11459968602825746,860,2.543554006968641,1.9744483159117305,4.395604395604396,10.0,0.0017421602787456446,0,0,0,0
253,253,sweet chilli kettle baked chips,99,2.2,0.3,16.9,1.2,2.1,0.4,2.0,0.0,0.0,0.0,0.0,0.0,0.0,0.0,0.0,0.0,0.0,0.0,0.0,0.0,0.0,0.0,0.0,0.0,0.0,0.0,0.0,0.0,0.0,0.0,0.0,0.0,6.3,FOOD-DATA-GROUP5,31.746031746031743,33.333333333333336,34.920634920634924,0.6451612903225806,99,2.0,0.0,12.903225806451612,0.0,0.0,0,0,0,0
254,254,taro chips,11,0.6,0.1,0.1,0.3,1.6,0.04,0.049,0.2,0.0,0.022,0.064,0.0,0.088,0.067,0.0,0.077,0.03,0.1,0.091,0.1,0.0,0.3,0.078,1.4,0.097,0.008,1.9,0.087,3.0,17.4,0.08,0.069,4.042,FOOD-DATA-GROUP5,2.1787461093819473,71.14273010226768,26.67852378835038,0.018846153846153846,11,0.4083333333333334,1.6666666666666667,1.5384615384615383,0.4,0.0018333333333333333,0,0,0,0
255,255,potato chips reduced fat,801,35.4,7.1,8.2,18.6,113.7,0.4,12.1,10.0,0.0,0.8,1.7,0.0,0.4,0.028,0.0,0.5,11.9,0.5,1.1,43.7,0.0,9.3,0.076,35.7,1.0,2.3,151.3,0.7,328.1,2964.8,0.08,0.1,252.9,FOOD-DATA-GROUP5,7.506203473945409,70.53349875930522,21.96029776674938,0.1054925893635571,801,1.5087281795511223,1.2468827930174564,0.34873583260680036,10.0,0.0009975062344139652,0,0,1,0
256,256,onion snacks,150,6.8,1.3,4.0,0.9,19.5,1.4,2.3,1.2,0.0,0.3,0.6,0.087,0.092,0.01,0.0,0.048,1.0,0.061,0.084,0.5,0.0,0.8,0.003,8.7,0.072,1.1,8.4,0.1,21.6,42.9,0.002,0.086,40.199,FOOD-DATA-GROUP5,8.04195804195804,68.18181818181817,23.776223776223773,0.1121951219512195,150,1.5231788079470197,0.7947019867549668,6.829268292682926,2.4,0.001986754966887417,0,0,0,0
257,257,potato chips cheese,843,46.2,14.6,13.1,16.3,98.1,0.0,14.5,8.8,6.8,0.8,3.1,0.057,0.3,0.0,0.0,0.3,8.5,1.3,0.6,92.0,0.0,0.0,0.0,122.4,0.4,3.1,127.5,0.8,508.3,2597.6,0.0,1.5,385.109,FOOD-DATA-GROUP5,9.130982367758186,61.77581863979849,29.093198992443327,0.14631685166498487,843,1.7180094786729858,1.042654028436019,0.0,10.0,0.0009478672985781991,0,0,1,0
258,258,yuca cassava chips,9,0.4,0.1,0.1,0.1,1.2,0.006,0.054,0.002,0.0,0.041,0.062,0.0,0.049,0.0,0.0,0.087,0.058,0.06,0.066,0.0,0.0,0.067,0.047,0.9,0.019,0.099,0.8,0.083,1.7,14.8,0.002,0.078,2.621,FOOD-DATA-GROUP5,3.2648125755743655,72.55139056831923,24.18379685610641,0.024545454545454544,9,0.54,0.02,0.2727272727272727,0.004,0.0041,0,0,0,0
259,259,tortilla chips low fat,117,1.6,0.2,0.5,0.8,22.6,0.2,3.1,1.5,0.0,0.1,0.5,0.0,0.089,0.052,0.0,0.001,0.1,0.0,0.003,0.095,0.0,0.2,0.043,45.0,0.006,0.5,27.5,0.0,90.0,77.0,0.087,0.3,74.368,FOOD-DATA-GROUP5,11.355311355311354,82.78388278388277,5.86080586080586,0.1313559322033898,117,2.6271186440677967,1.2711864406779663,0.847457627118644,3.0,0.0008474576271186442,0,0,0,0
260,260,ranch flavor tortilla chips,992,48.8,7.0,14.0,26.8,124.2,6.0,14.2,7.9,0.0,1.0,6.2,0.0,0.093,0.0,0.0,0.1,2.6,1.2,0.4,0.0,0.0,0.0,0.073,265.3,0.2,2.7,172.3,0.7,499.0,512.8,0.032,2.8,463.1,FOOD-DATA-GROUP5,7.585470085470085,66.34615384615385,26.06837606837607,0.11341853035143769,992,1.4300100704934542,0.7955689828801611,4.792332268370607,10.0,0.0010070493454179255,0,0,1,0
261,261,potato chips,161,10.4,3.3,3.0,3.7,15.9,0.007,2.1,1.4,0.0,0.021,0.6,0.0,0.086,0.045,0.0,0.006,1.1,1.3,0.2,9.3,0.0,2.7,0.02,7.2,0.1,0.5,20.1,0.2,49.5,382.5,0.099,0.3,46.8,FOOD-DATA-GROUP5,7.3943661971831,55.98591549295775,36.61971830985916,0.12426035502958581,161,1.2962962962962965,0.8641975308641975,0.04142011834319528,2.8,0.00012962962962962963,0,0,0,0
262,262,tortilla chips,142,6.2,0.8,1.7,3.2,20.3,0.2,2.1,1.6,0.0,0.077,0.8,0.2,0.0,0.006,0.071,0.031,0.057,0.3,0.4,0.092,0.0,0.0,1.1,0.014,31.8,0.2,0.5,25.2,0.0,67.5,54.6,0.041,30.699,FOOD-DATA-GROUP5,7.3426573426573425,70.97902097902097,21.678321678321677,0.09859154929577466,142,1.4685314685314688,1.118881118881119,0.9389671361502347,3.2,0.0005384615384615384,0,0,0,0
263,263,sweet potato chips,149,9.1,0.8,2.6,3.4,15.9,2.5,0.8,2.5,0.0,0.05,1.3,0.0,0.013,0.088,0.0,0.069,0.6,0.4,0.1,0.0,0.0,2.7,0.08,16.5,0.1,0.6,18.2,0.4,40.6,259.0,0.087,0.1,45.4,FOOD-DATA-GROUP5,3.1007751937984502,61.62790697674419,35.27131782945737,0.04733727810650888,149,0.5333333333333334,1.6666666666666667,14.792899408284024,5.0,0.0003333333333333334,0,0,0,0
264,264,nacho cheese tortilla chips,156,8.2,1.2,2.7,3.7,18.2,0.8,2.2,1.5,0.0,0.2,0.5,0.021,0.2,0.023,0.085,0.0,0.021,0.4,0.2,0.038,0.1,0.0,0.0,0.002,41.1,0.071,0.3,22.5,0.1,75.6,66.9,0.072,30.369,FOOD-DATA-GROUP5,7.692307692307694,63.63636363636363,28.671328671328673,0.11458333333333334,156,1.4012738853503186,0.9554140127388535,4.166666666666667,3.0,0.0012738853503184715,0,0,0,0
265,265,vegetable chips,134,6.6,0.5,4.1,1.9,17.1,1.1,1.5,1.3,0.0,0.3,1.8,0.0,0.019,0.002,0.0,0.025,0.8,0.1,0.2,1.4,0.0,1.4,0.027,14.7,0.011,0.4,15.0,0.015,36.8,237.2,0.083,0.1,43.0,FOOD-DATA-GROUP5,5.952380952380952,67.85714285714286,26.190476190476186,0.08287292817679558,134,1.1111111111111112,0.962962962962963,6.077348066298343,2.6,0.0022222222222222222,0,0,0,0
266,266,taco flavor tortilla chips,1090,54.9,10.5,32.4,7.6,143.2,0.0,17.9,12.0,11.4,1.8,3.6,0.0,0.5,0.022,0.0,0.5,4.5,0.7,0.7,2.0,0.0,0.0,0.0,351.9,0.4,4.6,199.8,1.0,542.5,492.6,0.075,2.9,586.5,FOOD-DATA-GROUP5,8.287037037037036,66.29629629629629,25.416666666666664,0.12413314840499307,1090,1.6406966086159485,1.0999083409715857,0.0,10.0,0.0016498625114573786,0,0,1,0
267,267,potato chips barbecue,970,64.2,15.9,12.9,32.4,104.5,14.0,15.2,8.7,0.0,1.3,3.8,0.0,0.4,0.2,0.0,0.4,9.3,1.2,1.2,67.1,0.0,12.2,0.015,99.0,0.7,3.8,148.5,1.0,368.3,2496.8,0.02,1.9,362.5,FOOD-DATA-GROUP5,8.265361609570418,56.82436106579662,34.91027732463296,0.14407582938388624,970,1.565396498455201,0.8959835221421214,13.270142180094787,10.0,0.0013388259526261586,0,0,1,0
268,268,pita chips,137,4.6,0.4,3.3,0.6,20.5,1.4,3.5,1.1,0.0,0.3,0.6,0.033,0.0,0.2,0.042,0.0,0.077,2.1,0.2,0.039,0.0,0.0,2.1,0.051,5.1,0.065,1.4,11.1,0.2,37.2,38.7,0.003,29.893,FOOD-DATA-GROUP5,12.237762237762237,71.67832167832168,16.08391608391608,0.16279069767441862,137,2.536231884057971,0.7971014492753624,6.511627906976744,2.2,0.002173913043478261,0,0,0,0
269,269,potato chips sour cream and onion,1051,67.1,17.6,12.1,34.5,102.0,0.0,16.0,10.3,13.9,1.1,3.6,0.073,0.4,0.1,0.079,0.4,8.0,1.6,1.3,73.9,0.0,0.0,0.0,142.6,0.6,3.2,146.5,0.8,348.5,2635.4,0.0,1.9,415.171,FOOD-DATA-GROUP5,8.64397622906537,55.10534846029174,36.25067531064289,0.1553398058252427,1051,1.520912547528517,0.979087452471483,0.0,10.0,0.0010456273764258557,0,0,1,0
270,270,adobo fresco,780,60.2,8.4,43.1,5.9,53.6,5.8,5.8,3.7,0.0,49.4,63.6,0.0,0.1,0.094,0.0,0.037,1.4,0.0,0.0,16.7,0.0,7.7,0.088,354.2,0.088,9.2,66.2,0.0,109.4,538.6,0.024,0.7,503.4,FOOD-DATA-GROUP5,4.849498327759197,44.81605351170569,50.33444816053512,0.10622710622710622,780,0.7426376440460948,0.4737516005121639,10.622710622710622,7.4,0.06325224071702945,0,0,1,0
271,271,chili pepper sauce red,3,0.089,0.073,0.096,0.071,0.6,0.4,0.1,0.1,0.0,0.003,14.1,0.0,0.042,0.093,0.0,0.042,0.041,0.0,0.02,4.5,0.0,0.005,0.018,1.4,0.0,0.051,1.8,0.0,2.4,84.6,0.06,0.037,6.755,FOOD-DATA-GROUP5,12.67427122940431,76.04562737642586,11.280101394169836,0.0625,3,2.5,2.5,25.0,0.2,0.00075,0,0,0,0
272,272,creamy ranch sauce mcdonalds,132,14.7,2.2,3.1,8.0,1.0,1.0,0.3,0.0,5.9,0.2,11.7,0.0,0.009,0.0,0.007,0.075,0.009,0.021,0.006,0.0,0.0,1.0,0.0,8.2,0.079,0.039,0.8,0.056,8.5,22.1,0.0,0.071,24.274,FOOD-DATA-GROUP5,1.875,6.25,91.875,0.15,132,0.22556390977443605,0.0,50.0,0.0,0.0015037593984962407,0,0,0,0
273,273,catsup,19,0.066,0.026,0.051,0.065,4.5,3.7,0.2,0.053,0.0,0.2,11.8,0.0,0.002,0.038,0.0,0.073,0.2,0.091,0.045,0.7,0.0,0.2,0.094,2.7,0.08,0.073,2.6,0.079,4.8,53.6,0.096,0.015,8.299,FOOD-DATA-GROUP5,4.1963911036508605,94.41879983214434,1.384809064204784,0.03636363636363637,19,1.0,0.265,67.27272727272727,0.106,0.01,0,0,0,0
274,274,chili pepper sauce green,3,0.032,0.048,0.037,0.016,0.8,0.4,0.1,0.3,0.0,0.03,14.1,0.0,0.002,0.07,0.0,0.046,0.1,0.0,0.07,10.2,0.0,0.006,0.036,0.8,0.062,0.023,1.8,0.0,2.1,84.6,0.023,0.09,12.206,FOOD-DATA-GROUP5,10.72961373390558,85.83690987124464,3.4334763948497855,0.05555555555555556,3,2.5,7.5,22.222222222222225,0.6,0.0075,0,0,0,0
275,275,red wine vinegar,3,0.0,0.0,0.0,0.0,0.011,0.0,0.055,0.0,0.0,0.092,14.1,0.0,0.0,0.0,0.0,0.0,0.0,0.0,0.0,0.053,0.0,0.0,0.0,0.9,0.095,0.049,0.6,0.021,1.2,5.8,0.0,0.065,1.221,FOOD-DATA-GROUP5,83.33333333333333,16.666666666666664,0.0,0.05440158259149357,3,1.375,0.0,0.0,0.0,0.023,0,0,0,0
276,276,fish sauce,6,0.013,0.08,0.0,0.039,0.7,0.7,0.9,0.0,0.0,1.4,12.8,0.058,0.052,0.043,0.047,0.031,0.4,0.086,0.093,0.012,0.0,0.0,0.0,7.7,0.089,0.1,31.5,0.082,1.3,51.8,0.021,0.057,9.498,FOOD-DATA-GROUP5,55.796652200867946,43.39739615623062,0.805951642901426,0.5294117647058824,6,12.85714285714286,0.0,41.17647058823529,0.0,0.19999999999999998,0,0,0,0
277,277,coleslaw dressing reduced fat,56,3.4,0.5,1.5,1.3,6.8,6.6,0.0,0.045,4.3,0.3,6.3,0.0,0.057,0.0,0.01,0.084,0.097,0.071,0.096,0.0,0.0,0.3,0.068,6.1,0.0,0.08,0.9,0.069,5.1,8.5,0.08,0.071,16.403,FOOD-DATA-GROUP5,0.0,66.66666666666667,33.333333333333336,0.0,56,0.0,0.07894736842105263,84.61538461538461,0.09,0.005263157894736842,0,0,0,0
278,278,sour dressing,21,2.0,1.6,0.2,0.035,0.6,0.6,0.4,0.0,0.6,0.094,9.0,0.023,0.046,0.046,0.075,0.02,0.033,0.08,0.084,0.1,0.0,0.2,0.024,13.6,0.017,0.091,1.2,0.021,10.4,19.4,0.058,0.064,16.853,FOOD-DATA-GROUP5,13.333333333333334,20.0,66.66666666666666,0.25,21,1.8181818181818183,0.0,37.49999999999999,0.0,0.004272727272727273,0,0,0,0
279,279,guava sauce cooked,86,0.3,0.014,0.068,0.1,22.6,14.0,0.8,8.6,0.0,0.017,213.2,0.0,0.054,0.062,0.0,0.047,1.0,0.0,0.2,348.4,0.0,1.3,0.008,16.7,0.2,0.4,16.7,0.3,26.2,535.5,0.044,0.4,397.8,FOOD-DATA-GROUP5,3.375527426160337,95.35864978902953,1.2658227848101264,0.03389830508474576,86,0.9195402298850575,9.885057471264368,59.32203389830508,10.0,0.00019540229885057472,0,0,0,0
280,280,pizza sauce,136,2.9,1.2,1.2,0.2,21.8,9.5,5.5,5.0,0.0,0.9,218.5,0.0,0.0,0.2,0.074,0.0,0.1,3.6,0.9,0.3,28.5,0.0,0.0,0.0,136.1,0.3,2.3,52.9,0.6,126.0,892.1,0.0,35.8,FOOD-DATA-GROUP5,18.211920529801326,72.18543046357617,9.602649006622517,0.2412280701754386,136,4.014598540145985,3.64963503649635,41.666666666666664,10.0,0.006569343065693431,0,0,0,0
281,281,sweetn sour sauce mcdonalds,48,0.3,0.075,0.091,0.1,11.0,10.0,0.2,0.0,0.0,0.2,16.1,0.0,0.037,0.0,0.0,0.06,0.1,0.042,0.069,0.3,0.0,0.2,0.0,1.7,0.076,0.2,1.7,0.049,4.5,27.7,0.0,0.05,13.7,FOOD-DATA-GROUP5,1.7391304347826086,95.65217391304348,2.608695652173913,0.016666666666666666,48,0.40816326530612246,0.0,83.33333333333334,0.0,0.004081632653061225,0,0,0,0
282,282,nance syrup,4,0.002,0.0,0.0,0.0,0.8,0.6,0.028,0.3,0.0,0.035,2.8,0.0,0.035,0.0,0.0,0.084,0.069,0.0,0.012,0.4,0.0,0.0,0.0,1.6,0.015,0.013,0.6,0.069,0.3,7.2,0.0,0.0,3.227,FOOD-DATA-GROUP5,3.3734939759036147,96.3855421686747,0.24096385542168672,0.015555555555555555,4,0.5599999999999999,6.0,33.33333333333333,0.6,0.007000000000000001,0,0,0,0
283,283,french dressing reduced fat,37,2.2,0.2,0.9,0.8,4.7,4.6,0.072,0.2,0.0,0.072,8.7,0.0,0.066,0.066,0.0,0.085,0.049,0.068,0.094,0.0,0.0,0.5,0.007,1.8,0.048,0.1,1.3,0.068,2.6,17.1,0.063,0.079,9.052,FOOD-DATA-GROUP5,1.0327022375215145,67.41250717154331,31.554790590935173,0.012631578947368419,37,0.1894736842105263,0.5263157894736842,80.7017543859649,0.4,0.001894736842105263,0,0,0,0
284,284,peppercorn dressing,76,8.2,1.4,2.0,4.4,0.5,0.3,0.2,0.0,6.6,0.1,4.3,0.091,0.0,0.012,0.017,0.0,0.0,0.0,0.02,0.09,0.089,0.6,0.049,2.9,0.002,0.055,0.3,0.0,3.5,23.6,0.083,0.011,11.946,FOOD-DATA-GROUP5,2.2471910112359557,5.617977528089889,92.13483146067416,0.13333333333333333,76,0.2597402597402597,0.0,20.0,0.0,0.0012987012987012987,0,0,0,0
285,285,sorghum syrup,61,0.0,0.0,0.0,0.0,15.7,15.7,0.0,0.0,0.0,0.096,4.8,0.0,0.03,0.0,0.0,0.051,0.02,0.2,0.1,0.0,0.0,0.0,0.0,31.5,0.098,0.8,21.0,0.3,11.8,210.0,0.013,0.046,48.0,FOOD-DATA-GROUP5,0.0,100.0,0.0,0.0,61,0.0,0.0,94.01197604790418,0.0,0.0015483870967741935,0,1,0,0
286,286,ranch dressing fat free,17,0.3,0.007,0.072,0.092,3.7,0.7,0.039,0.088,1.0,0.1,9.6,0.078,0.079,0.04,0.0,0.06,0.007,0.1,0.022,0.0,0.0,0.033,0.077,7.0,0.032,0.1,1.1,0.037,15.8,15.5,0.047,0.041,11.204,FOOD-DATA-GROUP5,0.9655855409754888,91.60683337459766,7.427581084426837,0.008297872340425531,17,0.21666666666666665,0.4888888888888889,14.893617021276595,0.176,0.005555555555555556,0,0,0,0
287,287,caesar dressing low calorie,17,0.7,0.1,0.2,0.4,2.8,2.4,0.028,0.053,0.3,0.2,11.0,0.087,0.038,0.065,0.0,0.079,0.036,0.089,0.0,0.0,0.0,0.1,0.096,3.6,0.067,0.016,0.3,0.029,2.9,4.4,0.05,0.029,7.293,FOOD-DATA-GROUP5,0.7936507936507938,79.36507936507937,19.841269841269842,0.00736842105263158,17,0.15555555555555556,0.29444444444444445,63.1578947368421,0.106,0.011111111111111112,0,0,0,0
288,288,sweet sour dressing,2,0.0,0.0,0.0,0.0,0.6,0.6,0.082,0.0,0.0,0.065,15.3,0.0,0.073,0.057,0.0,0.0,0.017,0.091,0.04,1.3,0.0,0.4,0.073,0.6,0.087,0.078,0.5,0.047,0.5,5.3,0.007,0.099,2.587,FOOD-DATA-GROUP5,12.023460410557187,87.97653958944281,0.0,0.05125,2,2.7333333333333334,0.0,37.49999999999999,0.0,0.021666666666666667,0,0,0,0
289,289,mayonnaise imitation fat free,13,0.4,0.005,0.3,0.031,2.5,1.6,0.043,0.3,1.4,0.1,12.6,0.0,0.0,0.0,0.0,0.029,0.0,0.0,0.0,0.0,0.0,0.04,0.023,1.0,0.095,0.008,0.3,0.0,0.8,7.8,0.037,0.037,4.313,FOOD-DATA-GROUP5,1.4610941216445803,84.94733265375467,13.591573224600747,0.012285714285714285,13,0.3071428571428571,2.142857142857143,45.714285714285715,0.6,0.0071428571428571435,0,0,0,0
290,290,sofrito,488,37.5,0.0,0.0,0.0,11.2,0.0,26.4,3.5,0.0,2.4,122.9,0.0,0.6,0.036,0.0,0.4,6.0,1.2,0.7,42.0,0.0,0.0,0.0,41.2,0.3,1.9,51.5,0.4,286.3,826.1,0.0,2.9,163.7,FOOD-DATA-GROUP5,35.15312916111851,14.913448735019974,49.933422103861524,2.1639344262295084,488,5.398773006134968,0.7157464212678937,0.0,7.0,0.004907975460122699,0,0,0,0
291,291,turkey gravy instant,27,1.0,0.3,0.4,0.3,3.9,0.5,0.8,0.3,1.6,0.3,0.4,0.035,0.013,0.042,0.057,0.048,0.029,0.091,0.015,0.092,0.0,0.046,0.06,7.7,0.012,0.6,2.0,0.04,13.6,20.5,0.083,0.032,14.333,FOOD-DATA-GROUP5,14.035087719298245,68.42105263157895,17.543859649122805,0.16326530612244897,27,2.857142857142857,1.0714285714285714,10.20408163265306,0.6,0.010714285714285714,0,0,0,0
292,292,teriyaki sauce,16,0.015,0.0,0.0,0.0,2.8,2.5,1.1,0.016,0.0,0.7,12.2,0.0,0.074,0.036,0.0,0.091,0.2,0.068,0.09,0.0,0.0,0.0,0.0,4.5,0.056,0.3,11.0,0.0,27.7,40.5,0.038,0.049,8.733,FOOD-DATA-GROUP5,28.097062579821202,71.51979565772669,0.38314176245210724,0.2894736842105263,16,6.470588235294119,0.09411764705882353,65.78947368421053,0.032,0.041176470588235294,0,0,0,0
293,293,tomato sauce,59,0.7,0.1,0.1,0.3,13.0,8.7,2.9,3.7,0.0,0.083,223.6,0.0,0.029,0.032,0.002,0.0,0.2,2.4,0.8,0.2,17.2,0.0,3.5,0.083,34.3,0.3,2.4,36.8,0.3,66.2,727.7,0.09,20.864,FOOD-DATA-GROUP5,17.469879518072286,78.3132530120482,4.216867469879518,0.20714285714285713,59,4.833333333333333,6.166666666666667,62.14285714285713,7.4,0.0013833333333333334,0,0,0,0
294,294,barbecue sauce kraft,28,0.053,0.013,0.095,0.005,6.5,5.2,0.1,0.032,0.0,0.2,8.7,0.0,0.069,0.0,0.0,0.001,0.073,0.09,0.002,0.031,0.0,0.1,0.0,7.5,0.011,0.1,2.4,0.093,3.0,39.5,0.0,0.006,14.388,FOOD-DATA-GROUP5,1.5030813166992336,97.70028558545017,0.7966330978505937,0.013333333333333334,28,0.3448275862068966,0.1103448275862069,69.33333333333334,0.064,0.006896551724137932,0,0,0,0
295,295,cranberry sauce sweetened,418,0.4,0.056,0.057,0.2,107.8,105.0,0.6,2.8,0.0,0.076,168.0,0.0,0.0,0.033,0.0,0.093,0.3,0.0,0.029,5.5,0.0,2.3,0.075,11.1,0.097,0.6,8.3,0.2,16.6,72.0,0.025,0.1,128.8,FOOD-DATA-GROUP5,0.5514705882352942,99.08088235294117,0.36764705882352944,0.0055147058823529415,418,0.1431980906921241,0.6682577565632458,96.50735294117648,5.6,0.00018138424821002386,0,1,0,0
296,296,coleslaw dressing,62,5.3,0.8,1.4,2.9,3.8,3.2,0.1,0.024,4.2,0.1,6.4,0.032,0.021,0.055,0.079,0.078,0.0,0.049,0.017,0.0,0.057,0.5,0.01,2.2,0.01,0.01,0.3,0.057,4.2,1.4,0.091,0.062,11.62,FOOD-DATA-GROUP5,1.0869565217391306,41.30434782608695,57.608695652173914,0.020833333333333336,62,0.15873015873015872,0.0380952380952381,66.66666666666667,0.048,0.0015873015873015873,0,0,0,0
297,297,onion gravy dry,77,0.7,0.4,0.2,0.024,16.2,0.0,2.2,1.4,0.5,1.0,1.0,0.0,0.017,0.061,0.082,0.046,0.9,0.026,0.068,1.7,0.0,0.0,0.0,67.2,0.026,0.2,8.2,0.035,48.7,62.9,0.091,0.2,89.6,FOOD-DATA-GROUP5,11.518324607329845,84.81675392670157,3.664921465968587,0.12790697674418605,77,2.8205128205128207,1.7948717948717947,0.0,2.8,0.01282051282051282,0,0,0,0
298,298,corn syrup light,62,0.09,0.0,0.0,0.0,16.9,16.9,0.0,0.0,0.0,0.065,5.0,0.0,0.047,0.0,0.0,0.0,0.0,0.0,0.0,0.0,0.0,0.0,0.0,2.9,0.0,0.0,0.2,0.0,0.0,0.2,0.056,0.015,19.806,FOOD-DATA-GROUP5,0.0,99.47027663331372,0.5297233666862861,0.0,62,0.0,0.0,94.41340782122904,0.0,0.0010317460317460319,0,1,0,0
299,299,bacon tomato dressing,49,5.3,0.8,1.3,2.9,0.3,0.3,0.3,0.04,0.6,0.1,8.8,0.064,0.083,0.0,0.035,0.091,0.1,0.0,0.033,1.3,0.0,0.6,0.031,0.6,0.013,0.057,0.9,0.0,3.8,16.2,0.009,0.045,7.942,FOOD-DATA-GROUP5,5.084745762711865,5.084745762711865,89.83050847457628,0.23076923076923075,49,0.6,0.08,23.076923076923077,0.08,0.002,0,0,0,0
300,300,pancake syrup,53,0.075,0.025,0.094,0.042,13.9,8.4,0.0,0.0,0.0,0.064,6.0,0.0,0.024,0.0,0.0,0.037,0.036,0.075,0.0,0.0,0.0,0.0,0.0,1.0,0.024,0.038,0.4,0.016,2.0,1.2,0.079,0.097,15.031,FOOD-DATA-GROUP5,0.0,99.46332737030413,0.5366726296958855,0.0,53,0.0,0.0,56.375838926174495,0.0,0.0011851851851851852,0,0,0,0
301,301,balsamic vinegar,14,0.0,0.0,0.0,0.0,2.7,2.4,0.041,0.0,0.0,0.071,12.2,0.0,0.0,0.0,0.0,0.0,0.0,0.0,0.0,0.0,0.0,0.0,0.0,4.3,0.074,0.1,1.9,0.046,3.0,17.9,0.0,0.033,7.129,FOOD-DATA-GROUP5,1.4958044509303174,98.50419554906968,0.0,0.01108108108108108,14,0.2733333333333333,0.0,64.86486486486486,0.0,0.004733333333333333,0,0,0,0
302,302,ranch dressing reduced fat,29,1.9,0.2,0.4,0.6,3.2,0.6,0.2,0.2,2.4,0.2,9.3,0.022,0.049,0.081,0.0,0.098,0.044,0.1,0.018,0.051,0.0,0.2,0.012,6.0,0.051,0.1,0.9,0.098,29.0,19.8,0.082,0.035,11.727,FOOD-DATA-GROUP5,3.7735849056603774,60.37735849056604,35.849056603773576,0.047619047619047616,29,0.6666666666666667,0.6666666666666667,14.285714285714285,0.4,0.006666666666666667,0,0,0,0
303,303,barbecue sauce mcdonalds,46,0.3,0.09,0.069,0.1,10.3,9.6,0.4,0.4,0.0,0.3,16.2,0.0,0.032,0.076,0.0,0.025,0.2,0.071,0.088,0.0,0.0,0.3,0.0,3.1,0.008,0.1,3.6,0.056,8.4,55.2,0.0,0.097,14.6,FOOD-DATA-GROUP5,3.6363636363636362,93.63636363636363,2.7272727272727266,0.035398230088495575,46,0.851063829787234,0.851063829787234,84.95575221238937,0.8,0.006382978723404255,0,0,0,0
304,304,vinegar oil dressing,72,8.0,1.5,2.4,3.9,0.4,0.4,0.0,0.0,0.0,0.076,7.6,0.0,0.0,0.0,0.0,0.0,0.0,0.0,0.0,0.0,0.0,0.7,0.024,0.0,0.0,0.0,0.0,0.0,0.0,1.3,0.06,0.0,8.4,FOOD-DATA-GROUP5,0.0,4.761904761904762,95.23809523809523,0.0,72,0.0,0.0,28.571428571428577,0.0,0.0010410958904109589,0,0,0,0
305,305,poppyseed dressing,66,5.5,1.0,1.4,2.9,4.0,3.9,0.2,0.03,2.5,0.1,6.4,0.005,0.03,0.014,0.038,0.069,0.083,0.027,0.092,0.04,0.053,0.4,0.044,9.7,0.093,0.048,1.5,0.006,8.1,10.1,0.083,0.091,19.612,FOOD-DATA-GROUP5,2.061855670103093,41.23711340206186,56.70103092783506,0.04,66,0.2985074626865672,0.04477611940298507,78.0,0.06,0.0014925373134328358,0,0,0,0
306,306,honey mustard dressing,70,6.1,0.8,1.7,3.4,3.5,2.4,0.1,0.057,4.4,0.019,4.9,0.082,0.031,0.056,0.047,0.078,0.003,0.068,0.017,0.006,0.092,0.5,0.085,1.8,0.003,0.07,0.8,0.048,3.3,3.0,0.001,0.044,11.752,FOOD-DATA-GROUP5,1.0309278350515465,36.08247422680413,62.88659793814433,0.022222222222222223,70,0.14084507042253522,0.08028169014084507,53.333333333333336,0.114,0.0002676056338028169,0,0,0,0
307,307,french dressing fat free,21,0.024,0.067,0.088,0.097,5.1,2.6,0.01,0.4,0.0,0.1,10.4,0.0,0.04,0.027,0.0,0.0,0.072,0.071,0.0,0.0,0.0,0.032,0.017,0.8,0.073,0.081,0.5,0.002,0.0,13.4,0.019,0.01,6.399,FOOD-DATA-GROUP5,0.1947798987144527,99.33774834437087,0.46747175691468645,0.0016393442622950822,21,0.045454545454545456,1.8181818181818183,42.622950819672134,0.8,0.004545454545454546,0,0,0,0
308,308,vinegar,3,0.0,0.0,0.0,0.0,0.089,0.063,0.0,0.0,0.0,0.024,14.1,0.0,0.0,0.0,0.0,0.0,0.0,0.0,0.0,0.0,0.0,0.0,0.0,0.9,0.089,0.002,0.1,0.072,0.6,0.3,0.031,0.028,1.02,FOOD-DATA-GROUP5,0.0,100.0,0.0,0.0,3,0.0,0.0,5.785123966942149,0.0,0.006,0,0,0,0
309,309,spray dressing,13,0.9,0.1,0.0,0.0,1.3,1.1,0.07,0.075,0.0,0.012,5.7,0.0,0.0,0.0,0.0,0.0,0.0,0.0,0.0,0.055,0.0,0.0,0.0,0.5,0.0,0.096,0.0,0.0,0.0,0.0,0.0,0.0,2.931,FOOD-DATA-GROUP5,3.083700440528635,57.268722466960355,39.647577092511014,0.030434782608695657,13,0.5,0.5357142857142857,47.82608695652175,0.15,0.0008571428571428572,0,0,0,0
310,310,honey mustard dressing fat free,25,0.2,0.031,0.1,0.056,5.8,2.7,0.2,0.2,0.2,0.2,8.4,0.01,0.077,0.049,0.0,0.019,0.093,0.001,0.039,0.3,0.0,0.1,0.018,3.6,0.014,0.053,2.0,0.027,5.6,10.4,0.096,0.061,10.426,FOOD-DATA-GROUP5,3.225806451612903,93.54838709677419,3.225806451612903,0.029411764705882356,25,0.7692307692307693,0.7692307692307693,39.70588235294118,0.4,0.007692307692307693,0,0,0,0
311,311,mushroom gravy,119,6.4,1.0,2.8,2.4,13.0,0.0,3.0,1.0,0.0,1.4,211.8,0.0,0.022,0.056,0.0,0.1,1.6,2.6,0.067,0.0,0.0,0.0,0.0,16.7,0.2,1.6,4.8,0.7,35.7,252.3,0.078,1.7,41.7,FOOD-DATA-GROUP5,13.392857142857142,58.03571428571429,28.571428571428577,0.21428571428571427,119,2.5,0.8333333333333334,0.0,2.0,0.011666666666666665,0,0,0,0
312,312,white sauce,368,26.6,7.1,11.1,7.2,22.9,11.0,9.6,0.5,17.5,0.9,187.2,0.3,0.2,0.018,0.055,0.5,1.0,0.8,0.1,2.0,0.012,0.7,0.034,295.0,0.033,0.8,35.0,0.1,245.0,390.0,0.073,1.0,357.7,FOOD-DATA-GROUP5,16.243654822335024,38.747884940778334,45.008460236886634,0.401673640167364,368,2.6016260162601625,0.13550135501355012,46.02510460251047,1.0,0.0024390243902439024,0,0,1,0
313,313,marinara pasta sauce,129,3.9,0.4,1.0,1.3,19.9,14.5,3.7,4.8,5.3,1.1,230.7,0.0,0.021,0.062,0.0,0.2,10.3,0.2,0.5,5.3,0.0,6.3,0.042,71.3,0.2,2.1,47.5,0.4,89.8,842.2,0.061,0.5,111.0,FOOD-DATA-GROUP5,13.454545454545459,72.36363636363636,14.181818181818183,0.17703349282296652,129,2.8461538461538463,3.692307692307692,69.37799043062202,9.6,0.008461538461538463,0,0,0,0
314,314,tomato sauce with mushrooms,86,0.3,0.027,0.025,0.1,20.7,14.1,3.6,3.7,0.0,1.1,215.5,0.0,0.2,0.016,0.0,0.3,3.1,0.9,0.3,30.4,0.0,4.7,0.049,31.9,0.5,2.2,46.6,0.5,78.4,931.0,0.019,0.5,92.8,FOOD-DATA-GROUP5,14.634146341463413,84.14634146341463,1.2195121951219512,0.16589861751152074,86,4.137931034482759,4.252873563218391,64.97695852534562,7.4,0.012643678160919542,0,0,0,0
315,315,pork gravy powder,25,0.6,0.3,0.3,0.007,4.3,1.7,0.6,0.2,0.7,0.4,0.3,0.002,0.011,0.04,0.063,0.037,0.2,0.094,0.015,0.095,0.0,0.007,0.056,9.3,0.011,0.3,2.3,0.06,12.6,15.7,0.097,0.009,15.363,FOOD-DATA-GROUP5,10.90909090909091,78.1818181818182,10.90909090909091,0.11320754716981132,25,2.3076923076923075,0.7692307692307693,32.075471698113205,0.4,0.015384615384615385,0,0,0,0
316,316,beef gravy,123,5.5,2.7,2.2,0.2,11.2,0.5,8.7,0.9,7.0,1.5,203.8,0.079,0.068,0.067,0.025,0.064,1.5,0.027,0.049,0.0,0.0,0.013,0.005,14.0,0.2,1.6,4.7,0.5,69.9,188.7,0.085,2.3,41.982,FOOD-DATA-GROUP5,34.25196850393701,44.09448818897638,21.653543307086615,0.7131147540983607,123,7.016129032258064,0.7258064516129032,4.0983606557377055,1.8,0.012096774193548387,0,0,0,0
317,317,green goddess dressing,64,6.5,0.9,1.4,3.5,1.1,1.0,0.3,0.094,6.0,0.1,6.8,0.052,0.076,0.048,0.071,0.04,0.042,0.0,0.028,0.037,0.0,0.7,0.061,5.1,0.004,0.067,1.1,0.0,4.7,8.7,0.002,0.081,13.2,FOOD-DATA-GROUP5,3.797468354430379,13.924050632911392,82.27848101265822,0.14285714285714285,64,0.4615384615384615,0.14461538461538462,47.61904761904761,0.188,0.0015384615384615385,0,0,0,0
318,318,salsa con queso,358,23.8,6.2,6.9,9.1,27.9,4.9,7.9,1.8,22.5,2.0,184.3,0.069,0.06,0.095,0.041,0.2,0.3,1.4,0.1,1.0,0.0,4.7,0.09,245.0,0.048,0.4,20.0,0.08,500.0,262.5,0.073,1.0,307.813,FOOD-DATA-GROUP5,13.255033557046984,46.81208053691275,39.93288590604027,0.27335640138408307,358,2.200557103064067,0.5013927576601671,16.955017301038065,3.6,0.005571030640668524,0,0,1,0
319,319,cocktail sauce,19,0.2,0.0,0.0,0.0,4.2,1.8,0.2,0.3,0.0,0.2,9.9,0.002,0.078,0.066,0.0,0.069,0.1,0.033,0.042,1.7,0.0,0.2,0.014,3.9,0.023,0.1,2.6,0.096,4.5,46.4,0.075,0.086,10.667,FOOD-DATA-GROUP5,4.3478260869565215,91.30434782608695,4.3478260869565215,0.038461538461538464,19,1.0,1.5,34.61538461538461,0.6,0.01,0,0,0,0
320,320,worcestershire sauce,13,0.0,0.0,0.0,0.0,3.3,1.7,0.0,0.0,0.0,0.2,13.4,0.036,0.023,0.009,0.0,0.051,0.1,0.0,0.0,2.2,0.0,0.036,0.042,18.2,0.09,0.9,2.2,0.0,10.2,136.0,0.067,0.023,24.673,FOOD-DATA-GROUP5,0.0,100.0,0.0,0.0,13,0.0,0.0,39.53488372093023,0.0,0.014285714285714287,0,0,0,0
321,321,barbecue sauce,29,0.1,0.009,0.047,0.064,6.9,5.7,0.1,0.2,0.0,0.2,9.3,0.0,0.064,0.037,0.0,0.086,0.1,0.005,0.035,0.1,0.0,0.1,0.027,5.6,0.042,0.1,2.2,0.038,3.4,39.4,0.044,0.038,13.1,FOOD-DATA-GROUP5,1.4084507042253522,97.18309859154931,1.4084507042253522,0.012658227848101266,29,0.33333333333333337,0.6666666666666667,72.15189873417721,0.4,0.006666666666666667,0,0,0,0
322,322,tomato sauce with onions,103,0.5,0.007,0.047,0.2,24.4,0.0,3.8,4.4,0.0,1.3,210.9,0.0,0.2,0.003,0.0,0.3,3.0,0.9,0.7,31.1,0.0,0.0,0.0,41.7,0.4,2.3,46.6,0.7,95.6,1011.9,0.059,0.6,108.2,FOOD-DATA-GROUP5,13.240418118466899,85.01742160278745,1.7421602787456445,0.14960629921259844,103,3.6538461538461533,4.230769230769231,0.0,8.8,0.0125,0,0,0,0
323,323,brown gravy dry,22,0.6,0.2,0.3,0.061,3.6,0.0,0.6,0.1,0.2,0.3,0.3,0.033,0.013,0.029,0.011,0.039,0.2,0.059,0.061,0.048,0.0,0.0,0.0,7.9,0.032,0.1,2.0,0.048,12.2,15.7,0.038,0.013,13.021,FOOD-DATA-GROUP5,12.5,75.0,12.5,0.13043478260869565,22,2.608695652173913,0.43478260869565216,0.0,0.2,0.013043478260869565,0,0,0,0
324,324,blue cheese dressing light,14,0.4,0.1,0.2,0.1,2.1,0.6,0.3,0.0,1.6,0.2,12.4,0.081,0.071,0.055,0.05,0.012,0.088,0.0,0.041,0.0,0.0,0.1,0.052,10.9,0.033,0.042,0.6,0.0,7.5,8.2,0.003,0.073,13.835,FOOD-DATA-GROUP5,10.714285714285715,75.00000000000001,14.285714285714288,0.0967741935483871,14,2.0,0.0,19.35483870967742,0.0,0.013333333333333334,0,0,0,0
325,325,spanish tomato sauce,81,0.7,0.007,0.016,0.3,17.7,0.0,3.5,3.4,0.0,1.2,217.4,0.0,0.2,0.053,0.0,0.2,3.2,0.7,0.4,21.0,0.0,0.0,0.0,41.5,0.4,8.5,46.4,0.5,117.1,900.4,0.087,0.8,96.3,FOOD-DATA-GROUP5,15.981735159817353,80.82191780821918,3.1963470319634704,0.18716577540106952,81,4.2682926829268295,4.146341463414634,0.0,6.8,0.014634146341463414,0,0,0,0
326,326,oyster sauce,9,0.066,0.016,0.02,0.044,2.0,0.0,0.2,0.024,0.0,0.5,14.4,0.0,0.089,0.005,0.05,0.049,0.3,0.009,0.023,0.036,0.0,0.0,0.0,5.8,0.037,0.069,0.7,0.083,4.0,9.7,0.072,0.022,8.095,FOOD-DATA-GROUP5,8.8261253309797,88.261253309797,2.912621359223301,0.06666666666666667,9,2.0,0.24000000000000002,0.0,0.048,0.05,0,0,0,0
327,327,cheese sauce,30,2.2,1.2,0.7,0.2,0.8,0.033,1.5,0.071,5.7,0.002,10.0,0.003,0.035,0.08,0.0,0.015,0.073,0.083,0.082,0.067,0.023,0.096,0.095,46.7,0.1,0.047,2.9,0.084,34.4,21.3,0.078,0.2,51.263,FOOD-DATA-GROUP5,33.33333333333333,17.77777777777778,48.88888888888889,0.8333333333333333,30,4.838709677419355,0.22903225806451608,1.8333333333333333,0.142,6.451612903225807e-05,0,0,0,0
328,328,hoisin sauce,35,0.5,0.036,0.2,0.3,7.1,4.4,0.5,0.4,0.5,0.3,7.1,0.0,0.014,0.069,0.0,0.068,0.2,0.061,0.088,0.097,0.0,0.046,0.031,5.1,0.061,0.2,3.8,0.025,6.1,19.0,0.058,0.022,13.882,FOOD-DATA-GROUP5,6.17283950617284,87.65432098765432,6.17283950617284,0.0617283950617284,35,1.3888888888888888,1.1111111111111112,54.320987654320994,0.8,0.008333333333333333,0,0,0,0
329,329,pickle relish,20,0.061,0.093,0.083,0.036,5.3,4.4,0.097,0.2,0.0,0.1,9.3,0.0,0.0,0.042,0.0,0.011,0.05,0.09,0.053,0.2,0.0,0.026,0.018,0.5,0.038,0.1,0.8,0.04,2.1,3.8,0.0,0.005,6.381,FOOD-DATA-GROUP5,1.7772077684133383,97.10516672773909,1.117625503847563,0.015396825396825398,20,0.4619047619047619,0.9523809523809524,69.84126984126985,0.4,0.004761904761904762,0,0,0,0
330,330,tomato sauce with herbs cheese,144,4.7,1.5,0.9,2.0,25.0,0.0,5.2,5.4,7.3,1.3,203.6,0.0,0.2,0.035,0.0,0.3,2.9,0.7,0.008,24.4,0.0,0.0,0.0,90.3,0.4,2.1,46.4,0.5,131.8,868.6,0.029,0.9,157.1,FOOD-DATA-GROUP5,14.899713467048711,71.63323782234957,13.46704871060172,0.2,144,3.5862068965517238,3.724137931034483,0.0,10.0,0.00896551724137931,0,0,0,0
331,331,french dressing,73,7.2,0.9,1.3,3.4,2.5,2.6,0.1,0.0,0.0,0.1,5.8,0.0,0.02,0.0,0.015,0.02,0.091,0.0,0.0,0.6,0.0,0.8,0.065,3.8,0.0,0.1,0.8,0.097,3.0,10.7,0.0,0.084,14.3,FOOD-DATA-GROUP5,1.0204081632653061,25.510204081632654,73.46938775510203,0.028571428571428574,73,0.13513513513513514,0.0,74.28571428571429,0.0,0.0013513513513513514,0,0,0,0
332,332,mayonnaise hellmanns,15,1.7,0.9,0.093,0.2,0.087,0.2,0.0,0.0,0.0,0.0,0.0,0.0,0.0,0.0,0.0,0.0,0.0,0.0,0.0,0.0,0.0,0.0,0.0,0.0,0.0,0.0,0.0,0.0,0.0,0.0,0.0,0.0,1.737,FOOD-DATA-GROUP5,0.0,4.868494683827644,95.13150531617237,0.0,15,0.0,0.0,18.399264029438825,0.0,0.0,0,0,0,0
333,333,canadian maple syrup,76,0.0,0.0,0.0,0.0,19.1,17.0,0.0,0.0,0.0,0.086,9.1,0.0,0.013,0.0,0.0,0.4,0.062,0.0,0.0,0.0,0.0,0.0,0.0,30.8,0.0,0.088,5.9,0.7,0.0,63.7,0.0,0.2,49.95,FOOD-DATA-GROUP5,0.0,100.0,0.0,0.0,76,0.0,0.0,84.57711442786069,0.0,0.0011168831168831168,0,1,0,0
334,334,maple syrup,52,0.047,0.036,0.014,0.085,13.4,13.6,0.09,0.0,0.0,0.059,6.5,0.0,0.063,0.0,0.0,0.3,0.088,0.054,0.036,0.0,0.0,0.0,0.0,20.4,0.093,0.014,4.2,0.6,0.4,42.4,0.008,0.3,33.895,FOOD-DATA-GROUP5,0.6648445002585506,98.9879589273842,0.34719657235724305,0.0062499999999999995,52,0.16981132075471697,0.0,94.44444444444444,0.0,0.0011132075471698114,0,0,0,0
335,335,barbecue sauce bulls eye,27,0.1,0.028,0.019,0.033,6.4,5.6,0.1,0.2,0.0,0.2,8.8,0.0,0.003,0.0,0.0,0.085,0.1,0.053,0.05,0.094,0.0,0.1,0.0,6.9,0.075,0.1,2.6,0.071,3.5,42.1,0.0,0.041,13.891,FOOD-DATA-GROUP5,1.5151515151515154,96.96969696969698,1.5151515151515154,0.013513513513513514,27,0.35714285714285715,0.7142857142857143,75.67567567567566,0.4,0.0071428571428571435,0,0,0,0
336,336,ranch dressing,65,6.7,1.0,1.4,3.9,0.9,0.7,0.2,0.0,3.9,0.1,6.9,0.067,0.098,0.061,0.05,0.042,0.011,0.083,0.1,0.093,0.0,0.015,0.3,0.024,4.2,0.085,0.05,0.8,0.092,27.9,9.6,0.017,8.046,FOOD-DATA-GROUP5,2.564102564102564,11.538461538461538,85.8974358974359,0.10526315789473685,65,0.30303030303030304,0.0,36.84210526315789,0.0,0.0015151515151515152,0,0,0,0
337,337,tomato ketchup mp,15,0.0,4.0,4.0,0.0,0.2,0.0,0.0,0.0,0.0,0.0,0.0,0.0,0.0,0.0,0.0,0.0,0.0,0.0,0.0,0.0,0.0,0.0,0.0,0.0,0.0,0.0,0.0,0.0,0.0,0.0,0.0,0.0,0.2,FOOD-DATA-GROUP5,0.0,100.0,0.0,0.0,15,0.0,0.0,0.0,0.0,0.0,0,0,0,0
338,338,mayonnaise light,36,3.3,0.5,0.8,1.9,1.4,0.5,0.032,0.0,2.4,0.1,9.9,0.003,0.006,0.082,0.094,0.0,0.0,0.073,0.09,0.09,0.0,0.0,0.3,0.05,0.9,0.039,0.058,0.3,0.056,2.3,4.7,0.061,4.966,FOOD-DATA-GROUP5,0.676246830092984,29.585798816568047,69.73795435333898,0.013333333333333334,36,0.08648648648648649,0.0,20.833333333333336,0.0,0.002702702702702703,0,0,0,0
339,339,mayonnaise dressing,103,11.7,1.6,2.7,6.8,0.066,0.093,0.0,0.0,0.0,0.081,3.3,0.0,0.008,0.0,0.0,0.005,0.011,0.0,0.095,0.0,0.0,1.8,0.015,1.1,0.0,0.0,0.2,0.0,3.8,2.1,0.082,0.1,12.917,FOOD-DATA-GROUP5,0.0,0.5609382967873534,99.43906170321264,0.0,103,0.0,0.0,8.72420262664165,0.0,0.0007788461538461538,0,0,0,0
340,340,malt syrup,67,0.0,0.0,0.0,0.0,15.0,15.0,1.3,0.0,0.0,0.05,4.4,0.0,0.099,0.091,0.0,0.095,1.7,0.095,0.1,0.0,0.0,0.0,0.0,12.8,0.093,0.2,15.1,0.033,49.6,67.2,0.098,0.048,29.3,FOOD-DATA-GROUP5,7.975460122699387,92.0245398773006,0.0,0.08125,67,1.911764705882353,0.0,93.75,0.0,0.0007352941176470588,0,0,0,0
341,341,gravy dry,86,2.0,0.7,0.8,0.4,14.5,0.0,3.3,0.0,1.0,1.4,1.0,0.0,0.04,0.077,0.072,0.1,0.9,0.072,0.011,1.8,0.0,0.0,0.0,37.5,0.038,0.3,11.3,0.1,50.8,65.5,0.091,0.4,59.4,FOOD-DATA-GROUP5,16.666666666666664,73.23232323232322,10.1010101010101,0.2129032258064516,86,3.793103448275862,0.0,0.0,0.0,0.016091954022988506,0,0,0,0
342,342,cranberry orange relish,490,0.3,0.06,0.0,0.0,127.1,0.0,0.8,0.0,0.0,0.063,146.3,0.0,0.053,0.0,0.0,0.066,0.3,0.0,0.0,49.5,0.0,0.0,0.0,30.3,0.1,0.6,11.0,0.0,22.0,104.5,0.0,0.0,208.6,FOOD-DATA-GROUP5,0.6240249609984401,99.14196567862716,0.234009360374415,0.006245120999219361,490,0.1629327902240326,0.0,0.0,0.0,0.00012830957230142566,0,0,0,0
343,343,caesar dressing,80,8.5,1.3,2.0,4.8,0.5,0.4,0.3,0.036,5.7,0.2,5.0,0.092,0.083,0.098,0.0,0.058,0.045,0.044,0.047,0.057,0.097,0.7,0.039,7.1,0.042,0.2,0.3,0.043,2.8,4.3,0.073,0.018,16.717,FOOD-DATA-GROUP5,3.225806451612903,5.376344086021505,91.39784946236558,0.19999999999999998,80,0.37037037037037035,0.04444444444444444,26.666666666666668,0.072,0.0024691358024691358,0,0,0,0
344,344,italian dressing,35,3.1,0.4,0.8,1.6,1.8,1.6,0.032,0.0,0.0,0.1,9.3,0.083,0.0,0.042,0.0,0.0,0.0,0.097,0.0,0.011,0.025,0.0,0.3,0.059,1.9,0.063,0.081,0.7,0.099,2.2,12.3,0.055,5.108,FOOD-DATA-GROUP5,0.64882400648824,36.496350364963504,62.85482562854825,0.01142857142857143,35,0.08888888888888889,0.0,57.14285714285715,0.0,0.002777777777777778,0,0,0,0
345,345,brown gravy instant,25,0.8,0.4,0.4,0.049,4.0,0.6,0.6,0.2,0.8,0.3,0.4,0.0,0.018,0.033,0.081,0.03,0.2,0.033,0.042,0.1,0.0,0.05,0.026,7.8,0.089,0.5,2.1,0.084,14.2,24.6,0.06,0.087,14.0,FOOD-DATA-GROUP5,11.111111111111112,74.07407407407408,14.814814814814817,0.12,25,2.3076923076923075,0.7692307692307693,12.0,0.4,0.011538461538461537,0,0,0,0
346,346,roquefort cheese dressing,15,1.1,0.4,0.3,0.4,0.4,0.4,0.8,0.0,0.2,0.1,11.9,0.0,0.087,0.025,0.018,0.049,0.059,0.0,0.064,0.069,0.0,0.092,0.067,13.4,0.094,0.069,1.1,0.0,12.5,0.8,0.03,0.09,15.875,FOOD-DATA-GROUP5,34.78260869565217,17.391304347826086,47.826086956521735,0.5714285714285715,15,5.0,0.0,28.571428571428577,0.0,0.00625,0,0,0,0
347,347,blue cheese dressing,71,7.7,1.2,2.0,4.1,0.7,0.5,0.2,0.045,4.7,0.2,6.0,0.048,0.056,0.072,0.049,0.094,0.05,0.031,0.026,0.1,0.071,0.6,0.036,5.6,0.011,0.058,1.2,0.068,11.1,13.2,0.038,0.055,14.429,FOOD-DATA-GROUP5,2.3255813953488373,8.139534883720929,89.53488372093024,0.11764705882352942,71,0.2777777777777778,0.0625,29.411764705882355,0.09,0.002777777777777778,0,0,0,0
348,348,duck sauce,80,0.063,0.033,0.065,0.04,19.7,9.9,0.1,0.2,0.0,0.1,12.2,0.0,0.021,0.085,0.0,0.09,0.044,0.0,0.098,0.3,0.0,0.047,0.012,3.6,0.033,0.1,1.6,0.1,2.9,28.3,0.029,0.1,24.017,FOOD-DATA-GROUP5,0.503448623068016,99.17937874439914,0.31717263253285005,0.004830917874396136,80,0.12345679012345678,0.24691358024691357,47.82608695652174,0.4,0.0012345679012345679,0,0,0,0
349,349,au jus,38,0.5,0.2,0.2,0.048,5.9,0.0,2.8,0.0,0.0,1.1,223.0,0.0,0.04,0.045,0.032,0.1,2.1,0.076,0.023,2.4,0.0,0.0,0.0,9.4,0.2,1.4,4.7,0.5,70.8,191.2,0.02,2.4,22.4,FOOD-DATA-GROUP5,30.434782608695656,64.1304347826087,5.434782608695652,0.40579710144927533,38,7.179487179487179,0.0,0.0,0.0,0.02820512820512821,0,0,0,0
350,350,corn syrup dark,57,0.0,0.0,0.0,0.0,15.5,15.5,0.0,0.0,0.0,0.047,4.4,0.0,0.025,0.0,0.0,0.045,0.071,0.013,0.062,0.0,0.0,0.0,0.0,3.6,0.089,0.044,1.6,0.079,2.2,8.8,0.078,0.069,19.122,FOOD-DATA-GROUP5,0.0,100.0,0.0,0.0,57,0.0,0.0,93.93939393939394,0.0,0.0008103448275862069,0,1,0,0
351,351,buttermilk dressing light,30,1.9,0.2,0.4,0.6,3.2,0.6,0.2,0.2,2.4,0.2,9.3,0.023,0.059,0.052,0.0,0.012,0.051,0.1,0.085,0.061,0.0,0.2,0.026,6.0,0.041,0.1,0.9,0.01,29.0,19.8,0.098,0.002,11.699,FOOD-DATA-GROUP5,3.7735849056603774,60.37735849056604,35.849056603773576,0.047619047619047616,30,0.6451612903225806,0.6451612903225806,14.285714285714285,0.4,0.0064516129032258064,0,0,0,0
352,352,cider vinegar,3,0.0,0.0,0.0,0.0,0.1,0.018,0.0,0.0,0.0,0.011,14.0,0.0,0.0,0.0,0.0,0.0,0.0,0.0,0.0,0.0,0.0,0.0,0.0,1.0,0.094,0.052,0.7,0.006,1.2,10.9,0.018,0.059,1.117,FOOD-DATA-GROUP5,0.0,100.0,0.0,0.0,3,0.0,0.0,1.6363636363636362,0.0,0.00275,0,0,0,0
353,353,tartar sauce,32,2.5,0.5,0.5,1.4,2.0,0.6,0.2,0.078,1.1,0.1,10.1,0.056,0.023,0.008,0.0,0.074,0.094,0.076,0.034,0.3,0.0,0.3,0.089,3.9,0.001,0.047,0.9,0.03,2.6,10.2,0.05,0.098,9.096,FOOD-DATA-GROUP5,4.25531914893617,42.5531914893617,53.191489361702125,0.06666666666666667,32,0.6060606060606061,0.2363636363636364,20.0,0.156,0.0030303030303030303,0,0,0,0
354,354,pepper hot sauce,1,0.018,0.057,0.031,0.06,0.031,0.065,0.024,0.071,0.0,0.1,4.2,0.0,0.006,0.045,0.0,0.078,0.078,0.097,0.061,3.5,0.0,0.061,0.039,0.4,0.085,0.035,0.2,0.016,0.5,6.8,0.0,0.055,4.171,FOOD-DATA-GROUP5,32.87671232876713,42.465753424657535,24.65753424657534,0.023278370514064017,1,1.2,3.55,6.304558680892339,0.142,0.05,0,0,0,0
355,355,tomato chili sauce,6,0.095,0.076,0.097,0.064,1.2,0.6,0.2,0.4,0.0,0.083,4.1,0.0,0.021,0.033,0.0,0.028,0.043,0.0,0.086,1.0,0.0,0.1,0.025,1.2,0.017,0.087,0.7,0.0,3.1,22.2,0.052,0.082,4.085,FOOD-DATA-GROUP5,13.377926421404684,80.2675585284281,6.354515050167224,0.09090909090909091,6,2.857142857142857,5.714285714285714,27.27272727272727,0.8,0.011857142857142858,0,0,0,0
356,356,turkey gravy dry,26,0.5,0.1,0.2,0.2,4.6,0.0,0.7,0.0,1.0,0.3,0.3,0.013,0.026,0.087,0.045,0.011,0.2,0.029,0.03,0.015,0.0,0.0,0.0,10.2,0.053,0.2,3.1,0.003,17.8,30.0,0.073,0.01,16.335,FOOD-DATA-GROUP5,12.068965517241379,79.31034482758619,8.620689655172415,0.125,26,2.5925925925925926,0.0,0.0,0.0,0.011111111111111112,0,0,0,0
357,357,salsa sauce,5,0.039,0.07,0.048,0.089,1.2,0.7,0.3,0.3,0.0,0.1,16.1,0.0,0.037,0.055,0.0,0.092,0.2,0.07,0.021,0.3,0.0,0.2,0.067,5.4,0.009,0.007,2.7,0.042,5.9,49.5,0.005,0.08,7.524,FOOD-DATA-GROUP5,19.49317738791423,77.97270955165692,2.53411306042885,0.13636363636363635,5,5.0,5.0,31.818181818181813,0.6,0.016666666666666666,0,0,0,0
358,358,steak sauce,16,0.004,0.0,0.0,0.0,3.7,1.7,0.2,0.3,0.0,0.3,12.1,0.0,0.01,0.044,0.0,0.081,0.2,0.0,0.036,1.2,0.0,0.2,0.015,3.2,0.087,0.2,2.9,0.084,5.6,53.0,0.085,0.02,8.815,FOOD-DATA-GROUP5,5.122950819672131,94.77459016393442,0.10245901639344261,0.0425531914893617,16,1.1764705882352942,1.7647058823529411,36.170212765957444,0.6,0.01764705882352941,0,0,0,0
359,359,molasses,58,0.068,0.052,0.021,0.068,14.9,14.9,0.0,0.0,0.0,0.007,4.4,0.0,0.017,0.0,0.0,0.044,0.2,0.2,0.1,0.0,0.0,0.0,0.0,41.0,0.093,0.9,48.4,0.3,6.2,292.8,0.056,0.08,56.848,FOOD-DATA-GROUP5,0.0,99.54569748797435,0.4543025120256548,0.0,58,0.0,0.0,93.71069182389937,0.0,0.00011864406779661017,0,0,0,0
360,360,italian dressing fat free,7,0.1,0.099,0.018,0.022,1.2,1.2,0.1,0.077,0.3,0.2,12.0,0.0,0.081,0.031,0.07,0.017,0.073,0.0,0.0,0.026,0.0,0.1,0.042,4.2,0.046,0.036,0.7,0.069,15.3,14.3,0.096,0.059,5.71,FOOD-DATA-GROUP5,7.142857142857142,85.7142857142857,7.142857142857142,0.045454545454545456,7,1.25,0.9625,54.54545454545454,0.154,0.025,0,0,0,0
361,361,plum sauce,35,0.2,0.094,0.007,0.1,8.1,0.0,0.2,0.1,0.0,0.1,10.2,0.0,0.075,0.032,0.0,0.066,0.2,0.092,0.094,0.021,0.0,0.0,0.0,2.3,0.044,0.3,2.3,0.046,4.2,49.2,0.1,0.029,11.246,FOOD-DATA-GROUP5,2.3529411764705888,95.29411764705884,2.3529411764705888,0.02197802197802198,35,0.5555555555555556,0.2777777777777778,0.0,0.2,0.002777777777777778,0,0,0,0
362,362,chow mein stir fry master foods,26,0.2,5.5,0.6,0.0,0.0,0.0,0.0,0.0,0.0,0.0,0.0,0.0,0.0,0.0,0.0,0.0,0.0,0.0,0.0,0.0,0.0,0.0,0.0,0.0,0.0,0.0,0.0,0.0,0.0,0.0,0.0,0.0,0.2,FOOD-DATA-GROUP5,0.0,0.0,100.0,0.0,26,0.0,0.0,0.0,0.0,0.0,0,0,1,0
363,363,beef gravy instant,25,0.6,0.3,0.2,0.08,4.1,1.6,0.7,0.3,0.7,0.3,0.3,0.1,0.085,0.065,0.009,0.027,0.026,0.012,0.1,0.01,0.0,0.002,0.021,9.4,0.067,0.4,2.7,0.091,16.0,30.2,0.049,0.082,15.598,FOOD-DATA-GROUP5,12.962962962962962,75.92592592592592,11.111111111111112,0.13725490196078433,25,2.692307692307692,1.1538461538461537,31.37254901960785,0.6,0.011538461538461537,0,0,0,0
364,364,horseradish,2,0.085,0.007,0.005,0.029,0.6,0.4,0.003,0.2,0.0,0.039,4.3,0.0,0.0,0.056,0.052,0.0,0.02,0.037,0.048,0.081,1.2,0.0,0.012,0.027,2.8,0.052,0.04,1.4,0.062,1.6,12.3,0.016,1.133,FOOD-DATA-GROUP5,0.4360465116279071,87.20930232558139,12.3546511627907,0.001875,2,0.1,6.666666666666667,25.0,0.4,0.013,0,0,0,0
365,365,grenadine,54,0.0,0.0,0.0,0.0,13.4,9.3,0.0,0.0,0.0,0.038,6.5,0.0,0.0,0.0,0.0,0.064,0.0,0.0,0.0,0.0,0.0,0.0,0.0,1.2,0.044,0.011,0.8,0.0,0.8,5.6,0.051,0.066,14.63,FOOD-DATA-GROUP5,0.0,100.0,0.0,0.0,54,0.0,0.0,64.58333333333334,0.0,0.0006909090909090909,0,0,0,0
366,366,tabasco sauce,1,0.002,0.051,0.086,0.089,0.006,0.067,0.045,0.013,0.0,0.075,4.5,0.0,0.056,0.059,0.0,0.066,0.091,0.081,0.0,0.2,0.0,0.014,0.031,0.6,0.017,0.019,0.6,0.038,1.1,6.0,0.063,0.089,1.054,FOOD-DATA-GROUP5,84.90566037735849,11.320754716981133,3.7735849056603774,0.04473161033797216,1,2.25,0.65,6.6600397614314115,0.026,0.0375,0,0,0,0
367,367,sweet sour sauce,26,0.084,0.0,0.0,0.0,6.7,3.3,0.02,0.065,0.0,0.024,10.5,0.0,0.048,0.079,0.0,0.08,0.026,0.021,0.09,1.5,0.0,0.1,0.002,1.8,0.011,0.021,1.4,0.1,1.2,17.3,0.006,0.072,10.183,FOOD-DATA-GROUP5,0.29394473838918284,98.47148736037626,1.234567901234568,0.0025974025974025974,26,0.07407407407407407,0.24074074074074076,42.857142857142854,0.13,0.0008888888888888889,0,0,0,0
368,368,salsa verde,6,0.1,0.0,0.0,0.0,1.0,0.5,0.2,0.3,0.0,0.034,13.4,0.0,0.027,0.084,0.0,0.005,0.2,0.021,0.093,1.8,0.0,0.097,0.003,1.4,0.075,0.079,2.9,0.076,6.2,38.9,0.086,0.067,4.826,FOOD-DATA-GROUP5,15.384615384615385,76.92307692307692,7.6923076923076925,0.1,6,2.857142857142857,4.285714285714286,25.0,0.6,0.004857142857142858,0,0,0,0
369,369,miso,40,1.2,0.2,0.2,0.6,5.1,1.2,2.6,1.1,0.0,0.7,8.6,0.0,0.0,0.082,0.063,0.045,0.06,0.2,0.015,0.04,0.0,0.0,0.065,0.094,11.4,0.046,0.5,9.6,0.2,31.8,42.0,0.092,10.193,FOOD-DATA-GROUP5,29.21348314606742,57.30337078651686,13.483146067415733,0.42622950819672134,40,6.341463414634147,2.682926829268293,19.672131147540984,2.2,0.017073170731707315,0,0,0,0
370,370,sprouted soybean cooked,76,4.2,0.6,0.9,2.4,6.1,0.4,8.0,0.8,0.0,0.2,74.7,0.0,0.2,0.023,0.0,0.052,1.0,0.7,0.079,7.8,0.0,0.2,0.024,55.5,0.3,1.2,56.4,0.7,126.9,333.7,0.042,1.0,83.6,FOOD-DATA-GROUP5,43.71584699453552,33.33333333333333,22.950819672131146,1.1267605633802817,76,10.38961038961039,1.0389610389610389,5.633802816901409,1.6,0.0025974025974025974,0,0,0,0
371,371,soy flour roasted,375,18.6,2.7,4.1,10.5,28.6,6.5,29.6,8.2,0.0,0.083,3.2,0.0,0.4,0.2,0.0,0.8,2.8,1.0,0.3,0.0,0.0,1.7,0.087,159.8,1.9,4.9,313.7,1.8,404.6,1734.9,0.029,3.0,249.7,FOOD-DATA-GROUP5,38.541666666666664,37.23958333333333,24.218749999999996,1.0,375,7.872340425531915,2.180851063829787,21.959459459459456,10.0,0.00022074468085106385,0,0,0,0
372,372,soy flour low fat,330,7.8,1.1,1.3,3.7,30.7,9.3,40.0,14.1,0.0,0.085,4.1,0.0,1.0,0.3,0.0,0.2,2.6,1.4,0.9,0.0,0.0,0.5,0.023,250.8,1.4,7.2,250.8,2.8,594.0,1839.2,0.055,3.6,350.6,FOOD-DATA-GROUP5,50.955414012738856,39.108280254777064,9.936305732484076,1.2618296529968454,330,12.084592145015106,4.259818731117824,29.33753943217666,10.0,0.000256797583081571,0,0,0,0
373,373,green soybean cooked,127,5.8,0.7,1.1,2.7,9.9,0.0,11.1,3.8,0.0,0.2,61.7,0.0,0.0,0.2,0.01,0.0,0.1,1.1,0.1,0.007,15.3,0.0,0.0,0.0,130.5,0.1,2.3,54.0,0.5,142.2,485.1,0.0,30.78,FOOD-DATA-GROUP5,41.417910447761194,36.940298507462686,21.641791044776117,1.018348623853211,127,8.671875,2.96875,0.0,7.6,0.0015625,0,0,0,0
374,374,azumaya tofu vitasoy,316,16.6,2.0,4.7,9.9,9.1,1.6,32.8,2.4,0.0,0.03,331.8,0.0,0.0,0.0,0.0,0.0,0.0,0.0,0.0,0.0,0.0,0.0,0.0,711.0,0.0,5.1,0.0,0.0,0.0,0.0,0.0,0.0,777.0,FOOD-DATA-GROUP5,56.06837606837607,15.555555555555555,28.376068376068382,3.2475247524752473,316,10.347003154574132,0.7570977917981072,15.841584158415841,4.8,9.46372239747634e-05,0,0,0,0
375,375,soy proteins isolate,96,1.0,0.1,0.2,0.5,2.1,0.0,22.8,1.6,0.0,0.3,1.4,0.0,0.037,0.01,0.0,0.085,0.4,0.079,0.006,0.0,0.0,0.0,0.0,50.4,0.5,4.1,11.0,0.4,219.6,22.9,0.011,1.1,82.0,FOOD-DATA-GROUP5,88.03088803088802,8.108108108108107,3.861003861003861,7.354838709677419,96,23.505154639175256,1.6494845360824744,0.0,3.2,0.003092783505154639,0,0,0,0
376,376,tofu yogurt,246,4.7,0.7,1.0,2.7,41.8,3.2,9.2,0.5,0.0,0.03,203.1,0.0,0.0,0.2,0.004,0.0,0.027,0.6,0.0,0.048,6.6,0.0,0.8,0.013,309.2,0.2,2.8,104.8,0.0,99.6,123.1,0.068,56.57,FOOD-DATA-GROUP5,16.51705565529623,75.04488330341113,8.43806104129264,0.21495327102803738,246,3.7246963562753033,0.20242914979757085,7.476635514018692,1.0,0.0001214574898785425,0,0,0,0
377,377,bacon meatless,446,42.5,6.7,10.2,22.2,9.1,0.0,15.4,3.7,0.0,2.1,70.5,0.0,6.3,0.047,0.0,0.7,10.9,0.2,0.7,0.0,0.0,9.9,0.0,33.1,0.2,3.5,27.4,0.3,100.8,244.8,0.004,0.6,107.3,FOOD-DATA-GROUP5,22.98507462686567,13.582089552238804,63.43283582089553,1.5247524752475248,446,3.4451901565995526,0.8277404921700223,0.0,7.4,0.0046979865771812086,0,0,1,0
378,378,meatless chicken fried,304,16.6,1.5,4.2,6.0,11.1,0.0,27.7,5.6,0.0,0.5,73.4,0.0,1.7,0.017,0.038,0.5,16.6,0.0,1.1,0.0,0.0,2.5,0.0,54.6,0.7,5.0,15.6,0.0,318.5,390.0,0.037,0.8,120.6,FOOD-DATA-GROUP5,50.0,20.03610108303249,29.963898916967512,2.2892561983471076,304,9.081967213114755,1.8360655737704918,0.0,10.0,0.001639344262295082,0,0,0,0
379,379,soymilk,109,4.8,0.5,1.0,2.9,8.4,6.1,7.1,1.0,0.0,0.1,221.1,0.0,0.0,0.2,0.007,0.061,0.5,8.0,0.0,0.6,17.5,0.069,6.1,0.0,340.2,0.3,1.2,0.0,0.0,0.0,342.6,0.099,22.2,FOOD-DATA-GROUP5,34.97536945812808,41.37931034482759,23.645320197044335,0.7553191489361701,109,6.454545454545454,0.9090909090909091,64.8936170212766,2.0,0.0009090909090909091,0,0,0,0
380,380,soy vermicelli,463,0.1,0.092,0.005,0.093,115.2,24.4,0.1,5.5,0.0,0.032,16.7,0.0,0.0,0.0,0.0,0.0,0.0,0.0,0.0,0.0,0.0,0.7,0.019,77.0,2.7,2.5,2.8,0.0,28.0,4.2,0.017,5.9,200.4,FOOD-DATA-GROUP5,0.08665511265164645,99.82668977469672,0.08665511265164645,0.0008605851979345956,463,0.021551724137931036,1.1853448275862069,20.99827882960413,10.0,6.896551724137931e-05,0,1,0,0
381,381,tofu fried,35,2.6,0.4,0.6,1.5,1.2,0.4,2.4,0.5,0.0,0.021,6.6,0.0,0.0,0.01,0.036,0.0,0.054,0.073,0.041,0.094,0.0,0.0,0.011,0.099,48.4,0.051,0.6,7.8,0.2,37.3,19.0,0.038,6.832,FOOD-DATA-GROUP5,38.70967741935484,19.35483870967742,41.93548387096775,1.0909090909090908,35,6.666666666666667,1.3888888888888888,18.181818181818183,1.0,0.0005833333333333334,0,0,0,0
382,382,tempeh,320,17.9,3.7,5.0,6.4,15.6,0.0,30.8,0.0,0.0,0.068,99.0,0.0,0.1,0.086,0.096,0.6,4.4,0.5,0.4,0.0,0.0,0.0,0.0,184.3,0.9,4.5,134.5,2.2,441.6,683.9,0.0,1.9,253.1,FOOD-DATA-GROUP5,47.900466562986004,24.261275272161743,27.838258164852252,1.855421686746988,320,9.595015576323988,0.0,0.0,0.0,0.0002118380062305296,0,0,0,0
383,383,koyadofu,81,5.2,0.7,1.1,2.9,1.7,0.0,8.9,1.2,0.0,0.081,1.0,0.0,0.0,0.021,0.078,0.0,0.041,0.2,0.011,0.029,0.1,0.0,0.0,0.0,61.9,0.2,1.7,10.0,0.6,82.1,3.4,0.04,17.237,FOOD-DATA-GROUP5,56.32911392405063,10.759493670886075,32.91139240506329,3.2962962962962963,81,10.853658536585366,1.4634146341463414,0.0,2.4,0.0009878048780487805,0,0,0,0
384,384,meatless meatloaf,110,5.0,0.8,1.2,2.6,4.5,0.7,11.8,2.6,0.0,0.3,32.5,0.0,0.5,0.066,0.062,0.3,5.6,0.0,0.7,0.0,0.0,1.0,0.0,16.2,0.4,1.2,10.1,0.0,192.6,100.8,0.02,1.0,41.3,FOOD-DATA-GROUP5,55.39906103286385,21.12676056338028,23.474178403755868,2.1454545454545455,110,10.630630630630632,2.3423423423423424,12.727272727272727,5.2,0.0027027027027027024,0,0,0,0
385,385,soya vanille joghurt alpro,21,0.6,0.1,2.7,2.6,1.0,0.09,0.3,0.0,0.0,0.0,0.0,0.0,0.0,0.0,0.0,0.0,0.0,0.0,0.0,0.0,0.0,0.0,0.0,0.0,0.0,0.0,0.0,0.0,0.0,0.0,0.0,0.0,1.9,FOOD-DATA-GROUP5,15.789473684210526,52.63157894736842,31.57894736842105,0.15,21,1.3636363636363635,0.0,4.5,0.0,0.0,0,0,0,0
386,386,soybean curd cheese,340,18.2,2.6,4.0,10.3,15.5,3.6,28.1,0.0,0.0,0.094,159.5,0.0,0.0,0.006,0.0,0.3,1.1,0.3,0.2,0.0,0.0,1.4,0.011,423.0,0.9,12.6,513.0,2.0,499.5,447.8,0.068,3.9,497.4,FOOD-DATA-GROUP5,45.469255663430424,25.080906148867317,29.449838187702266,1.7030303030303031,340,8.240469208211145,0.0,21.81818181818182,0.0,0.0002756598240469208,0,0,0,0
387,387,soy sauce,8,0.054,0.025,0.059,0.099,0.8,0.097,1.3,0.1,0.0,0.9,11.4,0.0,0.0,0.012,0.04,0.0,0.073,0.4,0.046,0.01,0.0,0.0,0.0,0.0,5.3,0.031,0.2,11.8,0.2,26.6,69.6,0.087,2.293,FOOD-DATA-GROUP5,60.35283194057568,37.140204271123494,2.5069637883008355,0.7222222222222222,8,14.444444444444446,1.1111111111111112,5.388888888888889,0.2,0.1,0,0,0,0
388,388,soybean dry roasted,419,20.1,2.9,4.4,11.4,30.4,0.0,36.8,7.5,0.0,0.077,0.7,0.0,0.4,0.2,0.0,0.7,1.0,0.4,0.2,4.3,0.0,0.0,0.076,130.2,1.0,3.7,212.0,2.0,603.6,1268.5,0.028,4.4,233.0,FOOD-DATA-GROUP5,42.15349369988546,34.82245131729668,23.024054982817876,1.1719745222929936,419,8.761904761904761,1.7857142857142856,0.0,10.0,0.00018333333333333334,0,0,0,0
389,389,soybean oil,120,13.6,2.1,3.1,7.9,0.0,0.0,0.0,0.0,0.0,0.0,0.0,0.0,0.0,0.0,0.0,0.0,0.0,0.0,0.0,0.0,0.0,1.1,0.064,0.0,0.0,0.048,0.0,0.0,0.0,0.0,0.0,0.095,13.67,FOOD-DATA-GROUP5,0.0,0.0,100.0,0.0,120,0.0,0.0,0.0,0.0,0.0,0,0,0,0
390,390,meatless chicken,376,21.4,3.1,4.6,12.2,6.1,0.0,39.7,6.0,0.0,1.2,98.9,0.0,0.1,0.1,0.068,0.4,2.4,1.0,1.2,0.0,0.0,4.5,0.0,58.8,1.2,5.5,28.6,2.0,562.8,90.7,0.012,1.2,137.5,FOOD-DATA-GROUP5,59.077380952380956,9.077380952380953,31.845238095238095,5.591549295774649,376,10.53050397877984,1.5915119363395225,0.0,10.0,0.003183023872679045,0,0,0,0
391,391,soybean cooked,296,15.4,2.2,3.4,8.7,17.1,5.2,28.6,10.3,0.0,0.075,107.6,0.0,0.0,0.3,0.022,0.0,0.5,0.7,0.3,0.4,2.9,0.0,0.6,0.099,175.4,0.7,8.8,147.9,1.4,421.4,885.8,0.064,72.517,FOOD-DATA-GROUP5,46.808510638297875,27.986906710310965,25.20458265139116,1.580110497237569,296,9.62962962962963,3.468013468013468,28.7292817679558,10.0,0.0002525252525252525,0,0,0,0
392,392,soymilk nonfat,68,0.046,0.0,0.0,0.046,10.1,8.9,6.0,0.5,0.0,0.1,225.2,0.1,0.064,0.092,0.063,0.4,0.8,0.0,0.084,0.0,0.071,0.2,0.063,281.9,0.3,0.9,24.3,0.0,211.4,255.2,0.046,0.2,299.508,FOOD-DATA-GROUP5,37.16090672612412,62.554192988975586,0.28490028490028485,0.5405405405405406,68,8.695652173913043,0.7246376811594203,80.18018018018019,1.0,0.0014492753623188406,0,0,0,0
393,393,soy flour,23,1.1,0.2,0.2,0.6,1.8,0.4,1.8,0.5,0.0,0.023,0.3,0.0,0.0,0.062,0.058,0.0,0.002,0.2,0.069,0.009,0.0,0.0,0.1,0.061,10.7,0.2,0.3,22.3,0.1,25.7,130.8,0.086,5.488,FOOD-DATA-GROUP5,38.297872340425535,38.297872340425535,23.404255319148938,0.6428571428571429,23,7.5,2.083333333333333,14.285714285714288,1.0,0.0009583333333333333,0,0,0,0
394,394,soybean lecithin oil,104,13.6,2.0,1.5,6.2,0.0,0.0,0.0,0.0,0.0,0.0,0.0,0.0,0.0,0.0,0.0,0.0,0.0,0.0,0.0,0.0,0.0,1.1,0.015,0.0,0.0,0.0,0.0,0.0,0.0,0.0,0.0,0.0,13.6,FOOD-DATA-GROUP5,0.0,0.0,100.0,0.0,104,0.0,0.0,0.0,0.0,0.0,0,0,0,0
395,395,tofu raw,188,11.9,1.7,2.6,6.7,4.7,0.0,20.0,0.7,0.0,0.06,209.7,0.0,0.2,0.096,0.0,0.1,0.5,0.2,0.1,0.2,0.0,0.0,0.0,868.0,0.5,13.3,74.4,1.5,240.6,300.1,0.005,2.0,918.8,FOOD-DATA-GROUP5,54.64480874316939,12.841530054644808,32.51366120218579,3.508771929824561,188,10.582010582010582,0.37037037037037035,0.0,1.4,0.00031746031746031746,0,0,0,0
396,396,soy chips,109,2.1,0.3,0.5,1.1,15.0,0.5,7.5,1.0,0.0,0.2,2.4,0.0,0.02,0.098,0.0,0.076,0.8,0.4,0.1,0.0,0.0,0.3,0.048,48.4,0.7,1.5,48.1,0.6,2.0,2.0,0.099,0.4,75.5,FOOD-DATA-GROUP5,30.48780487804878,60.97560975609756,8.536585365853657,0.46875,109,6.8181818181818175,0.9090909090909091,3.125,2.0,0.0018181818181818182,0,0,0,0
397,397,green soybean raw,376,17.4,2.0,3.3,8.2,28.3,0.0,33.2,10.8,0.0,0.017,172.8,0.0,1.1,0.4,0.0,0.4,4.2,0.4,0.2,74.2,0.0,0.0,0.0,504.3,0.3,9.1,166.4,1.4,496.6,1587.2,0.081,2.5,677.3,FOOD-DATA-GROUP5,42.07858048162231,35.868187579214194,22.053231939163496,1.1331058020477816,376,8.806366047745358,2.864721485411141,0.0,10.0,4.5092838196286476e-05,0,0,0,0
398,398,soy proteins concentrate,93,0.1,0.04,0.092,0.099,7.2,0.0,18.0,1.6,0.0,0.3,1.6,0.0,0.076,0.087,0.0,0.078,0.2,0.007,0.015,0.0,0.0,0.0,0.0,102.7,0.3,3.1,39.6,1.2,237.4,127.4,0.019,1.2,132.7,FOOD-DATA-GROUP5,71.14624505928853,28.458498023715418,0.3952569169960474,2.1951219512195124,93,19.148936170212767,1.702127659574468,0.0,3.2,0.0031914893617021275,0,0,0,0
399,399,soybean margarine,34,3.8,0.8,1.8,1.0,0.043,0.0,0.052,0.0,0.0,0.005,0.7,0.067,0.06,0.013,0.049,0.051,0.033,0.012,0.054,0.077,0.0,0.1,0.0,1.4,0.0,0.0,0.1,0.0,1.1,2.0,0.0,0.0,5.309,FOOD-DATA-GROUP5,1.3350449293966624,1.10397946084724,97.5609756097561,0.04985618408437201,34,0.14857142857142858,0.0,0.0,0.0,0.00014285714285714287,0,0,0,0
400,400,chocolate soymilk nonfat,107,0.046,0.0,0.0,0.012,20.7,8.9,6.0,0.5,0.0,0.1,214.8,0.1,0.001,0.03,0.005,0.4,1.2,0.0,0.037,0.0,0.062,0.3,0.021,281.9,0.5,0.9,24.3,0.0,211.4,255.2,0.027,0.2,310.107,FOOD-DATA-GROUP5,22.433261048381066,77.39475061691468,0.17198833470425484,0.2764976958525346,107,5.555555555555555,0.4629629629629629,41.01382488479263,1.0,0.000925925925925926,0,0,0,0
401,401,okara,93,2.1,0.2,0.4,0.9,15.3,0.0,3.9,0.0,0.0,0.07,99.6,0.0,0.0,0.035,0.017,0.0,0.063,0.1,0.1,0.1,0.0,0.0,0.0,0.0,97.6,0.2,1.6,31.7,0.5,73.2,259.9,0.048,21.6,FOOD-DATA-GROUP5,18.309859154929576,71.83098591549296,9.859154929577466,0.23926380368098157,93,4.148936170212766,0.0,0.0,0.0,0.0007446808510638298,0,0,0,0
402,402,meatless meatballs,284,13.0,2.1,3.2,6.7,11.5,1.8,30.2,6.6,0.0,0.8,83.5,0.0,1.4,0.1,0.073,0.3,3.6,0.7,0.3,0.0,0.0,2.5,0.0,36.0,1.0,3.1,25.9,0.0,495.4,259.2,0.016,2.6,100.4,FOOD-DATA-GROUP5,55.21023765996343,21.02376599634369,23.76599634369287,2.416,284,10.596491228070175,2.31578947368421,14.400000000000002,10.0,0.0028070175438596493,0,0,0,0
403,403,vanilla soymilk,131,4.3,0.5,1.0,2.3,15.3,9.7,7.9,1.5,0.0,0.1,214.0,0.0,0.1,0.032,0.0,0.2,1.2,0.9,0.2,0.0,0.0,0.3,0.042,60.8,0.3,1.6,60.8,0.5,126.4,286.7,0.08,0.3,91.4,FOOD-DATA-GROUP5,28.727272727272723,55.636363636363626,15.636363636363635,0.48466257668711654,131,5.984848484848485,1.1363636363636365,59.50920245398772,3.0,0.0007575757575757576,0,0,0,0
404,404,soy meal raw,414,2.9,0.3,0.5,1.3,49.0,0.0,54.8,0.0,0.0,0.017,8.5,0.0,0.8,0.4,0.0,0.3,3.2,2.4,0.7,0.0,0.0,0.0,0.0,297.7,2.4,16.7,373.3,4.6,855.2,3037.8,0.018,6.2,421.1,FOOD-DATA-GROUP5,51.35895032802249,45.923149015932516,2.7179006560449857,1.0959999999999999,414,13.204819277108435,0.0,0.0,0.0,4.096385542168675e-05,0,0,0,0
405,405,soymilk low fat,104,1.5,0.0,0.5,1.0,17.5,8.5,4.0,1.9,0.0,0.04,218.4,0.0,0.0,0.0,0.0,0.0,0.0,0.0,0.0,0.0,0.032,0.0,0.0,199.3,0.0,1.1,0.0,0.0,150.7,155.5,0.0,0.0,225.3,FOOD-DATA-GROUP5,17.391304347826086,76.08695652173914,6.521739130434782,0.21621621621621623,104,3.8095238095238098,1.8095238095238095,45.94594594594595,3.8,0.00038095238095238096,0,0,0,0
406,406,sprouted soybean raw,85,4.7,0.7,1.1,2.6,6.7,0.0,9.2,0.8,0.0,0.005,48.3,0.0,0.0,0.2,0.1,0.0,0.045,0.8,0.7,0.1,10.7,0.0,0.0,0.0,46.9,0.3,1.5,50.4,0.5,114.8,338.8,0.045,21.8,FOOD-DATA-GROUP5,44.66019417475729,32.5242718446602,22.81553398058253,1.1948051948051948,85,10.69767441860465,0.9302325581395349,0.0,1.6,5.8139534883720933e-05,0,0,0,0
407,407,soybean raw,830,37.1,5.4,8.2,20.9,56.1,13.6,67.9,17.3,0.0,0.023,15.9,0.0,1.6,0.7,0.0,1.6,3.0,1.5,0.7,11.2,0.0,1.6,0.099,515.2,3.1,29.2,520.8,4.7,1309.4,3342.4,0.071,9.1,734.0,FOOD-DATA-GROUP5,42.14773432650528,34.82309124767225,23.02917442582247,1.1891418563922942,830,8.170878459687124,2.081829121540313,23.817863397548162,10.0,2.7677496991576412e-05,0,0,1,0
408,408,tempeh cooked,55,3.2,1.0,1.1,0.7,2.6,0.0,5.1,0.0,0.0,0.084,16.9,0.0,0.021,0.022,0.07,0.1,0.6,0.1,0.079,0.0,0.0,0.0,0.0,27.2,0.2,0.6,21.8,0.4,71.6,113.5,0.0,0.4,38.7,FOOD-DATA-GROUP5,46.788990825688074,23.853211009174316,29.357798165137623,1.4166666666666665,55,9.107142857142856,0.0,0.0,0.0,0.0015,0,0,0,0
409,409,vanilla soymilk light,83,2.1,0.2,0.6,1.4,9.4,1.0,6.4,1.5,0.0,0.2,223.6,0.0,0.0,0.062,0.09,0.4,0.0,0.0,0.0,0.0,0.025,0.0,0.0,298.9,0.0,1.1,31.6,0.0,250.3,284.3,0.0,0.2,319.4,FOOD-DATA-GROUP5,35.754189944134076,52.513966480446925,11.731843575418994,0.6153846153846154,83,7.6190476190476195,1.7857142857142856,9.615384615384615,3.0,0.002380952380952381,0,0,0,0
410,410,chocolate soymilk,153,3.7,0.6,0.9,2.0,24.2,19.1,5.5,1.0,0.0,0.1,208.0,0.0,0.2,0.098,0.079,0.056,0.6,1.2,0.2,0.2,4.1,0.026,0.3,0.074,306.2,0.5,1.2,36.5,0.0,123.9,347.5,0.023,35.156,FOOD-DATA-GROUP5,16.46706586826347,72.45508982035929,11.077844311377246,0.21825396825396826,153,3.571428571428571,0.6493506493506493,75.7936507936508,2.0,0.0006493506493506494,0,1,0,0
411,411,soy oil,120,13.6,3.4,8.3,1.3,0.0,0.0,0.0,0.0,0.0,0.0,0.0,0.0,0.0,0.0,0.0,0.0,0.0,0.0,0.0,0.0,0.0,1.1,0.076,0.0,0.0,0.0,0.0,0.0,0.0,0.0,0.0,0.0,13.6,FOOD-DATA-GROUP5,0.0,0.0,100.0,0.0,120,0.0,0.0,0.0,0.0,0.0,0,0,0,0
412,412,natto,169,8.8,1.3,1.9,5.0,11.5,3.9,14.2,4.3,0.0,0.026,44.0,0.0,0.0,0.1,0.089,0.0,0.2,0.0,0.2,0.1,10.4,0.0,0.009,0.085,173.6,0.5,6.9,92.0,1.2,139.2,583.2,0.033,39.429,FOOD-DATA-GROUP5,41.15942028985507,33.33333333333333,25.507246376811597,1.136,169,8.352941176470589,2.5294117647058822,31.2,8.6,0.00015294117647058822,0,0,0,0
413,413,chrysanthemum raw,12,0.3,0.0,0.0,0.0,1.5,0.0,1.7,1.5,0.0,0.012,46.6,0.0,0.0,0.07,0.084,0.0,0.097,0.3,0.1,0.061,0.7,0.0,0.0,0.2,59.7,0.044,1.2,16.3,0.5,27.5,289.2,0.0,5.285,FOOD-DATA-GROUP5,48.57142857142857,42.857142857142854,8.571428571428571,0.6799999999999999,12,13.076923076923078,11.538461538461538,0.0,3.0,0.0009230769230769231,0,0,0,0
414,414,gourd cooked,100,0.6,0.035,0.1,0.3,25.5,9.2,1.2,5.2,0.0,0.065,150.0,0.0,0.0,0.092,0.036,0.0,0.036,0.5,0.9,0.2,10.1,0.0,0.4,0.03,16.0,0.2,0.6,35.6,0.4,55.2,806.3,0.021,32.903,FOOD-DATA-GROUP5,4.395604395604395,93.4065934065934,2.1978021978021975,0.045283018867924525,100,1.188118811881188,5.148514851485149,34.71698113207547,10.0,0.0006435643564356436,0,0,0,0
415,415,cauliflower raw,3,0.081,0.094,0.061,0.07,0.6,0.2,0.2,0.3,0.0,0.042,12.0,0.0,0.0,0.085,0.012,0.0,0.082,0.014,0.087,0.019,6.3,0.0,0.055,0.033,2.9,0.01,0.077,2.0,0.003,5.7,38.9,0.05,1.337,FOOD-DATA-GROUP5,22.701475595913738,68.1044267877412,9.194097616345061,0.125,3,5.0,7.5,12.5,0.6,0.0105,0,0,0,0
416,416,red cabbage raw,53,0.3,0.002,0.028,0.1,12.5,6.5,2.4,3.6,0.0,0.079,153.7,0.0,0.1,0.088,0.0,0.1,0.7,0.2,0.4,96.9,0.0,0.2,0.082,76.5,0.004,1.4,27.2,0.4,51.0,413.1,0.039,0.4,193.6,FOOD-DATA-GROUP5,15.789473684210526,82.23684210526315,1.9736842105263157,0.17777777777777778,53,4.444444444444445,6.666666666666667,48.148148148148145,7.2,0.001462962962962963,0,0,0,0
417,417,broccoli raab raw,9,0.2,0.047,0.027,0.097,1.1,0.2,1.3,1.1,0.0,0.04,37.0,0.0,0.0,0.06,0.039,0.0,0.056,0.5,0.1,0.064,8.1,0.0,0.6,0.074,43.2,0.022,0.9,8.8,0.2,29.2,78.4,0.072,3.861,FOOD-DATA-GROUP5,49.999999999999986,42.3076923076923,7.692307692307692,0.6190476190476191,9,13.0,11.000000000000002,9.523809523809524,2.2,0.004,0,0,0,0
418,418,napa cabbage cooked,13,0.2,0.0,0.0,0.0,2.4,0.0,1.2,0.0,0.0,0.012,105.0,0.0,0.051,0.094,0.0,0.096,0.5,0.07,0.052,3.5,0.0,0.0,0.0,31.6,0.1,0.8,8.7,0.2,20.7,94.8,0.025,0.2,39.7,FOOD-DATA-GROUP5,31.57894736842105,63.1578947368421,5.2631578947368425,0.35294117647058826,13,8.571428571428571,0.0,0.0,0.0,0.0008571428571428572,0,0,0,0
419,419,kelp,2,0.067,0.037,0.064,0.044,0.5,0.069,0.07,0.018,0.0,0.019,4.1,0.0,0.031,0.006,0.0,0.005,0.027,0.061,0.07,0.2,0.0,0.04,0.015,8.4,0.021,0.1,6.1,0.017,2.1,4.5,0.07,0.038,9.303,FOOD-DATA-GROUP5,10.98901098901099,78.49293563579278,10.518053375196233,0.04666666666666667,2,2.3333333333333335,0.6,4.6000000000000005,0.036,0.006333333333333333,0,0,0,0
420,420,shallots raw,18,0.061,0.041,0.015,0.074,4.2,2.0,0.6,0.8,0.0,0.044,20.0,0.0,0.0,0.04,0.083,0.0,0.07,0.089,0.003,0.016,2.0,0.0,0.025,0.007,9.3,0.004,0.3,5.3,0.046,15.0,83.5,0.091,5.833,FOOD-DATA-GROUP5,12.343139271754783,86.40197490228348,1.2548858259617364,0.11538461538461538,18,3.1578947368421053,4.2105263157894735,38.46153846153846,1.6,0.0023157894736842103,0,0,0,0
421,421,bamboo shoots raw,49,0.5,0.1,0.054,0.2,9.4,5.4,4.7,4.0,0.0,0.067,163.8,0.0,0.0,0.3,0.087,0.0,0.1,1.1,0.3,0.4,7.2,0.0,1.8,0.0,23.4,0.3,0.9,5.4,0.5,106.2,959.4,0.001,19.3,FOOD-DATA-GROUP5,32.1917808219178,64.3835616438356,3.4246575342465753,0.4519230769230769,49,9.4,8.0,51.92307692307693,8.0,0.00134,0,0,0,0
422,422,jute cooked,32,0.2,0.004,0.022,0.022,6.3,0.9,3.2,1.7,0.0,0.043,75.8,0.0,0.021,0.076,0.0,0.2,0.8,0.02,0.5,28.7,0.0,0.083,0.059,183.6,0.2,2.7,53.9,0.1,62.6,478.5,0.052,0.7,226.4,FOOD-DATA-GROUP5,32.98969072164949,64.94845360824742,2.061855670103093,0.4383561643835617,32,9.696969696969697,5.151515151515151,12.328767123287673,3.4,0.0013030303030303028,0,0,0,0
423,423,red lettuce,4,0.08,0.036,0.056,0.024,0.6,0.1,0.4,0.3,0.0,0.057,26.8,0.0,0.0,0.041,0.007,0.0,0.061,0.097,0.1,0.026,1.0,0.0,0.067,0.021,9.2,0.093,0.3,3.4,0.095,7.8,52.4,0.044,1.595,FOOD-DATA-GROUP5,37.03703703703704,55.55555555555555,7.4074074074074066,0.25,4,8.0,6.0,6.25,0.6,0.0114,0,0,0,0
424,424,broccoli cooked,98,1.1,0.2,0.1,0.5,20.1,3.9,6.7,9.2,0.0,0.1,249.9,0.0,0.0,0.2,0.3,0.0,0.3,1.5,1.7,0.6,181.7,0.0,4.1,0.4,112.0,0.2,1.9,58.8,0.5,187.6,820.4,0.008,38.3,FOOD-DATA-GROUP5,24.014336917562723,72.04301075268818,3.942652329749104,0.3175355450236967,98,6.767676767676768,9.292929292929292,18.48341232227488,10.0,0.00101010101010101,0,0,0,0
425,425,romanesco raw,20,0.2,0.038,0.085,0.006,3.9,1.9,1.9,2.0,0.0,0.025,57.5,0.0,0.025,0.091,0.0,0.094,0.5,0.4,0.1,56.4,0.0,0.095,0.085,21.1,0.051,0.5,12.8,0.2,39.7,192.0,0.087,0.4,86.0,FOOD-DATA-GROUP5,31.666666666666664,65.0,3.3333333333333335,0.38775510204081626,20,9.047619047619047,9.523809523809524,38.77551020408163,4.0,0.0011904761904761906,0,0,0,0
426,426,eggplant raw,115,0.8,0.2,0.047,0.3,26.9,16.2,4.5,13.7,0.0,0.028,422.7,0.0,0.2,0.1,0.0,0.2,3.0,1.3,0.4,10.1,0.0,1.4,0.052,41.2,0.4,1.1,64.1,1.1,109.9,1048.8,0.074,0.7,98.3,FOOD-DATA-GROUP5,13.975155279503108,83.54037267080746,2.4844720496894417,0.16129032258064516,115,3.8793103448275863,11.810344827586206,58.06451612903226,10.0,0.0002413793103448276,0,1,0,0
427,427,leeks raw,54,0.3,0.049,0.076,0.1,12.6,3.5,1.3,1.6,0.0,0.003,73.9,0.0,0.0,0.056,0.087,0.0,0.038,0.4,0.1,0.2,10.7,0.0,0.8,0.011,52.5,0.1,1.9,24.9,0.4,31.2,160.2,0.03,16.132,FOOD-DATA-GROUP5,9.15492957746479,88.73239436619717,2.1126760563380276,0.09558823529411765,54,2.3636363636363638,2.909090909090909,25.73529411764706,3.2,5.4545454545454546e-05,0,0,0,0
428,428,lemongrass citronella,5,0.076,0.067,0.091,0.082,1.2,0.0,0.038,0.0,0.0,0.024,3.4,0.0,0.05,0.011,0.0,0.097,0.018,0.082,0.034,0.1,0.0,0.0,0.0,3.1,0.082,0.4,2.9,0.3,4.8,34.7,0.031,0.1,4.937,FOOD-DATA-GROUP5,2.89193302891933,91.32420091324201,5.78386605783866,0.01727272727272727,5,0.6333333333333333,0.0,0.0,0.0,0.004,0,0,0,0
429,429,pumpkin cooked,49,0.2,0.019,0.1,0.085,12.0,5.1,1.8,2.7,0.0,0.006,229.5,0.0,0.0,0.004,0.057,0.0,0.2,1.0,0.5,0.1,11.5,0.0,2.0,0.098,36.8,0.2,1.4,22.1,0.2,73.5,563.5,0.054,17.005,FOOD-DATA-GROUP5,12.85714285714286,85.71428571428571,1.4285714285714286,0.13846153846153847,49,3.6000000000000005,5.4,39.23076923076923,5.4,0.00012,0,0,0,0
430,430,celery cooked,7,0.098,0.064,0.018,0.024,1.5,0.9,0.3,0.6,0.0,0.093,35.3,0.0,0.081,0.021,0.0,0.071,0.1,0.049,0.022,2.3,0.0,0.1,0.061,15.8,0.08,0.2,4.5,0.025,9.4,106.5,0.086,0.098,20.767,FOOD-DATA-GROUP5,15.806111696522654,79.03055848261327,5.163329820864067,0.12,7,3.75,7.5,36.0,1.2,0.011625,0,0,0,0
431,431,serrano pepper,2,0.075,0.072,0.002,0.028,0.4,0.2,0.1,0.2,0.0,0.067,5.5,0.0,0.0,0.09,0.015,0.0,0.009,0.059,0.095,0.099,2.7,0.0,0.088,0.021,0.7,0.063,0.083,1.3,0.058,2.4,18.6,0.047,0.902,FOOD-DATA-GROUP5,17.39130434782609,69.56521739130436,13.043478260869565,0.07142857142857144,2,3.3333333333333335,6.666666666666667,14.285714285714288,0.4,0.022333333333333334,0,0,0,0
432,432,nopales raw,14,0.063,0.018,0.039,0.044,2.9,1.0,1.1,1.9,0.0,0.076,80.9,0.0,0.024,0.059,0.0,0.07,0.4,0.1,0.079,8.0,0.0,0.0,0.039,141.0,0.06,0.5,44.7,0.4,13.8,221.0,0.099,0.2,155.484,FOOD-DATA-GROUP5,27.073590942653215,71.37583066699483,1.5505783903519568,0.2820512820512821,14,7.333333333333333,12.666666666666664,25.641025641025646,3.8,0.005066666666666666,0,0,0,0
433,433,sweet potato leaves cooked,22,0.2,0.099,0.008,0.006,4.7,3.5,1.4,1.2,0.0,0.2,57.1,0.0,0.057,0.016,0.0,0.2,0.6,0.1,0.1,1.0,0.0,0.6,0.012,21.1,0.008,0.4,30.7,0.1,25.6,199.7,0.083,0.2,30.0,FOOD-DATA-GROUP5,22.22222222222222,74.60317460317461,3.1746031746031753,0.24561403508771928,22,6.08695652173913,5.217391304347826,61.40350877192983,2.4,0.008695652173913044,0,0,0,0
434,434,eggplant cooked,33,0.2,0.049,0.056,0.09,8.1,3.2,0.8,2.5,0.0,0.2,88.8,0.0,0.066,0.086,0.0,0.028,0.6,0.008,0.081,1.3,0.0,0.4,0.021,5.9,0.042,0.2,10.9,0.1,14.9,121.8,0.0,0.1,19.0,FOOD-DATA-GROUP5,8.791208791208792,89.01098901098901,2.197802197802198,0.08791208791208792,33,2.3529411764705883,7.352941176470589,35.16483516483517,5.0,0.0058823529411764705,0,0,0,0
435,435,asparagus cooked,3,0.074,0.004,0.0,0.063,0.6,0.2,0.4,0.3,0.0,0.0,13.9,0.0,0.0,0.065,0.036,0.0,0.025,0.2,0.036,0.022,1.2,0.0,0.2,0.099,3.5,0.031,0.1,2.1,0.063,8.1,33.6,0.049,1.458,FOOD-DATA-GROUP5,37.243947858473,55.865921787709496,6.890130353817504,0.25,3,10.0,7.5,12.5,0.6,0.0,0,0,0,0
436,436,rutabaga cooked,72,0.4,0.007,0.037,0.2,16.4,9.5,2.2,4.3,0.0,0.049,219.7,0.0,0.2,0.069,0.0,0.091,1.7,0.4,0.2,45.1,0.0,0.6,0.03,43.2,0.052,0.4,24.0,0.2,98.4,518.4,0.022,0.3,112.0,FOOD-DATA-GROUP5,11.578947368421055,86.31578947368422,2.1052631578947376,0.12643678160919541,72,3.0136986301369864,5.89041095890411,54.59770114942529,8.6,0.0006712328767123288,0,0,0,0
437,437,parsnips raw,128,0.5,0.1,0.2,0.023,30.6,8.2,2.0,8.3,0.0,0.068,135.2,0.0,0.0,0.2,0.1,0.0,0.036,1.2,1.0,0.2,28.9,0.0,2.5,0.055,61.2,0.2,1.0,49.3,1.0,120.7,637.5,0.094,41.83,FOOD-DATA-GROUP5,6.042296072507552,92.44712990936556,1.510574018126888,0.06329113924050632,128,1.550387596899225,6.434108527131784,25.949367088607588,10.0,0.0005271317829457365,0,0,0,0
438,438,sour pickles,17,0.3,0.079,0.018,0.1,3.5,1.6,0.5,1.9,0.0,1.9,145.8,0.0,0.0,0.013,0.0,0.006,0.0,0.069,0.096,1.6,0.0,0.1,0.038,0.0,0.1,0.6,6.2,0.036,21.7,35.7,0.0,0.079,8.4,FOOD-DATA-GROUP5,11.627906976744185,81.3953488372093,6.976744186046512,0.1111111111111111,17,2.7777777777777777,10.555555555555555,35.55555555555556,3.8,0.10555555555555556,0,0,0,0
439,439,turnip greens cooked,29,0.3,0.091,0.065,0.1,6.3,0.8,1.6,5.0,0.0,0.4,134.2,0.0,0.077,0.2,0.0,0.1,0.6,0.4,0.3,39.5,0.0,2.7,0.5,197.3,0.4,1.2,31.7,0.5,41.8,292.3,0.013,0.2,251.2,FOOD-DATA-GROUP5,19.51219512195122,76.82926829268291,3.658536585365853,0.21917808219178084,29,5.333333333333334,16.666666666666664,10.958904109589042,10.0,0.013333333333333334,0,0,0,0
440,440,jerusalem artichokes,110,0.047,0.0,0.065,0.036,26.2,14.4,3.0,2.4,0.0,0.011,117.0,0.0,0.3,0.052,0.0,0.049,2.0,0.6,0.1,6.0,0.0,0.3,0.014,21.0,0.2,5.1,25.5,0.014,117.0,643.5,0.083,0.2,63.742,FOOD-DATA-GROUP5,10.257462303826033,89.58183745341402,0.1607002427599412,0.11029411764705882,110,2.7027027027027026,2.162162162162162,52.94117647058824,4.8,9.909909909909909e-05,0,0,0,0
441,441,collard raw,12,0.2,0.026,0.049,0.075,2.0,0.2,1.1,1.4,0.0,0.014,32.3,0.0,0.0,0.007,0.033,0.0,0.068,0.3,0.06,0.003,12.7,0.0,0.8,0.2,83.5,0.004,0.2,9.7,0.2,9.0,76.7,0.041,5.001,FOOD-DATA-GROUP5,33.33333333333333,60.606060606060595,6.0606060606060606,0.3666666666666667,12,8.461538461538462,10.769230769230768,6.666666666666667,2.8,0.0010769230769230769,0,0,0,0
442,442,chrysanthemum cooked,20,0.036,0.0,0.0,0.0,4.3,2.0,1.6,2.3,0.0,0.042,92.5,0.0,0.0,0.086,0.092,0.0,0.2,0.7,0.061,0.1,23.9,0.0,2.5,0.1,69.0,0.1,3.7,18.0,0.4,43.0,569.0,0.001,8.597,FOOD-DATA-GROUP5,26.954177897574127,72.43935309973045,0.6064690026954178,0.30188679245283023,20,7.6190476190476195,10.95238095238095,37.735849056603776,4.6,0.002,0,0,0,0
443,443,oriental radish dried,314,0.8,0.3,0.1,0.4,73.5,43.3,9.2,27.7,0.0,0.3,22.8,0.0,0.3,0.3,0.0,0.8,3.9,2.2,0.7,0.0,0.0,0.008,0.031,729.6,1.9,7.8,197.2,0.6,236.6,4053.0,0.091,2.5,848.6,FOOD-DATA-GROUP5,11.017964071856287,88.02395209580838,0.9580838323353293,0.12348993288590603,314,2.9206349206349205,8.793650793650794,58.12080536912752,10.0,0.0009523809523809524,0,1,0,0
444,444,tomatillos,42,1.3,0.2,0.2,0.6,7.7,5.2,1.3,2.5,0.0,0.019,121.0,0.0,0.088,0.093,0.0,0.099,2.4,0.2,0.074,15.4,0.0,0.5,0.033,9.2,0.1,0.8,26.4,0.2,51.5,353.8,0.055,0.3,38.2,FOOD-DATA-GROUP5,12.62135922330097,74.75728155339806,12.62135922330097,0.14942528735632185,42,3.0232558139534884,5.813953488372093,59.77011494252874,5.0,0.00044186046511627907,0,0,0,0
445,445,taro shoots raw,9,0.069,0.016,0.071,0.042,2.0,0.0,0.8,0.0,0.0,0.056,82.4,0.0,0.024,0.04,0.0,0.014,0.7,0.074,0.035,18.1,0.0,0.0,0.0,10.3,0.099,0.5,6.9,0.1,24.1,285.5,0.002,0.4,31.723,FOOD-DATA-GROUP5,27.884280237016384,69.71070059254096,2.4050191704426633,0.26666666666666666,9,8.0,0.0,0.0,0.0,0.0056,0,0,0,0
446,446,acorn squash raw,172,0.4,0.091,0.086,0.2,44.9,0.0,3.4,6.5,0.0,0.017,378.3,0.0,0.6,0.06,0.0,0.071,3.0,1.7,0.7,47.4,0.0,0.0,0.0,142.2,0.3,3.0,137.9,0.7,155.2,1495.6,0.077,0.6,247.8,FOOD-DATA-GROUP5,6.981519507186859,92.19712525667352,0.8213552361396306,0.07407407407407407,172,1.9653179190751446,3.7572254335260116,0.0,10.0,9.826589595375724e-05,0,0,0,0
447,447,leeks dried,10,0.026,0.08,0.055,0.031,2.4,0.0,0.5,0.3,0.0,0.077,0.018,0.0,0.056,0.089,0.0,0.008,0.1,0.076,0.023,3.8,0.0,0.0,0.0,11.5,0.047,0.2,5.2,0.014,11.1,76.8,0.092,0.096,18.709,FOOD-DATA-GROUP5,17.088174982911827,82.02323991797677,0.888585099111415,0.14705882352941177,10,4.545454545454546,2.727272727272727,0.0,0.6,0.007,0,0,0,0
448,448,cabbage raw,70,0.3,0.054,0.066,0.021,16.2,9.0,3.6,7.0,0.0,0.006,258.1,0.0,0.0,0.2,0.1,0.0,0.1,0.7,0.6,0.3,102.5,0.0,0.4,0.2,112.0,0.083,1.3,33.6,0.4,72.8,476.0,0.057,27.635,FOOD-DATA-GROUP5,17.91044776119403,80.59701492537312,1.4925373134328357,0.20930232558139536,70,5.070422535211268,9.859154929577464,52.32558139534884,10.0,8.450704225352113e-05,0,0,0,0
449,449,sweet red peppers cooked,19,0.1,0.012,0.094,0.087,4.5,3.2,0.7,0.9,0.0,0.2,67.1,0.0,0.041,0.055,0.0,0.049,0.3,0.066,0.2,124.8,0.0,1.2,0.016,6.6,0.069,0.3,7.3,0.023,13.1,121.2,0.059,0.055,137.9,FOOD-DATA-GROUP5,13.20754716981132,84.90566037735849,1.886792452830189,0.12727272727272726,19,3.4999999999999996,4.5,58.18181818181819,1.8,0.01,0,0,0,0
450,450,sweet red peppers raw,46,0.4,0.088,0.016,0.1,9.0,6.3,1.5,3.1,0.0,0.092,137.4,0.0,0.094,0.089,0.0,0.1,1.5,0.5,0.4,190.3,0.0,2.4,0.095,10.4,0.037,0.6,17.9,0.2,38.7,314.4,0.081,0.4,215.3,FOOD-DATA-GROUP5,13.761467889908257,82.56880733944953,3.669724770642202,0.15,46,3.1914893617021276,6.595744680851063,63.0,6.2,0.001957446808510638,0,0,0,0
451,451,cucumber peeled,16,0.2,0.1,0.068,0.087,2.9,1.8,0.8,0.9,0.0,0.098,128.7,0.0,0.0,0.049,0.066,0.0,0.095,0.048,0.3,0.082,4.3,0.0,0.006,0.052,18.6,0.018,0.3,16.0,0.058,27.9,180.9,0.027,4.903,FOOD-DATA-GROUP5,20.51282051282051,74.35897435897435,5.128205128205128,0.20512820512820515,16,4.705882352941177,5.294117647058823,46.15384615384615,1.8,0.005764705882352942,0,0,0,0
452,452,purslane raw,9,0.2,0.0,0.0,0.0,1.5,0.0,0.9,0.0,0.0,0.066,39.9,0.0,0.097,0.059,0.0,0.015,0.2,0.094,0.003,9.0,0.0,0.0,0.0,28.0,0.08,0.9,29.2,0.1,18.9,212.4,0.03,0.063,40.5,FOOD-DATA-GROUP5,34.61538461538461,57.692307692307686,7.6923076923076925,0.36,9,9.0,0.0,0.0,0.0,0.0066,0,0,0,0
453,453,peas onions cooked,81,0.4,0.055,0.049,0.2,15.5,6.8,4.6,4.0,0.0,0.5,158.7,0.0,0.3,0.078,0.0,0.1,1.9,0.2,0.2,12.4,0.0,0.019,0.053,25.2,0.1,1.7,23.4,0.3,61.2,210.6,0.042,0.5,63.8,FOOD-DATA-GROUP5,22.4390243902439,75.60975609756098,1.951219512195122,0.27878787878787875,81,5.609756097560975,4.878048780487805,41.21212121212121,8.0,0.006097560975609756,0,0,0,0
454,454,tomato cooked,22,0.1,0.086,0.069,0.041,4.9,3.1,1.2,0.9,0.0,0.029,116.0,0.0,0.0,0.054,0.052,0.0,0.074,0.7,0.2,0.096,28.0,0.0,0.7,0.054,13.5,0.052,0.8,11.1,0.1,34.4,268.1,0.0,7.36,FOOD-DATA-GROUP5,19.35483870967742,79.03225806451614,1.6129032258064515,0.20338983050847456,22,5.217391304347826,3.91304347826087,52.542372881355924,1.8,0.0012608695652173913,0,0,0,0
455,455,taro shoots cooked,20,0.1,0.068,0.003,0.037,4.5,0.0,1.0,0.0,0.0,0.3,133.4,0.0,0.024,0.014,0.0,0.035,1.1,0.1,0.2,26.5,0.0,0.0,0.0,19.6,0.1,0.6,11.2,0.2,36.4,481.6,0.083,0.8,52.3,FOOD-DATA-GROUP5,17.857142857142858,80.35714285714286,1.785714285714286,0.18181818181818182,20,4.761904761904762,0.0,0.0,0.0,0.014285714285714285,0,0,0,0
456,456,scots kale raw,28,0.4,0.072,0.015,0.2,5.6,0.0,1.9,1.1,0.0,0.059,58.3,0.0,0.05,0.08,0.0,0.09,0.9,0.057,0.2,87.1,0.0,0.0,0.0,137.4,0.2,2.0,59.0,0.4,41.5,301.5,0.011,0.2,235.5,FOOD-DATA-GROUP5,24.050632911392402,70.88607594936708,5.063291139240507,0.2878787878787879,28,6.551724137931034,3.7931034482758625,0.0,2.2,0.0020344827586206895,0,0,0,0
457,457,artichoke raw,60,0.2,0.056,0.019,0.01,13.5,1.3,4.2,6.9,0.0,0.1,108.7,0.0,0.0,0.097,0.058,0.0,0.03,1.3,0.4,0.1,15.0,0.0,0.2,0.045,56.3,0.3,1.6,76.8,0.3,115.2,473.6,0.056,25.274,FOOD-DATA-GROUP5,23.46368715083799,75.41899441340783,1.11731843575419,0.2896551724137931,60,6.885245901639345,11.311475409836067,8.96551724137931,10.0,0.001639344262295082,0,0,0,0
458,458,navy bean sprouts raw,70,0.7,0.05,0.042,0.4,13.6,0.0,6.4,0.0,0.0,0.063,82.3,0.0,0.4,0.1,0.0,0.2,1.3,0.9,0.2,19.6,0.0,0.0,0.0,15.6,0.4,2.0,105.0,0.4,104.0,319.3,0.001,0.9,57.9,FOOD-DATA-GROUP5,30.917874396135268,65.70048309178745,3.3816425120772946,0.4383561643835617,70,9.014084507042254,0.0,0.0,0.0,0.0008873239436619719,0,0,0,0
459,459,sweet pickles,146,0.7,0.1,0.021,0.2,33.8,29.2,0.9,1.6,0.0,0.7,121.9,0.0,0.079,0.077,0.0,0.006,0.2,0.037,0.005,1.1,0.0,0.6,0.018,97.6,0.021,0.4,11.2,0.1,28.8,160.0,0.0,0.2,136.1,FOOD-DATA-GROUP5,2.5423728813559325,95.48022598870057,1.9774011299435026,0.025862068965517244,146,0.6122448979591837,1.08843537414966,83.9080459770115,3.2,0.0047619047619047615,0,1,0,0
460,460,oriental radish cooked,25,0.4,0.1,0.026,0.2,5.0,2.7,1.0,2.4,0.0,0.4,139.7,0.0,0.0,0.059,0.0,0.089,0.2,0.2,0.021,22.2,0.0,0.0,0.016,25.0,0.1,0.2,13.2,0.041,35.3,419.0,0.019,0.2,56.2,FOOD-DATA-GROUP5,15.625,78.125,6.25,0.16666666666666666,25,3.8461538461538463,9.23076923076923,45.0,4.8,0.015384615384615385,0,0,0,0
461,461,sweet potato leaves raw,15,0.2,0.088,0.045,0.049,3.1,0.0,0.9,1.9,0.0,0.073,30.4,0.0,0.031,0.0,0.0,0.1,0.4,0.07,0.042,3.9,0.0,0.0,0.1,27.3,0.0,0.3,24.5,0.0,28.4,177.8,0.068,0.0,37.6,FOOD-DATA-GROUP5,21.428571428571427,73.80952380952381,4.761904761904762,0.21951219512195125,15,5.625,11.875,0.0,3.8,0.0045625,0,0,0,0
462,462,irishmoss,2,0.049,0.06,0.096,0.091,0.6,0.098,0.037,0.082,0.0,0.084,4.1,0.0,0.004,0.02,0.0,0.027,0.009,0.036,0.061,0.2,0.0,0.04,0.012,3.6,0.055,0.4,7.2,0.029,7.9,3.2,0.098,0.052,4.975,FOOD-DATA-GROUP5,5.393586005830904,87.46355685131194,7.142857142857142,0.023124999999999996,2,1.2333333333333334,2.7333333333333334,6.125,0.164,0.028,0,0,0,0
463,463,drumstick leaves cooked,25,0.4,0.0,0.0,0.0,4.7,0.4,2.2,0.8,0.0,0.1,34.3,0.0,0.041,0.091,0.0,0.2,0.8,0.007,0.4,13.0,0.0,0.084,0.085,63.4,0.004,1.0,63.4,0.4,28.1,144.5,0.042,0.2,85.5,FOOD-DATA-GROUP5,30.136986301369863,64.3835616438356,5.47945205479452,0.3859649122807018,25,8.461538461538462,3.076923076923077,7.017543859649122,1.6,0.0038461538461538464,0,0,0,0
464,464,winter squash raw,39,0.2,0.019,0.089,0.086,10.0,2.6,1.1,1.7,0.0,0.027,104.1,0.0,0.054,0.08,0.0,0.001,0.6,0.2,0.2,14.3,0.0,0.1,0.021,32.5,0.051,0.7,16.2,0.2,26.7,406.0,0.049,0.2,60.5,FOOD-DATA-GROUP5,9.734513274336285,88.49557522123894,1.769911504424779,0.1,39,2.7500000000000004,4.25,23.636363636363637,3.4,0.000675,0,0,0,0
465,465,pumpkin raw,30,0.1,0.065,0.044,0.004,7.5,3.2,1.2,0.6,0.0,0.062,106.3,0.0,0.009,0.036,0.0,0.1,0.7,0.3,0.071,10.4,0.0,1.2,0.012,24.4,0.1,0.9,13.9,0.1,51.0,394.4,0.093,0.4,45.1,FOOD-DATA-GROUP5,13.636363636363638,85.22727272727273,1.1363636363636365,0.1411764705882353,30,3.870967741935484,1.935483870967742,37.64705882352941,1.2,0.002,0,0,0,0
466,466,chicory greens,7,0.096,0.078,0.06,0.018,1.4,0.2,0.5,1.2,0.0,0.017,26.7,0.0,0.0,0.033,0.021,0.0,0.008,0.1,0.3,0.062,7.0,0.0,0.7,0.079,29.0,0.081,0.3,8.7,0.1,13.6,121.8,0.015,3.279,FOOD-DATA-GROUP5,25.0501002004008,70.14028056112224,4.809619238476954,0.20833333333333334,7,6.25,15.0,8.333333333333334,2.4,0.002125,0,0,0,0
467,467,spinach cooked,41,0.5,0.042,0.01,0.2,6.8,0.8,5.3,4.3,0.0,0.1,164.2,0.0,0.0,0.2,0.3,0.0,0.4,0.9,0.3,0.4,17.6,0.0,3.7,0.9,244.8,0.3,6.4,156.6,1.7,100.8,838.8,0.029,18.5,FOOD-DATA-GROUP5,42.06349206349206,53.96825396825397,3.968253968253968,0.6794871794871795,41,12.619047619047619,10.238095238095237,10.256410256410257,8.6,0.002380952380952381,0,0,0,0
468,468,radish pickled,42,0.5,0.1,0.068,0.2,7.8,3.0,1.7,3.3,0.0,1.2,137.3,0.0,0.054,0.001,0.0,0.021,0.5,0.3,0.2,0.0,0.0,0.0,0.008,42.0,0.3,0.3,12.0,0.072,46.5,499.5,0.054,0.3,55.6,FOOD-DATA-GROUP5,17.0,78.0,5.0,0.19318181818181815,42,3.953488372093023,7.674418604651162,34.090909090909086,6.6,0.027906976744186046,0,0,0,0
469,469,sweet onion,106,0.3,0.0,0.0,0.0,25.0,16.6,2.6,3.0,0.0,0.063,302.0,0.0,0.0,0.1,0.047,0.0,0.062,0.4,0.3,0.4,15.9,0.0,0.038,0.033,66.2,0.2,0.9,29.8,0.3,89.4,393.9,0.067,31.6,FOOD-DATA-GROUP5,9.31899641577061,89.60573476702508,1.075268817204301,0.1,106,2.4299065420560746,2.803738317757009,63.846153846153854,6.0,0.000588785046728972,0,1,0,0
470,470,salsify cooked,92,0.2,0.0,0.0,0.0,20.7,3.9,3.7,4.2,0.0,0.028,109.4,0.0,0.042,0.031,0.0,0.2,0.5,0.4,0.3,6.2,0.0,0.3,0.099,63.5,0.05,0.7,24.3,0.3,75.6,382.1,0.002,0.4,99.2,FOOD-DATA-GROUP5,15.040650406504067,84.14634146341464,0.8130081300813009,0.17050691244239632,92,3.978494623655914,4.516129032258065,17.972350230414747,8.4,0.0003010752688172043,0,0,0,0
471,471,radish seeds sprouted,16,1.0,0.3,0.2,0.4,1.4,0.0,1.4,0.0,0.0,0.067,34.2,0.0,0.006,0.077,0.0,0.054,1.1,0.3,0.1,11.0,0.0,0.0,0.0,19.4,0.07,0.3,16.7,0.082,42.9,32.7,0.073,0.2,34.5,FOOD-DATA-GROUP5,36.84210526315789,36.84210526315789,26.31578947368421,0.5833333333333334,16,8.235294117647058,0.0,0.0,0.0,0.003941176470588235,0,0,0,0
472,472,turnips raw,51,0.2,0.074,0.098,0.04,11.8,7.0,1.6,3.3,0.0,0.1,168.1,0.0,0.0,0.054,0.083,0.0,0.047,0.7,0.4,0.2,38.4,0.0,0.088,0.057,54.9,0.2,0.5,20.1,0.2,49.4,349.5,0.055,17.384,FOOD-DATA-GROUP5,11.764705882352942,86.76470588235294,1.4705882352941178,0.125,51,3.076923076923077,6.346153846153846,54.6875,6.6,0.0019230769230769232,0,0,0,0
473,473,burdock root raw,85,0.2,0.069,0.056,0.094,20.5,3.4,1.8,3.9,0.0,0.008,94.5,0.0,0.021,0.088,0.0,0.057,0.4,0.4,0.3,3.5,0.0,0.4,0.061,48.4,0.073,0.9,44.8,0.3,60.2,363.4,0.097,0.4,79.2,FOOD-DATA-GROUP5,8.0,91.11111111111111,0.8888888888888888,0.08372093023255814,85,2.0930232558139537,4.534883720930232,15.813953488372093,7.8,9.30232558139535e-05,0,0,0,0
474,474,red cabbage cooked,49,0.2,0.058,0.001,0.095,11.8,5.6,2.6,4.4,0.0,0.047,154.4,0.0,0.0,0.1,0.098,0.0,0.1,0.6,0.3,0.4,18.4,0.0,0.2,0.049,71.4,0.032,1.1,28.9,0.4,56.1,445.4,0.068,19.534,FOOD-DATA-GROUP5,17.808219178082194,80.82191780821918,1.3698630136986303,0.203125,49,5.2,8.8,43.74999999999999,8.8,0.00094,0,0,0,0
475,475,jute raw,10,0.046,0.0,0.026,0.08,1.6,0.0,1.3,0.0,0.0,0.042,24.6,0.0,0.0,0.043,0.02,0.0,0.2,0.4,0.011,0.2,10.4,0.0,0.0,0.0,58.2,0.049,1.3,17.9,0.009,23.2,156.5,0.009,3.197,FOOD-DATA-GROUP5,44.12763068567549,54.31093007467753,1.561439239646979,0.5,10,11.818181818181818,0.0,0.0,0.0,0.0038181818181818182,0,0,0,0
476,476,hot chile pepper dried,2,0.054,0.001,0.011,0.077,0.3,0.2,0.054,0.1,0.0,0.041,0.087,0.0,0.071,0.048,0.0,0.028,0.085,0.091,0.023,0.2,0.0,0.079,0.046,0.2,0.016,0.062,0.4,0.076,0.8,9.4,0.043,0.059,1.07,FOOD-DATA-GROUP5,13.23529411764706,73.52941176470588,13.23529411764706,0.04153846153846154,2,1.7999999999999998,3.3333333333333335,15.384615384615385,0.2,0.013666666666666667,0,0,0,0
477,477,salsify raw,109,0.3,0.0,0.0,0.0,24.7,0.0,4.4,4.4,0.0,0.093,102.4,0.0,0.0,0.1,0.066,0.0,0.3,0.7,0.5,0.4,10.6,0.0,0.0,0.0,79.8,0.1,0.9,30.6,0.4,99.8,505.4,0.06,34.3,FOOD-DATA-GROUP5,14.965986394557824,84.01360544217687,1.0204081632653061,0.17120622568093388,109,4.0,4.0,0.0,8.8,0.0008454545454545454,0,0,0,0
478,478,crookneck squash raw,24,0.3,0.1,0.057,0.1,4.9,4.5,1.3,1.3,0.0,0.047,119.7,0.0,0.085,0.076,0.0,0.079,0.6,0.2,0.1,24.5,0.0,0.2,0.097,26.7,0.1,0.6,25.4,0.2,40.6,281.9,0.094,0.4,59.6,FOOD-DATA-GROUP5,20.0,75.3846153846154,4.615384615384615,0.22033898305084745,24,5.2,5.2,76.27118644067797,2.6,0.00188,0,0,0,0
479,479,indian squash cooked,38,0.4,0.0,0.0,0.0,7.6,4.7,0.7,3.5,0.0,0.0,226.1,0.0,0.064,0.098,0.0,0.016,0.2,0.1,0.025,0.0,0.0,0.0,0.0,0.0,0.0,0.0,0.0,0.0,0.0,0.0,0.0,0.0,12.2,FOOD-DATA-GROUP5,8.045977011494253,87.35632183908046,4.597701149425288,0.0813953488372093,38,1.7948717948717947,8.974358974358974,54.65116279069768,7.0,0.0,0,0,0,0
480,480,poi,269,0.3,0.063,0.058,0.1,65.4,0.9,0.9,1.0,0.0,0.091,171.9,0.0,0.0,0.3,0.08,0.0,0.031,2.6,0.7,0.7,9.6,0.0,5.5,0.022,38.4,0.4,2.1,57.6,0.9,93.6,439.2,0.098,68.761,FOOD-DATA-GROUP5,1.3513513513513513,98.1981981981982,0.45045045045045035,0.013554216867469878,269,0.33333333333333337,0.3703703703703704,1.3554216867469877,2.0,0.000337037037037037,0,0,0,0
481,481,sesbania flower cooked,22,0.007,0.0,0.0,0.0,5.3,0.0,1.2,0.0,0.0,0.3,97.0,0.0,0.028,0.005,0.0,0.012,0.3,0.0,0.0,38.5,0.0,0.0,0.0,22.9,0.0,0.6,12.5,0.0,21.8,111.3,0.025,0.0,68.544,FOOD-DATA-GROUP5,18.44167819271554,81.4507453511603,0.10757645612417398,0.19047619047619047,22,5.217391304347826,0.0,0.0,0.0,0.013043478260869565,0,0,0,0
482,482,acorn squash cooked,115,0.3,0.023,0.072,0.1,29.9,0.0,2.3,9.0,0.0,0.5,169.9,0.0,0.3,0.031,0.0,0.008,1.8,1.0,0.4,22.1,0.0,0.0,0.0,90.2,0.2,1.9,88.2,0.5,92.3,895.9,0.07,0.3,155.7,FOOD-DATA-GROUP5,7.0769230769230775,92.00000000000001,0.9230769230769231,0.0744336569579288,115,1.982758620689655,7.758620689655173,0.0,10.0,0.004310344827586207,0,0,0,0
483,483,cauliflower cooked,29,0.6,0.055,0.019,0.3,5.1,2.6,2.3,2.9,0.0,0.094,115.3,0.0,0.0,0.008,0.062,0.0,0.056,0.5,0.6,0.2,54.9,0.0,0.004,0.068,19.8,0.041,0.4,11.2,0.2,39.7,176.1,0.059,11.26,FOOD-DATA-GROUP5,28.750000000000004,63.75000000000001,7.500000000000001,0.3770491803278688,29,7.666666666666666,9.666666666666666,42.622950819672134,5.8,0.0031333333333333335,0,0,0,0
484,484,crookneck squash cooked,34,0.7,0.1,0.089,0.2,6.8,4.5,1.9,2.0,0.0,0.4,169.7,0.0,0.072,0.014,0.0,0.049,0.9,0.6,0.1,20.9,0.0,0.2,0.002,39.6,0.1,0.7,28.8,0.3,52.2,318.6,0.059,0.4,72.6,FOOD-DATA-GROUP5,20.21276595744681,72.3404255319149,7.446808510638299,0.24358974358974358,34,5.428571428571429,5.714285714285714,57.6923076923077,4.0,0.011428571428571429,0,0,0,0
485,485,laver seaweed,1,0.012,0.066,0.045,0.052,0.1,0.071,0.2,0.09,0.0,0.075,2.2,0.0,0.005,0.089,0.0,0.096,0.057,0.068,0.013,1.0,0.0,0.062,0.052,1.8,0.073,0.087,0.049,0.021,1.5,9.3,0.08,0.09,3.176,FOOD-DATA-GROUP5,64.1025641025641,32.05128205128205,3.846153846153846,0.18181818181818182,1,10.0,4.5,6.454545454545453,0.18,0.0375,0,0,0,0
486,486,mountain yam cooked,119,0.1,0.014,0.007,0.099,29.0,0.0,2.5,0.0,0.0,0.4,111.9,0.0,0.1,0.089,0.0,0.081,0.2,0.7,0.3,0.0,0.0,0.0,0.0,11.6,0.2,0.6,14.5,0.4,58.0,717.8,0.026,0.5,43.8,FOOD-DATA-GROUP5,7.911392405063291,91.77215189873418,0.31645569620253167,0.08333333333333333,119,2.083333333333333,0.0,0.0,0.0,0.0033333333333333335,0,0,0,0
487,487,pumpkin flowers raw,5,0.084,0.049,0.099,0.05,1.1,0.0,0.3,0.0,0.0,0.066,31.4,0.0,0.0,0.026,0.0,0.079,0.2,0.0,0.0,9.2,0.0,0.0,0.0,12.9,0.0,0.2,7.9,0.0,16.2,57.1,0.075,0.0,23.71,FOOD-DATA-GROUP5,20.21563342318059,74.12398921832883,5.660377358490566,0.14285714285714285,5,5.0,0.0,0.0,0.0,0.011000000000000001,0,0,0,0
488,488,mustard greens raw,15,0.2,0.072,0.071,0.035,2.6,0.7,1.6,1.8,0.0,0.004,50.8,0.0,0.088,0.026,0.0,0.097,0.4,0.1,0.1,39.2,0.0,1.1,0.1,64.4,0.018,0.9,17.9,0.0,32.5,215.0,0.076,0.1,110.7,FOOD-DATA-GROUP5,36.36363636363637,59.09090909090908,4.545454545454546,0.4444444444444445,15,10.0,11.25,19.444444444444443,3.6,0.00025,0,0,0,0
489,489,arrowhead,12,0.084,0.0,0.0,0.0,2.4,0.0,0.6,0.0,0.0,0.082,8.7,0.0,0.029,0.06,0.0,0.084,0.2,0.09,0.012,0.1,0.0,0.0,0.0,1.2,0.066,0.3,6.1,0.072,20.9,110.6,0.09,0.094,4.68,FOOD-DATA-GROUP5,19.455252918287936,77.82101167315174,2.7237354085603114,0.17647058823529413,12,4.615384615384615,0.0,0.0,0.0,0.0063076923076923076,0,0,0,0
490,490,japanese cabbage,45,0.2,0.092,0.081,0.092,8.5,2.0,2.4,4.7,0.0,0.4,137.1,0.0,0.0,0.094,0.0,0.029,0.3,0.3,0.2,1.1,0.0,0.2,0.2,72.0,0.037,0.7,18.0,0.4,64.5,1279.5,0.008,0.3,89.6,FOOD-DATA-GROUP5,21.62162162162162,76.57657657657658,1.8018018018018018,0.25263157894736843,45,5.217391304347826,10.217391304347826,21.052631578947366,9.4,0.008695652173913044,0,0,0,0
491,491,mung bean sprouts cooked,24,0.1,0.05,0.007,0.062,4.5,3.5,2.5,1.0,0.0,0.3,115.8,0.0,0.02,0.092,0.0,0.1,1.0,0.3,0.032,14.1,0.0,0.061,0.039,14.9,0.2,0.8,17.4,0.2,34.7,125.2,0.0,0.6,37.9,FOOD-DATA-GROUP5,35.21126760563381,63.38028169014085,1.4084507042253522,0.45454545454545453,24,10.0,4.0,63.63636363636363,2.0,0.012,0,0,0,0
492,492,scallop squash cooked,29,0.3,0.034,0.081,0.1,5.9,2.7,1.9,3.4,0.0,0.4,171.0,0.0,0.085,0.037,0.0,0.036,0.8,0.1,0.2,19.4,0.0,0.2,0.035,27.0,0.1,0.6,34.2,0.2,50.4,252.0,0.055,0.4,58.5,FOOD-DATA-GROUP5,23.456790123456788,72.83950617283949,3.703703703703703,0.27536231884057966,29,6.333333333333332,11.333333333333332,39.130434782608695,6.8,0.013333333333333334,0,0,0,0
493,493,pumpkin leaves cooked,15,0.2,0.092,0.017,0.093,2.4,0.5,1.9,1.9,0.0,0.2,65.7,0.0,0.096,0.027,0.0,0.053,0.6,0.078,0.1,0.7,0.0,0.7,0.049,30.5,0.029,2.3,27.0,0.3,56.1,311.0,0.083,0.1,39.9,FOOD-DATA-GROUP5,42.22222222222222,53.333333333333336,4.444444444444445,0.5588235294117647,15,11.875,11.875,14.705882352941178,3.8,0.0125,0,0,0,0
494,494,hungarian pepper,8,0.1,0.082,0.086,0.099,1.8,1.0,0.2,0.3,0.0,0.028,24.7,0.0,0.021,0.053,0.0,0.008,0.3,0.064,0.1,25.1,0.0,0.1,0.064,3.2,0.017,0.1,4.3,0.007,7.8,54.5,0.058,0.047,30.8,FOOD-DATA-GROUP5,9.523809523809524,85.71428571428571,4.761904761904762,0.07142857142857144,8,2.2222222222222223,3.3333333333333335,35.714285714285715,0.6,0.0031111111111111114,0,0,0,0
495,495,sweet potato baked,103,0.2,0.013,0.072,0.1,23.6,7.4,2.3,3.8,0.0,0.07,86.4,0.0,0.1,0.043,0.0,0.1,1.7,1.0,0.3,22.3,0.0,0.8,0.04,43.3,0.2,0.8,30.8,0.6,61.6,541.5,0.03,0.4,96.3,FOOD-DATA-GROUP5,8.812260536398467,90.42145593869732,0.7662835249042145,0.09349593495934957,103,2.2115384615384612,3.6538461538461533,30.081300813008127,7.6,0.0006730769230769232,0,0,0,0
496,496,chinese cabbage pe tsai raw,12,0.2,0.033,0.087,0.004,2.5,1.1,0.9,0.9,0.0,0.049,71.7,0.0,0.068,0.05,0.0,0.028,0.3,0.055,0.2,20.5,0.0,0.003,0.088,58.5,0.074,0.2,9.9,0.1,22.0,180.9,0.03,0.2,83.7,FOOD-DATA-GROUP5,25.0,69.44444444444444,5.555555555555556,0.2571428571428572,12,6.923076923076923,6.923076923076923,31.428571428571434,1.8,0.0037692307692307695,0,0,0,0
497,497,taro raw,116,0.2,0.099,0.062,0.01,27.5,0.4,1.6,4.3,0.0,0.054,73.5,0.0,0.028,0.024,0.0,0.059,0.6,0.3,0.3,4.7,0.0,2.5,0.001,44.7,0.2,0.6,34.3,0.4,87.4,614.6,0.097,0.2,83.6,FOOD-DATA-GROUP5,5.460750853242321,93.85665529010238,0.6825938566552902,0.056140350877192984,116,1.3675213675213675,3.6752136752136755,1.4035087719298245,8.6,0.00046153846153846153,0,0,0,0
498,498,yam bean jicama,49,0.1,0.061,0.088,0.093,11.5,2.3,0.9,6.4,0.0,0.047,117.1,0.0,0.075,0.061,0.0,0.017,0.3,0.2,0.02,26.3,0.0,0.6,0.019,15.6,0.061,0.8,15.6,0.012,23.4,195.0,0.045,0.2,61.6,FOOD-DATA-GROUP5,7.200000000000001,92.0,0.8,0.07200000000000001,49,1.8000000000000003,12.8,18.4,10.0,0.00094,0,0,0,0
499,499,olives,10,0.9,0.2,0.6,0.043,0.5,0.0,0.09,0.1,0.0,0.001,6.7,0.0,0.06,0.0,0.0,0.0,0.022,0.056,0.086,0.03,0.0,0.1,0.042,7.4,0.068,0.5,0.3,0.089,0.3,0.7,0.01,0.085,9.479,FOOD-DATA-GROUP5,6.040268456375839,33.557046979865774,60.40268456375839,0.06,10,0.8181818181818181,0.9090909090909092,0.0,0.2,9.090909090909092e-05,0,0,0,0
500,500,mustard greens cooked,36,0.7,0.053,0.2,0.008,6.3,2.0,3.6,2.8,0.0,0.4,128.5,0.0,0.008,0.007,0.0,0.042,0.6,0.2,0.1,35.4,0.0,2.5,0.8,165.2,0.1,1.2,18.2,0.0,58.8,226.8,0.059,0.2,215.2,FOOD-DATA-GROUP5,33.9622641509434,59.43396226415094,6.60377358490566,0.4931506849315069,36,9.72972972972973,7.567567567567567,27.397260273972602,5.6,0.010810810810810811,0,0,0,0
501,501,pumpkin flowers cooked,20,0.1,0.057,0.007,0.084,4.4,3.2,1.5,1.2,0.0,0.082,127.6,0.0,0.019,0.049,0.0,0.041,0.4,0.0,0.094,6.7,0.0,0.061,0.0,49.6,0.1,1.2,33.5,0.0,45.6,142.0,0.007,0.1,64.7,FOOD-DATA-GROUP5,25.0,73.33333333333334,1.6666666666666667,0.27777777777777773,20,7.142857142857142,5.714285714285714,59.25925925925925,2.4,0.003904761904761905,0,0,0,0
502,502,tree fern cooked,57,0.096,0.0,0.0,0.0,15.3,0.0,0.4,5.3,0.0,0.3,125.8,0.0,0.0,0.031,0.0,0.4,5.0,0.083,0.3,42.6,0.0,0.0,0.0,11.4,0.3,0.2,7.1,0.8,5.7,7.1,0.085,0.4,75.253,FOOD-DATA-GROUP5,2.532286654849329,96.85996454798683,0.6077487971638389,0.024539877300613498,57,0.6896551724137931,9.137931034482758,0.0,10.0,0.005172413793103448,0,0,0,0
503,503,yellow corn raw,606,7.9,1.1,2.1,3.6,123.3,1.1,15.6,12.1,0.0,0.06,17.2,0.0,0.6,0.057,0.0,0.3,6.0,0.7,1.0,0.0,0.0,0.8,0.016,11.6,0.5,4.5,210.8,0.8,348.6,476.4,0.032,3.7,175.0,FOOD-DATA-GROUP5,10.626702997275203,83.991825613079,5.381471389645776,0.1255028157683025,606,2.57001647446458,1.9934102141680394,0.8849557522123895,10.0,9.884678747940691e-05,0,0,0,0
504,504,endive,9,0.1,0.022,0.044,0.072,1.7,0.1,0.6,1.6,0.0,0.08,46.9,0.0,0.092,0.065,0.0,0.017,0.2,0.5,0.095,3.3,0.0,0.2,0.1,26.0,0.002,0.4,7.5,0.2,14.0,157.0,0.085,0.4,33.7,FOOD-DATA-GROUP5,25.0,70.83333333333334,4.166666666666667,0.2222222222222222,9,6.0,16.0,3.7037037037037033,3.2,0.008,0,0,0,0
505,505,wakame,36,0.5,0.1,0.002,0.2,7.3,0.5,2.4,0.4,0.0,0.7,64.0,0.0,0.087,0.2,0.0,0.2,1.3,0.6,0.07,2.4,0.0,0.8,0.039,120.0,0.2,1.7,85.6,1.1,64.0,40.0,0.035,0.3,134.7,FOOD-DATA-GROUP5,23.52941176470588,71.56862745098039,4.901960784313726,0.2891566265060241,36,6.486486486486487,1.0810810810810811,6.024096385542168,0.8,0.018918918918918916,0,0,0,0
506,506,tahitian taro raw,55,1.2,0.2,0.022,0.5,8.6,0.0,3.5,0.0,0.0,0.003,110.0,0.0,0.079,0.029,0.0,0.3,1.2,0.2,0.1,120.0,0.0,0.0,0.0,161.3,0.061,1.6,58.8,0.2,56.3,757.5,0.044,0.1,296.2,FOOD-DATA-GROUP5,26.315789473684216,64.66165413533835,9.022556390977444,0.36458333333333337,55,6.25,0.0,0.0,0.0,5.3571428571428575e-05,0,0,0,0
507,507,broccoli raw,31,0.3,0.053,0.028,0.015,6.0,1.5,2.6,2.4,0.0,0.049,81.3,0.0,0.0,0.088,0.085,0.0,0.1,0.6,0.5,0.2,81.2,0.0,0.7,0.092,42.8,0.016,0.7,19.1,0.2,60.1,287.6,0.036,11.548,FOOD-DATA-GROUP5,29.213483146067414,67.41573033707866,3.3707865168539324,0.37142857142857144,31,8.125,7.5,21.428571428571427,4.8,0.00153125,0,0,0,0
508,508,sweet green peppers raw,30,0.3,0.053,0.043,0.037,6.9,3.6,1.3,2.5,0.0,0.023,139.9,0.0,0.013,0.011,0.0,0.068,0.7,0.1,0.3,119.8,0.0,0.6,0.083,14.9,0.035,0.5,14.9,0.2,29.8,260.8,0.0,0.2,146.2,FOOD-DATA-GROUP5,15.294117647058822,81.17647058823529,3.529411764705882,0.16455696202531644,30,4.193548387096775,8.064516129032258,45.56962025316456,5.0,0.0007419354838709677,0,0,0,0
509,509,chinese cabbage pak choi cooked,20,0.3,0.014,0.046,0.1,3.0,1.4,2.7,1.7,0.0,0.5,162.4,0.0,0.068,0.012,0.0,0.1,0.7,0.1,0.3,44.2,0.0,0.2,0.049,158.1,0.088,1.8,18.7,0.2,49.3,630.7,0.055,0.3,211.8,FOOD-DATA-GROUP5,45.0,50.0,5.0,0.675,20,12.85714285714286,8.095238095238095,35.0,3.4,0.023809523809523808,0,0,0,0
510,510,agar,1,0.058,0.087,0.01,0.028,0.3,0.005,0.053,0.027,0.0,0.049,4.6,0.0,0.0,0.027,0.08,0.0,0.097,0.006,0.091,0.066,0.0,0.0,0.003,0.075,2.7,0.002,0.046,3.4,0.027,0.3,11.3,0.1,0.587,FOOD-DATA-GROUP5,12.895377128953772,72.99270072992701,14.111922141119223,0.040769230769230766,1,2.65,1.35,0.3846153846153846,0.054,0.0245,0,0,0,0
511,511,watercress,4,0.006,0.071,0.027,0.0,0.4,0.099,0.8,0.2,0.0,0.038,32.3,0.0,0.0,0.028,0.085,0.0,0.034,0.003,0.1,0.085,14.6,0.0,0.3,0.069,40.8,0.063,0.056,7.1,0.048,20.4,112.2,0.095,1.59,FOOD-DATA-GROUP5,66.33499170812604,33.16749585406302,0.4975124378109452,0.5714285714285715,4,16.0,4.0,7.071428571428571,0.4,0.0076,0,0,0,0
512,512,beet greens cooked,39,0.3,0.025,0.067,0.1,7.9,0.9,3.7,4.2,0.0,0.3,128.3,0.0,0.2,0.009,0.0,0.4,0.7,0.5,0.2,35.9,0.0,2.6,0.7,164.2,0.4,2.7,97.9,0.7,59.0,1309.0,0.097,0.7,218.9,FOOD-DATA-GROUP5,31.092436974789912,66.38655462184873,2.521008403361344,0.4157303370786517,39,9.25,10.500000000000002,10.112359550561797,8.4,0.0075,0,0,0,0
513,513,winter squash cooked,76,0.7,0.1,0.083,0.3,18.1,6.8,1.8,5.7,0.0,0.068,182.9,0.0,0.017,0.009,0.0,0.1,1.0,0.5,0.3,3.7,0.0,0.2,0.036,45.1,0.2,0.9,26.7,0.4,39.0,494.1,0.086,0.5,76.0,FOOD-DATA-GROUP5,8.737864077669903,87.86407766990291,3.3980582524271843,0.09424083769633507,76,2.3376623376623376,7.402597402597403,35.602094240837694,10.0,0.0008831168831168832,0,0,0,0
514,514,new zealand spinach raw,8,0.1,0.077,0.078,0.043,1.4,0.2,0.8,0.8,0.0,0.017,52.6,0.0,0.051,0.063,0.0,0.003,0.3,0.2,0.2,16.8,0.0,0.8,0.2,32.5,0.07,0.4,21.8,0.4,15.7,72.8,0.006,0.2,52.8,FOOD-DATA-GROUP5,34.78260869565217,60.8695652173913,4.3478260869565215,0.33333333333333337,8,8.88888888888889,8.88888888888889,8.333333333333334,1.6,0.001888888888888889,0,0,0,0
515,515,okra,4,0.082,0.001,0.019,0.053,0.9,0.2,0.2,0.4,0.0,0.098,10.7,0.0,0.041,0.067,0.0,0.024,0.1,0.018,0.044,2.7,0.0,0.001,0.085,9.8,0.038,0.082,6.8,0.031,7.3,35.6,0.066,0.04,14.081,FOOD-DATA-GROUP5,16.920473773265652,76.14213197969542,6.937394247038917,0.10526315789473685,4,4.0,8.0,10.526315789473685,0.8,0.0196,0,0,0,0
516,516,yautia tannier,132,0.5,0.1,0.0,0.0,31.9,0.0,2.0,2.0,0.0,0.031,98.6,0.0,0.1,0.015,0.0,0.071,0.9,0.3,0.3,7.0,0.0,0.0,0.0,12.2,0.3,1.3,32.4,0.3,68.9,807.3,0.001,0.7,56.9,FOOD-DATA-GROUP5,5.813953488372093,92.73255813953489,1.4534883720930232,0.060790273556231005,132,1.5037593984962405,1.5037593984962405,0.0,4.0,0.0002330827067669173,0,0,0,0
517,517,mustard spinach cooked,29,0.4,0.0,0.0,0.0,5.0,0.0,3.1,3.6,0.0,0.5,170.1,0.0,0.081,0.1,0.0,0.1,0.8,0.2,0.2,117.0,0.0,0.0,0.0,284.4,0.05,1.4,12.6,0.5,32.4,513.0,0.018,0.2,414.9,FOOD-DATA-GROUP5,36.47058823529412,58.82352941176471,4.705882352941177,0.5166666666666667,29,10.333333333333334,12.000000000000002,0.0,7.2,0.016666666666666666,0,0,0,0
518,518,rhubarb cooked,278,0.1,0.08,0.009,0.067,74.9,68.9,0.9,4.8,0.0,0.007,162.7,0.0,0.0,0.071,0.066,0.0,0.06,0.5,0.1,0.041,7.9,0.0,0.5,0.081,348.0,0.024,0.5,28.8,0.2,19.2,230.4,0.057,80.893,FOOD-DATA-GROUP5,1.185770750988142,98.68247694334651,0.13175230566534915,0.011857707509881422,278,0.3225806451612903,1.7204301075268817,90.77733860342556,9.6,2.5089605734767026e-05,0,1,0,0
519,519,beets raw,58,0.2,0.028,0.032,0.067,13.0,9.2,2.2,3.8,0.0,0.1,119.1,0.0,0.0,0.096,0.1,0.0,0.077,0.5,0.2,0.026,6.7,0.0,0.064,0.079,21.8,0.1,1.1,31.3,0.4,54.4,442.0,0.096,19.395,FOOD-DATA-GROUP5,14.285714285714288,84.41558441558442,1.298701298701299,0.15714285714285717,58,3.728813559322034,6.440677966101695,65.71428571428571,7.6,0.0016949152542372883,0,0,0,0
520,520,drumstick pods raw,37,0.2,0.025,0.1,0.037,8.5,0.0,2.1,3.2,0.0,0.077,88.2,0.0,0.022,0.083,0.0,0.095,0.6,0.8,0.1,141.0,0.0,0.0,0.0,30.0,0.062,0.4,45.0,0.3,50.0,461.0,0.073,0.5,185.4,FOOD-DATA-GROUP5,19.444444444444446,78.70370370370371,1.851851851851852,0.2210526315789474,37,5.526315789473685,8.421052631578947,0.0,6.4,0.0020263157894736842,0,0,0,0
521,521,baby zucchini,2,0.089,0.02,0.047,0.006,0.3,0.0,0.3,0.1,0.0,0.041,10.2,0.0,0.06,0.035,0.0,0.092,0.063,0.052,0.009,3.8,0.0,0.0,0.0,2.3,0.019,0.098,3.6,0.035,10.2,50.5,0.057,0.084,6.89,FOOD-DATA-GROUP5,43.541364296081284,43.541364296081284,12.917271407837447,0.23076923076923075,2,10.0,3.3333333333333335,0.0,0.2,0.013666666666666667,0,0,0,0
522,522,onion raw,16,0.048,0.077,0.091,0.007,3.7,1.7,0.4,0.7,0.0,0.065,35.6,0.0,0.0,0.047,0.054,0.0,0.043,0.074,0.063,0.098,3.0,0.0,0.029,0.08,9.2,0.011,0.014,4.0,0.072,11.6,58.4,0.092,4.955,FOOD-DATA-GROUP5,9.643201542912246,89.19961427193827,1.1571841851494695,0.0851063829787234,16,2.3529411764705883,4.117647058823529,36.170212765957444,1.4,0.003823529411764706,0,0,0,0
523,523,romanesco cooked,39,0.4,0.028,0.077,0.2,7.7,0.0,3.7,4.0,0.0,0.3,109.2,0.0,0.039,0.085,0.0,0.1,0.8,0.8,0.3,88.6,0.0,0.0,0.0,39.0,0.081,0.9,23.2,0.3,69.5,339.2,0.067,0.8,144.3,FOOD-DATA-GROUP5,31.35593220338983,65.25423728813558,3.389830508474576,0.4252873563218391,39,9.25,10.0,0.0,8.0,0.0075,0,0,0,0
524,524,butternut squash raw,90,0.2,0.044,0.046,0.019,23.4,4.4,2.0,4.0,0.0,0.067,172.8,0.0,0.0,0.2,0.016,0.0,0.048,2.4,0.8,0.3,42.0,0.0,2.9,0.075,96.0,0.1,1.4,68.0,0.4,66.0,704.0,0.024,30.078,FOOD-DATA-GROUP5,7.8125,91.40625,0.7812500000000002,0.0819672131147541,90,2.197802197802198,4.395604395604396,18.032786885245905,8.0,0.0007362637362637363,0,0,0,0
525,525,amaranth leaves,6,0.075,0.072,0.033,0.025,1.1,0.0,0.7,0.0,0.0,0.071,25.7,0.0,0.046,0.029,0.0,0.042,0.2,0.039,0.009,12.1,0.0,0.0,0.3,60.2,0.052,0.6,15.4,0.2,14.0,171.1,0.058,0.3,74.73,FOOD-DATA-GROUP5,37.33333333333333,58.666666666666664,4.0,0.3333333333333333,6,10.0,0.0,0.0,0.0,0.010142857142857143,0,0,0,0
526,526,turnip greens raw,18,0.2,0.009,0.04,0.066,3.9,0.4,0.8,1.8,0.0,0.012,49.3,0.0,0.015,0.1,0.0,0.015,0.3,0.2,0.1,33.0,0.0,1.6,0.1,104.5,0.2,0.6,17.1,0.3,23.1,162.8,0.026,0.1,144.8,FOOD-DATA-GROUP5,16.3265306122449,79.59183673469387,4.081632653061225,0.16326530612244897,18,4.2105263157894735,9.473684210526317,8.16326530612245,3.6,0.0006315789473684211,0,0,0,0
527,527,spaghetti squash raw,31,0.6,0.1,0.026,0.2,7.0,2.8,0.6,1.5,0.0,0.081,92.5,0.0,0.06,0.022,0.0,0.061,1.0,0.4,0.1,2.1,0.0,0.1,0.076,23.2,0.077,0.3,12.1,0.1,12.1,109.1,0.091,0.2,35.3,FOOD-DATA-GROUP5,7.3170731707317085,85.3658536585366,7.3170731707317085,0.075,31,1.875,4.6875,35.0,3.0,0.00253125,0,0,0,0
528,528,seaweed dry,52,0.3,0.006,0.076,0.2,9.2,0.0,3.1,7.3,6.6,0.9,2.8,0.0,0.014,0.01,0.043,0.3,0.8,0.0,0.003,5.8,0.011,1.1,0.0,59.8,0.021,13.3,138.4,1.2,52.0,588.8,0.0,0.5,98.8,FOOD-DATA-GROUP5,24.603174603174605,73.01587301587301,2.380952380952381,0.303921568627451,52,5.849056603773585,13.773584905660377,0.0,10.0,0.016981132075471698,0,0,0,0
529,529,yam cooked,158,0.2,0.061,0.018,0.059,37.4,0.7,2.0,5.3,0.0,0.017,95.4,0.0,0.0,0.1,0.035,0.0,0.088,0.8,0.4,0.3,16.5,0.0,0.5,0.083,19.0,0.2,0.7,24.5,0.5,66.6,911.2,0.006,45.477,FOOD-DATA-GROUP5,5.05050505050505,94.44444444444444,0.5050505050505051,0.052083333333333336,158,1.257861635220126,3.3333333333333335,1.8229166666666667,10.0,0.0001069182389937107,0,0,0,0
530,530,corn dried,119,3.0,0.6,1.1,1.3,18.8,6.0,4.1,5.8,0.0,0.029,1.8,0.0,0.095,0.048,0.0,0.011,2.3,0.4,0.3,0.0,0.0,0.1,0.0,7.1,0.014,0.7,42.2,0.3,97.4,219.3,0.053,0.9,39.5,FOOD-DATA-GROUP5,15.83011583011583,72.5868725868726,11.583011583011583,0.20707070707070704,119,3.4166666666666665,4.833333333333333,30.303030303030305,10.0,0.00024166666666666667,0,0,0,0
531,531,cucumber,23,0.2,0.068,0.044,0.041,5.4,2.5,1.0,0.8,0.0,0.061,142.8,0.0,0.064,0.08,0.0,0.066,0.1,0.4,0.046,4.2,0.0,0.049,0.038,24.0,0.065,0.4,19.5,0.1,36.0,220.5,0.082,0.3,36.0,FOOD-DATA-GROUP5,15.151515151515149,81.81818181818181,3.0303030303030303,0.15625,23,4.166666666666666,3.3333333333333335,39.0625,1.6,0.0025416666666666665,0,0,0,0
532,532,arrowroot,78,0.2,0.094,0.083,0.1,16.1,0.0,5.1,1.6,0.0,0.052,96.9,0.0,0.2,0.4,0.0,0.06,2.0,0.4,0.3,2.3,0.0,0.0,0.0,7.2,0.1,2.7,30.0,0.2,117.6,544.8,0.061,0.8,35.2,FOOD-DATA-GROUP5,23.83177570093458,75.23364485981308,0.9345794392523363,0.29824561403508765,78,6.455696202531645,2.0253164556962027,0.0,3.2,0.0006582278481012658,0,0,0,0
533,533,cardoon raw,30,0.2,0.072,0.05,0.054,7.2,0.0,1.2,2.8,0.0,0.3,167.3,0.0,0.0,0.064,0.1,0.0,0.098,0.5,0.6,0.2,3.6,0.0,0.0,0.0,124.6,0.4,1.2,74.8,0.5,40.9,712.0,0.058,12.0,FOOD-DATA-GROUP5,13.953488372093023,83.72093023255815,2.3255813953488373,0.14634146341463417,30,3.870967741935484,9.032258064516128,0.0,5.6,0.00967741935483871,0,0,0,0
534,534,bamboo shoots cooked,14,0.3,0.007,0.059,0.1,2.3,0.0,1.8,1.2,0.0,0.04,115.1,0.0,0.0,0.067,0.071,0.0,0.051,0.4,0.068,0.1,0.0,0.0,0.0,0.0,14.4,0.083,0.3,3.6,0.1,24.0,639.6,0.046,5.76,FOOD-DATA-GROUP5,40.90909090909092,52.27272727272727,6.818181818181819,0.5454545454545455,14,12.000000000000002,8.0,0.0,2.4,0.0026666666666666666,0,0,0,0
535,535,summer squash raw,42,0.5,0.1,0.048,0.2,8.7,5.7,3.1,2.9,0.0,0.051,246.1,0.0,0.0,0.1,0.019,0.0,0.4,1.3,0.4,0.6,44.2,0.0,0.3,0.009,39.0,0.1,0.9,44.2,0.5,98.8,681.2,0.096,15.958,FOOD-DATA-GROUP5,25.20325203252033,70.73170731707317,4.065040650406504,0.3195876288659794,42,7.209302325581396,6.7441860465116275,58.76288659793815,5.8,0.001186046511627907,0,0,0,0
536,536,sweet potato raw,112,0.002,0.036,0.008,0.015,26.2,5.4,2.0,3.9,0.0,0.079,100.5,0.0,0.0,0.1,0.049,0.0,0.081,0.7,1.0,0.3,3.1,0.0,0.3,0.048,39.0,0.2,0.8,32.5,0.3,61.1,438.1,0.044,32.696,FOOD-DATA-GROUP5,7.091695624423801,92.90121267995178,0.0070916956244238,0.07352941176470588,112,1.7699115044247788,3.4513274336283186,19.85294117647059,7.8,0.0006991150442477877,0,0,0,0
537,537,green tomato,42,0.4,0.024,0.018,0.1,9.3,7.3,2.2,2.0,0.0,0.055,169.3,0.0,0.1,0.027,0.0,0.017,0.9,0.9,0.1,42.6,0.0,0.7,0.003,23.7,0.2,0.9,18.2,0.2,51.0,371.3,0.051,0.1,81.1,FOOD-DATA-GROUP5,18.487394957983195,78.15126050420169,3.361344537815126,0.21359223300970875,42,5.116279069767442,4.651162790697675,70.87378640776699,4.0,0.0012790697674418606,0,0,0,0
538,538,beet greens raw,8,0.078,0.026,0.037,0.015,1.6,0.2,0.8,1.4,0.0,0.013,34.6,0.0,0.008,0.064,0.0,0.068,0.2,0.027,0.087,11.4,0.0,0.6,0.2,44.5,0.092,1.0,26.6,0.1,15.6,289.6,0.039,0.1,60.771,FOOD-DATA-GROUP5,32.284100080710246,64.56820016142049,3.147699757869249,0.3076923076923077,8,8.88888888888889,15.555555555555555,7.6923076923076925,2.8,0.0014444444444444444,0,0,0,0
539,539,savoy cabbage cooked,41,0.2,0.076,0.023,0.003,9.2,0.0,3.1,4.8,0.0,0.05,156.4,0.0,0.0,0.076,0.039,0.0,0.066,0.012,0.3,0.3,28.9,0.0,0.0,0.0,51.0,0.089,0.6,40.8,0.3,56.1,312.8,0.077,17.612,FOOD-DATA-GROUP5,24.800000000000004,73.60000000000001,1.6000000000000003,0.303921568627451,41,7.380952380952381,11.428571428571429,0.0,9.6,0.0011904761904761906,0,0,0,0
540,540,witloof chicory,9,0.031,0.076,0.077,0.027,2.1,0.0,0.5,1.6,0.0,0.022,50.1,0.0,0.029,0.016,0.0,0.068,0.015,0.053,0.096,1.5,0.0,0.0,0.0,10.1,0.083,0.1,5.3,0.063,13.8,111.8,0.035,0.079,15.994,FOOD-DATA-GROUP5,19.004180919802355,79.81755986316989,1.178259217027746,0.16129032258064516,9,5.0,16.0,0.0,3.2,0.0021999999999999997,0,0,0,0
541,541,turnips cooked,34,0.1,0.082,0.089,0.076,7.9,4.7,1.1,3.1,0.0,0.017,146.0,0.0,0.0,0.001,0.096,0.0,0.011,0.5,0.2,0.1,18.1,0.0,0.082,0.063,34.3,0.025,0.3,12.5,0.2,29.6,210.6,0.017,12.408,FOOD-DATA-GROUP5,12.08791208791209,86.81318681318682,1.098901098901099,0.12359550561797754,34,3.1428571428571432,8.857142857142858,52.80898876404494,6.2,0.00048571428571428577,0,0,0,0
542,542,dried tomatoes,5,0.053,0.032,0.032,0.086,1.1,0.8,0.3,0.2,0.0,0.069,0.3,0.0,0.013,0.022,0.0,0.056,0.2,0.072,0.034,0.8,0.0,0.079,0.09,2.2,0.082,0.2,3.9,0.065,7.1,68.5,0.061,0.085,4.838,FOOD-DATA-GROUP5,20.64693737095664,75.70543702684101,3.6476256022023397,0.14285714285714285,5,5.0,3.3333333333333335,38.095238095238095,0.4,0.011500000000000002,0,0,0,0
543,543,radicchio,15,0.2,0.031,0.048,0.024,2.9,0.4,0.9,0.6,0.0,0.033,60.5,0.0,0.039,0.039,0.0,0.077,0.2,0.2,0.048,5.2,0.0,1.5,0.2,12.4,0.2,0.4,8.5,0.087,26.0,196.3,0.042,0.4,22.6,FOOD-DATA-GROUP5,22.5,72.5,5.0,0.23076923076923078,15,5.625,3.75,10.256410256410257,1.2,0.0020625,0,0,0,0
544,544,mixed vegetables cooked,118,0.3,0.0,0.09,0.1,23.8,5.7,5.2,8.0,0.0,0.089,151.5,0.0,0.0,0.1,0.053,0.0,0.2,1.5,0.3,0.1,5.8,0.0,0.7,0.083,45.5,0.2,1.5,40.0,0.7,92.8,307.6,0.022,37.698,FOOD-DATA-GROUP5,17.747440273037544,81.22866894197952,1.023890784982935,0.20967741935483872,118,4.369747899159664,6.722689075630252,22.983870967741936,10.0,0.0007478991596638655,0,0,0,0
545,545,yellow tomato,32,0.6,0.03,0.003,0.2,6.3,0.0,2.1,1.5,0.0,0.088,202.0,0.0,0.0,0.056,0.067,0.0,0.089,2.5,0.2,0.1,19.1,0.0,0.0,0.0,23.3,0.2,1.0,25.4,0.3,76.3,547.0,0.071,10.8,FOOD-DATA-GROUP5,23.333333333333332,70.0,6.666666666666667,0.28767123287671237,32,6.363636363636364,4.545454545454546,0.0,3.0,0.0026666666666666666,0,0,0,0
546,546,cardoon cooked,26,0.1,0.014,0.058,0.092,6.4,0.0,0.9,2.0,0.0,0.2,112.2,0.0,0.047,0.081,0.0,0.044,0.4,0.1,0.009,2.0,0.0,0.0,0.0,86.4,0.011,0.9,51.6,0.2,27.6,470.4,0.088,0.2,98.7,FOOD-DATA-GROUP5,12.162162162162161,86.48648648648648,1.3513513513513513,0.12162162162162161,26,3.3333333333333335,7.4074074074074066,0.0,4.0,0.007407407407407408,0,0,0,0
547,547,spinach raw,7,0.1,0.024,0.049,0.087,1.1,0.1,0.9,0.7,0.0,0.036,27.4,0.0,0.045,0.064,0.0,0.024,0.2,0.063,0.094,8.4,0.0,0.6,0.1,29.7,0.042,0.8,23.7,0.3,14.7,167.4,0.078,0.2,41.7,FOOD-DATA-GROUP5,42.857142857142854,52.38095238095239,4.761904761904762,0.42857142857142855,7,11.25,8.75,4.761904761904762,1.4,0.0045,0,0,0,0
548,548,kale raw,7,0.3,0.057,0.014,0.1,0.9,0.2,0.6,0.9,0.0,0.045,18.8,0.092,0.042,0.048,0.0,0.055,0.2,0.058,0.088,19.6,0.0,0.1,0.018,53.3,0.3,0.3,6.9,0.1,11.6,73.1,0.078,0.082,75.973,FOOD-DATA-GROUP5,33.33333333333333,50.0,16.666666666666664,0.3157894736842105,7,7.5,11.25,10.526315789473685,1.8,0.005625,0,0,0,0
549,549,drumstick pods cooked,42,0.2,0.0,0.0,0.0,9.7,0.0,2.5,5.0,0.0,0.3,104.3,0.0,0.08,0.039,0.0,0.037,0.7,0.8,0.1,114.5,0.0,0.0,0.0,23.6,0.028,0.5,49.6,0.3,57.8,539.3,0.028,0.5,156.0,FOOD-DATA-GROUP5,20.161290322580648,78.22580645161291,1.612903225806452,0.23364485981308414,42,5.813953488372093,11.627906976744185,0.0,10.0,0.0069767441860465115,0,0,0,0
550,550,kohlrabi raw,72,0.3,0.007,0.072,0.1,16.4,6.9,4.5,9.5,0.0,0.063,241.2,0.0,0.0,0.1,0.055,0.0,0.075,1.1,0.4,0.4,164.3,0.0,1.3,0.069,63.6,0.3,1.1,50.4,0.4,121.9,927.5,0.015,31.457,FOOD-DATA-GROUP5,21.22641509433962,77.35849056603773,1.4150943396226416,0.25862068965517243,72,6.164383561643835,13.013698630136986,39.65517241379311,10.0,0.000863013698630137,0,0,0,0
551,551,lentil sprouts,82,0.4,0.067,0.053,0.2,17.0,0.0,6.9,0.0,0.0,0.044,51.9,0.0,0.2,0.046,0.0,0.082,0.9,0.4,0.1,12.7,0.0,0.0,0.0,19.3,0.3,2.5,28.5,0.4,133.2,247.9,0.089,1.2,58.8,FOOD-DATA-GROUP5,28.395061728395067,69.95884773662551,1.646090534979424,0.38333333333333336,82,8.313253012048193,0.0,0.0,0.0,0.0005301204819277108,0,0,0,0
552,552,carrots raw,25,0.1,0.046,0.043,0.069,5.8,2.9,0.6,1.7,0.0,0.024,53.9,0.0,0.0,0.064,0.034,0.0,0.033,0.6,0.2,0.084,3.6,0.0,0.4,0.028,20.1,0.022,0.2,7.3,0.004,21.4,195.2,0.012,8.43,FOOD-DATA-GROUP5,9.230769230769232,89.23076923076924,1.5384615384615388,0.08823529411764706,25,2.3076923076923075,6.538461538461539,42.64705882352941,3.4,0.0009230769230769231,0,0,0,0
553,553,red chili peppers,18,0.2,0.088,0.05,0.1,4.0,2.4,0.8,0.7,0.0,0.03,39.6,0.0,0.076,0.085,0.0,0.036,0.6,0.04,0.2,64.7,0.0,0.3,0.039,6.3,0.042,0.5,10.4,0.071,19.4,144.9,0.014,0.1,77.2,FOOD-DATA-GROUP5,16.0,80.0,4.0,0.16,18,4.2105263157894735,3.684210526315789,48.0,1.4,0.0015789473684210526,0,0,0,0
554,554,fennel,73,0.5,0.0,0.0,0.0,17.1,0.0,2.9,7.3,0.0,0.1,211.1,0.0,0.0,0.049,0.011,0.0,0.022,1.5,0.5,0.1,28.1,0.0,1.4,0.1,114.7,0.2,1.7,39.8,0.4,117.0,968.8,0.025,28.2,FOOD-DATA-GROUP5,14.146341463414632,83.41463414634147,2.4390243902439024,0.1602209944751381,73,3.9189189189189193,9.864864864864863,0.0,10.0,0.0013513513513513514,0,0,0,0
555,555,sweet corn white,63,0.9,0.1,0.3,0.4,13.9,2.4,2.4,2.0,0.0,0.016,55.5,0.0,0.0,0.1,0.06,0.0,0.03,1.2,0.6,0.074,5.0,0.0,0.079,0.084,1.5,0.049,0.4,27.0,0.1,65.0,197.1,0.094,19.356,FOOD-DATA-GROUP5,13.953488372093023,80.8139534883721,5.232558139534884,0.1610738255033557,63,3.75,3.125,16.10738255033557,4.0,0.00025,0,0,0,0
556,556,celeriac raw,66,0.5,0.1,0.052,0.2,14.4,2.5,2.3,2.8,0.0,0.2,137.3,0.0,0.0,0.044,0.098,0.0,0.063,1.1,0.5,0.3,12.5,0.0,0.6,0.081,67.1,0.1,1.1,31.2,0.2,179.4,468.0,0.093,20.499,FOOD-DATA-GROUP5,13.372093023255813,83.72093023255815,2.9069767441860463,0.14935064935064934,66,3.4328358208955225,4.17910447761194,16.233766233766232,5.6,0.0029850746268656717,0,0,0,0
557,557,hubbard squash raw,46,0.6,0.1,0.096,0.2,10.1,4.6,2.3,4.5,0.0,0.094,102.1,0.0,0.0,0.066,0.098,0.0,0.025,0.6,0.5,0.2,12.8,0.0,0.2,0.086,16.2,0.033,0.5,22.0,0.2,24.4,371.2,0.02,17.795,FOOD-DATA-GROUP5,17.692307692307693,77.69230769230771,4.615384615384616,0.2072072072072072,46,4.8936170212765955,9.574468085106384,41.44144144144144,9.0,0.002,0,0,0,0
558,558,brussels sprouts cooked,8,0.1,0.099,0.044,0.062,1.5,0.4,0.5,0.5,0.0,0.051,18.7,0.0,0.012,0.0,0.0,0.079,0.1,0.022,0.043,13.0,0.0,0.076,0.059,7.6,0.074,0.3,4.2,0.017,11.8,66.6,0.055,0.067,23.5,FOOD-DATA-GROUP5,23.809523809523807,71.42857142857143,4.761904761904762,0.2,8,5.555555555555555,5.555555555555555,16.0,1.0,0.005666666666666666,0,0,0,0
559,559,carrots cooked,16,0.092,0.096,0.074,0.008,3.8,1.6,0.3,1.4,0.0,0.025,41.5,0.0,0.053,0.063,0.0,0.051,0.3,0.1,0.036,1.7,0.0,0.5,0.036,13.8,0.036,0.2,4.6,0.084,13.8,108.1,0.021,0.073,21.214,FOOD-DATA-GROUP5,7.156488549618321,90.64885496183207,2.1946564885496187,0.0625,16,1.7647058823529411,8.235294117647058,33.333333333333336,2.8,0.0014705882352941176,0,0,0,0
560,560,lambs quarters raw,0,0.067,0.0,0.0,0.0,0.069,0.0,0.08,0.046,0.0,0.033,0.8,0.0,0.041,0.083,0.0,0.011,0.065,0.0,0.054,0.0,0.0,0.0,0.094,3.3,0.045,0.06,1.5,0.076,0.6,11.4,0.052,0.08,3.658,FOOD-DATA-GROUP5,37.03703703703704,31.944444444444443,31.01851851851852,0.07483629560336764,0,8.0,4.6,0.0,0.092,0.033,0,0,0,0
561,561,lotus root cooked,6,0.056,0.029,0.092,0.016,1.4,0.0,0.1,0.3,0.0,0.0,7.2,0.0,0.023,0.015,0.0,0.022,0.007,0.083,0.053,2.4,0.0,0.0,0.0,2.3,0.032,0.059,2.0,0.042,6.9,32.3,0.029,0.097,6.591,FOOD-DATA-GROUP5,6.426735218508997,89.97429305912596,3.5989717223650386,0.04166666666666667,6,1.4285714285714286,4.285714285714286,0.0,0.6,0.0,0,0,0,0
562,562,split peas raw,672,2.3,0.3,0.5,1.0,118.9,15.8,48.4,50.2,0.0,0.075,22.2,0.0,1.4,0.5,0.0,0.4,5.7,3.5,0.3,3.5,0.0,0.2,0.037,108.4,1.7,8.7,226.6,2.7,721.0,1932.6,0.037,5.9,340.4,FOOD-DATA-GROUP5,28.5377358490566,70.10613207547169,1.356132075471698,0.40366972477064217,672,7.191679049034175,7.459138187221397,13.17764804003336,10.0,0.00011144130757800891,0,1,0,0
563,563,scots kale cooked,36,0.5,0.014,0.0,0.3,7.3,0.0,2.5,0.0,0.0,0.4,118.6,0.0,0.068,0.042,0.0,0.056,1.0,0.08,0.2,68.6,0.0,0.0,0.0,171.6,0.2,2.5,74.1,0.5,49.4,356.2,0.037,0.3,253.0,FOOD-DATA-GROUP5,24.271844660194173,70.87378640776699,4.854368932038835,0.3012048192771084,36,6.756756756756757,0.0,0.0,0.0,0.010810810810810811,0,0,0,0
564,564,corn cooked,99,1.5,0.2,0.4,0.6,21.6,4.7,3.5,2.5,0.0,0.039,75.6,0.0,0.0,0.006,0.053,0.0,0.017,1.7,0.8,0.1,5.7,0.0,0.006,0.055,3.1,0.025,0.5,26.8,0.2,79.3,224.5,0.084,29.288,FOOD-DATA-GROUP5,13.157894736842104,81.203007518797,5.639097744360902,0.15486725663716813,99,3.5000000000000004,2.5,20.79646017699115,5.0,0.00039,0,0,0,0
565,565,radish raw,1,0.026,0.084,0.086,0.021,0.2,0.066,0.042,0.002,0.0,0.033,4.3,0.0,0.0,0.066,0.088,0.0,0.082,0.004,0.073,0.096,0.7,0.0,0.0,0.002,1.1,0.052,0.026,0.5,0.084,0.9,10.5,0.013,0.556,FOOD-DATA-GROUP5,15.671641791044777,74.6268656716418,9.701492537313431,0.035,1,2.1,0.1,5.500000000000001,0.004,0.0165,0,0,0,0
566,566,stinging nettles,37,0.007,0.0,0.0,0.0,6.7,0.2,2.4,6.1,0.0,0.09,78.0,0.0,0.027,0.099,0.0,0.1,0.3,0.0,0.098,0.0,0.0,0.0,0.4,428.1,0.012,1.5,50.7,0.7,63.2,297.3,0.045,0.3,444.816,FOOD-DATA-GROUP5,26.353354562424506,73.56978148676842,0.0768639508070715,0.3116883116883117,37,6.315789473684211,16.05263157894737,2.5974025974025974,10.0,0.0023684210526315787,0,0,0,0
567,567,baby carrots,5,0.053,0.015,0.043,0.002,1.2,0.7,0.031,0.4,0.0,0.097,13.6,0.0,0.002,0.035,0.0,0.035,0.095,0.09,0.092,0.4,0.0,0.0,0.053,4.8,0.089,0.1,1.5,0.001,4.2,35.6,0.081,0.025,6.999,FOOD-DATA-GROUP5,2.414330218068536,93.45794392523365,4.12772585669782,0.01409090909090909,5,0.5166666666666666,6.666666666666667,31.818181818181813,0.8,0.016166666666666666,0,0,0,0
568,568,sweet yellow peppers,50,0.4,0.012,0.0,0.0,11.8,0.0,1.9,1.7,0.0,0.017,171.2,0.0,0.08,0.064,0.0,0.052,1.7,0.3,0.3,341.3,0.0,0.0,0.0,20.5,0.2,0.9,22.3,0.2,44.6,394.3,0.047,0.3,378.5,FOOD-DATA-GROUP5,13.475177304964536,83.68794326241135,2.8368794326241136,0.14843749999999997,50,3.7254901960784315,3.3333333333333335,0.0,3.4,0.0003333333333333334,0,0,0,0
569,569,taro leaves raw,12,0.2,0.013,0.075,0.043,1.9,0.8,1.4,1.0,0.0,0.083,24.0,0.0,0.041,0.041,0.0,0.1,0.4,0.035,0.096,14.6,0.0,0.6,0.047,30.0,0.079,0.6,12.6,0.2,16.8,181.4,0.064,0.1,49.7,FOOD-DATA-GROUP5,40.0,54.285714285714285,5.714285714285714,0.48275862068965514,12,10.769230769230768,7.6923076923076925,27.586206896551722,2.0,0.006384615384615385,0,0,0,0
570,570,corn raw,123,1.9,0.5,0.6,0.7,26.7,9.0,4.7,2.9,0.0,0.083,108.8,0.0,0.0,0.2,0.08,0.0,0.032,2.5,1.0,0.1,9.7,0.0,0.1,0.054,2.9,0.076,0.7,52.9,0.2,127.3,386.1,0.022,36.328,FOOD-DATA-GROUP5,14.114114114114114,80.18018018018019,5.705705705705706,0.1696750902527076,123,3.790322580645161,2.338709677419355,32.49097472924188,5.8,0.0006693548387096775,0,0,0,0
571,571,roselle,28,0.4,0.0,0.0,0.0,6.4,0.0,0.5,0.0,0.0,0.079,49.4,0.0,0.005,0.0,0.0,0.017,0.2,0.0,0.0,6.8,0.0,0.0,0.0,122.6,0.0,0.8,29.1,0.0,21.1,118.6,0.0,0.0,137.5,FOOD-DATA-GROUP5,6.8493150684931505,87.67123287671232,5.47945205479452,0.06756756756756756,28,1.7241379310344827,0.0,0.0,0.0,0.0027241379310344828,0,0,0,0
572,572,drumstick leaves raw,13,0.3,0.0,0.0,0.0,1.7,0.0,2.0,0.4,0.0,0.071,16.5,0.0,0.026,0.031,0.0,0.1,0.5,0.065,0.3,10.9,0.0,0.0,0.0,38.9,0.074,0.8,30.9,0.2,23.5,70.8,0.084,0.1,55.0,FOOD-DATA-GROUP5,50.0,42.5,7.5,0.7407407407407407,13,14.285714285714285,2.857142857142857,0.0,0.8,0.005071428571428571,0,0,0,0
573,573,scallop squash raw,23,0.3,0.097,0.018,0.1,5.0,3.1,1.6,1.6,0.0,0.075,122.4,0.0,0.002,0.08,0.0,0.01,0.8,0.1,0.1,23.4,0.0,0.2,0.038,24.7,0.1,0.5,29.9,0.2,46.8,236.6,0.017,0.4,57.1,FOOD-DATA-GROUP5,23.188405797101453,72.46376811594205,4.3478260869565215,0.26666666666666666,23,6.666666666666667,6.666666666666667,51.66666666666667,3.2,0.0031249999999999997,0,0,0,0
574,574,chicory roots,65,0.2,0.052,0.054,0.041,15.8,7.9,1.3,1.4,0.0,0.055,72.0,0.0,0.0,0.08,0.007,0.0,0.029,0.4,0.3,0.2,4.5,0.0,0.0,0.0,36.9,0.051,0.7,19.8,0.2,54.9,261.0,0.076,18.997,FOOD-DATA-GROUP5,7.514450867052023,91.32947976878613,1.1560693641618496,0.07738095238095238,65,1.96969696969697,2.121212121212121,47.023809523809526,2.8,0.0008333333333333334,0,0,0,0
575,575,brussels sprouts raw,8,0.077,0.072,0.028,0.026,1.7,0.4,0.6,0.7,0.0,0.049,16.3,0.0,0.054,0.018,0.0,0.011,0.1,0.038,0.02,16.2,0.0,0.2,0.032,8.0,0.077,0.3,4.4,0.019,13.1,73.9,0.06,0.059,27.553,FOOD-DATA-GROUP5,25.24190155658393,71.5187210769878,3.2393773664282715,0.2222222222222222,8,6.666666666666667,7.777777777777778,14.814814814814813,1.4,0.0054444444444444445,0,0,0,0
576,576,kale cooked,42,1.4,0.2,0.1,0.8,6.3,1.4,3.5,4.7,0.0,0.018,106.0,0.0,0.2,0.028,0.058,0.0,0.2,0.5,0.049,0.069,21.0,0.0,1.9,0.5,177.0,0.2,1.0,29.5,0.5,49.6,169.9,0.082,16.697,FOOD-DATA-GROUP5,31.249999999999993,56.249999999999986,12.499999999999998,0.4794520547945206,42,8.13953488372093,10.930232558139535,19.17808219178082,9.4,0.00041860465116279067,0,0,0,0
577,577,pupusas con frijoles,289,11.4,2.8,3.8,3.7,39.7,1.6,7.0,7.3,0.0,0.4,65.7,0.0,0.061,0.0,0.0,0.026,1.1,0.4,0.2,0.0,0.0,0.5,0.099,64.3,0.2,1.8,68.0,0.4,181.4,384.3,0.07,1.2,131.5,FOOD-DATA-GROUP5,12.048192771084338,68.33046471600689,19.62134251290878,0.17199017199017197,289,2.413793103448276,2.5172413793103448,3.9312039312039313,10.0,0.0013793103448275863,0,0,0,0
578,578,mustard cabbage,36,0.1,0.016,0.057,0.033,7.2,1.8,1.4,4.0,0.0,0.9,117.9,0.0,0.0,0.031,0.093,0.0,0.1,0.9,0.2,0.4,0.0,0.0,0.049,0.1,85.8,0.077,0.9,19.2,0.3,34.6,314.9,0.024,13.276,FOOD-DATA-GROUP5,16.091954022988507,82.75862068965519,1.149425287356322,0.17073170731707318,36,3.7837837837837833,10.81081081081081,21.951219512195124,8.0,0.024324324324324326,0,0,0,0
579,579,gourd raw,19,0.2,0.07,0.076,0.041,4.1,1.9,1.1,1.0,0.0,0.03,89.2,0.0,0.0,0.035,0.059,0.0,0.084,0.4,0.2,0.022,11.4,0.0,0.062,0.047,19.0,0.016,0.3,13.3,0.029,30.4,132.1,0.032,6.584,FOOD-DATA-GROUP5,20.370370370370374,75.92592592592592,3.703703703703704,0.21568627450980396,19,5.500000000000001,5.0,37.254901960784316,2.0,0.0015,0,0,0,0
580,580,butternut squash cooked,80,0.2,0.013,0.076,0.036,21.0,3.9,1.8,6.4,0.0,0.002,175.6,0.0,0.1,0.022,0.0,0.033,1.9,0.7,0.2,30.2,0.0,2.6,0.029,82.0,0.1,1.2,58.0,0.3,54.0,568.0,0.065,0.3,142.8,FOOD-DATA-GROUP5,7.82608695652174,91.30434782608695,0.8695652173913043,0.08181818181818182,80,2.2222222222222223,7.901234567901234,17.727272727272727,10.0,2.469135802469136e-05,0,0,0,0
581,581,burdock root cooked,146,0.2,0.0,0.0,0.0,35.1,5.9,3.5,3.0,0.0,0.4,125.6,0.0,0.005,0.067,0.0,0.079,0.5,0.6,0.5,4.3,0.0,0.8,0.063,81.3,0.1,1.3,64.7,0.4,154.4,597.6,0.053,0.6,128.7,FOOD-DATA-GROUP5,9.020618556701029,90.46391752577318,0.5154639175257731,0.09695290858725761,146,2.380952380952381,2.0408163265306123,16.343490304709142,6.0,0.00272108843537415,0,0,0,0
582,582,cassava,330,0.6,0.2,0.2,0.061,78.4,3.5,2.8,3.7,0.0,0.099,122.9,0.0,0.0,0.2,0.051,0.0,0.082,1.8,0.2,0.2,42.4,0.0,0.4,0.011,33.0,0.2,0.6,43.3,0.8,55.6,558.3,0.086,85.964,FOOD-DATA-GROUP5,3.4229828850855744,95.8435207823961,0.7334963325183375,0.035264483627204024,330,0.8459214501510574,1.1178247734138975,4.408060453400504,7.4,0.0002990936555891239,0,0,0,0
583,583,peas carrots cooked,77,0.7,0.1,0.004,0.3,16.2,7.0,4.9,5.0,0.0,0.5,137.3,0.0,0.4,0.016,0.0,0.1,1.8,0.3,0.1,13.0,0.0,0.8,0.057,36.8,0.1,1.5,25.6,0.3,78.4,252.8,0.035,0.7,78.1,FOOD-DATA-GROUP5,22.477064220183486,74.31192660550458,3.211009174311926,0.28488372093023256,77,6.282051282051282,6.41025641025641,40.69767441860465,10.0,0.00641025641025641,0,0,0,0
584,584,romaine lettuce,8,0.1,0.049,0.085,0.079,1.5,0.6,0.6,1.0,0.0,0.083,44.5,0.0,0.09,0.051,0.0,0.006,0.1,0.092,0.026,1.9,0.0,0.011,0.099,15.5,0.07,0.5,6.6,0.002,14.1,116.1,0.045,0.1,21.1,FOOD-DATA-GROUP5,27.27272727272727,68.18181818181817,4.545454545454546,0.24,8,6.666666666666667,11.11111111111111,24.0,2.0,0.009222222222222222,0,0,0,0
585,585,yam raw,177,0.3,0.067,0.019,0.1,41.8,0.8,2.3,6.2,0.0,0.017,104.4,0.0,0.0,0.2,0.002,0.0,0.001,0.8,0.5,0.4,25.7,0.0,0.5,0.025,25.5,0.3,0.8,31.5,0.6,82.5,1224.0,0.1,51.39,FOOD-DATA-GROUP5,5.180180180180181,94.14414414414416,0.6756756756756758,0.053738317757009345,177,1.292134831460674,3.48314606741573,1.869158878504673,10.0,9.550561797752809e-05,0,0,0,0
586,586,chowchow pickles,296,2.2,0.4,0.4,1.0,65.3,58.5,3.7,3.7,0.0,1.3,168.8,0.0,0.0,0.067,0.0,0.066,0.0,0.2,0.022,14.7,0.0,0.4,0.2,56.4,0.2,3.4,51.5,0.2,53.9,490.0,0.091,0.6,149.4,FOOD-DATA-GROUP5,5.196629213483146,91.7134831460674,3.0898876404494384,0.05580693815987934,296,1.2457912457912457,1.2457912457912457,88.23529411764707,7.4,0.004377104377104377,0,1,0,0
587,587,prairie turnips raw,20,0.029,0.0,0.0,0.0,4.5,0.1,0.3,1.0,0.0,0.059,7.7,0.0,0.019,0.051,0.0,0.02,0.1,0.0,0.027,0.7,0.0,0.0,0.0,16.5,0.037,0.2,8.0,0.097,3.9,19.8,0.087,0.05,23.255,FOOD-DATA-GROUP5,6.212466349140609,93.18699523710914,0.600538413750259,0.05454545454545454,20,1.4285714285714286,4.761904761904762,1.8181818181818183,2.0,0.0028095238095238095,0,0,0,0
588,588,savoy cabbage raw,19,0.017,0.091,0.008,0.014,4.3,1.6,1.4,2.2,0.0,0.007,63.7,0.0,0.0,0.003,0.06,0.0,0.094,0.2,0.1,0.1,21.7,0.0,0.1,0.066,24.5,0.071,0.3,19.6,0.1,29.4,161.0,0.014,8.199,FOOD-DATA-GROUP5,24.488368025188038,75.21427322022039,0.297358754591569,0.2641509433962264,19,6.999999999999999,11.000000000000002,30.188679245283023,4.4,0.00035,0,0,0,0
589,589,celery raw,6,0.045,0.005,0.033,0.091,1.2,0.5,0.3,0.6,0.0,0.019,38.2,0.0,0.0,0.041,0.041,0.0,0.002,0.1,0.032,0.007,1.2,0.0,0.1,0.086,16.0,0.056,0.063,4.4,0.01,9.6,104.0,0.031,2.212,FOOD-DATA-GROUP5,19.41747572815534,77.66990291262135,2.912621359223301,0.13636363636363635,6,4.285714285714286,8.571428571428571,22.727272727272727,1.2,0.0027142857142857142,0,0,0,0
590,590,celeriac cooked,42,0.3,0.0,0.0,0.0,9.1,0.0,1.5,0.0,0.0,0.084,143.1,0.0,0.033,0.091,0.0,0.065,0.7,0.3,0.2,5.6,0.0,0.0,0.0,40.3,0.044,0.7,18.6,0.1,102.3,268.2,0.093,0.3,57.5,FOOD-DATA-GROUP5,13.761467889908257,83.4862385321101,2.7522935779816513,0.1485148514851485,42,3.488372093023256,0.0,0.0,0.0,0.0019534883720930232,0,0,0,0
591,591,mustard spinach raw,33,0.5,0.087,0.2,0.073,5.9,0.0,3.3,4.2,0.0,0.025,138.3,0.0,0.1,0.2,0.0,0.1,1.0,0.3,0.2,195.0,0.0,0.0,0.0,315.0,0.1,2.3,16.5,0.6,42.0,673.5,0.054,0.3,526.2,FOOD-DATA-GROUP5,34.02061855670103,60.82474226804124,5.154639175257732,0.47826086956521735,33,9.705882352941176,12.352941176470589,0.0,8.4,0.0007352941176470588,0,0,0,0
592,592,zucchini raw,44,0.8,0.2,0.074,0.2,8.1,6.5,3.1,2.6,0.0,0.023,246.5,0.0,0.0,0.1,0.096,0.0,0.2,1.2,0.5,0.4,46.5,0.0,0.3,0.033,41.6,0.1,1.0,46.8,0.5,98.8,678.6,0.05,15.151,FOOD-DATA-GROUP5,25.833333333333336,67.5,6.666666666666667,0.34065934065934067,44,6.888888888888889,5.777777777777779,71.42857142857143,5.2,0.0005111111111111111,0,0,0,0
593,593,okra cooked,35,0.3,0.032,0.033,0.034,7.2,3.8,3.0,4.0,0.0,0.4,148.1,0.0,0.2,0.097,0.0,0.024,1.4,0.3,0.3,26.1,0.0,0.4,0.057,123.2,0.1,0.4,57.6,0.5,51.2,216.0,0.065,0.7,164.2,FOOD-DATA-GROUP5,28.57142857142857,68.57142857142857,2.857142857142857,0.3658536585365854,35,8.333333333333332,11.11111111111111,46.34146341463415,8.0,0.011111111111111112,0,0,0,0
594,594,white icicle radish,14,0.1,0.076,0.083,0.091,2.6,0.0,1.1,1.4,0.0,0.049,95.4,0.0,0.002,0.097,0.0,0.095,0.3,0.2,0.079,29.0,0.0,0.0,0.0,27.0,0.036,0.8,9.0,0.047,28.0,280.0,0.044,0.1,62.0,FOOD-DATA-GROUP5,28.947368421052634,68.42105263157895,2.631578947368421,0.3055555555555556,14,7.333333333333333,9.333333333333332,0.0,2.8,0.003266666666666667,0,0,0,0
595,595,orange tomato,18,0.2,0.097,0.062,0.046,3.5,0.0,1.3,1.0,0.0,0.001,105.2,0.0,0.0,0.067,0.06,0.0,0.027,0.7,0.2,0.071,17.8,0.0,0.0,0.0,5.6,0.079,0.5,8.9,0.099,32.2,235.3,0.006,6.093,FOOD-DATA-GROUP5,26.0,70.0,4.0,0.2888888888888889,18,6.842105263157896,5.263157894736842,0.0,2.0,5.2631578947368424e-05,0,0,0,0
596,596,pumpkin leaves raw,7,0.2,0.053,0.063,0.039,0.9,0.0,1.2,0.0,0.0,0.057,36.2,0.0,0.049,0.042,0.0,0.055,0.4,0.022,0.015,4.3,0.0,0.0,0.0,15.2,0.063,0.9,14.8,0.1,40.6,170.0,0.085,0.045,22.7,FOOD-DATA-GROUP5,52.17391304347825,39.13043478260869,8.695652173913043,0.631578947368421,7,15.0,0.0,0.0,0.0,0.007125,0,0,0,0
597,597,spaghetti squash cooked,42,0.4,0.091,0.0,0.2,10.0,3.9,1.0,2.2,0.0,0.4,143.1,0.0,0.026,0.099,0.0,0.017,1.3,0.6,0.2,5.4,0.0,0.2,0.083,32.6,0.097,0.5,17.1,0.2,0.0,181.4,0.056,0.3,52.1,FOOD-DATA-GROUP5,8.771929824561402,87.71929824561403,3.508771929824561,0.09090909090909091,42,2.3255813953488373,5.116279069767442,35.45454545454545,4.4,0.009302325581395349,0,0,0,0
598,598,white corn cooked,100,1.5,0.2,0.4,0.6,22.4,8.0,3.4,2.8,0.0,0.082,75.0,0.0,0.0,0.099,0.093,0.0,0.05,1.7,0.8,0.1,6.4,0.0,0.037,0.017,2.1,0.052,0.6,31.9,0.2,94.8,259.6,0.056,30.302,FOOD-DATA-GROUP5,12.454212454212456,82.05128205128206,5.494505494505495,0.1452991452991453,100,3.3663366336633667,2.772277227722772,34.18803418803419,5.6,0.000811881188118812,0,0,0,0
599,599,artichoke cooked,64,0.4,0.059,0.077,0.2,14.3,1.2,3.5,10.3,0.0,0.087,100.9,0.0,0.0,0.017,0.1,0.0,0.1,1.3,0.3,0.028,8.9,0.0,0.2,0.035,25.2,0.2,0.7,50.4,0.3,87.6,343.2,0.074,28.845,FOOD-DATA-GROUP5,19.230769230769234,78.57142857142858,2.197802197802198,0.22875816993464052,64,5.384615384615385,15.846153846153847,7.8431372549019605,10.0,0.0013384615384615384,0,0,0,0
600,600,avocado,432,39.6,5.7,26.5,4.9,23.0,1.8,5.4,18.1,0.0,0.045,197.7,0.0,0.0,0.2,0.2,0.0,0.4,4.7,3.8,0.7,27.0,0.0,5.6,0.078,32.4,0.5,1.5,78.3,0.4,140.4,1309.5,0.052,87.302,FOOD-DATA-GROUP5,7.941176470588236,33.82352941176471,58.235294117647065,0.225,432,1.2471131639722866,4.180138568129331,7.5,10.0,0.00010392609699769053,0,0,1,0
601,601,string beans wellsley farms,8,0.0,0.0,0.0,0.0,1.7,0.3,0.3,0.087,1.0,0.0,0.0,0.0,0.0,0.0,0.0,0.0,0.0,0.0,0.0,0.0,0.0,0.0,0.0,0.0,0.0,0.0,0.0,0.0,0.0,0.0,0.0,0.0,2.09,FOOD-DATA-GROUP5,15.0,85.0,0.0,0.1111111111111111,8,3.3333333333333335,0.9666666666666666,11.11111111111111,0.174,0.0,0,0,0,0
602,602,lambs quarters cooked,58,1.3,0.085,0.2,0.6,9.0,1.1,5.8,3.8,0.0,0.5,160.0,0.0,0.2,0.077,0.0,0.5,1.6,0.1,0.3,66.6,0.0,0.0,0.9,464.4,0.4,1.3,41.4,0.9,81.0,518.4,0.005,0.5,552.2,FOOD-DATA-GROUP5,36.02484472049689,55.90062111801242,8.074534161490684,0.58,58,9.83050847457627,6.440677966101695,11.000000000000002,7.6,0.00847457627118644,0,0,0,0
603,603,peas cooked,134,0.4,0.065,0.05,0.2,25.0,9.5,8.6,8.8,0.0,0.074,124.6,0.0,0.0,0.4,0.1,0.0,0.2,3.2,0.2,0.3,22.7,0.0,0.2,0.011,43.2,0.3,2.5,62.4,0.8,187.2,433.6,0.005,43.499,FOOD-DATA-GROUP5,25.294117647058822,73.52941176470588,1.1764705882352942,0.33076923076923076,134,6.37037037037037,6.518518518518519,36.53846153846153,10.0,0.0005481481481481481,0,0,0,0
604,604,beets cooked,22,0.085,0.026,0.024,0.07,5.0,4.0,0.8,1.0,0.0,0.035,43.5,0.0,0.0,0.033,0.023,0.0,0.065,0.2,0.079,0.026,1.8,0.0,0.016,0.099,8.0,0.021,0.4,11.5,0.2,19.0,152.5,0.009,7.012,FOOD-DATA-GROUP5,13.593882752761258,84.96176720475786,1.4443500424808837,0.13333333333333333,22,3.4782608695652173,4.3478260869565215,66.66666666666666,2.0,0.0015217391304347828,0,0,0,0
605,605,shallots dried,3,0.013,0.063,0.043,0.061,0.7,0.3,0.1,0.1,0.0,0.059,0.087,0.0,0.0,0.044,0.02,0.0,0.013,0.018,0.05,0.096,0.4,0.0,0.093,0.043,1.6,0.082,0.021,0.9,0.088,2.7,14.9,0.032,1.07,FOOD-DATA-GROUP5,12.300123001230014,86.10086100861008,1.5990159901599017,0.05882352941176471,3,2.5,2.5,17.647058823529413,0.2,0.01475,0,0,0,0
606,606,green lettuce,23,0.2,0.027,0.075,0.1,4.3,1.2,2.0,2.0,0.0,0.05,142.5,0.0,0.0,0.1,0.077,0.0,0.1,0.6,0.2,0.1,13.8,0.0,0.3,0.2,54.0,0.012,1.3,19.5,0.4,43.5,291.0,0.086,8.829,FOOD-DATA-GROUP5,30.76923076923077,66.15384615384615,3.076923076923077,0.37735849056603776,23,8.333333333333332,8.333333333333332,22.641509433962266,4.0,0.0020833333333333333,0,0,0,0
607,607,kohlrabi cooked,48,0.2,0.041,0.004,0.094,11.0,4.6,3.0,1.8,0.0,0.035,149.0,0.0,0.0,0.013,0.029,0.0,0.037,0.6,0.3,0.3,89.1,0.0,0.9,0.008,41.3,0.2,0.7,31.4,0.2,74.3,561.0,0.037,16.506,FOOD-DATA-GROUP5,21.126760563380284,77.46478873239437,1.4084507042253522,0.25,48,6.122448979591836,3.6734693877551026,38.33333333333333,3.6,0.0007142857142857144,0,0,0,0
608,608,kanpyo dried,139,0.3,0.041,0.012,0.1,35.1,0.0,4.6,5.3,0.0,0.056,10.8,0.0,0.0,0.0,0.087,0.0,0.085,1.6,1.4,0.3,0.1,0.0,0.0,0.0,151.2,0.2,2.8,67.5,0.6,101.5,854.3,0.058,45.8,FOOD-DATA-GROUP5,11.5,87.75,0.75,0.12742382271468142,139,3.2857142857142856,3.785714285714285,0.0,10.0,0.0004,0,0,0,0
609,609,prairie turnips boiled,18,0.086,0.0,0.0,0.0,4.2,0.7,0.2,1.0,0.0,0.012,9.5,0.0,0.009,0.0,0.0,0.041,0.088,0.0,0.026,0.3,0.0,0.0,0.0,14.4,0.045,0.1,6.9,0.008,2.8,15.1,0.0,0.035,20.299,FOOD-DATA-GROUP5,4.458314757021845,93.62460989745875,1.9170753455193934,0.038461538461538464,18,1.0526315789473684,5.263157894736842,13.461538461538462,2.0,0.0006315789473684211,0,0,0,0
610,610,broccoli raab cooked,21,0.4,0.086,0.017,0.1,2.7,0.5,3.3,2.4,0.0,0.077,77.7,0.0,0.0,0.1,0.004,0.0,0.1,1.7,0.4,0.2,31.5,0.0,2.2,0.2,100.3,0.06,1.1,23.0,0.3,69.7,291.6,0.069,9.289,FOOD-DATA-GROUP5,51.562499999999986,42.1875,6.25,0.8918918918918918,21,15.0,10.909090909090908,13.513513513513512,4.8,0.0035,0,0,0,0
611,611,summer squash cooked,49,1.0,0.2,0.031,0.3,9.9,6.4,2.7,2.9,0.0,0.036,245.1,0.0,0.1,0.1,0.095,0.0,0.023,1.3,0.4,0.2,30.2,0.0,0.3,0.028,57.2,0.3,1.0,41.6,0.6,75.4,460.2,0.032,17.09,FOOD-DATA-GROUP5,19.852941176470587,72.79411764705883,7.352941176470587,0.24770642201834864,49,5.4,5.8,58.71559633027523,5.8,0.0007199999999999999,0,0,0,0
612,612,taro cooked,187,0.1,0.012,0.064,0.056,45.7,0.6,0.7,6.7,0.0,0.055,84.2,0.0,0.0,0.1,0.042,0.0,0.002,0.7,0.4,0.4,6.6,0.0,3.9,0.073,23.8,0.3,1.0,39.6,0.6,100.3,638.9,0.005,53.993,FOOD-DATA-GROUP5,1.5053763440860213,98.2795698924731,0.21505376344086022,0.014989293361884367,187,0.3723404255319149,3.563829787234043,1.2847965738758027,10.0,0.0002925531914893617,0,0,0,0
613,613,spring onion scallions,6,0.077,0.029,0.055,0.031,1.5,0.5,0.4,0.5,0.0,0.048,18.0,0.0,0.0,0.025,0.06,0.0,0.043,0.1,0.097,0.055,3.8,0.0,0.1,0.006,14.4,0.057,0.3,4.0,0.09,7.4,55.2,0.056,2.554,FOOD-DATA-GROUP5,20.23267577137077,75.87253414264038,3.8947900859888724,0.16,6,5.714285714285714,7.142857142857142,20.0,1.0,0.006857142857142858,0,0,0,0
614,614,hubbard squash cooked,57,0.7,0.1,0.042,0.3,12.3,5.6,2.8,5.5,0.0,0.5,173.1,0.0,0.0,0.084,0.001,0.0,0.064,0.6,0.6,0.2,12.4,0.0,0.2,0.029,19.0,0.095,0.5,24.7,0.2,26.6,406.6,0.053,21.554,FOOD-DATA-GROUP5,17.72151898734177,77.84810126582279,4.430379746835443,0.21052631578947367,57,4.827586206896552,9.482758620689655,42.10526315789473,10.0,0.008620689655172414,0,0,0,0
615,615,jalapeno pepper,4,0.002,0.06,0.018,0.095,0.9,0.6,0.1,0.4,0.0,0.028,12.8,0.0,0.0,0.066,0.048,0.0,0.023,0.2,0.074,0.079,16.6,0.0,0.5,0.011,1.7,0.045,0.033,2.1,0.059,3.6,34.7,0.069,1.593,FOOD-DATA-GROUP5,9.980039920159681,89.82035928143712,0.19960079840319359,0.052631578947368425,4,2.0,8.0,31.57894736842105,0.8,0.0056,0,0,0,0
616,616,new zealand spinach cooked,22,0.3,0.027,0.028,0.1,3.8,0.5,2.3,2.5,0.0,0.6,170.6,0.0,0.022,0.038,0.0,0.2,0.7,0.5,0.4,28.8,0.0,2.2,0.5,86.4,0.1,1.2,57.6,0.9,39.6,183.6,0.055,0.6,125.3,FOOD-DATA-GROUP5,35.9375,59.375,4.6875,0.47916666666666663,22,10.0,10.869565217391305,10.416666666666668,5.0,0.02608695652173913,0,0,0,0
617,617,sesbania flower raw,1,0.095,0.0,0.0,0.0,0.2,0.0,0.012,0.0,0.0,0.007,2.7,0.0,0.066,0.07,0.0,0.098,0.027,0.0,0.0,2.2,0.0,0.0,0.0,0.6,0.0,0.091,0.4,0.0,0.9,5.5,0.037,0.0,3.181,FOOD-DATA-GROUP5,3.908794788273615,65.14657980456026,30.94462540716612,0.01,1,0.6,0.0,0.0,0.0,0.0035,0,0,0,0
618,618,spirulina dried,20,0.5,0.2,0.019,0.1,1.7,0.2,4.0,0.3,0.0,0.031,0.3,0.0,0.2,0.014,0.0,0.3,0.9,0.2,0.037,0.7,0.0,0.4,0.08,8.4,0.4,2.0,13.7,0.1,8.3,95.4,0.03,0.1,17.6,FOOD-DATA-GROUP5,64.51612903225806,27.419354838709676,8.064516129032258,1.4814814814814814,20,19.047619047619047,1.4285714285714286,7.4074074074074066,0.6,0.0014761904761904762,0,0,0,0
619,619,chinese cabbage pe tsai cooked,17,0.2,0.011,0.059,0.086,2.9,0.0,1.8,2.0,0.0,0.3,113.3,0.0,0.021,0.044,0.0,0.008,0.6,0.042,0.2,18.8,0.0,0.0,0.0,38.1,0.022,0.4,11.9,0.2,46.4,267.8,0.075,0.2,64.2,FOOD-DATA-GROUP5,36.73469387755102,59.183673469387756,4.081632653061225,0.46153846153846156,17,10.0,11.11111111111111,0.0,4.0,0.016666666666666666,0,0,0,0
620,620,zucchini cooked,27,0.6,0.1,0.095,0.3,4.8,3.1,2.1,1.8,0.0,0.077,171.4,0.0,0.008,0.097,0.0,0.039,0.9,0.5,0.1,23.2,0.0,0.2,0.075,32.4,0.075,0.7,34.2,0.3,66.6,475.2,0.025,0.6,65.6,FOOD-DATA-GROUP5,28.000000000000004,64.0,8.0,0.3620689655172414,27,7.5,6.42857142857143,53.448275862068975,3.6,0.00275,0,0,0,0
621,621,green olives pickled,4,0.4,0.064,0.3,0.047,0.1,0.051,0.073,0.057,0.0,0.1,2.0,0.0,0.0,0.068,0.033,0.0,0.088,0.062,0.078,0.012,0.0,0.0,0.1,0.072,1.4,0.071,0.045,0.3,0.0,0.1,1.1,0.017,0.801,FOOD-DATA-GROUP5,12.739965095986038,17.452006980802796,69.80802792321118,0.06636363636363636,4,1.4599999999999997,1.1400000000000001,4.636363636363636,0.114,0.02,0,0,0,0
622,622,lotus root raw,85,0.1,0.057,0.089,0.04,19.8,0.0,3.0,5.6,0.0,0.06,91.0,0.0,0.2,0.007,0.0,0.3,0.5,0.4,0.3,50.6,0.0,0.0,0.0,51.8,0.3,1.3,26.5,0.3,115.0,639.4,0.042,0.4,132.2,FOOD-DATA-GROUP5,13.100436681222707,86.46288209606986,0.43668122270742354,0.14423076923076922,85,3.488372093023256,6.511627906976744,0.0,10.0,0.0006976744186046512,0,0,0,0
623,623,grape leaves,13,0.3,0.085,0.063,0.1,2.4,0.9,0.8,1.5,0.0,0.005,10.3,0.0,0.041,0.061,0.0,0.027,0.3,0.034,0.02,1.6,0.0,0.3,0.035,50.8,0.03,0.4,13.3,0.4,12.7,38.1,0.092,0.007,57.8,FOOD-DATA-GROUP5,22.857142857142858,68.57142857142857,8.571428571428571,0.23529411764705885,13,5.714285714285714,10.714285714285714,26.47058823529412,3.0,0.00035714285714285714,0,0,0,0
624,624,dill pickled cucumber,17,0.2,0.08,0.055,0.065,3.7,1.9,0.9,1.6,0.0,1.3,134.9,0.0,0.098,0.029,0.0,0.096,0.1,0.048,0.046,1.1,0.0,0.1,0.026,60.1,0.059,0.5,10.0,0.065,17.2,131.6,0.025,0.2,68.1,FOOD-DATA-GROUP5,18.749999999999996,77.08333333333333,4.166666666666666,0.19148936170212766,17,5.0,8.88888888888889,40.42553191489361,3.2,0.07222222222222223,0,0,0,0
625,625,skunk cabbage,11,0.1,0.0,0.0,0.0,1.8,0.0,1.5,1.2,0.0,0.016,51.8,0.0,0.089,0.064,0.0,0.096,0.5,0.033,0.08,30.8,0.0,0.0,0.0,43.1,0.05,0.9,39.8,0.009,21.8,174.7,0.07,0.1,79.4,FOOD-DATA-GROUP5,44.11764705882353,52.94117647058824,2.9411764705882355,0.5357142857142857,11,12.5,10.0,0.0,2.4,0.0013333333333333333,0,0,0,0
626,626,banana pepper,9,0.1,0.018,0.073,0.098,1.8,0.6,0.5,1.1,0.0,0.039,30.3,0.0,0.04,0.082,0.0,0.064,0.4,0.098,0.1,27.3,0.0,0.2,0.033,4.6,0.058,0.2,5.6,0.028,10.6,84.5,0.032,0.097,35.6,FOOD-DATA-GROUP5,20.833333333333336,75.0,4.166666666666667,0.17857142857142858,9,5.0,11.000000000000002,21.42857142857143,2.2,0.0039,0,0,0,0
627,627,oriental radish raw,61,0.3,0.1,0.01,0.2,13.9,8.5,2.0,5.4,0.0,0.014,319.8,0.0,0.006,0.073,0.0,0.035,0.7,0.5,0.2,74.4,0.0,0.0,0.059,91.3,0.4,1.4,54.1,0.1,77.7,767.3,0.096,0.5,188.7,FOOD-DATA-GROUP5,12.34567901234568,85.80246913580247,1.8518518518518516,0.1342281879194631,61,3.225806451612903,8.709677419354838,57.04697986577181,10.0,0.00022580645161290324,0,0,0,0
628,628,purslane cooked,21,0.2,0.0,0.0,0.0,4.1,0.0,1.7,0.0,0.0,0.3,107.5,0.0,0.037,0.053,0.0,0.1,0.5,0.094,0.051,12.1,0.0,0.0,0.0,89.7,0.1,0.9,77.1,0.4,42.6,561.2,0.018,0.2,108.7,FOOD-DATA-GROUP5,28.333333333333332,68.33333333333333,3.3333333333333335,0.33333333333333337,21,7.727272727272727,0.0,0.0,0.0,0.013636363636363636,0,0,0,0
629,629,rhubarb raw,11,0.1,0.043,0.018,0.045,2.3,0.6,0.5,0.9,0.0,0.058,47.7,0.0,0.0,0.079,0.022,0.0,0.058,0.2,0.019,0.042,4.1,0.0,0.1,0.058,43.9,0.018,0.1,6.1,0.026,7.1,146.9,0.003,4.017,FOOD-DATA-GROUP5,17.24137931034483,79.31034482758619,3.4482758620689653,0.15151515151515152,11,4.166666666666666,7.5,18.181818181818183,1.8,0.004833333333333334,0,0,0,0
630,630,swamp cabbage,20,0.2,0.0,0.0,0.0,3.6,0.0,2.0,1.9,0.0,0.4,91.1,0.0,0.045,0.063,0.0,0.034,0.5,0.1,0.086,15.7,0.0,0.0,0.0,52.9,0.097,1.3,29.4,0.1,41.2,278.3,0.087,0.2,77.6,FOOD-DATA-GROUP5,34.48275862068966,62.06896551724138,3.4482758620689653,0.4347826086956522,20,9.523809523809524,9.047619047619047,0.0,3.8,0.01904761904761905,0,0,0,0
631,631,mung bean sprouts raw,6,0.044,0.036,0.026,0.085,1.2,0.8,0.6,0.4,0.0,0.08,18.1,0.0,0.0,0.09,0.093,0.0,0.006,0.1,0.075,0.033,2.6,0.0,0.023,0.069,2.6,0.072,0.2,4.2,0.061,10.8,29.8,0.04,2.418,FOOD-DATA-GROUP5,32.53796095444685,65.0759219088937,2.386117136659436,0.2727272727272727,6,8.571428571428571,5.714285714285714,36.36363636363637,0.8,0.011428571428571429,0,0,0,0
632,632,onion cooked,7,0.034,0.095,0.098,0.092,1.5,0.7,0.2,0.2,0.0,0.04,13.2,0.0,0.0,0.048,0.07,0.0,0.026,0.044,0.072,0.078,0.8,0.0,0.022,0.084,3.3,0.067,0.069,1.7,0.084,5.3,24.9,0.055,2.171,FOOD-DATA-GROUP5,11.534025374855826,86.50519031141869,1.9607843137254906,0.08,7,2.5,2.5,27.999999999999996,0.4,0.005,0,0,0,0
633,633,swiss chard raw,7,0.042,0.065,0.092,0.013,1.3,0.4,0.6,0.6,0.0,0.089,33.4,0.0,0.02,0.007,0.0,0.052,0.1,0.057,0.045,10.8,0.0,0.7,0.3,18.4,0.073,0.6,29.2,0.1,16.6,136.4,0.047,0.1,32.314,FOOD-DATA-GROUP5,30.895983522142124,66.94129763130793,2.1627188465499487,0.2608695652173913,7,7.5,7.5,17.39130434782609,1.2,0.011125,0,0,0,0
634,634,peas raw,117,0.6,0.1,0.086,0.3,21.0,8.2,7.9,7.4,0.0,0.017,114.3,0.0,0.4,0.021,0.0,0.2,3.0,0.2,0.2,58.0,0.0,0.2,0.077,36.3,0.3,2.1,47.9,0.6,156.6,353.8,0.067,1.8,133.3,FOOD-DATA-GROUP5,26.779661016949152,71.1864406779661,2.0338983050847457,0.3590909090909091,117,6.694915254237288,6.271186440677965,37.272727272727266,10.0,0.0001440677966101695,0,0,0,0
635,635,cabbage cooked,35,0.019,0.0,0.012,0.061,8.3,4.2,1.9,2.9,0.0,0.011,138.9,0.0,0.0,0.063,0.031,0.0,0.042,0.4,0.3,0.2,56.3,0.0,0.2,0.2,72.0,0.067,0.3,22.5,0.3,49.5,294.0,0.023,13.566,FOOD-DATA-GROUP5,18.59281730110578,81.22125452588315,0.1859281730110578,0.2043010752688172,35,5.277777777777778,8.055555555555555,45.16129032258064,5.8,0.00030555555555555555,0,0,0,0
636,636,taro leaves cooked,35,0.6,0.1,0.065,0.2,5.6,0.0,3.9,2.9,0.0,0.3,133.6,0.0,0.2,0.074,0.0,0.6,1.8,0.077,0.1,51.5,0.0,0.0,0.0,124.7,0.2,1.7,29.0,0.5,39.2,667.0,0.035,0.3,190.9,FOOD-DATA-GROUP5,38.613861386138616,55.44554455445544,5.9405940594059405,0.5909090909090909,35,10.833333333333334,8.055555555555555,0.0,5.8,0.008333333333333333,0,0,0,0
637,637,leeks cooked,38,0.2,0.086,0.098,0.1,9.4,2.6,1.0,1.2,0.0,0.067,112.6,0.0,0.007,0.066,0.0,0.095,0.2,0.009,0.1,5.2,0.0,0.6,0.055,37.2,0.038,1.4,17.4,0.3,21.1,107.9,0.004,0.057,55.6,FOOD-DATA-GROUP5,9.433962264150944,88.67924528301887,1.886792452830189,0.09615384615384615,38,2.564102564102564,3.0769230769230766,25.0,2.4,0.001717948717948718,0,0,0,0
638,638,split peas cooked,227,0.8,0.1,0.2,0.3,40.2,5.7,16.3,16.3,0.0,0.5,136.2,0.0,0.4,0.1,0.0,0.1,1.7,1.2,0.086,0.8,0.0,0.028,0.063,27.4,0.4,2.5,70.6,0.8,194.0,709.5,0.059,2.0,104.3,FOOD-DATA-GROUP5,28.44677137870855,70.15706806282724,1.3961605584642236,0.39563106796116504,227,7.149122807017544,7.149122807017544,13.834951456310678,10.0,0.0021929824561403508,0,0,0,0
639,639,sweet corn yellow,58,0.4,0.029,0.1,0.2,14.2,2.6,4.1,1.5,0.0,0.05,55.9,0.0,0.0,0.079,0.016,0.0,0.093,0.9,0.5,0.068,5.9,0.0,0.086,0.0,3.7,0.075,0.3,16.8,0.014,46.7,135.8,0.029,20.347,FOOD-DATA-GROUP5,21.925133689839576,75.93582887700536,2.1390374331550808,0.26973684210526316,58,6.9491525423728815,2.5423728813559325,17.105263157894736,3.0,0.0008474576271186442,0,0,0,0
640,640,asparagus raw,2,0.037,0.012,0.0,0.083,0.5,0.2,0.3,0.3,0.0,0.047,11.2,0.0,0.0,0.073,0.064,0.0,0.061,0.1,0.004,0.067,0.7,0.0,0.1,0.088,2.9,0.039,0.3,1.7,0.068,6.2,24.2,0.058,1.326,FOOD-DATA-GROUP5,35.84229390681003,59.73715651135005,4.420549581839904,0.19999999999999998,2,10.0,10.0,13.333333333333334,0.6,0.015666666666666666,0,0,0,0
641,641,collard cooked,63,1.4,0.049,0.095,0.3,10.7,0.0,5.1,7.6,0.0,0.013,171.3,0.0,0.082,0.046,0.0,0.2,1.1,0.4,0.2,34.6,0.0,1.7,0.8,267.9,0.077,2.1,39.9,1.0,60.8,222.3,0.062,0.4,329.4,FOOD-DATA-GROUP5,29.651162790697672,62.2093023255814,8.139534883720929,0.4358974358974359,63,7.968749999999999,11.875,0.0,10.0,0.000203125,0,0,0,0
642,642,swiss chard cooked,35,0.1,0.0,0.0,0.0,7.2,1.9,3.3,3.7,0.0,0.7,162.1,0.0,0.01,0.076,0.0,0.2,0.6,0.3,0.1,31.5,0.0,3.3,0.6,101.5,0.3,4.0,150.5,0.6,57.8,960.8,0.083,0.6,151.3,FOOD-DATA-GROUP5,31.132075471698112,67.9245283018868,0.9433962264150945,0.4024390243902439,35,9.166666666666666,10.277777777777779,23.170731707317074,7.4,0.019444444444444445,0,0,0,0
643,643,nopales cooked,22,0.003,0.064,0.007,0.071,4.9,1.7,2.0,3.0,0.0,0.087,140.5,0.0,0.043,0.042,0.0,0.039,0.4,0.2,0.004,7.9,0.0,0.0,0.031,244.4,0.05,0.7,70.0,0.6,23.8,290.6,0.043,0.3,262.963,FOOD-DATA-GROUP5,28.972910328842534,70.9836303056642,0.0434593654932638,0.3389830508474576,22,8.695652173913043,13.043478260869565,28.813559322033893,6.0,0.0037826086956521737,0,0,0,0
644,644,tahitian taro cooked,60,0.9,0.2,0.015,0.4,9.4,0.0,5.7,0.0,0.0,0.4,118.5,0.0,0.078,0.094,0.0,0.3,0.7,0.2,0.2,52.1,0.0,0.0,0.0,204.1,0.1,2.1,69.9,0.2,91.8,853.5,0.085,0.1,274.3,FOOD-DATA-GROUP5,35.625,58.75,5.625,0.5480769230769231,60,9.344262295081968,0.0,0.0,0.0,0.006557377049180328,0,0,0,0
645,645,chinese cabbage pak choi raw,9,0.1,0.013,0.03,0.034,1.5,0.8,1.1,0.7,0.0,0.087,66.7,0.0,0.035,0.088,0.0,0.059,0.4,0.077,0.1,31.5,0.0,0.068,0.079,73.5,0.021,0.6,13.3,0.1,25.9,176.4,0.083,0.1,109.0,FOOD-DATA-GROUP5,40.74074074074075,55.55555555555555,3.7037037037037033,0.44000000000000006,9,11.000000000000002,6.999999999999999,32.0,1.4,0.0087,0,0,0,0
646,646,green chili pepper,18,0.097,0.067,0.088,0.034,4.3,2.3,0.9,0.7,0.0,0.023,39.5,0.0,0.0,0.051,0.041,0.0,0.035,0.4,0.073,0.1,109.1,0.0,0.3,0.017,8.1,0.059,0.5,11.3,0.1,20.7,153.0,0.055,6.188,FOOD-DATA-GROUP5,16.990749480838208,81.17802529733811,1.8312252218236735,0.169811320754717,18,4.736842105263158,3.684210526315789,43.39622641509433,1.4,0.0012105263157894737,0,0,0,0
647,647,mountain yam raw,91,0.1,0.015,0.047,0.027,22.2,0.4,1.8,3.4,0.0,0.021,110.8,0.0,0.1,0.057,0.0,0.093,0.7,0.6,0.2,3.5,0.0,0.3,0.078,35.4,0.1,0.6,16.3,0.3,46.2,568.5,0.056,0.4,67.0,FOOD-DATA-GROUP5,7.468879668049793,92.11618257261411,0.4149377593360996,0.07758620689655173,91,1.956521739130435,3.6956521739130435,1.7241379310344827,6.8,0.0002282608695652174,0,0,0,0
648,648,parsnips cooked,114,0.5,0.081,0.2,0.018,27.2,7.7,2.1,6.4,0.0,0.021,128.4,0.0,0.0,0.1,0.037,0.0,0.01,1.2,0.9,0.1,20.8,0.0,1.6,0.065,59.2,0.2,0.9,46.4,0.5,110.4,587.2,0.056,36.576,FOOD-DATA-GROUP5,7.046979865771812,91.27516778523488,1.6778523489932886,0.07446808510638299,114,1.8260869565217392,5.565217391304348,27.30496453900709,10.0,0.00018260869565217392,0,0,0,0
649,649,tomato stewed,97,3.3,0.6,1.3,1.1,16.1,0.0,2.4,2.1,0.0,0.6,99.2,0.0,0.0,0.1,0.083,0.0,0.073,1.4,0.3,0.1,22.4,0.0,0.0,0.0,32.0,0.1,1.3,18.5,0.2,46.7,303.8,0.08,24.1,FOOD-DATA-GROUP5,11.009174311926605,73.85321100917432,15.13761467889908,0.14035087719298245,97,2.4489795918367347,2.142857142857143,0.0,4.2,0.006122448979591836,0,0,0,0
650,650,sweet green peppers cooked,19,0.1,0.037,0.031,0.039,4.5,2.3,0.7,0.9,0.0,0.2,67.1,0.0,0.055,0.092,0.0,0.033,0.3,0.087,0.2,54.3,0.0,0.4,0.067,6.6,0.092,0.3,7.3,0.032,13.1,121.2,0.09,0.009,67.4,FOOD-DATA-GROUP5,13.20754716981132,84.90566037735849,1.886792452830189,0.12727272727272726,19,3.4999999999999996,4.5,41.81818181818181,1.8,0.01,0,0,0,0
651,651,white corn raw,143,2.0,0.3,0.6,0.9,31.6,5.3,5.3,4.5,0.0,0.088,126.1,0.0,0.0,0.3,0.096,0.0,0.065,2.8,0.7,0.08,11.3,0.0,0.1,0.081,3.3,0.5,0.9,61.4,0.8,147.7,448.2,0.096,43.973,FOOD-DATA-GROUP5,13.624678663239076,81.23393316195373,5.141388174807198,0.1625766871165644,143,3.680555555555556,3.125,16.25766871165644,9.0,0.0006111111111111111,0,0,0,0
652,652,rutabaga raw,286,1.2,0.2,0.2,0.7,66.5,34.4,8.3,17.8,0.0,0.061,690.4,0.0,0.7,0.2,0.0,0.3,5.4,1.2,0.8,193.0,0.0,2.3,0.048,332.0,0.2,3.4,154.4,1.0,409.2,2354.6,0.041,1.9,622.2,FOOD-DATA-GROUP5,10.921052631578949,87.5,1.5789473684210527,0.12296296296296297,286,2.8919860627177703,6.202090592334495,50.96296296296296,10.0,0.00021254355400696862,0,1,0,0
653,653,jalapeno peppers canned,37,1.3,0.1,0.031,0.7,6.4,2.9,1.3,3.5,0.0,2.3,120.9,0.0,0.017,0.092,0.0,0.046,0.5,0.6,0.3,13.6,0.0,0.9,0.06,31.3,0.2,2.6,20.4,0.2,24.5,262.5,0.03,0.5,60.0,FOOD-DATA-GROUP5,14.444444444444446,71.11111111111111,14.444444444444446,0.17567567567567569,37,3.421052631578948,9.210526315789473,39.189189189189186,7.0,0.06052631578947368,0,0,0,0
654,654,pumpkin canned,83,0.7,0.4,0.098,0.032,19.8,8.1,2.7,7.1,0.0,0.6,220.4,0.0,0.092,0.015,0.0,0.1,0.9,1.0,0.1,10.3,0.0,2.6,0.067,63.7,0.3,3.4,56.4,0.4,85.8,504.7,0.064,0.4,107.7,FOOD-DATA-GROUP5,11.63793103448276,85.3448275862069,3.0172413793103448,0.12980769230769232,83,3.214285714285715,8.45238095238095,38.942307692307686,10.0,0.007142857142857143,0,0,0,0
655,655,peas onions canned,61,0.5,0.064,0.009,0.2,10.3,0.0,3.9,2.8,0.0,0.5,103.7,0.0,0.1,0.089,0.0,0.055,1.5,0.2,0.2,3.6,0.0,0.0,0.0,20.4,0.1,1.0,19.2,0.3,61.2,115.2,0.061,0.7,42.5,FOOD-DATA-GROUP5,26.530612244897956,70.06802721088435,3.401360544217687,0.34513274336283184,61,6.290322580645161,4.516129032258064,0.0,5.6,0.008064516129032258,0,0,0,0
656,656,sweet mashed potato canned,258,0.5,0.1,0.042,0.2,59.1,13.9,5.0,4.3,0.0,0.2,188.4,0.0,0.076,0.05,0.0,0.2,2.4,1.3,0.6,13.3,0.0,2.8,0.058,76.5,0.7,3.4,61.2,2.5,132.6,535.5,0.016,0.5,162.1,FOOD-DATA-GROUP5,7.739938080495357,91.48606811145513,0.7739938080495357,0.08319467554076539,258,1.9305019305019304,1.6602316602316602,23.128119800332776,8.6,0.0007722007722007722,0,0,0,0
657,657,hominy canned,119,1.5,0.2,0.4,0.7,23.5,3.0,2.4,4.1,0.0,0.6,136.2,0.0,0.055,0.084,0.0,0.066,0.003,0.3,0.032,0.0,0.0,0.037,0.026,16.5,0.081,1.0,26.4,0.1,57.8,14.9,0.03,1.7,49.0,FOOD-DATA-GROUP5,8.75912408759124,85.76642335766424,5.474452554744526,0.09795918367346938,119,2.0,3.4166666666666665,12.244897959183673,8.2,0.005,0,0,0,0
658,658,tomato puree canned,95,0.5,0.098,0.028,0.2,22.5,12.1,4.1,4.8,0.0,0.002,219.7,0.0,0.0,0.056,0.076,0.0,0.2,3.7,1.1,0.3,26.5,0.0,4.9,0.038,45.0,0.7,4.5,57.5,0.4,100.0,1097.5,0.001,32.936,FOOD-DATA-GROUP5,15.129151291512914,83.02583025830258,1.8450184501845017,0.17446808510638295,95,4.270833333333333,5.0,51.48936170212765,9.6,2.0833333333333333e-05,0,0,0,0
659,659,dried tomatoes canned in oil,6,0.4,0.072,0.3,0.076,0.7,0.0,0.2,0.2,0.0,0.056,1.6,0.0,0.005,0.026,0.0,0.038,0.1,0.095,0.062,3.1,0.0,0.0,0.0,1.4,0.032,0.057,2.4,0.084,4.2,47.0,0.063,0.038,6.037,FOOD-DATA-GROUP5,15.384615384615389,53.846153846153854,30.769230769230777,0.11764705882352942,6,2.857142857142857,2.857142857142857,0.0,0.4,0.008,0,0,0,0
660,660,mixed vegetables canned,88,0.6,0.1,0.039,0.3,17.5,0.0,3.5,9.3,0.0,0.5,221.1,0.0,0.0,0.03,0.097,0.0,0.098,1.2,0.3,0.2,9.3,0.0,0.0,0.0,51.5,0.3,1.6,36.8,1.0,90.7,338.1,0.02,31.4,FOOD-DATA-GROUP5,16.203703703703702,81.0185185185185,2.7777777777777777,0.1891891891891892,88,3.932584269662921,10.449438202247192,0.0,10.0,0.0056179775280898875,0,0,0,0
661,661,straw mushrooms canned,2,0.09,0.1,0.06,0.027,0.3,0.0,0.2,0.1,0.0,0.049,4.9,0.0,0.0,0.012,0.012,0.0,0.021,0.016,0.065,0.099,0.0,0.0,0.0,0.0,0.6,0.06,0.015,0.4,0.088,3.4,4.3,0.083,0.771,FOOD-DATA-GROUP5,33.898305084745765,50.847457627118644,15.254237288135593,0.15384615384615385,2,6.666666666666667,3.3333333333333335,0.0,0.2,0.016333333333333335,0,0,0,0
662,662,capers canned,2,0.089,0.021,0.098,0.089,0.4,0.011,0.2,0.3,0.0,0.2,7.2,0.0,0.089,0.018,0.0,0.036,0.094,0.099,0.078,0.4,0.0,0.066,0.083,3.4,0.049,0.1,2.8,0.037,0.9,3.4,0.042,0.092,4.856,FOOD-DATA-GROUP5,29.027576197387518,58.055152394775035,12.917271407837443,0.14285714285714288,2,6.666666666666667,10.0,0.7857142857142858,0.6,0.06666666666666667,0,0,0,0
663,663,red peppers canned,15,0.058,0.03,0.069,0.098,3.7,2.4,0.7,0.9,0.0,0.9,67.5,0.0,0.05,0.017,0.0,0.016,0.6,0.002,0.1,49.6,0.0,0.5,0.037,5.1,0.076,0.4,10.2,0.1,12.4,136.5,0.027,0.1,60.443,FOOD-DATA-GROUP5,15.702108568864961,82.99685957828623,1.3010318528488112,0.14893617021276595,15,4.375,5.625,51.06382978723404,1.8,0.05625,0,0,0,0
664,664,carrots canned,104,0.6,0.1,0.009,0.3,24.4,11.2,2.6,8.2,0.0,0.2,422.2,0.0,0.0,0.061,0.069,0.0,0.1,1.9,0.6,0.5,9.1,0.0,3.3,0.028,140.7,0.5,2.4,40.9,2.0,90.8,717.3,0.1,36.875,FOOD-DATA-GROUP5,9.420289855072465,88.40579710144927,2.1739130434782608,0.10236220472440946,104,2.4761904761904763,7.809523809523809,44.09448818897638,10.0,0.0019047619047619048,0,0,0,0
665,665,tomatoes in tomato juice canned,41,0.3,0.08,0.013,0.1,9.6,5.7,1.9,2.4,0.0,0.3,226.3,0.0,0.1,0.083,0.0,0.1,1.7,0.3,0.3,22.3,0.0,1.6,0.024,74.4,0.2,2.3,26.4,0.2,45.6,451.2,0.06,0.3,113.2,FOOD-DATA-GROUP5,16.101694915254235,81.35593220338983,2.542372881355932,0.1792452830188679,41,4.523809523809524,5.714285714285714,53.77358490566038,4.8,0.007142857142857143,0,0,0,0
666,666,asparagus canned,62,0.7,0.2,0.015,0.3,10.2,4.1,7.4,4.1,0.0,0.1,387.7,0.0,0.2,0.3,0.0,0.4,3.5,0.5,0.4,67.8,0.0,1.2,0.2,61.7,0.4,2.5,37.0,0.6,156.2,706.9,0.025,1.9,154.4,FOOD-DATA-GROUP5,40.43715846994536,55.73770491803278,3.8251366120218573,0.6607142857142858,62,11.746031746031745,6.507936507936507,36.607142857142854,8.2,0.0015873015873015873,0,0,0,0
667,667,sweet red peppers canned,25,0.4,0.013,0.006,0.2,5.5,0.0,1.1,1.7,0.0,1.9,127.8,0.0,0.066,0.097,0.0,0.088,0.8,0.024,0.2,65.1,0.0,0.0,0.0,57.4,0.2,1.1,15.4,0.2,28.0,204.4,0.088,0.3,132.3,FOOD-DATA-GROUP5,15.714285714285717,78.57142857142857,5.714285714285714,0.16923076923076924,25,4.230769230769231,6.538461538461539,0.0,3.4,0.07307692307692307,0,0,0,0
668,668,onions canned,12,0.084,0.045,0.06,0.042,2.5,1.4,0.5,0.8,0.0,0.2,59.3,0.0,0.049,0.022,0.0,0.001,0.062,0.048,0.095,2.7,0.0,0.038,0.087,28.4,0.042,0.011,3.8,0.074,17.6,69.9,0.025,0.2,34.925,FOOD-DATA-GROUP5,16.212710765239947,81.06355382619974,2.7237354085603114,0.14285714285714285,12,3.8461538461538463,6.153846153846154,40.0,1.6,0.015384615384615385,0,0,0,0
669,669,turnip greens canned,27,0.4,0.1,0.047,0.2,4.0,0.6,2.0,1.9,0.0,0.082,136.4,0.0,0.017,0.1,0.0,0.078,0.5,0.3,0.098,22.3,0.0,2.1,0.4,169.9,0.1,2.2,28.8,0.4,30.2,203.0,0.066,0.3,202.7,FOOD-DATA-GROUP5,31.25,62.5,6.25,0.4,27,7.142857142857142,6.785714285714286,12.0,3.8,0.002928571428571429,0,0,0,0
670,670,hearts of palm,9,0.2,0.056,0.029,0.02,1.5,0.0,0.8,0.8,0.0,0.1,29.8,0.0,0.054,0.018,0.0,0.012,0.1,0.072,0.08,2.6,0.0,0.0,0.0,19.1,0.066,1.0,12.5,0.5,21.5,58.4,0.09,0.4,26.0,FOOD-DATA-GROUP5,32.0,60.0,8.0,0.32,9,8.0,8.0,0.0,1.6,0.01,0,0,0,0
671,671,spinach canned,44,0.9,0.1,0.074,0.4,6.8,0.0,4.9,3.7,0.0,0.7,218.1,0.0,0.014,0.1,0.0,0.2,0.6,0.073,0.2,31.6,0.0,0.0,0.0,194.2,0.3,3.7,131.0,1.2,74.9,538.2,0.053,1.0,245.8,FOOD-DATA-GROUP5,38.88888888888889,53.96825396825397,7.142857142857144,0.6282051282051283,44,10.88888888888889,8.222222222222223,0.0,7.4,0.015555555555555555,0,0,0,0
672,672,sweet potato canned,568,1.3,0.3,0.08,0.5,133.5,98.3,6.3,16.0,0.0,0.3,493.7,0.0,0.2,0.074,0.0,0.3,2.9,2.1,0.3,67.0,0.0,6.0,0.098,95.7,0.8,5.1,82.9,3.2,172.3,1180.3,0.037,1.2,324.9,FOOD-DATA-GROUP5,4.4649184975194895,94.61374911410346,0.9213323883770376,0.046840148698884754,568,1.1072056239015815,2.8119507908611596,73.08550185873605,10.0,0.0005272407732864675,0,1,0,0
673,673,corn canned,49,0.6,0.032,0.1,0.2,11.1,3.3,1.6,1.4,0.0,0.2,66.1,0.0,0.0,0.065,0.07,0.0,0.022,0.7,0.4,0.011,2.1,0.0,0.098,0.0,3.2,0.02,0.3,12.0,0.085,36.8,108.8,0.051,14.834,FOOD-DATA-GROUP5,12.030075187969928,83.45864661654136,4.511278195488722,0.1322314049586777,49,3.2,2.8,27.27272727272727,2.8,0.004,0,0,0,0
674,674,peas carrots canned,97,0.7,0.1,0.052,0.3,21.6,7.2,5.5,8.4,0.0,0.7,224.8,0.0,0.0,0.2,0.091,0.0,0.1,1.5,0.3,0.2,16.8,0.0,1.0,0.059,58.7,0.3,1.9,35.7,0.9,117.3,255.0,0.05,36.729,FOOD-DATA-GROUP5,19.784172661870503,77.6978417266187,2.517985611510791,0.24336283185840707,97,5.612244897959184,8.571428571428571,31.858407079646017,10.0,0.007142857142857143,0,0,0,0
675,675,crookneck squash canned,27,0.1,0.088,0.065,0.027,6.2,2.5,1.3,2.9,0.0,0.006,201.7,0.0,0.039,0.013,0.0,0.034,0.9,0.1,0.018,5.7,0.0,0.3,0.052,25.2,0.2,1.5,27.3,0.2,44.1,201.6,0.026,0.6,42.9,FOOD-DATA-GROUP5,17.105263157894736,81.57894736842107,1.3157894736842106,0.18055555555555555,27,4.642857142857143,10.357142857142856,34.72222222222222,5.8,0.0002142857142857143,0,0,0,0
676,676,tomatoes canned,77,0.7,0.062,0.1,0.3,17.6,10.6,4.0,4.6,0.0,0.3,216.4,0.0,0.2,0.083,0.0,0.1,3.0,0.7,0.4,22.3,0.0,3.0,0.038,82.3,0.4,3.1,48.4,0.4,77.4,709.1,0.096,0.7,134.6,FOOD-DATA-GROUP5,17.937219730941703,78.9237668161435,3.1390134529147984,0.2150537634408602,77,5.128205128205128,5.897435897435897,56.98924731182795,9.2,0.003846153846153846,0,0,0,0
677,677,pimento canned,44,0.6,0.004,0.081,0.3,9.8,5.2,2.1,3.6,0.0,0.006,178.8,0.0,0.061,0.016,0.0,0.1,1.2,0.068,0.4,163.0,0.0,1.3,0.098,11.5,0.071,3.2,11.5,0.2,32.6,303.4,0.099,0.4,193.8,FOOD-DATA-GROUP5,16.8,78.4,4.8,0.19444444444444445,44,4.666666666666667,8.0,48.148148148148145,7.2,0.00013333333333333334,0,0,0,0
678,678,sweet green peppers canned,25,0.4,0.037,0.015,0.2,5.5,0.0,1.1,1.7,0.0,1.9,127.8,0.0,0.077,0.026,0.0,0.012,0.8,0.087,0.2,65.1,0.0,0.0,0.0,57.4,0.2,1.1,15.4,0.2,28.0,204.4,0.061,0.3,132.3,FOOD-DATA-GROUP5,15.714285714285717,78.57142857142857,5.714285714285714,0.16923076923076924,25,4.230769230769231,6.538461538461539,0.0,3.4,0.07307692307692307,0,0,0,0
679,679,peas canned,57,0.8,0.1,0.021,0.4,9.5,0.0,3.5,0.0,0.0,0.2,65.5,0.0,0.0,0.088,0.019,0.0,0.04,0.8,0.0,0.0,7.4,0.0,0.0,0.0,19.2,0.091,0.9,14.4,0.2,52.0,84.0,0.0,13.89,FOOD-DATA-GROUP5,25.362318840579707,68.84057971014492,5.797101449275362,0.3333333333333333,57,6.0344827586206895,0.0,0.0,0.0,0.003448275862068966,0,0,0,0
680,680,chili peppers canned,29,0.4,0.013,0.053,0.2,6.4,0.0,1.0,2.4,0.0,0.6,129.6,0.0,0.054,0.039,0.0,0.07,0.9,0.1,0.2,47.5,0.0,0.0,0.0,50.0,0.0,1.8,5.6,0.0,15.3,157.1,0.043,0.1,109.5,FOOD-DATA-GROUP5,12.82051282051282,82.05128205128204,5.128205128205128,0.13513513513513511,29,3.3333333333333335,8.0,0.0,4.8,0.02,0,0,0,0
681,681,green peppers canned,15,0.074,0.096,0.015,0.062,3.7,2.3,0.7,0.9,0.0,0.9,67.5,0.0,0.052,0.037,0.0,0.01,0.6,0.093,0.1,49.6,0.0,0.5,0.003,5.1,0.062,0.4,10.2,0.1,12.4,136.5,0.034,0.1,60.468,FOOD-DATA-GROUP5,15.645954403218596,82.70004470272687,1.6540008940545372,0.14893617021276595,15,4.375,5.625,48.93617021276595,1.8,0.05625,0,0,0,0
682,682,grape leaves canned,20,0.6,0.065,0.016,0.3,3.3,0.0,1.2,2.8,0.0,0.8,21.5,0.0,0.083,0.054,0.0,0.1,1.3,1.2,0.01,3.2,0.0,0.5,0.075,81.8,0.5,0.8,4.0,0.004,9.6,8.2,0.044,0.1,93.7,FOOD-DATA-GROUP5,23.52941176470588,64.70588235294117,11.76470588235294,0.27906976744186046,20,5.714285714285714,13.333333333333334,0.0,5.6,0.0380952380952381,0,0,0,0
683,683,sauerkraut canned,27,0.2,0.023,0.056,0.01,6.1,2.5,1.3,4.1,0.0,0.9,131.4,0.0,0.0,0.047,0.041,0.0,0.052,0.2,0.1,0.2,20.9,0.0,0.2,0.096,42.6,0.1,2.1,18.5,0.2,28.4,241.4,0.094,12.078,FOOD-DATA-GROUP5,17.105263157894736,80.26315789473684,2.6315789473684212,0.18309859154929578,27,4.642857142857143,14.64285714285714,35.21126760563381,8.2,0.03214285714285715,0,0,0,0
684,684,beets canned,69,0.2,0.017,0.06,0.099,16.2,13.2,2.0,3.0,0.0,0.02,225.4,0.0,0.077,0.093,0.0,0.037,0.4,0.4,0.1,6.9,0.0,0.051,0.028,32.0,0.2,1.5,39.4,0.6,39.4,349.3,0.063,0.6,61.8,FOOD-DATA-GROUP5,10.869565217391305,88.04347826086956,1.0869565217391306,0.11627906976744186,69,2.857142857142857,4.285714285714286,76.74418604651163,6.0,0.00028571428571428574,0,0,0,0
685,685,stewed tomatoes canned,66,0.5,0.078,0.058,0.2,15.8,9.0,2.3,2.6,0.0,0.6,233.4,0.0,0.0,0.1,0.057,0.0,0.02,1.8,0.3,0.091,20.1,0.0,2.1,0.039,86.7,0.3,3.4,30.6,0.2,51.0,527.9,0.082,21.684,FOOD-DATA-GROUP5,12.36559139784946,84.94623655913979,2.6881720430107525,0.1369047619047619,66,3.4328358208955225,3.880597014925373,53.57142857142857,5.2,0.008955223880597015,0,0,0,0
686,686,tomato paste canned,215,1.2,0.3,0.2,0.4,49.5,31.9,11.3,10.7,0.0,2.1,192.6,0.0,0.2,0.018,0.0,0.4,8.1,0.4,0.6,57.4,0.0,11.3,0.005,94.3,1.0,7.8,110.0,0.8,217.5,2656.7,0.07,1.7,232.2,FOOD-DATA-GROUP5,18.225806451612904,79.83870967741935,1.935483870967742,0.22376237623762377,215,5.231481481481482,4.953703703703703,63.16831683168317,10.0,0.009722222222222222,0,1,0,0
687,687,bacon ranch salad mcdonalds,389,20.1,5.2,7.9,5.2,19.4,4.9,28.1,3.2,70.2,0.9,246.8,0.0,0.2,0.0,0.0,0.2,9.6,1.8,0.0,30.9,0.0,0.0,0.0,146.7,0.0,1.9,0.0,0.0,0.0,0.0,0.0,0.0,250.3,FOOD-DATA-GROUP5,41.56804733727812,28.698224852071007,29.73372781065089,1.377450980392157,389,7.205128205128205,0.8205128205128205,24.01960784313726,6.4,0.002307692307692308,0,0,1,0
688,688,caesar salad with grilled chicken mcdonalds,201,5.6,3.0,1.5,0.6,11.3,4.8,29.1,3.3,71.0,0.6,245.5,0.0,0.2,0.0,0.0,0.2,11.3,1.5,0.0,31.4,0.0,0.0,0.0,189.4,0.0,1.8,0.0,0.0,0.0,754.8,0.0,0.0,271.9,FOOD-DATA-GROUP5,63.260869565217384,24.565217391304344,12.173913043478258,2.3658536585365852,201,14.405940594059407,1.6336633663366338,39.02439024390244,6.6,0.0029702970297029703,0,0,0,0
689,689,caesar salad mcdonalds,94,4.4,2.5,1.0,0.3,9.1,4.4,6.8,3.4,10.7,0.2,191.1,0.0,0.018,0.1,0.0,0.016,0.5,0.0,0.0,30.0,0.0,0.0,0.0,183.2,0.0,1.3,19.2,0.0,168.3,460.1,0.068,0.0,238.2,FOOD-DATA-GROUP5,33.49753694581281,44.827586206896555,21.674876847290644,0.6732673267326733,94,7.157894736842104,3.578947368421052,43.56435643564357,6.8,0.002105263157894737,0,0,0,0
690,690,vegetable salad,22,0.054,0.053,0.03,0.016,4.4,0.0,1.7,0.0,0.0,0.025,131.8,0.0,0.065,0.027,0.0,0.007,0.8,0.2,0.1,32.0,0.0,0.0,0.0,17.9,0.053,0.9,15.2,0.2,53.8,237.4,0.055,0.3,56.916,FOOD-DATA-GROUP5,27.62430939226519,71.49821254468638,0.8774780630484237,0.31481481481481477,22,7.391304347826087,0.0,0.0,0.0,0.0010869565217391304,0,0,0,0
691,691,vegetable salad with chicken,70,1.5,0.4,0.5,0.4,2.5,0.0,11.6,0.0,47.9,0.1,126.5,0.077,0.034,0.032,0.056,0.068,3.9,0.4,0.3,11.6,0.0,0.0,0.0,24.7,0.08,0.7,21.8,0.2,113.3,297.9,0.014,0.6,52.69,FOOD-DATA-GROUP5,74.35897435897436,16.025641025641026,9.615384615384617,3.314285714285714,70,16.338028169014084,0.0,0.0,0.0,0.0014084507042253522,0,0,0,0
692,692,potato salad,358,20.5,3.6,6.2,9.3,27.9,0.0,6.7,3.3,170.0,1.3,190.0,0.048,0.2,0.038,0.0,0.2,2.2,1.3,0.4,25.0,0.0,0.0,0.0,47.5,0.3,1.6,37.5,0.3,130.0,635.0,0.081,0.8,132.547,FOOD-DATA-GROUP5,12.159709618874773,50.635208711433755,37.20508166969147,0.2318339100346021,358,1.8662952646239555,0.9192200557103064,0.0,6.6,0.0036211699164345407,0,0,0,1
693,693,taco salad taco bell,906,48.9,15.9,21.2,4.0,80.5,0.0,35.7,16.0,101.3,1.9,358.8,0.0,0.8,0.2,0.09,0.6,8.0,1.1,0.5,0.0,0.0,2.9,0.072,506.4,0.8,9.4,143.9,1.4,549.0,1220.6,0.095,6.2,696.9,FOOD-DATA-GROUP5,21.62325863113265,48.758328285887345,29.618413082980013,0.43803680981595094,906,3.936052921719956,1.7640573318632855,0.0,10.0,0.0020948180815876516,0,0,1,1
694,694,iceberg lettuce,8,0.045,0.089,0.015,0.076,1.7,1.1,0.5,0.7,0.0,0.022,54.5,0.0,0.0,0.015,0.07,0.0,0.059,0.061,0.046,0.042,1.6,0.0,0.1,0.079,10.3,0.033,0.2,4.0,0.061,11.4,80.4,0.007,3.064,FOOD-DATA-GROUP5,22.271714922048996,75.7238307349666,2.0044543429844097,0.18518518518518517,8,5.555555555555555,7.777777777777778,40.74074074074075,1.4,0.0024444444444444444,0,0,0,0
695,695,cornsalad,12,0.2,0.0,0.0,0.0,2.0,0.0,1.1,0.0,0.0,0.067,52.0,0.0,0.0,0.096,0.002,0.0,0.072,0.2,0.024,0.2,21.4,0.0,0.0,0.0,21.3,0.092,1.2,7.3,0.2,29.7,257.0,0.006,3.593,FOOD-DATA-GROUP5,33.33333333333333,60.606060606060595,6.0606060606060606,0.3666666666666667,12,8.461538461538462,0.0,0.0,0.0,0.005153846153846154,0,0,0,0
696,696,potato salad with egg,393,23.5,3.6,5.0,12.5,40.5,12.4,4.9,3.3,42.5,0.8,177.5,0.09,0.002,0.046,0.003,0.063,2.0,1.1,0.3,2.0,0.083,1.7,0.047,37.5,0.1,1.3,37.5,0.3,132.5,605.0,0.039,0.8,113.038,FOOD-DATA-GROUP5,7.111756168359943,58.78084179970971,34.10740203193033,0.11807228915662651,393,1.2436548223350254,0.8375634517766496,29.87951807228916,6.6,0.0020304568527918783,0,0,0,0
697,697,side salad mcdonalds,17,0.2,0.014,0.061,0.031,3.7,1.9,0.9,1.4,0.0,0.037,81.7,0.0,0.098,0.059,0.0,0.042,0.2,0.0,0.0,13.7,0.0,0.0,0.0,20.9,0.0,0.6,0.0,0.0,0.0,191.4,0.0,0.0,41.4,FOOD-DATA-GROUP5,18.749999999999996,77.08333333333333,4.166666666666666,0.19148936170212766,17,5.0,7.777777777777778,40.42553191489361,2.8,0.0020555555555555553,0,0,0,0
698,698,caesar salad with crispy chicken mcdonalds,349,16.4,4.3,6.5,4.7,19.2,4.5,25.7,3.4,55.6,0.7,243.4,0.0,0.2,0.0,0.0,0.2,9.6,1.8,0.0,30.9,0.0,0.0,0.0,188.5,0.0,1.8,0.0,0.0,0.0,784.9,0.0,0.0,285.9,FOOD-DATA-GROUP5,41.92495921696574,31.321370309951064,26.753670473083197,1.2722772277227723,349,7.3428571428571425,0.9714285714285713,22.277227722772277,6.8,0.002,0,0,0,0
699,699,grape apple salad with walnuts,191,8.2,1.1,1.4,5.3,25.6,20.3,3.5,3.6,1.6,0.087,124.7,0.069,0.063,0.051,0.008,0.1,0.3,0.3,0.2,7.8,0.0,0.2,0.077,70.1,0.2,0.5,27.7,0.3,97.8,264.1,0.016,0.6,119.357,FOOD-DATA-GROUP5,9.383378016085791,68.63270777479894,21.983914209115284,0.13157894736842105,191,1.8229166666666667,1.875,76.31578947368422,7.2,0.00045312499999999997,0,1,0,0
700,700,vegetable salad with cheese egg,68,3.9,2.0,1.2,0.3,3.2,0.0,5.8,0.0,65.1,0.044,130.8,0.01,0.013,0.056,0.012,0.1,0.7,0.3,0.002,6.5,0.0,0.0,0.0,66.5,0.083,0.4,15.9,0.2,88.2,247.3,0.036,0.7,86.317,FOOD-DATA-GROUP5,44.961240310077514,24.8062015503876,30.23255813953488,1.380952380952381,68,8.405797101449275,0.0,0.0,0.0,0.0006376811594202899,0,0,0,0
701,701,celtuce,1,0.088,0.0,0.0,0.0,0.3,0.0,0.071,0.1,0.0,0.094,7.6,0.0,0.033,0.091,0.0,0.031,0.02,0.047,0.034,1.6,0.0,0.0,0.0,3.1,0.047,0.079,2.2,0.049,3.1,26.4,0.074,0.045,5.255,FOOD-DATA-GROUP5,15.468409586056644,65.359477124183,19.172113289760347,0.05461538461538461,1,3.55,5.0,0.0,0.2,0.047,0,0,0,0
702,702,arugula,5,0.1,0.029,0.015,0.057,0.7,0.4,0.5,0.3,0.0,0.018,18.3,0.0,0.015,0.055,0.0,0.053,0.07,0.035,0.044,3.0,0.0,0.043,0.067,32.0,0.072,0.3,9.4,0.095,10.4,73.8,0.011,0.091,36.9,FOOD-DATA-GROUP5,38.46153846153846,53.84615384615385,7.6923076923076925,0.29411764705882354,5,8.333333333333332,5.0,23.529411764705884,0.6,0.0029999999999999996,0,0,0,0
703,703,vegetable salad with shrimp,71,1.7,0.4,0.5,0.3,4.4,0.0,9.7,0.0,119.5,0.3,140.2,0.0,0.049,0.018,0.058,0.1,0.8,0.3,0.099,6.1,0.0,0.0,0.0,39.3,0.1,0.6,25.2,0.082,107.0,269.0,0.088,0.8,61.8,FOOD-DATA-GROUP5,61.392405063291136,27.848101265822788,10.759493670886076,1.796296296296296,71,13.472222222222221,0.0,0.0,0.0,0.004166666666666667,0,0,0,1
704,704,coleslaw,292,18.9,3.1,5.1,10.2,28.4,23.3,1.8,3.6,7.6,0.4,140.2,0.018,0.075,0.03,0.0,0.0,0.017,0.4,0.5,0.2,27.9,0.0,1.0,0.1,57.3,0.039,0.4,15.3,0.2,38.2,246.4,0.0,53.118,FOOD-DATA-GROUP5,3.6659877800407337,57.84114052953158,38.4928716904277,0.06122448979591837,292,0.6143344709897611,1.2286689419795223,79.25170068027212,7.2,0.0013651877133105802,0,1,0,0
705,705,shiitake mushrooms cooked,10,0.007,0.061,0.051,0.064,2.6,0.7,0.3,0.4,0.0,0.048,15.0,0.0,0.0,0.038,0.098,0.0,0.063,0.3,0.6,0.064,0.032,0.08,0.0,0.0,0.5,0.2,0.042,2.5,0.086,5.2,21.1,0.055,3.573,FOOD-DATA-GROUP5,10.319917440660474,89.43928448572412,0.24079807361541108,0.08333333333333333,10,2.727272727272727,3.6363636363636367,19.444444444444443,0.8,0.004363636363636364,0,0,0,0
706,706,shiitake mushrooms raw,6,0.039,0.0,0.0,0.0,1.3,0.5,0.4,0.5,0.0,0.096,17.1,0.0,0.012,0.05,0.0,0.023,0.7,0.3,0.053,0.0,0.038,0.0,0.0,0.4,0.015,0.05,3.8,0.09,21.3,57.8,0.014,0.2,2.788,FOOD-DATA-GROUP5,23.001725129384702,74.75560667050028,2.2426682001150082,0.1739130434782609,6,5.714285714285714,7.142857142857142,21.73913043478261,1.0,0.013714285714285715,0,0,0,0
707,707,crimini mushrooms,1,0.018,0.054,0.014,0.025,0.3,0.1,0.2,0.064,0.0,0.086,5.5,0.0,0.0,0.087,0.074,0.041,0.076,0.2,0.094,0.001,0.0,0.099,0.015,0.0,1.1,0.098,0.007,0.5,0.048,7.2,26.9,0.038,0.681,FOOD-DATA-GROUP5,38.61003861003861,57.91505791505791,3.474903474903474,0.15384615384615385,1,10.0,3.2,7.6923076923076925,0.128,0.043,0,0,0,0
708,708,mushrooms raw,15,0.2,0.052,0.0,0.1,2.3,1.4,2.2,0.7,0.0,0.053,64.7,0.0,0.05,0.093,0.0,0.3,2.5,1.0,0.025,1.5,0.005,0.026,0.0,2.1,0.2,0.4,6.3,0.042,60.2,222.6,0.061,0.4,9.4,FOOD-DATA-GROUP5,46.808510638297875,48.93617021276595,4.25531914893617,0.6666666666666667,15,13.750000000000002,4.375,42.42424242424242,1.4,0.0033125,0,0,0,0
709,709,portabella mushrooms grilled,35,0.7,0.023,0.021,0.3,5.4,2.7,4.0,2.7,0.0,0.047,109.7,0.0,0.0,0.07,0.04,0.0,0.5,7.6,1.5,0.1,0.0,0.093,0.0,0.0,3.6,0.5,0.5,15.7,0.012,163.4,528.8,0.074,13.4,FOOD-DATA-GROUP5,39.603960396039604,53.46534653465347,6.93069306930693,0.625,35,11.11111111111111,7.500000000000001,42.1875,5.4,0.0013055555555555555,0,0,0,0
710,710,maitake mushrooms,0,0.017,0.011,0.059,0.022,0.072,0.043,0.016,0.041,0.0,0.059,1.0,0.0,0.0,0.003,0.064,0.0,0.003,0.03,0.026,0.08,0.0,0.042,0.034,0.0,0.063,0.013,0.088,0.1,0.082,0.8,2.2,0.035,0.374,FOOD-DATA-GROUP5,15.238095238095239,68.57142857142857,16.19047619047619,0.014925373134328358,0,1.6,4.1000000000000005,4.0111940298507465,0.082,0.059,0,0,0,0
711,711,shiitake mushrooms dried,11,0.061,0.014,0.004,0.058,2.7,0.046,0.3,0.4,0.0,0.086,0.3,0.0,0.039,0.094,0.0,0.063,0.5,0.8,0.042,0.1,0.056,0.0,0.0,0.4,0.2,0.022,4.8,0.051,10.6,55.2,0.091,0.3,4.01,FOOD-DATA-GROUP5,9.800718719372755,88.20646847435479,1.99281280627246,0.08108108108108107,11,2.5,3.3333333333333335,1.2432432432432432,0.8,0.007166666666666666,0,0,0,0
712,712,chanterelle mushrooms,2,0.063,0.0,0.0,0.0,0.4,0.076,0.033,0.2,0.0,0.028,4.9,0.0,0.0,0.002,0.077,0.0,0.052,0.2,0.083,0.01,0.0,0.048,0.0,0.0,0.8,0.067,0.2,0.7,0.024,3.1,27.3,0.064,0.757,FOOD-DATA-GROUP5,6.653225806451612,80.64516129032258,12.701612903225806,0.023571428571428573,2,1.1,6.666666666666667,5.428571428571429,0.4,0.009333333333333334,0,0,0,0
713,713,cloud ear fungus dried,80,0.2,0.0,0.0,0.0,20.4,0.0,2.6,19.6,0.0,0.036,4.1,0.0,0.097,0.038,0.0,0.2,1.8,0.1,0.099,0.0,0.0,0.0,0.0,44.5,0.022,1.6,23.2,0.5,51.5,211.1,0.089,0.4,88.9,FOOD-DATA-GROUP5,11.206896551724139,87.93103448275862,0.8620689655172413,0.12149532710280375,80,3.2098765432098766,24.19753086419753,0.0,10.0,0.0004444444444444444,0,0,0,0
714,714,mushrooms cooked,44,0.7,0.05,0.004,0.3,8.3,3.7,3.4,3.4,0.0,0.011,142.1,0.0,0.0,0.1,0.016,0.0,0.5,7.0,3.4,0.1,6.2,0.043,0.091,0.0,9.4,0.8,2.7,18.7,0.2,135.7,555.4,0.05,16.7,FOOD-DATA-GROUP5,27.419354838709676,66.93548387096774,5.64516129032258,0.3655913978494623,44,7.555555555555555,7.555555555555555,39.784946236559136,6.8,0.00024444444444444443,0,0,0,0
715,715,pepeao dried,72,0.1,0.0,0.0,0.0,19.4,0.0,1.2,0.0,0.0,0.072,2.7,0.0,0.0,0.2,0.091,0.0,0.056,0.7,5.2,0.2,0.3,0.0,0.0,0.0,27.1,1.2,1.5,35.0,0.3,27.8,169.9,0.022,22.1,FOOD-DATA-GROUP5,5.797101449275362,93.71980676328502,0.48309178743961356,0.058823529411764705,72,1.643835616438356,0.0,0.0,0.0,0.0009863013698630137,0,0,0,0
716,716,truffles,61,4.1,2.2,1.5,0.1,5.4,4.6,0.7,0.3,6.4,0.034,1.6,0.064,0.049,0.082,0.061,0.028,0.086,0.013,0.045,0.019,0.0,0.2,0.082,18.8,0.005,0.2,5.8,0.09,20.5,35.6,0.032,0.2,29.59,FOOD-DATA-GROUP5,6.862745098039216,52.941176470588246,40.19607843137255,0.10937499999999999,61,1.129032258064516,0.4838709677419355,71.87499999999999,0.6,0.0005483870967741936,0,0,0,0
717,717,jews ear,25,0.095,0.0,0.0,0.0,6.7,0.0,0.5,0.0,0.0,0.027,91.7,0.0,0.002,0.009,0.0,0.2,0.012,2.0,0.082,0.6,0.0,0.0,0.0,15.8,0.4,0.6,24.8,0.04,13.9,42.6,0.034,0.7,24.249,FOOD-DATA-GROUP5,6.854009595613434,91.84372858122002,1.3022618231665526,0.06493506493506493,25,1.9230769230769231,0.0,0.0,0.0,0.0010384615384615384,0,0,0,0
718,718,enoki mushrooms,1,0.099,0.027,0.0,0.01,0.2,0.034,0.062,0.089,0.0,0.084,2.7,0.0,0.0,0.087,0.031,0.0,0.021,0.2,0.0,0.095,0.0,0.072,0.088,0.0,0.0,0.099,0.034,0.5,0.015,3.2,10.8,0.096,0.433,FOOD-DATA-GROUP5,17.174515235457065,55.4016620498615,27.423822714681446,0.051666666666666666,1,3.1,4.45,2.8333333333333335,0.178,0.042,0,0,0,0
719,719,morel mushrooms,4,0.07,0.056,0.031,0.007,0.7,0.096,0.4,0.4,0.0,0.08,11.6,0.0,0.0,0.062,0.074,0.0,0.008,0.3,0.028,0.055,0.0,0.005,0.0,0.0,5.5,0.056,1.6,2.5,0.06,25.0,53.0,0.069,1.727,FOOD-DATA-GROUP5,34.18803418803418,59.829059829059815,5.982905982905982,0.23529411764705885,4,8.0,8.0,5.647058823529412,0.8,0.016,0,0,0,0
720,720,portabella mushrooms raw,19,0.3,0.036,0.016,0.1,3.3,2.2,1.8,1.1,0.0,0.014,79.8,0.0,0.064,0.075,0.06,0.1,3.9,1.0,0.1,0.0,0.08,0.049,0.0,2.6,0.2,0.3,0.0,0.092,92.9,313.0,0.015,0.5,9.4,FOOD-DATA-GROUP5,33.333333333333336,61.111111111111114,5.555555555555556,0.4186046511627907,19,9.0,5.500000000000001,51.162790697674424,2.2,0.0007,0,0,0,0
721,721,oyster mushroom,5,0.035,0.016,0.039,0.099,0.9,0.2,0.5,0.3,0.0,0.098,13.4,0.0,0.0,0.016,0.017,0.0,0.077,0.7,0.2,0.056,0.0,0.097,0.0,0.0,0.5,0.008,0.2,2.7,0.055,18.0,63.0,0.048,1.804,FOOD-DATA-GROUP5,34.84320557491289,62.71777003484321,2.439024390243903,0.2631578947368421,5,8.333333333333332,5.0,10.526315789473685,0.6,0.016333333333333335,0,0,0,0
